sequence,sample,x,y,z,time_s
0,1,35,-8264,5,0.000000000
0,2,15,-8306,-13,0.001200480
0,3,-11,-8314,-25,0.002400960
0,4,23,-8276,-6,0.003601440
0,5,22,-8294,-6,0.004801920
0,6,23,-8280,-12,0.006002400
0,7,6,-8287,-13,0.007202880
0,8,16,-8285,-6,0.008403360
0,9,5,-8304,8,0.009603840
0,10,11,-8310,3,0.010804320
0,11,-11,-8299,-2,0.012004800
0,12,36,-8284,8,0.013205280
0,13,-4,-8298,10,0.014405760
0,14,-6,-8286,-4,0.015606240
0,15,8,-8273,-7,0.016806720
0,16,-6,-8281,13,0.018007200
0,17,25,-8293,-10,0.019207680
0,18,13,-8309,8,0.020408160
0,19,25,-8285,16,0.021608640
0,20,33,-8318,5,0.022809120
0,21,23,-8307,-11,0.024009600
0,22,35,-8305,-20,0.025210080
0,23,22,-8323,-2,0.026410560
0,24,-1,-8302,-17,0.027611040
0,25,5,-8297,5,0.028811520
0,26,-3,-8338,4,0.030012000
0,27,9,-8297,28,0.031212480
0,28,37,-8306,-1,0.032412960
0,29,20,-8311,0,0.033613440
0,30,12,-8290,0,0.034813920
0,31,8,-8321,-36,0.036014400
0,32,17,-8305,34,0.037214880
0,33,22,-8309,-28,0.038415360
0,34,-5,-8287,25,0.039615840
0,35,-21,-8289,9,0.040816320
0,36,2,-8278,16,0.042016800
0,37,17,-8294,15,0.043217280
0,38,-18,-8271,-1,0.044417760
0,39,-21,-8314,9,0.045618240
0,40,14,-8317,-12,0.046818720
0,41,19,-8296,-2,0.048019200
0,42,3,-8324,-9,0.049219680
0,43,55,-8322,25,0.050420160
0,44,0,-8303,21,0.051620640
0,45,2,-8288,17,0.052821120
0,46,11,-8273,1,0.054021600
0,47,-12,-8300,-10,0.055222080
0,48,32,-8300,10,0.056422560
0,49,10,-8289,6,0.057623040
0,50,13,-8288,17,0.058823520
0,51,14,-8300,23,0.060024000
0,52,9,-8308,1,0.061224480
0,53,41,-8313,-13,0.062424960
0,54,20,-8307,2,0.063625440
0,55,17,-8299,-13,0.064825920
0,56,43,-8279,17,0.066026400
0,57,14,-8280,0,0.067226880
0,58,20,-8307,5,0.068427360
0,59,11,-8302,29,0.069627840
0,60,9,-8300,13,0.070828320
0,61,0,-8300,10,0.072028800
0,62,27,-8296,-16,0.073229280
0,63,30,-8302,-12,0.074429760
0,64,14,-8298,16,0.075630240
1,1,17,-8324,9,0.076817664
1,2,0,-8322,28,0.078005088
1,3,4,-8299,-18,0.079192512
1,4,-20,-8313,11,0.080379936
1,5,1,-8309,15,0.081567360
1,6,29,-8307,7,0.082754784
1,7,10,-8289,-12,0.083942208
1,8,22,-8284,-14,0.085129632
1,9,-1,-8305,8,0.086317056
1,10,-13,-8307,-1,0.087504480
1,11,-9,-8307,15,0.088691904
1,12,18,-8308,4,0.089879328
1,13,24,-8280,15,0.091066752
1,14,32,-8306,5,0.092254176
1,15,13,-8291,16,0.093441600
1,16,40,-8300,-19,0.094629024
1,17,-2,-8305,0,0.095816448
1,18,-12,-8323,-8,0.097003872
1,19,-4,-8319,6,0.098191296
1,20,12,-8282,0,0.099378720
1,21,35,-8276,-22,0.100566144
1,22,13,-8300,3,0.101753568
1,23,-9,-8291,15,0.102940992
1,24,-7,-8314,6,0.104128416
1,25,-29,-8291,-7,0.105315840
1,26,-1,-8321,-9,0.106503264
1,27,6,-8291,4,0.107690688
1,28,14,-8276,-3,0.108878112
1,29,16,-8303,10,0.110065536
1,30,10,-8289,-2,0.111252960
1,31,17,-8305,-2,0.112440384
1,32,12,-8310,9,0.113627808
1,33,-2,-8310,16,0.114815232
1,34,9,-8306,30,0.116002656
1,35,-4,-8293,-3,0.117190080
1,36,28,-8305,21,0.118377504
1,37,30,-8319,-6,0.119564928
1,38,33,-8332,1,0.120752352
1,39,33,-8318,4,0.121939776
1,40,16,-8309,7,0.123127200
1,41,33,-8310,-8,0.124314624
1,42,18,-8297,-18,0.125502048
1,43,20,-8263,-17,0.126689472
1,44,-9,-8304,-4,0.127876896
1,45,4,-8302,33,0.129064320
1,46,3,-8314,-6,0.130251744
1,47,-13,-8321,14,0.131439168
1,48,26,-8309,0,0.132626592
1,49,25,-8310,-17,0.133814016
1,50,14,-8300,-16,0.135001440
1,51,12,-8308,3,0.136188864
1,52,-17,-8299,-5,0.137376288
1,53,1,-8328,15,0.138563712
1,54,6,-8317,-2,0.139751136
1,55,11,-8305,-9,0.140938560
1,56,22,-8316,11,0.142125984
1,57,7,-8323,-10,0.143313408
1,58,42,-8291,3,0.144500832
1,59,15,-8321,7,0.145688256
1,60,39,-8312,0,0.146875680
1,61,0,-8306,1,0.148063104
1,62,-9,-8314,-5,0.149250528
1,63,-9,-8290,8,0.150437952
1,64,3,-8307,7,0.151625376
2,1,13,-8300,36,0.152812800
2,2,27,-8294,-36,0.154000224
2,3,15,-8313,-5,0.155187648
2,4,23,-8321,-21,0.156375072
2,5,9,-8294,12,0.157562496
2,6,-33,-8327,23,0.158749920
2,7,33,-8311,9,0.159937344
2,8,8,-8317,12,0.161124768
2,9,23,-8315,-10,0.162312192
2,10,18,-8312,-7,0.163499616
2,11,3,-8309,-1,0.164687040
2,12,5,-8308,15,0.165874464
2,13,7,-8295,-2,0.167061888
2,14,12,-8291,8,0.168249312
2,15,23,-8301,10,0.169436736
2,16,31,-8303,-1,0.170624160
2,17,-5,-8305,32,0.171811584
2,18,18,-8301,4,0.172999008
2,19,21,-8326,10,0.174186432
2,20,16,-8304,-17,0.175373856
2,21,10,-8285,2,0.176561280
2,22,7,-8307,2,0.177748704
2,23,34,-8301,-29,0.178936128
2,24,25,-8312,-8,0.180123552
2,25,16,-8305,-15,0.181310976
2,26,30,-8311,32,0.182498400
2,27,18,-8303,-8,0.183685824
2,28,25,-8319,15,0.184873248
2,29,9,-8275,9,0.186060672
2,30,16,-8297,1,0.187248096
2,31,15,-8277,14,0.188435520
2,32,37,-8290,-1,0.189622944
2,33,14,-8313,-1,0.190810368
2,34,4,-8312,-5,0.191997792
2,35,15,-8336,-2,0.193185216
2,36,-2,-8317,0,0.194372640
2,37,27,-8311,-3,0.195560064
2,38,15,-8290,11,0.196747488
2,39,2,-8287,21,0.197934912
2,40,46,-8317,-9,0.199122336
2,41,15,-8301,8,0.200309760
2,42,28,-8301,3,0.201497184
2,43,22,-8315,-14,0.202684608
2,44,20,-8292,28,0.203872032
2,45,20,-8282,8,0.205059456
2,46,5,-8310,22,0.206246880
2,47,16,-8315,11,0.207434304
2,48,14,-8307,-4,0.208621728
2,49,15,-8340,-7,0.209809152
2,50,10,-8296,16,0.210996576
2,51,41,-8296,10,0.212184000
2,52,26,-8311,0,0.213371424
2,53,27,-8290,4,0.214558848
2,54,10,-8302,-1,0.215746272
2,55,28,-8322,9,0.216933696
2,56,-19,-8309,-16,0.218121120
2,57,-24,-8314,29,0.219308544
2,58,1,-8310,1,0.220495968
2,59,14,-8299,44,0.221683392
2,60,20,-8310,5,0.222870816
2,61,16,-8301,17,0.224058240
2,62,0,-8299,39,0.225245664
2,63,1,-8325,-18,0.226433088
2,64,6,-8310,32,0.227620512
3,1,20,-8287,-6,0.228807936
3,2,29,-8293,3,0.229995360
3,3,9,-8299,-33,0.231182784
3,4,10,-8312,16,0.232370208
3,5,51,-8283,-12,0.233557632
3,6,22,-8297,10,0.234745056
3,7,2,-8298,16,0.235932480
3,8,3,-8315,-19,0.237119904
3,9,7,-8284,19,0.238307328
3,10,18,-8272,-14,0.239494752
3,11,28,-8285,12,0.240682176
3,12,25,-8313,10,0.241869600
3,13,2,-8301,4,0.243057024
3,14,-3,-8315,-7,0.244244448
3,15,8,-8296,11,0.245431872
3,16,31,-8308,17,0.246619296
3,17,31,-8315,8,0.247806720
3,18,30,-8290,11,0.248994144
3,19,8,-8298,6,0.250181568
3,20,-19,-8295,12,0.251368992
3,21,13,-8323,9,0.252556416
3,22,20,-8305,23,0.253743840
3,23,4,-8318,17,0.254931264
3,24,3,-8304,17,0.256118688
3,25,8,-8296,28,0.257306112
3,26,13,-8311,-6,0.258493536
3,27,13,-8322,28,0.259680960
3,28,22,-8292,-5,0.260868384
3,29,14,-8319,15,0.262055808
3,30,5,-8294,-4,0.263243232
3,31,-13,-8285,8,0.264430656
3,32,22,-8312,29,0.265618080
3,33,11,-8299,-16,0.266805504
3,34,-11,-8317,-14,0.267992928
3,35,11,-8304,18,0.269180352
3,36,-6,-8298,5,0.270367776
3,37,0,-8305,32,0.271555200
3,38,24,-8295,8,0.272742624
3,39,0,-8302,21,0.273930048
3,40,-5,-8288,7,0.275117472
3,41,-2,-8307,-17,0.276304896
3,42,-1,-8287,7,0.277492320
3,43,24,-8296,-7,0.278679744
3,44,27,-8308,6,0.279867168
3,45,12,-8313,5,0.281054592
3,46,7,-8310,22,0.282242016
3,47,-1,-8314,18,0.283429440
3,48,19,-8290,-5,0.284616864
3,49,0,-8332,17,0.285804288
3,50,3,-8307,-21,0.286991712
3,51,7,-8280,6,0.288179136
3,52,-1,-8299,-2,0.289366560
3,53,27,-8302,-9,0.290553984
3,54,-13,-8328,11,0.291741408
3,55,8,-8304,-4,0.292928832
3,56,9,-8295,-6,0.294116256
3,57,-6,-8302,0,0.295303680
3,58,-7,-8256,-8,0.296491104
3,59,-18,-8290,1,0.297678528
3,60,-2,-8300,17,0.298865952
3,61,19,-8298,8,0.300053376
3,62,8,-8293,9,0.301240800
3,63,8,-8313,9,0.302428224
3,64,20,-8317,3,0.303615648
4,1,-8,-8310,13,0.304803072
4,2,12,-8322,-16,0.305990496
4,3,-13,-8305,25,0.307177920
4,4,2,-8328,-14,0.308365344
4,5,-9,-8324,-2,0.309552768
4,6,33,-8297,-13,0.310740192
4,7,18,-8299,0,0.311927616
4,8,-1,-8309,7,0.313115040
4,9,26,-8302,5,0.314302464
4,10,2,-8291,13,0.315489888
4,11,10,-8311,32,0.316677312
4,12,11,-8299,16,0.317864736
4,13,8,-8307,-3,0.319052160
4,14,30,-8298,12,0.320239584
4,15,-8,-8307,-17,0.321427008
4,16,25,-8309,23,0.322614432
4,17,-3,-8292,-1,0.323801856
4,18,-7,-8312,10,0.324989280
4,19,-2,-8306,-17,0.326176704
4,20,29,-8285,-1,0.327364128
4,21,6,-8318,32,0.328551552
4,22,6,-8300,36,0.329738976
4,23,20,-8291,-2,0.330926400
4,24,8,-8302,10,0.332113824
4,25,-4,-8311,2,0.333301248
4,26,-12,-8283,10,0.334488672
4,27,10,-8290,-10,0.335676096
4,28,-2,-8303,-12,0.336863520
4,29,7,-8311,13,0.338050944
4,30,11,-8339,-9,0.339238368
4,31,15,-8286,6,0.340425792
4,32,20,-8321,29,0.341613216
4,33,19,-8308,8,0.342800640
4,34,27,-8303,11,0.343988064
4,35,20,-8306,-5,0.345175488
4,36,32,-8304,-15,0.346362912
4,37,25,-8291,-9,0.347550336
4,38,30,-8315,3,0.348737760
4,39,22,-8295,-15,0.349925184
4,40,10,-8292,4,0.351112608
4,41,14,-8301,19,0.352300032
4,42,9,-8317,-3,0.353487456
4,43,10,-8305,5,0.354674880
4,44,3,-8313,10,0.355862304
4,45,-4,-8315,-3,0.357049728
4,46,21,-8341,20,0.358237152
4,47,11,-8298,4,0.359424576
4,48,46,-8299,20,0.360612000
4,49,12,-8316,-14,0.361799424
4,50,29,-8312,5,0.362986848
4,51,-6,-8300,-5,0.364174272
4,52,26,-8297,-10,0.365361696
4,53,4,-8317,13,0.366549120
4,54,3,-8318,29,0.367736544
4,55,29,-8302,6,0.368923968
4,56,-26,-8283,12,0.370111392
4,57,22,-8311,37,0.371298816
4,58,26,-8310,4,0.372486240
4,59,19,-8298,-5,0.373673664
4,60,18,-8325,-9,0.374861088
4,61,-2,-8290,-4,0.376048512
4,62,14,-8312,15,0.377235936
4,63,-4,-8313,-7,0.378423360
4,64,3,-8298,39,0.379610784
5,1,12,-8286,-12,0.380798208
5,2,0,-8289,-1,0.381985632
5,3,11,-8310,24,0.383173056
5,4,-4,-8301,-4,0.384360480
5,5,2,-8299,6,0.385547904
5,6,5,-8306,-2,0.386735328
5,7,15,-8315,19,0.387922752
5,8,20,-8305,15,0.389110176
5,9,-1,-8303,-5,0.390297600
5,10,8,-8296,12,0.391485024
5,11,-4,-8321,14,0.392672448
5,12,18,-8295,20,0.393859872
5,13,46,-8298,13,0.395047296
5,14,1,-8304,2,0.396234720
5,15,16,-8289,-7,0.397422144
5,16,11,-8307,-8,0.398609568
5,17,17,-8299,5,0.399796992
5,18,-4,-8295,-3,0.400984416
5,19,-20,-8285,50,0.402171840
5,20,30,-8314,5,0.403359264
5,21,6,-8305,22,0.404546688
5,22,10,-8305,-20,0.405734112
5,23,21,-8308,5,0.406921536
5,24,14,-8319,21,0.408108960
5,25,42,-8308,-19,0.409296384
5,26,-1,-8305,23,0.410483808
5,27,15,-8320,-3,0.411671232
5,28,33,-8311,23,0.412858656
5,29,33,-8306,3,0.414046080
5,30,23,-8306,18,0.415233504
5,31,6,-8290,-12,0.416420928
5,32,8,-8308,5,0.417608352
5,33,19,-8310,-1,0.418795776
5,34,-1,-8299,-1,0.419983200
5,35,9,-8300,-2,0.421170624
5,36,13,-8318,-7,0.422358048
5,37,23,-8302,14,0.423545472
5,38,-6,-8319,-8,0.424732896
5,39,11,-8298,35,0.425920320
5,40,22,-8312,6,0.427107744
5,41,22,-8325,-5,0.428295168
5,42,20,-8310,0,0.429482592
5,43,3,-8300,-27,0.430670016
5,44,27,-8301,-8,0.431857440
5,45,23,-8295,-18,0.433044864
5,46,4,-8313,2,0.434232288
5,47,7,-8320,-10,0.435419712
5,48,10,-8300,31,0.436607136
5,49,9,-8314,-1,0.437794560
5,50,17,-8321,-8,0.438981984
5,51,23,-8295,-6,0.440169408
5,52,6,-8300,-1,0.441356832
5,53,2,-8308,13,0.442544256
5,54,15,-8311,2,0.443731680
5,55,1,-8315,-17,0.444919104
5,56,9,-8319,1,0.446106528
5,57,15,-8323,-24,0.447293952
5,58,34,-8304,-18,0.448481376
5,59,54,-8302,-1,0.449668800
5,60,4,-8316,-12,0.450856224
5,61,6,-8300,21,0.452043648
5,62,7,-8299,10,0.453231072
5,63,-2,-8300,42,0.454418496
5,64,9,-8315,-15,0.455605920
6,1,-11,-8319,15,0.456793344
6,2,11,-8311,-1,0.457980768
6,3,9,-8303,-4,0.459168192
6,4,26,-8320,23,0.460355616
6,5,19,-8286,-6,0.461543040
6,6,-4,-8309,27,0.462730464
6,7,-21,-8330,-7,0.463917888
6,8,-24,-8296,26,0.465105312
6,9,-25,-8302,6,0.466292736
6,10,-10,-8309,18,0.467480160
6,11,1,-8292,24,0.468667584
6,12,21,-8295,24,0.469855008
6,13,15,-8307,1,0.471042432
6,14,15,-8331,-12,0.472229856
6,15,12,-8301,1,0.473417280
6,16,13,-8303,9,0.474604704
6,17,36,-8285,0,0.475792128
6,18,28,-8277,6,0.476979552
6,19,14,-8289,18,0.478166976
6,20,31,-8304,-7,0.479354400
6,21,16,-8305,6,0.480541824
6,22,-4,-8315,-3,0.481729248
6,23,13,-8306,7,0.482916672
6,24,40,-8267,17,0.484104096
6,25,12,-8277,9,0.485291520
6,26,-7,-8312,7,0.486478944
6,27,-8,-8313,9,0.487666368
6,28,23,-8301,10,0.488853792
6,29,10,-8340,3,0.490041216
6,30,2,-8308,1,0.491228640
6,31,33,-8305,11,0.492416064
6,32,33,-8329,0,0.493603488
6,33,7,-8300,15,0.494790912
6,34,21,-8289,-5,0.495978336
6,35,-30,-8299,25,0.497165760
6,36,-12,-8306,-21,0.498353184
6,37,2,-8318,6,0.499540608
6,38,12,-8295,-17,0.500728032
6,39,4,-8296,16,0.501915456
6,40,18,-8318,-21,0.503102880
6,41,45,-8313,13,0.504290304
6,42,20,-8317,-7,0.505477728
6,43,13,-8323,-5,0.506665152
6,44,-18,-8325,-14,0.507852576
6,45,16,-8307,17,0.509040000
6,46,11,-8307,0,0.510227424
6,47,16,-8303,22,0.511414848
6,48,45,-8292,1,0.512602272
6,49,-10,-8303,9,0.513789696
6,50,19,-8321,9,0.514977120
6,51,4,-8289,-15,0.516164544
6,52,12,-8315,16,0.517351968
6,53,-4,-8301,7,0.518539392
6,54,11,-8296,26,0.519726816
6,55,24,-8300,38,0.520914240
6,56,-9,-8278,5,0.522101664
6,57,2,-8311,25,0.523289088
6,58,-10,-8314,-10,0.524476512
6,59,24,-8306,5,0.525663936
6,60,13,-8286,-14,0.526851360
6,61,16,-8279,0,0.528038784
6,62,-10,-8305,-1,0.529226208
6,63,4,-8282,14,0.530413632
6,64,9,-8296,33,0.531601056
7,1,-9,-8296,-12,0.532788480
7,2,7,-8283,-10,0.533975904
7,3,24,-8296,-3,0.535163328
7,4,-8,-8314,21,0.536350752
7,5,25,-8302,19,0.537538176
7,6,34,-8308,33,0.538725600
7,7,-9,-8305,2,0.539913024
7,8,-3,-8283,-9,0.541100448
7,9,1,-8307,-1,0.542287872
7,10,6,-8316,7,0.543475296
7,11,4,-8287,4,0.544662720
7,12,-12,-8296,26,0.545850144
7,13,23,-8299,-1,0.547037568
7,14,17,-8296,5,0.548224992
7,15,-4,-8308,9,0.549412416
7,16,7,-8305,4,0.550599840
7,17,28,-8297,5,0.551787264
7,18,10,-8301,3,0.552974688
7,19,11,-8300,3,0.554162112
7,20,46,-8300,25,0.555349536
7,21,-3,-8310,6,0.556536960
7,22,25,-8328,6,0.557724384
7,23,9,-8321,21,0.558911808
7,24,15,-8297,17,0.560099232
7,25,3,-8316,25,0.561286656
7,26,16,-8312,5,0.562474080
7,27,9,-8323,20,0.563661504
7,28,17,-8319,10,0.564848928
7,29,22,-8311,1,0.566036352
7,30,17,-8305,-6,0.567223776
7,31,-10,-8333,-9,0.568411200
7,32,30,-8310,36,0.569598624
7,33,1,-8297,14,0.570786048
7,34,26,-8280,28,0.571973472
7,35,24,-8311,-12,0.573160896
7,36,10,-8288,-3,0.574348320
7,37,10,-8311,-6,0.575535744
7,38,24,-8314,4,0.576723168
7,39,45,-8300,14,0.577910592
7,40,17,-8263,1,0.579098016
7,41,0,-8298,22,0.580285440
7,42,49,-8304,12,0.581472864
7,43,11,-8302,7,0.582660288
7,44,-1,-8299,19,0.583847712
7,45,20,-8314,-5,0.585035136
7,46,38,-8308,23,0.586222560
7,47,-17,-8300,23,0.587409984
7,48,29,-8306,25,0.588597408
7,49,27,-8323,12,0.589784832
7,50,29,-8304,6,0.590972256
7,51,17,-8312,-4,0.592159680
7,52,0,-8300,0,0.593347104
7,53,-1,-8275,-4,0.594534528
7,54,-14,-8281,13,0.595721952
7,55,22,-8325,25,0.596909376
7,56,51,-8309,-2,0.598096800
7,57,32,-8302,38,0.599284224
7,58,6,-8288,-22,0.600471648
7,59,-9,-8309,21,0.601659072
7,60,32,-8305,4,0.602846496
7,61,27,-8309,-2,0.604033920
7,62,39,-8291,12,0.605221344
7,63,13,-8307,19,0.606408768
7,64,18,-8302,30,0.607596192
8,1,-1,-8295,26,0.608783616
8,2,13,-8302,13,0.609971040
8,3,-12,-8328,7,0.611158464
8,4,-22,-8277,31,0.612345888
8,5,-10,-8322,3,0.613533312
8,6,-3,-8310,31,0.614720736
8,7,-1,-8312,8,0.615908160
8,8,21,-8313,11,0.617095584
8,9,26,-8322,-5,0.618283008
8,10,7,-8284,-23,0.619470432
8,11,2,-8287,7,0.620657856
8,12,21,-8310,-23,0.621845280
8,13,33,-8291,24,0.623032704
8,14,25,-8294,23,0.624220128
8,15,24,-8285,25,0.625407552
8,16,34,-8304,22,0.626594976
8,17,2,-8317,3,0.627782400
8,18,3,-8308,17,0.628969824
8,19,12,-8291,13,0.630157248
8,20,38,-8288,-12,0.631344672
8,21,15,-8273,5,0.632532096
8,22,13,-8296,5,0.633719520
8,23,17,-8287,11,0.634906944
8,24,-14,-8306,16,0.636094368
8,25,23,-8302,4,0.637281792
8,26,1,-8297,4,0.638469216
8,27,16,-8298,8,0.639656640
8,28,-17,-8312,-14,0.640844064
8,29,2,-8310,-37,0.642031488
8,30,7,-8310,-1,0.643218912
8,31,32,-8297,7,0.644406336
8,32,0,-8308,11,0.645593760
8,33,30,-8329,27,0.646781184
8,34,5,-8305,-13,0.647968608
8,35,2,-8313,4,0.649156032
8,36,7,-8302,19,0.650343456
8,37,21,-8304,-6,0.651530880
8,38,-4,-8316,4,0.652718304
8,39,0,-8288,-16,0.653905728
8,40,6,-8314,12,0.655093152
8,41,2,-8294,14,0.656280576
8,42,12,-8306,10,0.657468000
8,43,24,-8313,1,0.658655424
8,44,-6,-8305,12,0.659842848
8,45,11,-8309,7,0.661030272
8,46,35,-8293,-3,0.662217696
8,47,19,-8305,16,0.663405120
8,48,25,-8295,19,0.664592544
8,49,32,-8306,15,0.665779968
8,50,29,-8321,28,0.666967392
8,51,2,-8310,-11,0.668154816
8,52,1,-8299,26,0.669342240
8,53,17,-8288,-10,0.670529664
8,54,6,-8305,22,0.671717088
8,55,1,-8306,24,0.672904512
8,56,-9,-8315,40,0.674091936
8,57,14,-8306,-3,0.675279360
8,58,5,-8310,-3,0.676466784
8,59,8,-8288,21,0.677654208
8,60,17,-8294,15,0.678841632
8,61,14,-8311,13,0.680029056
8,62,3,-8302,-4,0.681216480
8,63,-7,-8309,18,0.682403904
8,64,5,-8312,-10,0.683591328
9,1,9,-8313,7,0.684778752
9,2,11,-8312,5,0.685966176
9,3,26,-8318,9,0.687153600
9,4,30,-8303,25,0.688341024
9,5,17,-8303,12,0.689528448
9,6,0,-8308,27,0.690715872
9,7,12,-8301,-17,0.691903296
9,8,8,-8293,4,0.693090720
9,9,-16,-8332,11,0.694278144
9,10,-10,-8329,16,0.695465568
9,11,29,-8327,-31,0.696652992
9,12,-17,-8294,17,0.697840416
9,13,-1,-8288,22,0.699027840
9,14,-19,-8312,3,0.700215264
9,15,-12,-8310,5,0.701402688
9,16,4,-8316,-22,0.702590112
9,17,-2,-8316,12,0.703777536
9,18,15,-8304,1,0.704964960
9,19,17,-8313,17,0.706152384
9,20,20,-8322,8,0.707339808
9,21,5,-8314,2,0.708527232
9,22,36,-8326,9,0.709714656
9,23,-3,-8311,-3,0.710902080
9,24,0,-8324,12,0.712089504
9,25,28,-8312,2,0.713276928
9,26,0,-8302,0,0.714464352
9,27,10,-8326,2,0.715651776
9,28,3,-8297,-4,0.716839200
9,29,9,-8299,9,0.718026624
9,30,21,-8298,17,0.719214048
9,31,-41,-8316,15,0.720401472
9,32,13,-8321,21,0.721588896
9,33,-6,-8311,-1,0.722776320
9,34,36,-8306,10,0.723963744
9,35,30,-8270,-3,0.725151168
9,36,-1,-8291,-14,0.726338592
9,37,14,-8313,1,0.727526016
9,38,23,-8298,-8,0.728713440
9,39,26,-8285,13,0.729900864
9,40,5,-8283,5,0.731088288
9,41,-1,-8308,28,0.732275712
9,42,9,-8331,19,0.733463136
9,43,35,-8297,-13,0.734650560
9,44,-17,-8299,-3,0.735837984
9,45,0,-8305,3,0.737025408
9,46,27,-8307,3,0.738212832
9,47,-12,-8312,-11,0.739400256
9,48,35,-8286,4,0.740587680
9,49,17,-8303,-7,0.741775104
9,50,32,-8285,19,0.742962528
9,51,0,-8311,6,0.744149952
9,52,-16,-8308,18,0.745337376
9,53,15,-8304,14,0.746524800
9,54,13,-8313,20,0.747712224
9,55,28,-8282,2,0.748899648
9,56,22,-8297,3,0.750087072
9,57,11,-8289,14,0.751274496
9,58,7,-8304,-2,0.752461920
9,59,1,-8269,4,0.753649344
9,60,20,-8300,0,0.754836768
9,61,11,-8299,13,0.756024192
9,62,34,-8302,10,0.757211616
9,63,36,-8297,2,0.758399040
9,64,23,-8286,24,0.759586464
10,1,-1,-8305,11,0.760773888
10,2,10,-8288,9,0.761961312
10,3,18,-8328,-1,0.763148736
10,4,32,-8285,-8,0.764336160
10,5,18,-8296,27,0.765523584
10,6,11,-8311,9,0.766711008
10,7,6,-8319,31,0.767898432
10,8,1,-8301,22,0.769085856
10,9,16,-8317,-6,0.770273280
10,10,11,-8306,28,0.771460704
10,11,13,-8304,-9,0.772648128
10,12,26,-8326,-7,0.773835552
10,13,14,-8325,-3,0.775022976
10,14,22,-8298,1,0.776210400
10,15,-1,-8278,19,0.777397824
10,16,-6,-8300,-4,0.778585248
10,17,9,-8324,13,0.779772672
10,18,-6,-8306,4,0.780960096
10,19,13,-8294,-7,0.782147520
10,20,31,-8313,23,0.783334944
10,21,22,-8294,18,0.784522368
10,22,-2,-8315,23,0.785709792
10,23,-2,-8303,11,0.786897216
10,24,-3,-8297,-8,0.788084640
10,25,-5,-8318,14,0.789272064
10,26,9,-8291,-2,0.790459488
10,27,26,-8298,1,0.791646912
10,28,14,-8284,4,0.792834336
10,29,12,-8324,-10,0.794021760
10,30,11,-8320,24,0.795209184
10,31,-3,-8300,-18,0.796396608
10,32,6,-8315,26,0.797584032
10,33,7,-8296,-5,0.798771456
10,34,27,-8320,23,0.799958880
10,35,48,-8289,7,0.801146304
10,36,8,-8301,2,0.802333728
10,37,14,-8287,27,0.803521152
10,38,24,-8310,-3,0.804708576
10,39,-5,-8320,30,0.805896000
10,40,-1,-8316,-12,0.807083424
10,41,36,-8300,-8,0.808270848
10,42,17,-8285,9,0.809458272
10,43,14,-8288,13,0.810645696
10,44,42,-8320,13,0.811833120
10,45,5,-8301,-2,0.813020544
10,46,8,-8313,4,0.814207968
10,47,-6,-8311,9,0.815395392
10,48,28,-8304,0,0.816582816
10,49,10,-8275,-1,0.817770240
10,50,25,-8302,18,0.818957664
10,51,10,-8281,44,0.820145088
10,52,25,-8299,5,0.821332512
10,53,33,-8338,2,0.822519936
10,54,19,-8299,-15,0.823707360
10,55,18,-8282,0,0.824894784
10,56,31,-8296,3,0.826082208
10,57,12,-8300,6,0.827269632
10,58,-7,-8309,9,0.828457056
10,59,-2,-8295,3,0.829644480
10,60,-8,-8302,-20,0.830831904
10,61,33,-8266,14,0.832019328
10,62,16,-8294,20,0.833206752
10,63,-16,-8279,-5,0.834394176
10,64,22,-8290,6,0.835581600
11,1,14,-8301,-28,0.836769024
11,2,2,-8308,33,0.837956448
11,3,3,-8312,-4,0.839143872
11,4,-13,-8322,14,0.840331296
11,5,18,-8304,16,0.841518720
11,6,-8,-8300,2,0.842706144
11,7,-14,-8296,-9,0.843893568
11,8,21,-8306,23,0.845080992
11,9,-5,-8294,14,0.846268416
11,10,4,-8285,3,0.847455840
11,11,-21,-8323,6,0.848643264
11,12,30,-8310,13,0.849830688
11,13,10,-8298,2,0.851018112
11,14,30,-8311,15,0.852205536
11,15,18,-8298,-17,0.853392960
11,16,18,-8306,-5,0.854580384
11,17,35,-8328,17,0.855767808
11,18,1,-8315,12,0.856955232
11,19,2,-8312,5,0.858142656
11,20,-3,-8289,2,0.859330080
11,21,-2,-8284,6,0.860517504
11,22,24,-8258,2,0.861704928
11,23,26,-8286,-7,0.862892352
11,24,20,-8281,38,0.864079776
11,25,29,-8318,-11,0.865267200
11,26,-6,-8300,18,0.866454624
11,27,6,-8299,-5,0.867642048
11,28,24,-8279,-8,0.868829472
11,29,20,-8283,24,0.870016896
11,30,34,-8327,-4,0.871204320
11,31,6,-8312,3,0.872391744
11,32,8,-8318,5,0.873579168
11,33,2,-8306,-2,0.874766592
11,34,-8,-8317,11,0.875954016
11,35,26,-8298,8,0.877141440
11,36,11,-8276,-1,0.878328864
11,37,20,-8320,10,0.879516288
11,38,15,-8315,-13,0.880703712
11,39,6,-8331,14,0.881891136
11,40,-5,-8292,0,0.883078560
11,41,5,-8313,4,0.884265984
11,42,-6,-8303,3,0.885453408
11,43,8,-8276,12,0.886640832
11,44,-6,-8299,7,0.887828256
11,45,23,-8306,-22,0.889015680
11,46,-12,-8311,12,0.890203104
11,47,-19,-8312,-14,0.891390528
11,48,35,-8302,-4,0.892577952
11,49,-9,-8307,-4,0.893765376
11,50,22,-8325,22,0.894952800
11,51,-4,-8311,14,0.896140224
11,52,-3,-8300,6,0.897327648
11,53,8,-8291,13,0.898515072
11,54,7,-8308,-10,0.899702496
11,55,-7,-8314,13,0.900889920
11,56,9,-8321,-1,0.902077344
11,57,16,-8298,15,0.903264768
11,58,17,-8314,24,0.904452192
11,59,23,-8317,26,0.905639616
11,60,8,-8306,10,0.906827040
11,61,26,-8296,8,0.908014464
11,62,-6,-8326,25,0.909201888
11,63,-3,-8323,15,0.910389312
11,64,4,-8310,18,0.911576736
12,1,-1,-8296,12,0.912764160
12,2,18,-8281,21,0.913951584
12,3,6,-8311,2,0.915139008
12,4,-17,-8320,9,0.916326432
12,5,-26,-8326,13,0.917513856
12,6,-8,-8290,4,0.918701280
12,7,23,-8307,16,0.919888704
12,8,10,-8296,30,0.921076128
12,9,15,-8303,16,0.922263552
12,10,24,-8298,33,0.923450976
12,11,5,-8284,18,0.924638400
12,12,14,-8290,9,0.925825824
12,13,11,-8279,11,0.927013248
12,14,17,-8320,0,0.928200672
12,15,1,-8314,10,0.929388096
12,16,41,-8277,8,0.930575520
12,17,17,-8307,14,0.931762944
12,18,-6,-8312,-2,0.932950368
12,19,20,-8308,6,0.934137792
12,20,20,-8320,-10,0.935325216
12,21,9,-8291,13,0.936512640
12,22,36,-8300,-1,0.937700064
12,23,46,-8298,6,0.938887488
12,24,46,-8313,-3,0.940074912
12,25,28,-8295,-8,0.941262336
12,26,-8,-8330,9,0.942449760
12,27,-13,-8297,2,0.943637184
12,28,13,-8314,21,0.944824608
12,29,9,-8306,-4,0.946012032
12,30,44,-8298,25,0.947199456
12,31,31,-8316,-2,0.948386880
12,32,18,-8314,-13,0.949574304
12,33,16,-8310,12,0.950761728
12,34,3,-8289,6,0.951949152
12,35,12,-8323,-17,0.953136576
12,36,-9,-8288,22,0.954324000
12,37,16,-8304,-3,0.955511424
12,38,53,-8313,15,0.956698848
12,39,16,-8295,12,0.957886272
12,40,-1,-8305,8,0.959073696
12,41,9,-8313,1,0.960261120
12,42,-19,-8323,18,0.961448544
12,43,37,-8301,21,0.962635968
12,44,19,-8288,26,0.963823392
12,45,39,-8289,3,0.965010816
12,46,32,-8295,7,0.966198240
12,47,5,-8298,-4,0.967385664
12,48,7,-8314,18,0.968573088
12,49,10,-8304,-6,0.969760512
12,50,16,-8295,9,0.970947936
12,51,0,-8286,-34,0.972135360
12,52,14,-8298,-2,0.973322784
12,53,15,-8288,2,0.974510208
12,54,12,-8279,-4,0.975697632
12,55,13,-8317,28,0.976885056
12,56,5,-8287,15,0.978072480
12,57,3,-8290,14,0.979259904
12,58,27,-8287,6,0.980447328
12,59,24,-8306,-4,0.981634752
12,60,0,-8306,7,0.982822176
12,61,18,-8325,1,0.984009600
12,62,-6,-8315,4,0.985197024
12,63,-1,-8305,-31,0.986384448
12,64,4,-8307,13,0.987571872
13,1,15,-8311,-14,0.988759296
13,2,16,-8306,23,0.989946720
13,3,43,-8280,-23,0.991134144
13,4,37,-8319,30,0.992321568
13,5,12,-8305,12,0.993508992
13,6,-16,-8320,9,0.994696416
13,7,8,-8310,4,0.995883840
13,8,12,-8291,19,0.997071264
13,9,30,-8287,20,0.998258688
13,10,33,-8295,8,0.999446112
13,11,18,-8307,23,1.000633536
13,12,-12,-8296,11,1.001820960
13,13,2,-8307,15,1.003008384
13,14,0,-8324,-11,1.004195808
13,15,-5,-8299,-10,1.005383232
13,16,7,-8288,-22,1.006570656
13,17,-2,-8318,15,1.007758080
13,18,6,-8321,11,1.008945504
13,19,18,-8309,16,1.010132928
13,20,8,-8303,-6,1.011320352
13,21,12,-8298,9,1.012507776
13,22,1,-8315,31,1.013695200
13,23,18,-8326,7,1.014882624
13,24,6,-8331,11,1.016070048
13,25,22,-8306,10,1.017257472
13,26,10,-8318,9,1.018444896
13,27,-12,-8299,7,1.019632320
13,28,-10,-8299,10,1.020819744
13,29,9,-8302,11,1.022007168
13,30,2,-8292,-24,1.023194592
13,31,2,-8310,19,1.024382016
13,32,10,-8337,-1,1.025569440
13,33,9,-8292,-10,1.026756864
13,34,22,-8293,-12,1.027944288
13,35,13,-8268,7,1.029131712
13,36,11,-8320,17,1.030319136
13,37,9,-8325,14,1.031506560
13,38,16,-8295,-2,1.032693984
13,39,31,-8313,17,1.033881408
13,40,20,-8298,0,1.035068832
13,41,12,-8291,-4,1.036256256
13,42,-6,-8284,8,1.037443680
13,43,-22,-8306,19,1.038631104
13,44,2,-8312,48,1.039818528
13,45,6,-8316,1,1.041005952
13,46,-5,-8291,30,1.042193376
13,47,14,-8308,1,1.043380800
13,48,41,-8292,-5,1.044568224
13,49,0,-8309,7,1.045755648
13,50,10,-8302,6,1.046943072
13,51,29,-8326,26,1.048130496
13,52,15,-8284,12,1.049317920
13,53,29,-8285,5,1.050505344
13,54,-4,-8306,18,1.051692768
13,55,40,-8279,1,1.052880192
13,56,-4,-8308,-8,1.054067616
13,57,23,-8295,-3,1.055255040
13,58,18,-8301,-3,1.056442464
13,59,10,-8303,24,1.057629888
13,60,10,-8298,0,1.058817312
13,61,14,-8316,10,1.060004736
13,62,-1,-8275,-5,1.061192160
13,63,14,-8321,20,1.062379584
13,64,24,-8297,0,1.063567008
14,1,10,-8285,10,1.064754432
14,2,10,-8311,-15,1.065941856
14,3,32,-8310,7,1.067129280
14,4,18,-8303,31,1.068316704
14,5,20,-8296,3,1.069504128
14,6,-3,-8311,4,1.070691552
14,7,5,-8299,-11,1.071878976
14,8,7,-8317,-3,1.073066400
14,9,18,-8317,1,1.074253824
14,10,44,-8306,13,1.075441248
14,11,-5,-8307,-3,1.076628672
14,12,-23,-8322,15,1.077816096
14,13,17,-8293,0,1.079003520
14,14,-7,-8291,-5,1.080190944
14,15,24,-8284,-1,1.081378368
14,16,31,-8306,9,1.082565792
14,17,-12,-8325,19,1.083753216
14,18,-15,-8315,21,1.084940640
14,19,11,-8296,31,1.086128064
14,20,2,-8311,13,1.087315488
14,21,9,-8308,-15,1.088502912
14,22,15,-8327,9,1.089690336
14,23,24,-8303,6,1.090877760
14,24,19,-8318,9,1.092065184
14,25,-17,-8273,22,1.093252608
14,26,9,-8336,10,1.094440032
14,27,18,-8320,7,1.095627456
14,28,-6,-8322,0,1.096814880
14,29,33,-8306,-7,1.098002304
14,30,35,-8306,29,1.099189728
14,31,-9,-8310,12,1.100377152
14,32,10,-8280,-2,1.101564576
14,33,24,-8301,20,1.102752000
14,34,20,-8297,22,1.103939424
14,35,0,-8302,-10,1.105126848
14,36,16,-8310,14,1.106314272
14,37,-7,-8316,20,1.107501696
14,38,-28,-8301,10,1.108689120
14,39,13,-8272,11,1.109876544
14,40,20,-8300,0,1.111063968
14,41,10,-8320,15,1.112251392
14,42,-11,-8314,12,1.113438816
14,43,10,-8283,-10,1.114626240
14,44,15,-8315,-2,1.115813664
14,45,27,-8308,15,1.117001088
14,46,7,-8284,-42,1.118188512
14,47,8,-8323,25,1.119375936
14,48,16,-8307,0,1.120563360
14,49,29,-8307,28,1.121750784
14,50,25,-8293,12,1.122938208
14,51,10,-8310,14,1.124125632
14,52,36,-8319,19,1.125313056
14,53,17,-8311,9,1.126500480
14,54,12,-8304,18,1.127687904
14,55,-1,-8280,-3,1.128875328
14,56,1,-8308,0,1.130062752
14,57,7,-8299,-5,1.131250176
14,58,28,-8319,3,1.132437600
14,59,4,-8299,1,1.133625024
14,60,-4,-8281,21,1.134812448
14,61,7,-8303,-8,1.135999872
14,62,5,-8282,-8,1.137187296
14,63,4,-8308,-22,1.138374720
14,64,8,-8298,0,1.139562144
15,1,15,-8289,12,1.140749568
15,2,19,-8302,-4,1.141936992
15,3,-5,-8294,45,1.143124416
15,4,-12,-8302,-19,1.144311840
15,5,-4,-8274,17,1.145499264
15,6,15,-8319,-10,1.146686688
15,7,7,-8302,32,1.147874112
15,8,8,-8296,-2,1.149061536
15,9,6,-8291,-18,1.150248960
15,10,9,-8317,20,1.151436384
15,11,12,-8293,19,1.152623808
15,12,10,-8292,17,1.153811232
15,13,-26,-8287,-12,1.154998656
15,14,34,-8287,-3,1.156186080
15,15,16,-8301,-6,1.157373504
15,16,-1,-8290,18,1.158560928
15,17,-11,-8304,6,1.159748352
15,18,6,-8289,22,1.160935776
15,19,13,-8312,8,1.162123200
15,20,0,-8302,10,1.163310624
15,21,-6,-8319,3,1.164498048
15,22,-1,-8327,-12,1.165685472
15,23,16,-8313,1,1.166872896
15,24,7,-8297,20,1.168060320
15,25,9,-8312,11,1.169247744
15,26,-16,-8303,37,1.170435168
15,27,16,-8342,38,1.171622592
15,28,-7,-8316,8,1.172810016
15,29,4,-8306,27,1.173997440
15,30,7,-8300,-12,1.175184864
15,31,-18,-8285,16,1.176372288
15,32,6,-8301,4,1.177559712
15,33,-10,-8306,8,1.178747136
15,34,21,-8306,9,1.179934560
15,35,-7,-8306,4,1.181121984
15,36,17,-8316,-4,1.182309408
15,37,24,-8297,16,1.183496832
15,38,29,-8294,-6,1.184684256
15,39,50,-8280,-16,1.185871680
15,40,21,-8309,12,1.187059104
15,41,33,-8326,-4,1.188246528
15,42,-9,-8292,20,1.189433952
15,43,-11,-8300,-1,1.190621376
15,44,13,-8298,26,1.191808800
15,45,12,-8313,7,1.192996224
15,46,1,-8308,5,1.194183648
15,47,34,-8305,-20,1.195371072
15,48,28,-8324,14,1.196558496
15,49,8,-8305,18,1.197745920
15,50,11,-8294,7,1.198933344
15,51,-15,-8316,6,1.200120768
15,52,19,-8294,-4,1.201308192
15,53,3,-8316,1,1.202495616
15,54,-18,-8302,25,1.203683040
15,55,20,-8322,8,1.204870464
15,56,0,-8310,37,1.206057888
15,57,-17,-8313,16,1.207245312
15,58,24,-8321,11,1.208432736
15,59,27,-8294,7,1.209620160
15,60,2,-8312,-1,1.210807584
15,61,-6,-8302,40,1.211995008
15,62,25,-8305,10,1.213182432
15,63,-7,-8316,12,1.214369856
15,64,19,-8318,20,1.215557280
16,1,5,-8318,10,1.216744704
16,2,21,-8296,4,1.217932128
16,3,19,-8329,35,1.219119552
16,4,-3,-8306,-22,1.220306976
16,5,-6,-8307,10,1.221494400
16,6,11,-8322,17,1.222681824
16,7,-8,-8324,22,1.223869248
16,8,13,-8313,25,1.225056672
16,9,6,-8295,19,1.226244096
16,10,13,-8294,12,1.227431520
16,11,20,-8307,6,1.228618944
16,12,18,-8319,-1,1.229806368
16,13,13,-8303,9,1.230993792
16,14,37,-8294,17,1.232181216
16,15,17,-8303,3,1.233368640
16,16,1,-8299,-6,1.234556064
16,17,16,-8293,17,1.235743488
16,18,20,-8308,14,1.236930912
16,19,10,-8323,16,1.238118336
16,20,22,-8310,15,1.239305760
16,21,24,-8308,7,1.240493184
16,22,-20,-8291,14,1.241680608
16,23,5,-8293,-2,1.242868032
16,24,21,-8287,17,1.244055456
16,25,43,-8277,10,1.245242880
16,26,16,-8283,-2,1.246430304
16,27,30,-8289,1,1.247617728
16,28,6,-8335,14,1.248805152
16,29,-15,-8320,14,1.249992576
16,30,-10,-8288,-2,1.251180000
16,31,-12,-8304,-7,1.252367424
16,32,37,-8319,35,1.253554848
16,33,11,-8302,14,1.254742272
16,34,24,-8316,38,1.255929696
16,35,0,-8314,-13,1.257117120
16,36,25,-8307,15,1.258304544
16,37,22,-8306,12,1.259491968
16,38,30,-8317,-3,1.260679392
16,39,0,-8332,20,1.261866816
16,40,29,-8287,10,1.263054240
16,41,1,-8323,4,1.264241664
16,42,19,-8305,8,1.265429088
16,43,9,-8316,-5,1.266616512
16,44,-11,-8303,6,1.267803936
16,45,1,-8308,21,1.268991360
16,46,27,-8300,3,1.270178784
16,47,8,-8286,-6,1.271366208
16,48,4,-8283,2,1.272553632
16,49,-8,-8312,2,1.273741056
16,50,28,-8313,-7,1.274928480
16,51,-1,-8332,9,1.276115904
16,52,8,-8309,-1,1.277303328
16,53,17,-8317,11,1.278490752
16,54,21,-8310,8,1.279678176
16,55,27,-8314,24,1.280865600
16,56,25,-8324,42,1.282053024
16,57,27,-8336,-15,1.283240448
16,58,22,-8305,13,1.284427872
16,59,5,-8332,14,1.285615296
16,60,2,-8276,34,1.286802720
16,61,18,-8297,10,1.287990144
16,62,13,-8298,7,1.289177568
16,63,11,-8292,14,1.290364992
16,64,11,-8305,9,1.291552416
17,1,6,-8300,-8,1.292739840
17,2,-28,-8305,-4,1.293927264
17,3,4,-8296,15,1.295114688
17,4,15,-8341,7,1.296302112
17,5,4,-8304,21,1.297489536
17,6,20,-8298,18,1.298676960
17,7,30,-8304,-14,1.299864384
17,8,3,-8273,10,1.301051808
17,9,24,-8313,-5,1.302239232
17,10,13,-8304,26,1.303426656
17,11,17,-8312,10,1.304614080
17,12,16,-8290,-1,1.305801504
17,13,29,-8322,15,1.306988928
17,14,13,-8314,-14,1.308176352
17,15,-2,-8297,6,1.309363776
17,16,0,-8304,17,1.310551200
17,17,27,-8322,-4,1.311738624
17,18,-2,-8312,26,1.312926048
17,19,10,-8281,16,1.314113472
17,20,5,-8281,-5,1.315300896
17,21,1,-8295,24,1.316488320
17,22,20,-8305,-2,1.317675744
17,23,-1,-8315,11,1.318863168
17,24,13,-8315,-9,1.320050592
17,25,-25,-8298,-2,1.321238016
17,26,5,-8308,16,1.322425440
17,27,32,-8315,-13,1.323612864
17,28,15,-8316,22,1.324800288
17,29,16,-8323,26,1.325987712
17,30,8,-8316,-3,1.327175136
17,31,-1,-8267,19,1.328362560
17,32,11,-8312,14,1.329549984
17,33,4,-8328,4,1.330737408
17,34,16,-8299,-1,1.331924832
17,35,19,-8299,0,1.333112256
17,36,-12,-8297,19,1.334299680
17,37,-6,-8313,22,1.335487104
17,38,-8,-8283,15,1.336674528
17,39,27,-8286,24,1.337861952
17,40,43,-8288,-18,1.339049376
17,41,21,-8311,9,1.340236800
17,42,-6,-8289,13,1.341424224
17,43,-4,-8323,13,1.342611648
17,44,-20,-8288,46,1.343799072
17,45,-18,-8323,-6,1.344986496
17,46,-13,-8295,8,1.346173920
17,47,-12,-8307,-17,1.347361344
17,48,6,-8302,8,1.348548768
17,49,31,-8324,4,1.349736192
17,50,0,-8291,-10,1.350923616
17,51,21,-8311,21,1.352111040
17,52,18,-8301,-8,1.353298464
17,53,-22,-8317,0,1.354485888
17,54,-17,-8315,0,1.355673312
17,55,3,-8302,31,1.356860736
17,56,1,-8298,45,1.358048160
17,57,40,-8312,10,1.359235584
17,58,-1,-8324,18,1.360423008
17,59,22,-8317,-12,1.361610432
17,60,-11,-8310,-11,1.362797856
17,61,15,-8315,1,1.363985280
17,62,33,-8300,4,1.365172704
17,63,1,-8310,12,1.366360128
17,64,9,-8307,17,1.367547552
18,1,20,-8302,2,1.368734976
18,2,25,-8303,17,1.369922400
18,3,17,-8303,15,1.371109824
18,4,11,-8308,36,1.372297248
18,5,-3,-8299,35,1.373484672
18,6,38,-8294,3,1.374672096
18,7,38,-8302,32,1.375859520
18,8,40,-8313,-10,1.377046944
18,9,-11,-8309,1,1.378234368
18,10,-20,-8306,-7,1.379421792
18,11,17,-8271,-10,1.380609216
18,12,-6,-8291,18,1.381796640
18,13,5,-8296,-1,1.382984064
18,14,-5,-8324,5,1.384171488
18,15,33,-8314,1,1.385358912
18,16,42,-8310,41,1.386546336
18,17,-15,-8309,-13,1.387733760
18,18,0,-8311,-10,1.388921184
18,19,19,-8294,-3,1.390108608
18,20,7,-8293,10,1.391296032
18,21,31,-8307,-9,1.392483456
18,22,6,-8305,-5,1.393670880
18,23,4,-8293,22,1.394858304
18,24,25,-8308,-2,1.396045728
18,25,19,-8319,26,1.397233152
18,26,16,-8300,-9,1.398420576
18,27,4,-8319,10,1.399608000
18,28,17,-8268,-3,1.400795424
18,29,40,-8302,-10,1.401982848
18,30,20,-8273,-12,1.403170272
18,31,-11,-8314,-27,1.404357696
18,32,32,-8297,13,1.405545120
18,33,12,-8285,21,1.406732544
18,34,34,-8279,4,1.407919968
18,35,18,-8279,10,1.409107392
18,36,23,-8318,7,1.410294816
18,37,15,-8328,3,1.411482240
18,38,30,-8306,15,1.412669664
18,39,24,-8305,4,1.413857088
18,40,-3,-8309,-13,1.415044512
18,41,15,-8293,-25,1.416231936
18,42,-4,-8302,29,1.417419360
18,43,10,-8309,-11,1.418606784
18,44,3,-8280,22,1.419794208
18,45,-1,-8294,3,1.420981632
18,46,19,-8315,22,1.422169056
18,47,-2,-8303,24,1.423356480
18,48,26,-8290,-21,1.424543904
18,49,16,-8318,0,1.425731328
18,50,32,-8323,3,1.426918752
18,51,7,-8323,15,1.428106176
18,52,36,-8289,6,1.429293600
18,53,9,-8280,-6,1.430481024
18,54,28,-8312,31,1.431668448
18,55,47,-8295,25,1.432855872
18,56,22,-8289,-7,1.434043296
18,57,38,-8296,-11,1.435230720
18,58,37,-8307,-5,1.436418144
18,59,-12,-8287,-16,1.437605568
18,60,9,-8300,-3,1.438792992
18,61,-8,-8302,22,1.439980416
18,62,33,-8288,12,1.441167840
18,63,0,-8285,-1,1.442355264
18,64,28,-8322,26,1.443542688
19,1,36,-8303,-7,1.444730112
19,2,31,-8309,12,1.445917536
19,3,17,-8316,-2,1.447104960
19,4,19,-8302,-14,1.448292384
19,5,3,-8302,0,1.449479808
19,6,6,-8277,-24,1.450667232
19,7,27,-8299,8,1.451854656
19,8,6,-8308,2,1.453042080
19,9,33,-8314,22,1.454229504
19,10,33,-8337,25,1.455416928
19,11,-6,-8318,-9,1.456604352
19,12,3,-8301,34,1.457791776
19,13,13,-8297,23,1.458979200
19,14,22,-8306,7,1.460166624
19,15,7,-8344,12,1.461354048
19,16,14,-8307,13,1.462541472
19,17,18,-8334,20,1.463728896
19,18,10,-8307,29,1.464916320
19,19,13,-8289,6,1.466103744
19,20,23,-8296,12,1.467291168
19,21,22,-8319,-1,1.468478592
19,22,19,-8298,-3,1.469666016
19,23,7,-8319,19,1.470853440
19,24,26,-8300,-2,1.472040864
19,25,3,-8280,4,1.473228288
19,26,6,-8283,-15,1.474415712
19,27,31,-8298,20,1.475603136
19,28,3,-8306,8,1.476790560
19,29,7,-8300,2,1.477977984
19,30,20,-8301,-5,1.479165408
19,31,39,-8299,-7,1.480352832
19,32,16,-8295,-8,1.481540256
19,33,15,-8332,25,1.482727680
19,34,27,-8286,3,1.483915104
19,35,3,-8311,-4,1.485102528
19,36,14,-8333,0,1.486289952
19,37,16,-8314,16,1.487477376
19,38,7,-8304,-2,1.488664800
19,39,21,-8288,4,1.489852224
19,40,4,-8262,5,1.491039648
19,41,12,-8296,0,1.492227072
19,42,22,-8296,14,1.493414496
19,43,-15,-8307,-1,1.494601920
19,44,-13,-8297,1,1.495789344
19,45,7,-8316,-6,1.496976768
19,46,17,-8297,-3,1.498164192
19,47,24,-8327,-13,1.499351616
19,48,13,-8312,7,1.500539040
19,49,12,-8290,4,1.501726464
19,50,1,-8300,-9,1.502913888
19,51,7,-8305,23,1.504101312
19,52,1,-8284,4,1.505288736
19,53,-3,-8285,11,1.506476160
19,54,13,-8281,10,1.507663584
19,55,1,-8311,9,1.508851008
19,56,20,-8304,21,1.510038432
19,57,-7,-8307,13,1.511225856
19,58,14,-8303,14,1.512413280
19,59,15,-8294,12,1.513600704
19,60,14,-8322,24,1.514788128
19,61,1,-8298,9,1.515975552
19,62,31,-8292,15,1.517162976
19,63,26,-8314,4,1.518350400
19,64,2,-8312,3,1.519537824
20,1,-1,-8312,8,1.520725248
20,2,-3,-8304,15,1.521912672
20,3,26,-8303,27,1.523100096
20,4,22,-8316,38,1.524287520
20,5,4,-8298,23,1.525474944
20,6,-2,-8314,-7,1.526662368
20,7,2,-8290,5,1.527849792
20,8,21,-8319,13,1.529037216
20,9,-17,-8288,1,1.530224640
20,10,3,-8284,18,1.531412064
20,11,-13,-8311,-12,1.532599488
20,12,27,-8308,11,1.533786912
20,13,29,-8295,26,1.534974336
20,14,10,-8292,25,1.536161760
20,15,6,-8280,23,1.537349184
20,16,19,-8297,2,1.538536608
20,17,8,-8294,40,1.539724032
20,18,32,-8299,-12,1.540911456
20,19,6,-8310,21,1.542098880
20,20,14,-8302,-6,1.543286304
20,21,20,-8318,32,1.544473728
20,22,-11,-8285,9,1.545661152
20,23,-8,-8325,20,1.546848576
20,24,13,-8297,17,1.548036000
20,25,31,-8294,-16,1.549223424
20,26,40,-8316,-2,1.550410848
20,27,18,-8299,-10,1.551598272
20,28,5,-8319,33,1.552785696
20,29,5,-8321,4,1.553973120
20,30,26,-8326,23,1.555160544
20,31,8,-8324,2,1.556347968
20,32,10,-8297,8,1.557535392
20,33,26,-8300,6,1.558722816
20,34,7,-8307,15,1.559910240
20,35,-4,-8296,20,1.561097664
20,36,10,-8304,3,1.562285088
20,37,3,-8302,27,1.563472512
20,38,3,-8328,21,1.564659936
20,39,5,-8302,-3,1.565847360
20,40,-2,-8297,-22,1.567034784
20,41,36,-8306,6,1.568222208
20,42,4,-8304,11,1.569409632
20,43,1,-8308,22,1.570597056
20,44,4,-8316,13,1.571784480
20,45,9,-8289,3,1.572971904
20,46,-2,-8287,41,1.574159328
20,47,21,-8281,15,1.575346752
20,48,-1,-8289,8,1.576534176
20,49,18,-8287,8,1.577721600
20,50,15,-8287,-5,1.578909024
20,51,7,-8330,14,1.580096448
20,52,18,-8299,16,1.581283872
20,53,3,-8308,15,1.582471296
20,54,6,-8308,10,1.583658720
20,55,32,-8284,-8,1.584846144
20,56,18,-8303,0,1.586033568
20,57,15,-8322,12,1.587220992
20,58,8,-8318,-4,1.588408416
20,59,-7,-8309,23,1.589595840
20,60,25,-8302,24,1.590783264
20,61,2,-8331,-4,1.591970688
20,62,14,-8316,16,1.593158112
20,63,2,-8305,23,1.594345536
20,64,39,-8301,19,1.595532960
21,1,9,-8310,2,1.596720384
21,2,16,-8326,-3,1.597907808
21,3,15,-8292,-9,1.599095232
21,4,12,-8299,3,1.600282656
21,5,7,-8310,20,1.601470080
21,6,31,-8287,26,1.602657504
21,7,33,-8277,0,1.603844928
21,8,10,-8307,4,1.605032352
21,9,33,-8291,-3,1.606219776
21,10,11,-8304,-13,1.607407200
21,11,10,-8323,6,1.608594624
21,12,33,-8311,12,1.609782048
21,13,33,-8304,34,1.610969472
21,14,17,-8298,20,1.612156896
21,15,13,-8316,36,1.613344320
21,16,36,-8288,3,1.614531744
21,17,-9,-8322,8,1.615719168
21,18,31,-8318,-24,1.616906592
21,19,22,-8296,25,1.618094016
21,20,-8,-8279,17,1.619281440
21,21,16,-8293,7,1.620468864
21,22,12,-8321,16,1.621656288
21,23,11,-8295,-4,1.622843712
21,24,7,-8321,31,1.624031136
21,25,6,-8312,2,1.625218560
21,26,-7,-8303,-6,1.626405984
21,27,5,-8296,25,1.627593408
21,28,-4,-8305,-19,1.628780832
21,29,13,-8304,14,1.629968256
21,30,10,-8310,16,1.631155680
21,31,26,-8313,19,1.632343104
21,32,30,-8296,-3,1.633530528
21,33,-2,-8293,-32,1.634717952
21,34,3,-8302,-10,1.635905376
21,35,5,-8311,17,1.637092800
21,36,6,-8306,15,1.638280224
21,37,29,-8298,-3,1.639467648
21,38,27,-8307,25,1.640655072
21,39,4,-8285,1,1.641842496
21,40,14,-8317,17,1.643029920
21,41,26,-8312,-6,1.644217344
21,42,21,-8310,-8,1.645404768
21,43,16,-8314,5,1.646592192
21,44,8,-8271,19,1.647779616
21,45,15,-8307,34,1.648967040
21,46,-1,-8307,24,1.650154464
21,47,-5,-8276,16,1.651341888
21,48,19,-8285,1,1.652529312
21,49,-5,-8306,4,1.653716736
21,50,-5,-8289,13,1.654904160
21,51,25,-8325,-7,1.656091584
21,52,8,-8285,-2,1.657279008
21,53,14,-8308,1,1.658466432
21,54,-18,-8288,-2,1.659653856
21,55,-21,-8290,-1,1.660841280
21,56,23,-8289,19,1.662028704
21,57,8,-8297,0,1.663216128
21,58,15,-8319,-5,1.664403552
21,59,7,-8315,15,1.665590976
21,60,16,-8316,13,1.666778400
21,61,-2,-8330,40,1.667965824
21,62,-6,-8310,-36,1.669153248
21,63,17,-8313,25,1.670340672
21,64,24,-8292,-15,1.671528096
22,1,12,-8320,28,1.672715520
22,2,35,-8310,30,1.673902944
22,3,20,-8300,9,1.675090368
22,4,11,-8313,5,1.676277792
22,5,18,-8296,2,1.677465216
22,6,8,-8303,22,1.678652640
22,7,1,-8304,1,1.679840064
22,8,4,-8292,-6,1.681027488
22,9,1,-8282,25,1.682214912
22,10,7,-8310,-3,1.683402336
22,11,3,-8309,23,1.684589760
22,12,12,-8294,-14,1.685777184
22,13,6,-8289,-2,1.686964608
22,14,-18,-8299,-11,1.688152032
22,15,7,-8300,14,1.689339456
22,16,37,-8343,23,1.690526880
22,17,22,-8315,2,1.691714304
22,18,4,-8312,7,1.692901728
22,19,0,-8314,-8,1.694089152
22,20,5,-8305,-9,1.695276576
22,21,2,-8310,-1,1.696464000
22,22,22,-8279,1,1.697651424
22,23,33,-8270,23,1.698838848
22,24,15,-8303,40,1.700026272
22,25,7,-8311,3,1.701213696
22,26,-18,-8290,11,1.702401120
22,27,9,-8302,12,1.703588544
22,28,10,-8313,22,1.704775968
22,29,-10,-8301,9,1.705963392
22,30,15,-8324,11,1.707150816
22,31,11,-8300,-5,1.708338240
22,32,19,-8306,-3,1.709525664
22,33,16,-8328,2,1.710713088
22,34,5,-8296,16,1.711900512
22,35,9,-8306,8,1.713087936
22,36,32,-8297,-5,1.714275360
22,37,-10,-8290,1,1.715462784
22,38,4,-8317,22,1.716650208
22,39,23,-8304,-9,1.717837632
22,40,5,-8332,12,1.719025056
22,41,-2,-8301,-13,1.720212480
22,42,16,-8295,8,1.721399904
22,43,10,-8278,19,1.722587328
22,44,28,-8304,14,1.723774752
22,45,-3,-8286,27,1.724962176
22,46,11,-8310,-3,1.726149600
22,47,8,-8297,-12,1.727337024
22,48,-1,-8309,4,1.728524448
22,49,-5,-8303,21,1.729711872
22,50,23,-8312,14,1.730899296
22,51,17,-8293,10,1.732086720
22,52,8,-8295,-7,1.733274144
22,53,18,-8285,2,1.734461568
22,54,8,-8278,-14,1.735648992
22,55,4,-8316,11,1.736836416
22,56,7,-8283,2,1.738023840
22,57,35,-8307,5,1.739211264
22,58,17,-8310,32,1.740398688
22,59,30,-8295,3,1.741586112
22,60,49,-8295,31,1.742773536
22,61,16,-8311,12,1.743960960
22,62,12,-8292,22,1.745148384
22,63,-22,-8315,-17,1.746335808
22,64,5,-8322,26,1.747523232
23,1,9,-8325,-6,1.748710656
23,2,12,-8303,14,1.749898080
23,3,-8,-8298,32,1.751085504
23,4,21,-8302,-4,1.752272928
23,5,15,-8308,42,1.753460352
23,6,8,-8280,-11,1.754647776
23,7,1,-8310,21,1.755835200
23,8,22,-8301,-34,1.757022624
23,9,9,-8291,2,1.758210048
23,10,27,-8311,-6,1.759397472
23,11,22,-8316,-14,1.760584896
23,12,30,-8299,35,1.761772320
23,13,7,-8300,-4,1.762959744
23,14,6,-8323,18,1.764147168
23,15,3,-8315,9,1.765334592
23,16,19,-8305,16,1.766522016
23,17,30,-8297,3,1.767709440
23,18,15,-8310,-22,1.768896864
23,19,-1,-8288,2,1.770084288
23,20,9,-8331,27,1.771271712
23,21,7,-8310,26,1.772459136
23,22,9,-8321,-6,1.773646560
23,23,25,-8288,37,1.774833984
23,24,28,-8299,-15,1.776021408
23,25,8,-8295,23,1.777208832
23,26,13,-8315,-8,1.778396256
23,27,2,-8307,29,1.779583680
23,28,14,-8329,-4,1.780771104
23,29,-13,-8294,7,1.781958528
23,30,23,-8287,18,1.783145952
23,31,17,-8282,-23,1.784333376
23,32,11,-8291,14,1.785520800
23,33,31,-8306,3,1.786708224
23,34,10,-8320,12,1.787895648
23,35,19,-8312,2,1.789083072
23,36,21,-8300,7,1.790270496
23,37,-10,-8314,-2,1.791457920
23,38,8,-8321,10,1.792645344
23,39,21,-8295,2,1.793832768
23,40,38,-8316,2,1.795020192
23,41,23,-8336,-6,1.796207616
23,42,34,-8304,-22,1.797395040
23,43,40,-8298,3,1.798582464
23,44,14,-8294,18,1.799769888
23,45,18,-8326,18,1.800957312
23,46,13,-8304,-6,1.802144736
23,47,2,-8294,-1,1.803332160
23,48,4,-8299,-13,1.804519584
23,49,15,-8315,6,1.805707008
23,50,6,-8278,-12,1.806894432
23,51,7,-8312,2,1.808081856
23,52,10,-8303,21,1.809269280
23,53,17,-8304,0,1.810456704
23,54,23,-8300,-13,1.811644128
23,55,-3,-8311,19,1.812831552
23,56,6,-8301,15,1.814018976
23,57,0,-8311,18,1.815206400
23,58,13,-8294,9,1.816393824
23,59,8,-8295,4,1.817581248
23,60,-1,-8300,44,1.818768672
23,61,25,-8283,-2,1.819956096
23,62,27,-8285,22,1.821143520
23,63,0,-8295,-23,1.822330944
23,64,43,-8306,16,1.823518368
24,1,-13,-8314,13,1.824705792
24,2,34,-8311,33,1.825893216
24,3,39,-8306,11,1.827080640
24,4,13,-8304,7,1.828268064
24,5,48,-8319,5,1.829455488
24,6,-7,-8300,-3,1.830642912
24,7,-19,-8302,7,1.831830336
24,8,9,-8315,-11,1.833017760
24,9,8,-8309,40,1.834205184
24,10,2,-8305,21,1.835392608
24,11,10,-8310,28,1.836580032
24,12,-12,-8295,9,1.837767456
24,13,22,-8295,21,1.838954880
24,14,18,-8298,-5,1.840142304
24,15,17,-8331,4,1.841329728
24,16,-1,-8302,18,1.842517152
24,17,16,-8298,5,1.843704576
24,18,5,-8309,12,1.844892000
24,19,-4,-8322,-14,1.846079424
24,20,-17,-8314,1,1.847266848
24,21,27,-8297,-38,1.848454272
24,22,-3,-8299,33,1.849641696
24,23,12,-8307,-12,1.850829120
24,24,7,-8312,13,1.852016544
24,25,-2,-8324,7,1.853203968
24,26,3,-8307,-5,1.854391392
24,27,-18,-8302,37,1.855578816
24,28,-17,-8302,-9,1.856766240
24,29,-4,-8309,38,1.857953664
24,30,13,-8305,-1,1.859141088
24,31,21,-8315,21,1.860328512
24,32,20,-8328,5,1.861515936
24,33,18,-8308,-1,1.862703360
24,34,11,-8332,11,1.863890784
24,35,-15,-8292,0,1.865078208
24,36,-4,-8287,16,1.866265632
24,37,15,-8296,5,1.867453056
24,38,25,-8289,20,1.868640480
24,39,12,-8304,0,1.869827904
24,40,-3,-8323,12,1.871015328
24,41,15,-8281,-11,1.872202752
24,42,-15,-8301,12,1.873390176
24,43,-5,-8315,-2,1.874577600
24,44,6,-8297,-7,1.875765024
24,45,32,-8319,12,1.876952448
24,46,-11,-8297,4,1.878139872
24,47,2,-8316,23,1.879327296
24,48,36,-8329,-6,1.880514720
24,49,-11,-8302,11,1.881702144
24,50,-7,-8303,-1,1.882889568
24,51,14,-8315,25,1.884076992
24,52,23,-8301,16,1.885264416
24,53,20,-8319,24,1.886451840
24,54,-11,-8317,-2,1.887639264
24,55,-14,-8318,-16,1.888826688
24,56,23,-8306,9,1.890014112
24,57,3,-8286,-10,1.891201536
24,58,24,-8295,12,1.892388960
24,59,7,-8310,15,1.893576384
24,60,-8,-8309,29,1.894763808
24,61,43,-8294,24,1.895951232
24,62,5,-8330,-9,1.897138656
24,63,27,-8293,1,1.898326080
24,64,22,-8310,-1,1.899513504
25,1,23,-8308,1,1.900700928
25,2,47,-8292,-3,1.901888352
25,3,16,-8297,-6,1.903075776
25,4,7,-8302,8,1.904263200
25,5,15,-8297,11,1.905450624
25,6,10,-8298,8,1.906638048
25,7,3,-8300,22,1.907825472
25,8,8,-8318,21,1.909012896
25,9,15,-8311,24,1.910200320
25,10,12,-8315,22,1.911387744
25,11,-16,-8306,31,1.912575168
25,12,-13,-8308,23,1.913762592
25,13,26,-8306,14,1.914950016
25,14,-1,-8311,-5,1.916137440
25,15,3,-8298,-9,1.917324864
25,16,31,-8302,-16,1.918512288
25,17,1,-8311,-10,1.919699712
25,18,4,-8292,17,1.920887136
25,19,19,-8316,-4,1.922074560
25,20,16,-8301,7,1.923261984
25,21,31,-8301,22,1.924449408
25,22,31,-8300,13,1.925636832
25,23,52,-8321,4,1.926824256
25,24,16,-8321,23,1.928011680
25,25,18,-8329,17,1.929199104
25,26,22,-8299,4,1.930386528
25,27,8,-8293,-1,1.931573952
25,28,24,-8316,11,1.932761376
25,29,8,-8295,-4,1.933948800
25,30,23,-8296,3,1.935136224
25,31,8,-8283,-16,1.936323648
25,32,43,-8285,-9,1.937511072
25,33,34,-8289,2,1.938698496
25,34,9,-8292,-11,1.939885920
25,35,-18,-8288,4,1.941073344
25,36,3,-8276,-3,1.942260768
25,37,18,-8288,5,1.943448192
25,38,-6,-8294,4,1.944635616
25,39,21,-8317,12,1.945823040
25,40,13,-8319,8,1.947010464
25,41,-1,-8304,2,1.948197888
25,42,0,-8297,11,1.949385312
25,43,-4,-8307,-21,1.950572736
25,44,-6,-8325,9,1.951760160
25,45,16,-8312,-2,1.952947584
25,46,21,-8307,7,1.954135008
25,47,30,-8277,19,1.955322432
25,48,-2,-8309,16,1.956509856
25,49,-12,-8319,16,1.957697280
25,50,25,-8311,-1,1.958884704
25,51,9,-8308,15,1.960072128
25,52,0,-8306,-6,1.961259552
25,53,6,-8286,13,1.962446976
25,54,17,-8303,-3,1.963634400
25,55,12,-8298,38,1.964821824
25,56,32,-8281,-9,1.966009248
25,57,-1,-8309,-7,1.967196672
25,58,1,-8297,5,1.968384096
25,59,17,-8301,7,1.969571520
25,60,-5,-8281,15,1.970758944
25,61,-4,-8278,6,1.971946368
25,62,-8,-8301,11,1.973133792
25,63,-7,-8308,-4,1.974321216
25,64,26,-8316,12,1.975508640
26,1,0,-8296,15,1.976696064
26,2,26,-8280,-4,1.977883488
26,3,23,-8295,6,1.979070912
26,4,31,-8298,14,1.980258336
26,5,19,-8309,-13,1.981445760
26,6,-6,-8295,25,1.982633184
26,7,14,-8295,21,1.983820608
26,8,-5,-8319,-5,1.985008032
26,9,12,-8313,22,1.986195456
26,10,28,-8315,-18,1.987382880
26,11,10,-8300,26,1.988570304
26,12,9,-8281,13,1.989757728
26,13,8,-8323,2,1.990945152
26,14,-2,-8272,14,1.992132576
26,15,21,-8276,13,1.993320000
26,16,12,-8282,-4,1.994507424
26,17,4,-8313,8,1.995694848
26,18,34,-8292,8,1.996882272
26,19,3,-8283,10,1.998069696
26,20,6,-8299,22,1.999257120
26,21,-17,-8338,13,2.000444544
26,22,1,-8298,4,2.001631968
26,23,18,-8289,17,2.002819392
26,24,2,-8275,27,2.004006816
26,25,47,-8281,20,2.005194240
26,26,8,-8283,45,2.006381664
26,27,11,-8300,14,2.007569088
26,28,3,-8318,4,2.008756512
26,29,-10,-8313,-2,2.009943936
26,30,27,-8306,6,2.011131360
26,31,20,-8289,15,2.012318784
26,32,2,-8280,21,2.013506208
26,33,31,-8280,1,2.014693632
26,34,16,-8300,-11,2.015881056
26,35,-4,-8309,15,2.017068480
26,36,-6,-8301,-2,2.018255904
26,37,10,-8293,-16,2.019443328
26,38,22,-8302,11,2.020630752
26,39,8,-8294,6,2.021818176
26,40,33,-8312,22,2.023005600
26,41,2,-8317,-3,2.024193024
26,42,19,-8332,3,2.025380448
26,43,-25,-8317,2,2.026567872
26,44,16,-8275,7,2.027755296
26,45,24,-8294,13,2.028942720
26,46,21,-8306,-4,2.030130144
26,47,15,-8299,-2,2.031317568
26,48,23,-8304,3,2.032504992
26,49,14,-8308,8,2.033692416
26,50,29,-8319,4,2.034879840
26,51,7,-8303,18,2.036067264
26,52,11,-8303,20,2.037254688
26,53,-4,-8297,-13,2.038442112
26,54,21,-8303,19,2.039629536
26,55,13,-8315,-22,2.040816960
26,56,-14,-8315,17,2.042004384
26,57,-16,-8327,-11,2.043191808
26,58,-5,-8304,25,2.044379232
26,59,26,-8313,5,2.045566656
26,60,22,-8303,12,2.046754080
26,61,24,-8298,19,2.047941504
26,62,17,-8327,17,2.049128928
26,63,6,-8312,2,2.050316352
26,64,26,-8300,8,2.051503776
27,1,-3,-8315,20,2.052691200
27,2,12,-8314,10,2.053878624
27,3,7,-8297,14,2.055066048
27,4,16,-8299,12,2.056253472
27,5,19,-8272,36,2.057440896
27,6,-1,-8297,20,2.058628320
27,7,18,-8323,1,2.059815744
27,8,14,-8331,-4,2.061003168
27,9,12,-8316,0,2.062190592
27,10,8,-8295,-2,2.063378016
27,11,22,-8303,-13,2.064565440
27,12,34,-8310,15,2.065752864
27,13,15,-8318,-1,2.066940288
27,14,2,-8315,20,2.068127712
27,15,3,-8301,6,2.069315136
27,16,20,-8306,19,2.070502560
27,17,-15,-8303,6,2.071689984
27,18,23,-8276,-4,2.072877408
27,19,42,-8298,9,2.074064832
27,20,27,-8314,-21,2.075252256
27,21,-6,-8299,19,2.076439680
27,22,12,-8306,-1,2.077627104
27,23,32,-8299,4,2.078814528
27,24,23,-8311,11,2.080001952
27,25,57,-8305,34,2.081189376
27,26,50,-8302,5,2.082376800
27,27,10,-8323,41,2.083564224
27,28,-9,-8305,7,2.084751648
27,29,17,-8304,27,2.085939072
27,30,-14,-8299,-16,2.087126496
27,31,10,-8291,-7,2.088313920
27,32,13,-8303,22,2.089501344
27,33,42,-8304,1,2.090688768
27,34,12,-8313,25,2.091876192
27,35,12,-8346,10,2.093063616
27,36,5,-8287,15,2.094251040
27,37,-2,-8292,49,2.095438464
27,38,50,-8300,6,2.096625888
27,39,34,-8322,36,2.097813312
27,40,12,-8285,15,2.099000736
27,41,18,-8300,17,2.100188160
27,42,10,-8302,11,2.101375584
27,43,20,-8318,22,2.102563008
27,44,1,-8325,-2,2.103750432
27,45,19,-8328,39,2.104937856
27,46,-1,-8309,11,2.106125280
27,47,19,-8301,15,2.107312704
27,48,34,-8289,2,2.108500128
27,49,4,-8294,7,2.109687552
27,50,10,-8325,-15,2.110874976
27,51,-30,-8299,-19,2.112062400
27,52,-21,-8319,37,2.113249824
27,53,5,-8281,5,2.114437248
27,54,-17,-8303,-1,2.115624672
27,55,13,-8280,-3,2.116812096
27,56,7,-8284,-5,2.117999520
27,57,-2,-8310,13,2.119186944
27,58,-8,-8312,9,2.120374368
27,59,-9,-8317,4,2.121561792
27,60,0,-8328,5,2.122749216
27,61,22,-8296,14,2.123936640
27,62,43,-8287,10,2.125124064
27,63,6,-8310,12,2.126311488
27,64,16,-8302,-15,2.127498912
28,1,15,-8332,26,2.128686336
28,2,2,-8303,8,2.129873760
28,3,0,-8304,-3,2.131061184
28,4,-2,-8292,8,2.132248608
28,5,19,-8313,4,2.133436032
28,6,27,-8297,25,2.134623456
28,7,1,-8301,3,2.135810880
28,8,19,-8324,4,2.136998304
28,9,7,-8314,2,2.138185728
28,10,10,-8325,12,2.139373152
28,11,22,-8313,6,2.140560576
28,12,-1,-8306,13,2.141748000
28,13,1,-8318,12,2.142935424
28,14,3,-8296,13,2.144122848
28,15,14,-8317,-5,2.145310272
28,16,7,-8294,-2,2.146497696
28,17,-14,-8312,-5,2.147685120
28,18,-7,-8288,-3,2.148872544
28,19,-1,-8290,6,2.150059968
28,20,12,-8302,18,2.151247392
28,21,37,-8301,31,2.152434816
28,22,1,-8312,11,2.153622240
28,23,-3,-8305,0,2.154809664
28,24,18,-8321,23,2.155997088
28,25,33,-8305,-10,2.157184512
28,26,-12,-8322,6,2.158371936
28,27,19,-8297,-6,2.159559360
28,28,24,-8312,12,2.160746784
28,29,14,-8307,11,2.161934208
28,30,21,-8314,15,2.163121632
28,31,-2,-8281,-11,2.164309056
28,32,22,-8284,35,2.165496480
28,33,-6,-8290,-14,2.166683904
28,34,-2,-8309,11,2.167871328
28,35,34,-8310,11,2.169058752
28,36,13,-8283,10,2.170246176
28,37,13,-8299,23,2.171433600
28,38,19,-8318,9,2.172621024
28,39,2,-8307,15,2.173808448
28,40,-18,-8325,-4,2.174995872
28,41,11,-8278,25,2.176183296
28,42,11,-8306,-20,2.177370720
28,43,-3,-8295,20,2.178558144
28,44,3,-8332,4,2.179745568
28,45,-30,-8301,19,2.180932992
28,46,-3,-8300,21,2.182120416
28,47,-3,-8301,-10,2.183307840
28,48,2,-8325,42,2.184495264
28,49,-1,-8318,-16,2.185682688
28,50,16,-8325,14,2.186870112
28,51,15,-8305,-12,2.188057536
28,52,26,-8298,26,2.189244960
28,53,4,-8334,20,2.190432384
28,54,35,-8315,1,2.191619808
28,55,35,-8292,8,2.192807232
28,56,28,-8289,5,2.193994656
28,57,-3,-8312,-8,2.195182080
28,58,18,-8291,28,2.196369504
28,59,24,-8298,-1,2.197556928
28,60,6,-8297,-13,2.198744352
28,61,13,-8273,16,2.199931776
28,62,29,-8314,20,2.201119200
28,63,22,-8301,39,2.202306624
28,64,-1,-8297,20,2.203494048
29,1,26,-8308,11,2.204681472
29,2,0,-8301,0,2.205868896
29,3,20,-8311,-5,2.207056320
29,4,-6,-8309,11,2.208243744
29,5,-2,-8290,-4,2.209431168
29,6,4,-8298,-2,2.210618592
29,7,2,-8294,-8,2.211806016
29,8,-3,-8309,-6,2.212993440
29,9,25,-8334,16,2.214180864
29,10,34,-8315,0,2.215368288
29,11,-17,-8304,25,2.216555712
29,12,-11,-8320,5,2.217743136
29,13,15,-8320,11,2.218930560
29,14,-4,-8290,-14,2.220117984
29,15,15,-8297,4,2.221305408
29,16,22,-8288,19,2.222492832
29,17,12,-8306,32,2.223680256
29,18,14,-8291,-8,2.224867680
29,19,-5,-8306,19,2.226055104
29,20,-19,-8302,29,2.227242528
29,21,-16,-8311,-9,2.228429952
29,22,18,-8293,13,2.229617376
29,23,-13,-8278,12,2.230804800
29,24,4,-8323,32,2.231992224
29,25,17,-8302,7,2.233179648
29,26,-4,-8305,9,2.234367072
29,27,27,-8306,30,2.235554496
29,28,2,-8303,-11,2.236741920
29,29,0,-8340,10,2.237929344
29,30,-2,-8311,-9,2.239116768
29,31,-5,-8305,24,2.240304192
29,32,-2,-8305,-7,2.241491616
29,33,14,-8292,17,2.242679040
29,34,4,-8316,6,2.243866464
29,35,24,-8317,3,2.245053888
29,36,-7,-8279,2,2.246241312
29,37,3,-8311,-1,2.247428736
29,38,22,-8290,11,2.248616160
29,39,10,-8322,9,2.249803584
29,40,29,-8308,5,2.250991008
29,41,17,-8298,16,2.252178432
29,42,10,-8303,40,2.253365856
29,43,12,-8296,4,2.254553280
29,44,-9,-8333,25,2.255740704
29,45,12,-8310,4,2.256928128
29,46,-1,-8300,-4,2.258115552
29,47,8,-8282,20,2.259302976
29,48,30,-8305,7,2.260490400
29,49,6,-8320,30,2.261677824
29,50,18,-8308,21,2.262865248
29,51,5,-8265,17,2.264052672
29,52,9,-8319,-18,2.265240096
29,53,29,-8304,-16,2.266427520
29,54,20,-8305,19,2.267614944
29,55,32,-8310,19,2.268802368
29,56,18,-8292,30,2.269989792
29,57,-9,-8293,33,2.271177216
29,58,6,-8291,32,2.272364640
29,59,24,-8301,0,2.273552064
29,60,20,-8280,4,2.274739488
29,61,20,-8292,-3,2.275926912
29,62,6,-8312,6,2.277114336
29,63,17,-8326,5,2.278301760
29,64,40,-8292,30,2.279489184
30,1,5,-8307,55,2.280676608
30,2,22,-8307,-2,2.281864032
30,3,16,-8293,23,2.283051456
30,4,34,-8287,14,2.284238880
30,5,-5,-8305,14,2.285426304
30,6,39,-8310,39,2.286613728
30,7,34,-8326,20,2.287801152
30,8,8,-8300,27,2.288988576
30,9,1,-8325,-4,2.290176000
30,10,29,-8314,21,2.291363424
30,11,10,-8300,8,2.292550848
30,12,21,-8296,-5,2.293738272
30,13,6,-8293,6,2.294925696
30,14,7,-8315,16,2.296113120
30,15,13,-8315,-3,2.297300544
30,16,11,-8291,-6,2.298487968
30,17,33,-8296,-4,2.299675392
30,18,30,-8301,-5,2.300862816
30,19,39,-8315,5,2.302050240
30,20,7,-8304,17,2.303237664
30,21,-15,-8307,-1,2.304425088
30,22,35,-8301,18,2.305612512
30,23,11,-8287,6,2.306799936
30,24,23,-8278,3,2.307987360
30,25,14,-8285,11,2.309174784
30,26,11,-8311,6,2.310362208
30,27,34,-8314,20,2.311549632
30,28,-1,-8298,-14,2.312737056
30,29,11,-8299,12,2.313924480
30,30,23,-8284,3,2.315111904
30,31,10,-8303,9,2.316299328
30,32,-2,-8305,-8,2.317486752
30,33,17,-8293,12,2.318674176
30,34,15,-8286,23,2.319861600
30,35,3,-8307,0,2.321049024
30,36,31,-8298,17,2.322236448
30,37,23,-8327,17,2.323423872
30,38,-5,-8324,12,2.324611296
30,39,0,-8283,22,2.325798720
30,40,25,-8293,-1,2.326986144
30,41,25,-8311,-17,2.328173568
30,42,37,-8307,-2,2.329360992
30,43,26,-8299,-2,2.330548416
30,44,15,-8308,10,2.331735840
30,45,24,-8295,1,2.332923264
30,46,15,-8285,15,2.334110688
30,47,-4,-8324,19,2.335298112
30,48,36,-8315,13,2.336485536
30,49,7,-8281,27,2.337672960
30,50,1,-8293,-11,2.338860384
30,51,-13,-8294,40,2.340047808
30,52,20,-8322,0,2.341235232
30,53,9,-8320,14,2.342422656
30,54,12,-8299,-10,2.343610080
30,55,-2,-8311,27,2.344797504
30,56,28,-8298,21,2.345984928
30,57,-19,-8299,-6,2.347172352
30,58,3,-8299,29,2.348359776
30,59,7,-8299,14,2.349547200
30,60,-17,-8323,-5,2.350734624
30,61,-1,-8301,-2,2.351922048
30,62,14,-8306,10,2.353109472
30,63,10,-8305,26,2.354296896
30,64,42,-8264,17,2.355484320
31,1,-1,-8316,16,2.356671744
31,2,25,-8293,32,2.357859168
31,3,-4,-8308,-11,2.359046592
31,4,7,-8293,32,2.360234016
31,5,-8,-8292,6,2.361421440
31,6,-2,-8320,28,2.362608864
31,7,4,-8300,15,2.363796288
31,8,16,-8319,-2,2.364983712
31,9,1,-8301,22,2.366171136
31,10,15,-8292,-5,2.367358560
31,11,6,-8304,24,2.368545984
31,12,3,-8296,25,2.369733408
31,13,37,-8321,24,2.370920832
31,14,19,-8312,2,2.372108256
31,15,0,-8296,-6,2.373295680
31,16,4,-8287,0,2.374483104
31,17,-7,-8295,-7,2.375670528
31,18,-14,-8315,10,2.376857952
31,19,-14,-8291,3,2.378045376
31,20,22,-8303,25,2.379232800
31,21,-10,-8306,25,2.380420224
31,22,30,-8311,26,2.381607648
31,23,8,-8317,13,2.382795072
31,24,6,-8298,-6,2.383982496
31,25,22,-8285,-4,2.385169920
31,26,22,-8306,-18,2.386357344
31,27,5,-8289,6,2.387544768
31,28,3,-8285,15,2.388732192
31,29,20,-8302,25,2.389919616
31,30,15,-8291,8,2.391107040
31,31,-14,-8321,30,2.392294464
31,32,-10,-8322,17,2.393481888
31,33,18,-8310,-3,2.394669312
31,34,22,-8299,-22,2.395856736
31,35,51,-8315,-6,2.397044160
31,36,14,-8271,14,2.398231584
31,37,19,-8300,8,2.399419008
31,38,3,-8303,-7,2.400606432
31,39,14,-8314,2,2.401793856
31,40,33,-8311,-7,2.402981280
31,41,10,-8304,1,2.404168704
31,42,17,-8293,19,2.405356128
31,43,21,-8315,0,2.406543552
31,44,-2,-8323,32,2.407730976
31,45,-6,-8312,22,2.408918400
31,46,-6,-8339,18,2.410105824
31,47,4,-8309,1,2.411293248
31,48,27,-8288,-6,2.412480672
31,49,17,-8298,20,2.413668096
31,50,44,-8293,5,2.414855520
31,51,23,-8315,7,2.416042944
31,52,14,-8310,8,2.417230368
31,53,4,-8309,1,2.418417792
31,54,16,-8292,25,2.419605216
31,55,13,-8314,17,2.420792640
31,56,5,-8301,11,2.421980064
31,57,2,-8295,18,2.423167488
31,58,28,-8293,4,2.424354912
31,59,-10,-8302,1,2.425542336
31,60,-14,-8314,6,2.426729760
31,61,-14,-8307,14,2.427917184
31,62,9,-8291,-6,2.429104608
31,63,18,-8305,24,2.430292032
31,64,5,-8304,3,2.431479456
32,1,24,-8321,20,2.432666880
32,2,7,-8288,-13,2.433854304
32,3,-17,-8325,40,2.435041728
32,4,15,-8297,23,2.436229152
32,5,20,-8328,18,2.437416576
32,6,23,-8311,0,2.438604000
32,7,20,-8270,-7,2.439791424
32,8,9,-8281,28,2.440978848
32,9,21,-8323,-4,2.442166272
32,10,-6,-8321,-1,2.443353696
32,11,1,-8305,21,2.444541120
32,12,10,-8310,16,2.445728544
32,13,9,-8299,16,2.446915968
32,14,13,-8301,8,2.448103392
32,15,3,-8298,1,2.449290816
32,16,-2,-8329,3,2.450478240
32,17,24,-8298,-6,2.451665664
32,18,8,-8286,7,2.452853088
32,19,-13,-8295,30,2.454040512
32,20,2,-8304,4,2.455227936
32,21,16,-8303,22,2.456415360
32,22,42,-8298,16,2.457602784
32,23,10,-8297,26,2.458790208
32,24,19,-8299,11,2.459977632
32,25,-2,-8308,22,2.461165056
32,26,-7,-8314,13,2.462352480
32,27,10,-8289,-5,2.463539904
32,28,15,-8297,0,2.464727328
32,29,34,-8279,-8,2.465914752
32,30,0,-8291,12,2.467102176
32,31,21,-8290,22,2.468289600
32,32,1,-8324,30,2.469477024
32,33,17,-8305,20,2.470664448
32,34,6,-8318,11,2.471851872
32,35,9,-8318,13,2.473039296
32,36,4,-8286,1,2.474226720
32,37,2,-8284,-10,2.475414144
32,38,-1,-8301,18,2.476601568
32,39,3,-8308,-18,2.477788992
32,40,9,-8316,26,2.478976416
32,41,13,-8312,-8,2.480163840
32,42,-36,-8307,14,2.481351264
32,43,17,-8292,9,2.482538688
32,44,15,-8317,-1,2.483726112
32,45,12,-8314,17,2.484913536
32,46,23,-8296,-9,2.486100960
32,47,4,-8346,-15,2.487288384
32,48,12,-8296,9,2.488475808
32,49,1,-8299,-3,2.489663232
32,50,20,-8276,21,2.490850656
32,51,39,-8270,4,2.492038080
32,52,37,-8321,30,2.493225504
32,53,34,-8299,23,2.494412928
32,54,4,-8317,6,2.495600352
32,55,10,-8297,5,2.496787776
32,56,-24,-8300,-19,2.497975200
32,57,21,-8331,-17,2.499162624
32,58,13,-8288,2,2.500350048
32,59,26,-8306,28,2.501537472
32,60,28,-8311,24,2.502724896
32,61,8,-8306,-24,2.503912320
32,62,-17,-8325,23,2.505099744
32,63,0,-8299,-15,2.506287168
32,64,-11,-8317,14,2.507474592
33,1,3,-8277,3,2.508662016
33,2,23,-8280,-13,2.509849440
33,3,24,-8315,19,2.511036864
33,4,32,-8325,-20,2.512224288
33,5,-11,-8301,-12,2.513411712
33,6,-28,-8331,-1,2.514599136
33,7,12,-8303,19,2.515786560
33,8,4,-8296,-10,2.516973984
33,9,49,-8299,27,2.518161408
33,10,38,-8285,-8,2.519348832
33,11,-4,-8307,28,2.520536256
33,12,21,-8302,-7,2.521723680
33,13,21,-8315,3,2.522911104
33,14,20,-8303,15,2.524098528
33,15,1,-8288,1,2.525285952
33,16,27,-8279,15,2.526473376
33,17,18,-8289,-18,2.527660800
33,18,3,-8327,-12,2.528848224
33,19,15,-8298,5,2.530035648
33,20,-19,-8286,8,2.531223072
33,21,-20,-8313,9,2.532410496
33,22,1,-8292,21,2.533597920
33,23,10,-8295,-1,2.534785344
33,24,23,-8317,20,2.535972768
33,25,17,-8317,-2,2.537160192
33,26,-4,-8329,17,2.538347616
33,27,36,-8329,10,2.539535040
33,28,13,-8310,19,2.540722464
33,29,5,-8300,18,2.541909888
33,30,5,-8276,2,2.543097312
33,31,-4,-8299,25,2.544284736
33,32,15,-8294,0,2.545472160
33,33,4,-8305,1,2.546659584
33,34,-17,-8294,5,2.547847008
33,35,2,-8295,12,2.549034432
33,36,-14,-8308,37,2.550221856
33,37,7,-8265,-7,2.551409280
33,38,27,-8287,5,2.552596704
33,39,2,-8308,14,2.553784128
33,40,6,-8297,20,2.554971552
33,41,8,-8313,-3,2.556158976
33,42,27,-8301,12,2.557346400
33,43,-4,-8286,31,2.558533824
33,44,31,-8281,24,2.559721248
33,45,16,-8305,24,2.560908672
33,46,-1,-8303,11,2.562096096
33,47,23,-8302,-3,2.563283520
33,48,23,-8330,6,2.564470944
33,49,7,-8316,-7,2.565658368
33,50,10,-8308,-11,2.566845792
33,51,14,-8311,4,2.568033216
33,52,20,-8298,-3,2.569220640
33,53,33,-8300,18,2.570408064
33,54,15,-8308,18,2.571595488
33,55,22,-8295,23,2.572782912
33,56,0,-8331,7,2.573970336
33,57,20,-8321,0,2.575157760
33,58,22,-8297,12,2.576345184
33,59,17,-8302,2,2.577532608
33,60,36,-8311,2,2.578720032
33,61,-3,-8313,12,2.579907456
33,62,-15,-8297,8,2.581094880
33,63,14,-8318,24,2.582282304
33,64,21,-8306,-3,2.583469728
34,1,26,-8324,33,2.584657152
34,2,14,-8293,-10,2.585844576
34,3,35,-8290,1,2.587032000
34,4,25,-8340,1,2.588219424
34,5,20,-8327,6,2.589406848
34,6,9,-8311,9,2.590594272
34,7,-14,-8284,7,2.591781696
34,8,-6,-8296,22,2.592969120
34,9,-2,-8288,-20,2.594156544
34,10,4,-8300,23,2.595343968
34,11,25,-8308,0,2.596531392
34,12,32,-8329,11,2.597718816
34,13,3,-8292,15,2.598906240
34,14,32,-8320,-11,2.600093664
34,15,-21,-8311,13,2.601281088
34,16,37,-8315,16,2.602468512
34,17,37,-8317,15,2.603655936
34,18,16,-8318,17,2.604843360
34,19,26,-8323,-1,2.606030784
34,20,29,-8323,-19,2.607218208
34,21,20,-8308,-22,2.608405632
34,22,6,-8303,7,2.609593056
34,23,-13,-8308,-3,2.610780480
34,24,28,-8319,12,2.611967904
34,25,16,-8300,22,2.613155328
34,26,-3,-8316,22,2.614342752
34,27,15,-8312,17,2.615530176
34,28,3,-8305,27,2.616717600
34,29,18,-8295,-10,2.617905024
34,30,-13,-8288,7,2.619092448
34,31,0,-8292,22,2.620279872
34,32,54,-8301,12,2.621467296
34,33,32,-8299,0,2.622654720
34,34,19,-8311,10,2.623842144
34,35,23,-8289,9,2.625029568
34,36,22,-8303,-1,2.626216992
34,37,0,-8326,14,2.627404416
34,38,-12,-8302,13,2.628591840
34,39,-3,-8307,0,2.629779264
34,40,13,-8309,37,2.630966688
34,41,30,-8283,11,2.632154112
34,42,23,-8317,15,2.633341536
34,43,5,-8310,5,2.634528960
34,44,12,-8314,23,2.635716384
34,45,29,-8294,21,2.636903808
34,46,22,-8303,-15,2.638091232
34,47,11,-8332,28,2.639278656
34,48,23,-8309,-2,2.640466080
34,49,25,-8332,-11,2.641653504
34,50,-2,-8285,2,2.642840928
34,51,22,-8297,5,2.644028352
34,52,14,-8304,21,2.645215776
34,53,32,-8307,11,2.646403200
34,54,36,-8314,-15,2.647590624
34,55,27,-8308,19,2.648778048
34,56,24,-8328,5,2.649965472
34,57,20,-8318,13,2.651152896
34,58,27,-8277,8,2.652340320
34,59,10,-8303,-14,2.653527744
34,60,2,-8316,47,2.654715168
34,61,21,-8296,-6,2.655902592
34,62,45,-8296,6,2.657090016
34,63,-17,-8340,-7,2.658277440
34,64,10,-8304,-18,2.659464864
35,1,43,-8295,11,2.660652288
35,2,12,-8292,-22,2.661839712
35,3,16,-8306,14,2.663027136
35,4,17,-8309,10,2.664214560
35,5,16,-8299,23,2.665401984
35,6,30,-8296,24,2.666589408
35,7,12,-8282,-3,2.667776832
35,8,-1,-8328,-7,2.668964256
35,9,16,-8298,11,2.670151680
35,10,3,-8308,-11,2.671339104
35,11,-3,-8304,32,2.672526528
35,12,-3,-8292,24,2.673713952
35,13,24,-8301,29,2.674901376
35,14,40,-8284,21,2.676088800
35,15,14,-8297,-8,2.677276224
35,16,29,-8315,-7,2.678463648
35,17,13,-8296,13,2.679651072
35,18,21,-8298,24,2.680838496
35,19,12,-8295,-5,2.682025920
35,20,-4,-8276,14,2.683213344
35,21,5,-8309,24,2.684400768
35,22,35,-8310,-2,2.685588192
35,23,1,-8317,1,2.686775616
35,24,15,-8311,43,2.687963040
35,25,14,-8285,5,2.689150464
35,26,2,-8334,6,2.690337888
35,27,3,-8323,2,2.691525312
35,28,2,-8324,26,2.692712736
35,29,22,-8314,21,2.693900160
35,30,16,-8296,-9,2.695087584
35,31,-12,-8287,24,2.696275008
35,32,14,-8282,-15,2.697462432
35,33,-12,-8323,14,2.698649856
35,34,7,-8298,4,2.699837280
35,35,42,-8319,10,2.701024704
35,36,6,-8300,13,2.702212128
35,37,10,-8301,-11,2.703399552
35,38,13,-8324,3,2.704586976
35,39,6,-8331,-23,2.705774400
35,40,31,-8320,3,2.706961824
35,41,-12,-8320,5,2.708149248
35,42,2,-8320,55,2.709336672
35,43,23,-8295,24,2.710524096
35,44,8,-8307,-1,2.711711520
35,45,6,-8306,22,2.712898944
35,46,3,-8290,-1,2.714086368
35,47,2,-8314,36,2.715273792
35,48,29,-8316,-3,2.716461216
35,49,18,-8292,27,2.717648640
35,50,20,-8282,22,2.718836064
35,51,35,-8284,5,2.720023488
35,52,23,-8326,-17,2.721210912
35,53,21,-8320,-5,2.722398336
35,54,-3,-8301,16,2.723585760
35,55,-5,-8264,17,2.724773184
35,56,20,-8290,30,2.725960608
35,57,3,-8297,2,2.727148032
35,58,33,-8296,31,2.728335456
35,59,29,-8298,-7,2.729522880
35,60,36,-8320,19,2.730710304
35,61,21,-8304,14,2.731897728
35,62,2,-8335,9,2.733085152
35,63,-10,-8328,-1,2.734272576
35,64,2,-8283,10,2.735460000
36,1,-1,-8286,-15,2.736647424
36,2,13,-8325,19,2.737834848
36,3,37,-8291,6,2.739022272
36,4,2,-8282,19,2.740209696
36,5,-8,-8312,11,2.741397120
36,6,22,-8340,-13,2.742584544
36,7,8,-8312,18,2.743771968
36,8,20,-8298,3,2.744959392
36,9,21,-8308,-4,2.746146816
36,10,30,-8313,37,2.747334240
36,11,17,-8315,20,2.748521664
36,12,-3,-8312,25,2.749709088
36,13,18,-8320,-6,2.750896512
36,14,17,-8323,0,2.752083936
36,15,-2,-8306,-15,2.753271360
36,16,26,-8299,-6,2.754458784
36,17,10,-8323,5,2.755646208
36,18,15,-8298,-7,2.756833632
36,19,7,-8323,1,2.758021056
36,20,-4,-8291,0,2.759208480
36,21,8,-8326,-2,2.760395904
36,22,-3,-8319,2,2.761583328
36,23,-11,-8274,0,2.762770752
36,24,20,-8288,-4,2.763958176
36,25,-8,-8302,-4,2.765145600
36,26,0,-8307,4,2.766333024
36,27,7,-8298,-23,2.767520448
36,28,32,-8299,21,2.768707872
36,29,30,-8316,-7,2.769895296
36,30,19,-8304,-22,2.771082720
36,31,3,-8316,22,2.772270144
36,32,9,-8306,-8,2.773457568
36,33,3,-8315,37,2.774644992
36,34,11,-8306,-9,2.775832416
36,35,-9,-8296,21,2.777019840
36,36,11,-8316,6,2.778207264
36,37,6,-8310,10,2.779394688
36,38,33,-8286,11,2.780582112
36,39,21,-8298,5,2.781769536
36,40,6,-8321,7,2.782956960
36,41,22,-8312,6,2.784144384
36,42,-17,-8316,-13,2.785331808
36,43,2,-8319,9,2.786519232
36,44,24,-8298,-16,2.787706656
36,45,11,-8297,12,2.788894080
36,46,29,-8308,24,2.790081504
36,47,7,-8311,5,2.791268928
36,48,22,-8291,17,2.792456352
36,49,22,-8316,-2,2.793643776
36,50,23,-8303,28,2.794831200
36,51,-4,-8327,-8,2.796018624
36,52,-1,-8282,19,2.797206048
36,53,6,-8286,-13,2.798393472
36,54,43,-8316,-6,2.799580896
36,55,31,-8312,3,2.800768320
36,56,21,-8317,-12,2.801955744
36,57,20,-8299,15,2.803143168
36,58,2,-8266,32,2.804330592
36,59,-3,-8302,10,2.805518016
36,60,4,-8280,14,2.806705440
36,61,-2,-8274,13,2.807892864
36,62,-4,-8304,18,2.809080288
36,63,-5,-8311,13,2.810267712
36,64,-18,-8309,1,2.811455136
37,1,-19,-8299,45,2.812642560
37,2,10,-8322,-16,2.813829984
37,3,39,-8287,2,2.815017408
37,4,15,-8311,32,2.816204832
37,5,-18,-8304,2,2.817392256
37,6,16,-8313,6,2.818579680
37,7,-9,-8322,-10,2.819767104
37,8,4,-8334,15,2.820954528
37,9,3,-8317,12,2.822141952
37,10,9,-8332,-6,2.823329376
37,11,21,-8298,13,2.824516800
37,12,-2,-8324,25,2.825704224
37,13,10,-8314,29,2.826891648
37,14,-4,-8337,4,2.828079072
37,15,9,-8325,1,2.829266496
37,16,11,-8281,3,2.830453920
37,17,17,-8312,5,2.831641344
37,18,23,-8314,37,2.832828768
37,19,9,-8294,0,2.834016192
37,20,8,-8295,-13,2.835203616
37,21,10,-8305,22,2.836391040
37,22,25,-8312,25,2.837578464
37,23,-6,-8306,29,2.838765888
37,24,18,-8320,12,2.839953312
37,25,58,-8291,11,2.841140736
37,26,28,-8306,9,2.842328160
37,27,-2,-8323,13,2.843515584
37,28,-9,-8310,22,2.844703008
37,29,13,-8302,18,2.845890432
37,30,28,-8315,3,2.847077856
37,31,5,-8303,11,2.848265280
37,32,35,-8290,1,2.849452704
37,33,28,-8305,9,2.850640128
37,34,21,-8284,7,2.851827552
37,35,13,-8291,0,2.853014976
37,36,16,-8324,11,2.854202400
37,37,7,-8289,-7,2.855389824
37,38,26,-8323,11,2.856577248
37,39,11,-8296,-10,2.857764672
37,40,12,-8307,16,2.858952096
37,41,13,-8317,10,2.860139520
37,42,-2,-8303,0,2.861326944
37,43,2,-8320,8,2.862514368
37,44,4,-8278,19,2.863701792
37,45,20,-8320,1,2.864889216
37,46,-3,-8308,7,2.866076640
37,47,-2,-8307,12,2.867264064
37,48,38,-8295,-2,2.868451488
37,49,24,-8297,15,2.869638912
37,50,18,-8309,22,2.870826336
37,51,-9,-8312,27,2.872013760
37,52,15,-8297,27,2.873201184
37,53,17,-8303,6,2.874388608
37,54,28,-8286,-11,2.875576032
37,55,38,-8307,-6,2.876763456
37,56,17,-8314,-19,2.877950880
37,57,30,-8309,-3,2.879138304
37,58,-19,-8324,-1,2.880325728
37,59,-26,-8324,27,2.881513152
37,60,8,-8321,17,2.882700576
37,61,1,-8316,13,2.883888000
37,62,-10,-8312,-1,2.885075424
37,63,-4,-8293,14,2.886262848
37,64,-21,-8316,17,2.887450272
38,1,-1,-8328,3,2.888637696
38,2,-8,-8323,7,2.889825120
38,3,16,-8318,22,2.891012544
38,4,21,-8277,6,2.892199968
38,5,34,-8301,9,2.893387392
38,6,30,-8319,-9,2.894574816
38,7,3,-8323,-8,2.895762240
38,8,16,-8301,2,2.896949664
38,9,-13,-8311,17,2.898137088
38,10,2,-8307,-3,2.899324512
38,11,-2,-8305,-10,2.900511936
38,12,7,-8286,14,2.901699360
38,13,9,-8320,27,2.902886784
38,14,11,-8301,17,2.904074208
38,15,4,-8319,12,2.905261632
38,16,17,-8301,-7,2.906449056
38,17,21,-8299,15,2.907636480
38,18,20,-8299,2,2.908823904
38,19,21,-8298,8,2.910011328
38,20,16,-8302,10,2.911198752
38,21,26,-8315,8,2.912386176
38,22,17,-8317,10,2.913573600
38,23,18,-8309,9,2.914761024
38,24,9,-8312,7,2.915948448
38,25,3,-8308,25,2.917135872
38,26,8,-8305,-2,2.918323296
38,27,3,-8279,11,2.919510720
38,28,15,-8297,11,2.920698144
38,29,27,-8323,13,2.921885568
38,30,32,-8328,28,2.923072992
38,31,18,-8305,4,2.924260416
38,32,17,-8296,6,2.925447840
38,33,5,-8299,17,2.926635264
38,34,15,-8285,-10,2.927822688
38,35,13,-8313,29,2.929010112
38,36,38,-8323,-17,2.930197536
38,37,7,-8320,-4,2.931384960
38,38,2,-8300,4,2.932572384
38,39,26,-8329,3,2.933759808
38,40,22,-8308,21,2.934947232
38,41,18,-8285,11,2.936134656
38,42,22,-8303,46,2.937322080
38,43,5,-8326,2,2.938509504
38,44,-6,-8310,10,2.939696928
38,45,22,-8302,-3,2.940884352
38,46,20,-8295,-5,2.942071776
38,47,-20,-8305,3,2.943259200
38,48,30,-8286,30,2.944446624
38,49,5,-8295,3,2.945634048
38,50,8,-8310,11,2.946821472
38,51,3,-8293,-11,2.948008896
38,52,17,-8306,21,2.949196320
38,53,24,-8281,-7,2.950383744
38,54,7,-8293,29,2.951571168
38,55,23,-8296,4,2.952758592
38,56,-3,-8315,0,2.953946016
38,57,6,-8308,17,2.955133440
38,58,7,-8280,-11,2.956320864
38,59,-4,-8309,14,2.957508288
38,60,25,-8298,1,2.958695712
38,61,15,-8298,28,2.959883136
38,62,17,-8280,8,2.961070560
38,63,35,-8281,15,2.962257984
38,64,34,-8295,21,2.963445408
39,1,2,-8311,1,2.964632832
39,2,8,-8318,13,2.965820256
39,3,-11,-8290,35,2.967007680
39,4,-20,-8334,12,2.968195104
39,5,19,-8305,-7,2.969382528
39,6,10,-8285,10,2.970569952
39,7,15,-8307,3,2.971757376
39,8,50,-8306,-4,2.972944800
39,9,7,-8301,12,2.974132224
39,10,20,-8329,5,2.975319648
39,11,-3,-8291,6,2.976507072
39,12,22,-8299,25,2.977694496
39,13,22,-8292,13,2.978881920
39,14,30,-8292,14,2.980069344
39,15,6,-8290,3,2.981256768
39,16,20,-8314,8,2.982444192
39,17,-13,-8318,-1,2.983631616
39,18,10,-8313,-21,2.984819040
39,19,8,-8304,-8,2.986006464
39,20,11,-8301,27,2.987193888
39,21,17,-8313,19,2.988381312
39,22,27,-8296,20,2.989568736
39,23,13,-8331,14,2.990756160
39,24,2,-8313,-12,2.991943584
39,25,-5,-8325,9,2.993131008
39,26,-6,-8323,-1,2.994318432
39,27,14,-8278,-1,2.995505856
39,28,21,-8297,13,2.996693280
39,29,0,-8294,13,2.997880704
39,30,20,-8303,25,2.999068128
39,31,7,-8315,31,3.000255552
39,32,-1,-8314,11,3.001442976
39,33,-7,-8313,-1,3.002630400
39,34,0,-8316,29,3.003817824
39,35,0,-8319,17,3.005005248
39,36,14,-8317,33,3.006192672
39,37,-3,-8307,6,3.007380096
39,38,-3,-8314,22,3.008567520
39,39,24,-8337,2,3.009754944
39,40,-7,-8292,-3,3.010942368
39,41,-13,-8289,28,3.012129792
39,42,17,-8302,-18,3.013317216
39,43,7,-8298,22,3.014504640
39,44,1,-8300,15,3.015692064
39,45,20,-8290,5,3.016879488
39,46,4,-8318,-11,3.018066912
39,47,3,-8308,5,3.019254336
39,48,18,-8322,34,3.020441760
39,49,52,-8294,10,3.021629184
39,50,9,-8315,14,3.022816608
39,51,15,-8291,8,3.024004032
39,52,28,-8311,6,3.025191456
39,53,19,-8296,12,3.026378880
39,54,-7,-8313,9,3.027566304
39,55,-16,-8297,11,3.028753728
39,56,8,-8300,17,3.029941152
39,57,-2,-8304,21,3.031128576
39,58,5,-8292,-3,3.032316000
39,59,-16,-8304,11,3.033503424
39,60,14,-8303,4,3.034690848
39,61,-3,-8303,21,3.035878272
39,62,10,-8312,8,3.037065696
39,63,12,-8305,34,3.038253120
39,64,0,-8304,29,3.039440544
40,1,5,-8315,-9,3.040627968
40,2,8,-8314,-16,3.041815392
40,3,28,-8299,-10,3.043002816
40,4,34,-8293,1,3.044190240
40,5,26,-8291,3,3.045377664
40,6,5,-8294,3,3.046565088
40,7,6,-8292,21,3.047752512
40,8,2,-8304,31,3.048939936
40,9,18,-8308,-11,3.050127360
40,10,1,-8303,13,3.051314784
40,11,12,-8303,16,3.052502208
40,12,5,-8299,12,3.053689632
40,13,5,-8305,-14,3.054877056
40,14,23,-8310,38,3.056064480
40,15,4,-8302,27,3.057251904
40,16,25,-8293,8,3.058439328
40,17,-24,-8300,16,3.059626752
40,18,12,-8313,3,3.060814176
40,19,-8,-8291,14,3.062001600
40,20,-3,-8319,5,3.063189024
40,21,17,-8302,0,3.064376448
40,22,11,-8315,18,3.065563872
40,23,19,-8311,10,3.066751296
40,24,4,-8281,-4,3.067938720
40,25,0,-8295,-8,3.069126144
40,26,3,-8302,2,3.070313568
40,27,-16,-8293,8,3.071500992
40,28,11,-8300,30,3.072688416
40,29,14,-8320,-3,3.073875840
40,30,-17,-8303,11,3.075063264
40,31,-3,-8312,22,3.076250688
40,32,12,-8311,15,3.077438112
40,33,15,-8280,-5,3.078625536
40,34,27,-8281,4,3.079812960
40,35,18,-8289,2,3.081000384
40,36,12,-8305,11,3.082187808
40,37,15,-8303,11,3.083375232
40,38,46,-8298,2,3.084562656
40,39,39,-8287,0,3.085750080
40,40,2,-8296,7,3.086937504
40,41,7,-8299,8,3.088124928
40,42,2,-8302,28,3.089312352
40,43,9,-8276,16,3.090499776
40,44,11,-8304,8,3.091687200
40,45,-4,-8292,-12,3.092874624
40,46,23,-8302,-3,3.094062048
40,47,9,-8331,-2,3.095249472
40,48,30,-8310,-4,3.096436896
40,49,14,-8300,-6,3.097624320
40,50,0,-8295,22,3.098811744
40,51,-4,-8297,4,3.099999168
40,52,26,-8291,6,3.101186592
40,53,9,-8290,6,3.102374016
40,54,7,-8309,17,3.103561440
40,55,21,-8311,34,3.104748864
40,56,9,-8319,7,3.105936288
40,57,20,-8301,16,3.107123712
40,58,39,-8309,7,3.108311136
40,59,20,-8296,-16,3.109498560
40,60,-21,-8300,-8,3.110685984
40,61,16,-8293,3,3.111873408
40,62,25,-8312,-13,3.113060832
40,63,8,-8294,10,3.114248256
40,64,21,-8325,10,3.115435680
41,1,31,-8296,30,3.116623104
41,2,26,-8337,15,3.117810528
41,3,15,-8314,18,3.118997952
41,4,-1,-8312,-7,3.120185376
41,5,22,-8311,22,3.121372800
41,6,18,-8310,17,3.122560224
41,7,11,-8318,3,3.123747648
41,8,3,-8302,29,3.124935072
41,9,8,-8303,-14,3.126122496
41,10,11,-8308,8,3.127309920
41,11,21,-8323,6,3.128497344
41,12,16,-8291,7,3.129684768
41,13,13,-8313,11,3.130872192
41,14,-2,-8281,-24,3.132059616
41,15,1,-8336,16,3.133247040
41,16,28,-8295,7,3.134434464
41,17,-9,-8316,12,3.135621888
41,18,-10,-8328,-1,3.136809312
41,19,21,-8281,-16,3.137996736
41,20,35,-8310,1,3.139184160
41,21,39,-8288,13,3.140371584
41,22,3,-8316,-17,3.141559008
41,23,-13,-8299,17,3.142746432
41,24,17,-8317,16,3.143933856
41,25,22,-8315,3,3.145121280
41,26,23,-8292,-4,3.146308704
41,27,17,-8287,-7,3.147496128
41,28,2,-8297,2,3.148683552
41,29,3,-8327,10,3.149870976
41,30,19,-8309,29,3.151058400
41,31,16,-8323,-4,3.152245824
41,32,21,-8309,14,3.153433248
41,33,16,-8289,-12,3.154620672
41,34,37,-8278,15,3.155808096
41,35,16,-8322,-11,3.156995520
41,36,8,-8300,6,3.158182944
41,37,41,-8294,17,3.159370368
41,38,11,-8274,20,3.160557792
41,39,17,-8311,23,3.161745216
41,40,18,-8291,2,3.162932640
41,41,14,-8289,13,3.164120064
41,42,-10,-8323,-9,3.165307488
41,43,26,-8311,9,3.166494912
41,44,52,-8291,23,3.167682336
41,45,-11,-8291,-3,3.168869760
41,46,-4,-8311,0,3.170057184
41,47,21,-8292,14,3.171244608
41,48,9,-8312,0,3.172432032
41,49,32,-8284,7,3.173619456
41,50,24,-8306,22,3.174806880
41,51,14,-8312,7,3.175994304
41,52,1,-8306,20,3.177181728
41,53,-22,-8305,-12,3.178369152
41,54,-7,-8316,35,3.179556576
41,55,20,-8276,-15,3.180744000
41,56,7,-8292,7,3.181931424
41,57,7,-8317,5,3.183118848
41,58,26,-8281,1,3.184306272
41,59,16,-8297,-5,3.185493696
41,60,18,-8311,12,3.186681120
41,61,-5,-8312,14,3.187868544
41,62,6,-8307,12,3.189055968
41,63,9,-8300,13,3.190243392
41,64,27,-8290,-1,3.191430816
42,1,0,-8313,6,3.192618240
42,2,-9,-8314,-5,3.193805664
42,3,3,-8288,-1,3.194993088
42,4,-16,-8306,-13,3.196180512
42,5,5,-8313,2,3.197367936
42,6,11,-8301,-7,3.198555360
42,7,2,-8298,-7,3.199742784
42,8,59,-8297,4,3.200930208
42,9,6,-8306,1,3.202117632
42,10,25,-8313,13,3.203305056
42,11,6,-8309,-12,3.204492480
42,12,7,-8324,3,3.205679904
42,13,21,-8294,5,3.206867328
42,14,5,-8296,24,3.208054752
42,15,-10,-8313,9,3.209242176
42,16,22,-8318,10,3.210429600
42,17,-3,-8300,1,3.211617024
42,18,31,-8302,13,3.212804448
42,19,7,-8318,5,3.213991872
42,20,14,-8281,13,3.215179296
42,21,38,-8306,-11,3.216366720
42,22,11,-8303,6,3.217554144
42,23,17,-8294,1,3.218741568
42,24,-1,-8303,16,3.219928992
42,25,15,-8310,21,3.221116416
42,26,22,-8277,3,3.222303840
42,27,17,-8298,22,3.223491264
42,28,11,-8297,-8,3.224678688
42,29,13,-8293,13,3.225866112
42,30,36,-8294,14,3.227053536
42,31,16,-8304,10,3.228240960
42,32,11,-8313,21,3.229428384
42,33,-1,-8314,-4,3.230615808
42,34,-21,-8296,31,3.231803232
42,35,29,-8309,5,3.232990656
42,36,11,-8311,0,3.234178080
42,37,33,-8308,8,3.235365504
42,38,1,-8297,-10,3.236552928
42,39,1,-8311,27,3.237740352
42,40,8,-8310,10,3.238927776
42,41,18,-8301,2,3.240115200
42,42,-2,-8278,20,3.241302624
42,43,8,-8294,8,3.242490048
42,44,6,-8303,18,3.243677472
42,45,-3,-8293,-10,3.244864896
42,46,9,-8303,1,3.246052320
42,47,12,-8303,11,3.247239744
42,48,-12,-8301,7,3.248427168
42,49,-12,-8285,11,3.249614592
42,50,-4,-8283,-10,3.250802016
42,51,18,-8334,6,3.251989440
42,52,-2,-8314,-15,3.253176864
42,53,-4,-8310,-2,3.254364288
42,54,20,-8300,14,3.255551712
42,55,-11,-8312,0,3.256739136
42,56,-8,-8304,0,3.257926560
42,57,28,-8285,-2,3.259113984
42,58,11,-8302,-1,3.260301408
42,59,23,-8314,39,3.261488832
42,60,3,-8305,-2,3.262676256
42,61,-9,-8335,-14,3.263863680
42,62,17,-8308,4,3.265051104
42,63,-3,-8277,0,3.266238528
42,64,25,-8269,15,3.267425952
43,1,30,-8291,-4,3.268613376
43,2,38,-8309,5,3.269800800
43,3,20,-8301,9,3.270988224
43,4,16,-8291,22,3.272175648
43,5,10,-8306,21,3.273363072
43,6,0,-8302,-11,3.274550496
43,7,29,-8298,-17,3.275737920
43,8,26,-8302,-10,3.276925344
43,9,47,-8309,-17,3.278112768
43,10,39,-8319,1,3.279300192
43,11,33,-8317,-1,3.280487616
43,12,10,-8322,10,3.281675040
43,13,6,-8300,-19,3.282862464
43,14,11,-8317,10,3.284049888
43,15,33,-8319,27,3.285237312
43,16,48,-8299,11,3.286424736
43,17,41,-8293,3,3.287612160
43,18,33,-8307,8,3.288799584
43,19,7,-8303,0,3.289987008
43,20,-3,-8311,7,3.291174432
43,21,14,-8291,19,3.292361856
43,22,21,-8293,11,3.293549280
43,23,15,-8282,2,3.294736704
43,24,27,-8289,-3,3.295924128
43,25,7,-8318,3,3.297111552
43,26,17,-8319,-15,3.298298976
43,27,-9,-8320,-5,3.299486400
43,28,-14,-8314,26,3.300673824
43,29,22,-8303,17,3.301861248
43,30,30,-8297,2,3.303048672
43,31,28,-8283,-17,3.304236096
43,32,35,-8325,0,3.305423520
43,33,19,-8302,11,3.306610944
43,34,25,-8304,-2,3.307798368
43,35,-7,-8311,6,3.308985792
43,36,50,-8297,2,3.310173216
43,37,42,-8341,-9,3.311360640
43,38,7,-8315,21,3.312548064
43,39,23,-8300,12,3.313735488
43,40,21,-8316,1,3.314922912
43,41,14,-8301,8,3.316110336
43,42,15,-8287,14,3.317297760
43,43,-6,-8288,-10,3.318485184
43,44,23,-8312,-1,3.319672608
43,45,-1,-8289,-3,3.320860032
43,46,45,-8311,9,3.322047456
43,47,14,-8287,-9,3.323234880
43,48,-3,-8289,17,3.324422304
43,49,14,-8312,23,3.325609728
43,50,-26,-8299,13,3.326797152
43,51,4,-8296,12,3.327984576
43,52,-4,-8283,31,3.329172000
43,53,8,-8288,2,3.330359424
43,54,9,-8319,-2,3.331546848
43,55,3,-8279,17,3.332734272
43,56,6,-8267,9,3.333921696
43,57,4,-8300,-6,3.335109120
43,58,40,-8296,1,3.336296544
43,59,9,-8301,32,3.337483968
43,60,3,-8311,24,3.338671392
43,61,32,-8307,30,3.339858816
43,62,28,-8309,31,3.341046240
43,63,21,-8305,2,3.342233664
43,64,27,-8308,6,3.343421088
44,1,4,-8279,-12,3.344608512
44,2,28,-8305,19,3.345795936
44,3,7,-8335,-22,3.346983360
44,4,14,-8301,37,3.348170784
44,5,32,-8304,7,3.349358208
44,6,-6,-8317,36,3.350545632
44,7,12,-8330,20,3.351733056
44,8,-1,-8303,1,3.352920480
44,9,16,-8304,27,3.354107904
44,10,16,-8284,3,3.355295328
44,11,7,-8310,32,3.356482752
44,12,35,-8291,0,3.357670176
44,13,19,-8307,35,3.358857600
44,14,-23,-8300,-21,3.360045024
44,15,-10,-8305,35,3.361232448
44,16,4,-8302,-6,3.362419872
44,17,-4,-8314,13,3.363607296
44,18,17,-8296,31,3.364794720
44,19,3,-8308,6,3.365982144
44,20,18,-8298,38,3.367169568
44,21,22,-8307,-23,3.368356992
44,22,-3,-8303,32,3.369544416
44,23,9,-8300,5,3.370731840
44,24,6,-8286,16,3.371919264
44,25,23,-8313,12,3.373106688
44,26,23,-8321,-9,3.374294112
44,27,12,-8333,28,3.375481536
44,28,17,-8311,15,3.376668960
44,29,-20,-8306,15,3.377856384
44,30,11,-8297,3,3.379043808
44,31,-1,-8298,21,3.380231232
44,32,27,-8296,-1,3.381418656
44,33,32,-8300,12,3.382606080
44,34,-2,-8302,25,3.383793504
44,35,13,-8291,-2,3.384980928
44,36,10,-8301,29,3.386168352
44,37,-9,-8303,-15,3.387355776
44,38,26,-8300,1,3.388543200
44,39,-4,-8305,-1,3.389730624
44,40,18,-8309,27,3.390918048
44,41,-4,-8313,27,3.392105472
44,42,18,-8295,22,3.393292896
44,43,15,-8305,16,3.394480320
44,44,6,-8295,10,3.395667744
44,45,5,-8290,-17,3.396855168
44,46,14,-8300,8,3.398042592
44,47,-9,-8287,16,3.399230016
44,48,1,-8287,9,3.400417440
44,49,17,-8312,2,3.401604864
44,50,3,-8311,-6,3.402792288
44,51,4,-8304,10,3.403979712
44,52,12,-8306,15,3.405167136
44,53,-6,-8306,3,3.406354560
44,54,26,-8292,32,3.407541984
44,55,17,-8286,-14,3.408729408
44,56,14,-8290,16,3.409916832
44,57,3,-8309,-16,3.411104256
44,58,34,-8289,14,3.412291680
44,59,-1,-8291,30,3.413479104
44,60,22,-8313,10,3.414666528
44,61,16,-8324,31,3.415853952
44,62,3,-8305,-7,3.417041376
44,63,-2,-8318,35,3.418228800
44,64,-6,-8316,-5,3.419416224
45,1,21,-8286,12,3.420603648
45,2,24,-8312,-11,3.421791072
45,3,-5,-8299,-3,3.422978496
45,4,-2,-8301,11,3.424165920
45,5,21,-8293,28,3.425353344
45,6,29,-8294,27,3.426540768
45,7,10,-8304,12,3.427728192
45,8,13,-8305,-18,3.428915616
45,9,31,-8305,13,3.430103040
45,10,15,-8308,5,3.431290464
45,11,19,-8304,14,3.432477888
45,12,24,-8312,18,3.433665312
45,13,23,-8293,14,3.434852736
45,14,22,-8308,20,3.436040160
45,15,11,-8317,-8,3.437227584
45,16,22,-8280,9,3.438415008
45,17,28,-8312,-19,3.439602432
45,18,13,-8305,12,3.440789856
45,19,12,-8313,1,3.441977280
45,20,10,-8325,18,3.443164704
45,21,25,-8312,0,3.444352128
45,22,11,-8301,9,3.445539552
45,23,-15,-8311,10,3.446726976
45,24,9,-8327,20,3.447914400
45,25,18,-8313,17,3.449101824
45,26,8,-8297,-14,3.450289248
45,27,0,-8319,20,3.451476672
45,28,17,-8333,-5,3.452664096
45,29,15,-8315,3,3.453851520
45,30,20,-8294,13,3.455038944
45,31,-5,-8316,-7,3.456226368
45,32,18,-8332,15,3.457413792
45,33,16,-8300,-8,3.458601216
45,34,-13,-8295,12,3.459788640
45,35,11,-8302,2,3.460976064
45,36,22,-8305,-6,3.462163488
45,37,17,-8314,13,3.463350912
45,38,43,-8301,-6,3.464538336
45,39,24,-8301,12,3.465725760
45,40,-25,-8308,28,3.466913184
45,41,0,-8280,9,3.468100608
45,42,9,-8308,5,3.469288032
45,43,21,-8308,0,3.470475456
45,44,12,-8297,3,3.471662880
45,45,9,-8299,15,3.472850304
45,46,-12,-8296,34,3.474037728
45,47,5,-8308,9,3.475225152
45,48,-10,-8332,23,3.476412576
45,49,24,-8319,5,3.477600000
45,50,14,-8323,12,3.478787424
45,51,42,-8292,-4,3.479974848
45,52,16,-8307,11,3.481162272
45,53,3,-8306,36,3.482349696
45,54,37,-8303,-4,3.483537120
45,55,40,-8300,33,3.484724544
45,56,30,-8300,9,3.485911968
45,57,10,-8302,12,3.487099392
45,58,16,-8312,11,3.488286816
45,59,4,-8299,1,3.489474240
45,60,6,-8329,18,3.490661664
45,61,9,-8277,14,3.491849088
45,62,24,-8318,18,3.493036512
45,63,10,-8298,1,3.494223936
45,64,0,-8311,24,3.495411360
46,1,-13,-8293,-7,3.496598784
46,2,20,-8288,38,3.497786208
46,3,15,-8293,24,3.498973632
46,4,2,-8335,29,3.500161056
46,5,0,-8315,14,3.501348480
46,6,13,-8305,7,3.502535904
46,7,22,-8297,13,3.503723328
46,8,20,-8323,7,3.504910752
46,9,15,-8310,22,3.506098176
46,10,12,-8311,8,3.507285600
46,11,9,-8300,19,3.508473024
46,12,24,-8290,-3,3.509660448
46,13,15,-8292,9,3.510847872
46,14,3,-8281,9,3.512035296
46,15,16,-8298,-8,3.513222720
46,16,-8,-8301,20,3.514410144
46,17,13,-8296,6,3.515597568
46,18,7,-8305,10,3.516784992
46,19,8,-8326,24,3.517972416
46,20,-1,-8301,-12,3.519159840
46,21,-12,-8295,5,3.520347264
46,22,9,-8316,3,3.521534688
46,23,4,-8332,-17,3.522722112
46,24,20,-8295,-6,3.523909536
46,25,16,-8309,-13,3.525096960
46,26,22,-8320,25,3.526284384
46,27,-8,-8316,28,3.527471808
46,28,-4,-8327,-5,3.528659232
46,29,5,-8310,3,3.529846656
46,30,25,-8285,10,3.531034080
46,31,17,-8288,9,3.532221504
46,32,28,-8321,14,3.533408928
46,33,52,-8294,10,3.534596352
46,34,29,-8310,-1,3.535783776
46,35,0,-8317,3,3.536971200
46,36,2,-8324,-1,3.538158624
46,37,7,-8300,7,3.539346048
46,38,16,-8308,-8,3.540533472
46,39,4,-8321,6,3.541720896
46,40,15,-8303,14,3.542908320
46,41,3,-8305,22,3.544095744
46,42,6,-8329,-2,3.545283168
46,43,7,-8306,-2,3.546470592
46,44,25,-8287,-18,3.547658016
46,45,4,-8306,-9,3.548845440
46,46,11,-8306,9,3.550032864
46,47,17,-8321,16,3.551220288
46,48,35,-8302,25,3.552407712
46,49,22,-8289,9,3.553595136
46,50,12,-8312,23,3.554782560
46,51,12,-8301,5,3.555969984
46,52,7,-8298,4,3.557157408
46,53,-2,-8305,8,3.558344832
46,54,1,-8309,14,3.559532256
46,55,-18,-8316,4,3.560719680
46,56,-10,-8301,16,3.561907104
46,57,14,-8326,-3,3.563094528
46,58,7,-8314,-7,3.564281952
46,59,9,-8319,6,3.565469376
46,60,21,-8301,5,3.566656800
46,61,-8,-8302,24,3.567844224
46,62,-11,-8290,-10,3.569031648
46,63,-6,-8320,38,3.570219072
46,64,15,-8317,21,3.571406496
47,1,18,-8302,17,3.572593920
47,2,24,-8293,4,3.573781344
47,3,-6,-8303,-16,3.574968768
47,4,18,-8310,-1,3.576156192
47,5,16,-8305,-10,3.577343616
47,6,-17,-8318,8,3.578531040
47,7,13,-8323,10,3.579718464
47,8,16,-8316,5,3.580905888
47,9,23,-8295,-9,3.582093312
47,10,32,-8271,-3,3.583280736
47,11,-3,-8295,4,3.584468160
47,12,0,-8305,13,3.585655584
47,13,-5,-8270,3,3.586843008
47,14,7,-8283,1,3.588030432
47,15,-8,-8312,18,3.589217856
47,16,10,-8320,5,3.590405280
47,17,33,-8321,9,3.591592704
47,18,11,-8295,-11,3.592780128
47,19,2,-8303,13,3.593967552
47,20,16,-8310,0,3.595154976
47,21,4,-8318,13,3.596342400
47,22,2,-8296,14,3.597529824
47,23,25,-8314,0,3.598717248
47,24,12,-8310,-2,3.599904672
47,25,21,-8301,-1,3.601092096
47,26,14,-8291,-17,3.602279520
47,27,28,-8301,6,3.603466944
47,28,5,-8310,9,3.604654368
47,29,5,-8307,-11,3.605841792
47,30,8,-8315,24,3.607029216
47,31,25,-8312,-1,3.608216640
47,32,42,-8297,4,3.609404064
47,33,53,-8326,3,3.610591488
47,34,21,-8314,17,3.611778912
47,35,-29,-8286,9,3.612966336
47,36,15,-8312,-12,3.614153760
47,37,39,-8322,5,3.615341184
47,38,25,-8277,-10,3.616528608
47,39,17,-8310,11,3.617716032
47,40,3,-8293,-3,3.618903456
47,41,13,-8307,3,3.620090880
47,42,14,-8311,18,3.621278304
47,43,-9,-8285,24,3.622465728
47,44,6,-8308,-2,3.623653152
47,45,-17,-8316,4,3.624840576
47,46,27,-8273,-6,3.626028000
47,47,15,-8305,25,3.627215424
47,48,39,-8310,-1,3.628402848
47,49,-5,-8328,16,3.629590272
47,50,25,-8310,8,3.630777696
47,51,27,-8314,-9,3.631965120
47,52,9,-8315,2,3.633152544
47,53,16,-8299,6,3.634339968
47,54,27,-8305,3,3.635527392
47,55,32,-8281,27,3.636714816
47,56,32,-8296,3,3.637902240
47,57,23,-8315,21,3.639089664
47,58,7,-8326,5,3.640277088
47,59,29,-8294,-10,3.641464512
47,60,13,-8299,15,3.642651936
47,61,14,-8291,25,3.643839360
47,62,33,-8294,29,3.645026784
47,63,1,-8289,39,3.646214208
47,64,18,-8306,9,3.647401632
48,1,-11,-8327,9,3.648589056
48,2,4,-8308,23,3.649776480
48,3,6,-8313,16,3.650963904
48,4,12,-8303,19,3.652151328
48,5,10,-8313,8,3.653338752
48,6,-8,-8314,16,3.654526176
48,7,-12,-8311,-7,3.655713600
48,8,9,-8303,-8,3.656901024
48,9,-25,-8303,21,3.658088448
48,10,36,-8309,1,3.659275872
48,11,7,-8309,6,3.660463296
48,12,18,-8300,15,3.661650720
48,13,11,-8303,25,3.662838144
48,14,10,-8290,31,3.664025568
48,15,6,-8316,12,3.665212992
48,16,15,-8292,-14,3.666400416
48,17,26,-8296,1,3.667587840
48,18,6,-8303,8,3.668775264
48,19,5,-8294,5,3.669962688
48,20,8,-8329,-2,3.671150112
48,21,22,-8296,14,3.672337536
48,22,-1,-8303,22,3.673524960
48,23,-1,-8312,3,3.674712384
48,24,24,-8308,27,3.675899808
48,25,-2,-8287,-10,3.677087232
48,26,15,-8302,3,3.678274656
48,27,5,-8277,5,3.679462080
48,28,16,-8311,9,3.680649504
48,29,11,-8311,8,3.681836928
48,30,3,-8311,16,3.683024352
48,31,-18,-8295,25,3.684211776
48,32,28,-8324,16,3.685399200
48,33,5,-8289,12,3.686586624
48,34,0,-8268,31,3.687774048
48,35,11,-8265,-5,3.688961472
48,36,7,-8312,13,3.690148896
48,37,20,-8292,6,3.691336320
48,38,0,-8316,16,3.692523744
48,39,-14,-8306,25,3.693711168
48,40,2,-8320,8,3.694898592
48,41,34,-8321,8,3.696086016
48,42,36,-8323,-10,3.697273440
48,43,17,-8323,30,3.698460864
48,44,20,-8322,4,3.699648288
48,45,36,-8318,-4,3.700835712
48,46,11,-8310,-3,3.702023136
48,47,-9,-8302,17,3.703210560
48,48,35,-8299,13,3.704397984
48,49,27,-8299,21,3.705585408
48,50,43,-8299,12,3.706772832
48,51,-11,-8304,2,3.707960256
48,52,-18,-8310,23,3.709147680
48,53,10,-8303,-8,3.710335104
48,54,29,-8280,27,3.711522528
48,55,19,-8279,21,3.712709952
48,56,42,-8291,11,3.713897376
48,57,36,-8295,1,3.715084800
48,58,14,-8302,-10,3.716272224
48,59,15,-8309,31,3.717459648
48,60,34,-8332,12,3.718647072
48,61,28,-8303,16,3.719834496
48,62,9,-8287,-11,3.721021920
48,63,5,-8310,24,3.722209344
48,64,14,-8306,5,3.723396768
49,1,-2,-8302,3,3.724584192
49,2,-18,-8311,31,3.725771616
49,3,9,-8314,-7,3.726959040
49,4,8,-8295,4,3.728146464
49,5,-6,-8291,-22,3.729333888
49,6,1,-8307,15,3.730521312
49,7,-10,-8297,7,3.731708736
49,8,-8,-8310,18,3.732896160
49,9,8,-8314,-13,3.734083584
49,10,-1,-8281,7,3.735271008
49,11,-6,-8315,-8,3.736458432
49,12,-8,-8269,1,3.737645856
49,13,13,-8286,13,3.738833280
49,14,-16,-8314,4,3.740020704
49,15,0,-8315,6,3.741208128
49,16,20,-8317,-1,3.742395552
49,17,-24,-8310,19,3.743582976
49,18,4,-8320,-3,3.744770400
49,19,6,-8294,17,3.745957824
49,20,-9,-8322,14,3.747145248
49,21,36,-8324,27,3.748332672
49,22,32,-8320,-14,3.749520096
49,23,2,-8296,5,3.750707520
49,24,15,-8331,-3,3.751894944
49,25,-16,-8298,5,3.753082368
49,26,-7,-8313,9,3.754269792
49,27,4,-8302,-9,3.755457216
49,28,15,-8327,3,3.756644640
49,29,6,-8307,19,3.757832064
49,30,10,-8287,-18,3.759019488
49,31,23,-8306,-2,3.760206912
49,32,18,-8312,-6,3.761394336
49,33,-23,-8319,24,3.762581760
49,34,-3,-8292,15,3.763769184
49,35,21,-8299,1,3.764956608
49,36,18,-8295,14,3.766144032
49,37,24,-8290,5,3.767331456
49,38,13,-8326,-9,3.768518880
49,39,3,-8323,12,3.769706304
49,40,-17,-8331,15,3.770893728
49,41,8,-8314,24,3.772081152
49,42,-13,-8316,23,3.773268576
49,43,10,-8307,21,3.774456000
49,44,8,-8303,-2,3.775643424
49,45,14,-8280,26,3.776830848
49,46,0,-8297,-17,3.778018272
49,47,0,-8296,-11,3.779205696
49,48,34,-8296,-4,3.780393120
49,49,15,-8298,46,3.781580544
49,50,26,-8308,5,3.782767968
49,51,32,-8305,-6,3.783955392
49,52,-2,-8325,13,3.785142816
49,53,26,-8299,-2,3.786330240
49,54,20,-8330,12,3.787517664
49,55,25,-8312,7,3.788705088
49,56,-9,-8309,-16,3.789892512
49,57,3,-8323,-1,3.791079936
49,58,44,-8293,-8,3.792267360
49,59,18,-8331,-8,3.793454784
49,60,8,-8308,-12,3.794642208
49,61,16,-8294,16,3.795829632
49,62,-6,-8310,33,3.797017056
49,63,3,-8294,7,3.798204480
49,64,-10,-8306,-1,3.799391904
50,1,20,-8295,16,3.800579328
50,2,22,-8302,9,3.801766752
50,3,26,-8323,30,3.802954176
50,4,18,-8313,35,3.804141600
50,5,-6,-8297,24,3.805329024
50,6,5,-8295,17,3.806516448
50,7,32,-8302,13,3.807703872
50,8,20,-8297,3,3.808891296
50,9,36,-8313,2,3.810078720
50,10,14,-8314,-14,3.811266144
50,11,4,-8300,32,3.812453568
50,12,9,-8292,4,3.813640992
50,13,16,-8301,17,3.814828416
50,14,9,-8306,17,3.816015840
50,15,13,-8293,-20,3.817203264
50,16,14,-8315,4,3.818390688
50,17,-15,-8318,-22,3.819578112
50,18,-8,-8309,30,3.820765536
50,19,21,-8276,9,3.821952960
50,20,22,-8301,-14,3.823140384
50,21,19,-8296,13,3.824327808
50,22,10,-8274,-6,3.825515232
50,23,1,-8312,5,3.826702656
50,24,11,-8320,15,3.827890080
50,25,8,-8304,2,3.829077504
50,26,9,-8319,22,3.830264928
50,27,10,-8321,14,3.831452352
50,28,-2,-8302,5,3.832639776
50,29,-3,-8296,31,3.833827200
50,30,44,-8330,2,3.835014624
50,31,22,-8325,7,3.836202048
50,32,16,-8308,-11,3.837389472
50,33,7,-8312,11,3.838576896
50,34,6,-8325,-5,3.839764320
50,35,14,-8315,34,3.840951744
50,36,21,-8297,18,3.842139168
50,37,14,-8306,-1,3.843326592
50,38,27,-8308,-22,3.844514016
50,39,4,-8297,-3,3.845701440
50,40,2,-8299,-3,3.846888864
50,41,4,-8306,16,3.848076288
50,42,26,-8312,33,3.849263712
50,43,29,-8278,0,3.850451136
50,44,8,-8313,30,3.851638560
50,45,6,-8323,1,3.852825984
50,46,20,-8289,24,3.854013408
50,47,-4,-8305,-16,3.855200832
50,48,25,-8280,4,3.856388256
50,49,-6,-8302,14,3.857575680
50,50,26,-8291,23,3.858763104
50,51,12,-8295,3,3.859950528
50,52,38,-8321,-1,3.861137952
50,53,6,-8303,28,3.862325376
50,54,0,-8300,-9,3.863512800
50,55,-8,-8317,26,3.864700224
50,56,17,-8303,1,3.865887648
50,57,-11,-8297,33,3.867075072
50,58,29,-8280,11,3.868262496
50,59,23,-8315,19,3.869449920
50,60,18,-8320,-2,3.870637344
50,61,8,-8328,-11,3.871824768
50,62,-4,-8290,26,3.873012192
50,63,15,-8315,16,3.874199616
50,64,27,-8305,8,3.875387040
51,1,14,-8339,-8,3.876574464
51,2,-1,-8327,10,3.877761888
51,3,26,-8313,18,3.878949312
51,4,27,-8313,21,3.880136736
51,5,11,-8278,9,3.881324160
51,6,24,-8307,25,3.882511584
51,7,19,-8317,11,3.883699008
51,8,23,-8314,-20,3.884886432
51,9,-3,-8303,8,3.886073856
51,10,-22,-8288,-24,3.887261280
51,11,-6,-8312,-11,3.888448704
51,12,21,-8283,-15,3.889636128
51,13,27,-8303,13,3.890823552
51,14,0,-8307,15,3.892010976
51,15,-9,-8316,-12,3.893198400
51,16,-7,-8301,25,3.894385824
51,17,10,-8297,19,3.895573248
51,18,6,-8296,4,3.896760672
51,19,18,-8300,-5,3.897948096
51,20,12,-8300,-2,3.899135520
51,21,28,-8284,4,3.900322944
51,22,-3,-8279,-2,3.901510368
51,23,-13,-8307,15,3.902697792
51,24,-13,-8310,25,3.903885216
51,25,-2,-8283,16,3.905072640
51,26,-2,-8321,2,3.906260064
51,27,7,-8316,5,3.907447488
51,28,14,-8306,-6,3.908634912
51,29,32,-8325,23,3.909822336
51,30,8,-8288,9,3.911009760
51,31,24,-8311,15,3.912197184
51,32,11,-8321,11,3.913384608
51,33,26,-8292,-7,3.914572032
51,34,11,-8293,7,3.915759456
51,35,-14,-8289,3,3.916946880
51,36,24,-8288,29,3.918134304
51,37,-23,-8302,-9,3.919321728
51,38,7,-8294,39,3.920509152
51,39,3,-8319,-22,3.921696576
51,40,-8,-8307,6,3.922884000
51,41,-3,-8300,-10,3.924071424
51,42,20,-8309,4,3.925258848
51,43,13,-8291,6,3.926446272
51,44,0,-8301,1,3.927633696
51,45,1,-8303,15,3.928821120
51,46,-1,-8314,-7,3.930008544
51,47,21,-8306,50,3.931195968
51,48,30,-8300,7,3.932383392
51,49,7,-8299,21,3.933570816
51,50,2,-8305,-7,3.934758240
51,51,1,-8330,-5,3.935945664
51,52,8,-8356,26,3.937133088
51,53,23,-8306,5,3.938320512
51,54,23,-8329,9,3.939507936
51,55,25,-8320,-13,3.940695360
51,56,21,-8290,-9,3.941882784
51,57,24,-8304,9,3.943070208
51,58,18,-8302,15,3.944257632
51,59,17,-8294,-8,3.945445056
51,60,17,-8306,14,3.946632480
51,61,2,-8292,-17,3.947819904
51,62,19,-8305,7,3.949007328
51,63,26,-8319,9,3.950194752
51,64,22,-8320,5,3.951382176
52,1,18,-8298,19,3.952569600
52,2,1,-8298,-16,3.953757024
52,3,-2,-8299,18,3.954944448
52,4,5,-8307,19,3.956131872
52,5,13,-8284,27,3.957319296
52,6,4,-8287,29,3.958506720
52,7,17,-8297,17,3.959694144
52,8,14,-8298,-3,3.960881568
52,9,37,-8297,14,3.962068992
52,10,7,-8330,18,3.963256416
52,11,17,-8322,-1,3.964443840
52,12,-8,-8326,-9,3.965631264
52,13,12,-8321,11,3.966818688
52,14,16,-8303,16,3.968006112
52,15,-1,-8305,1,3.969193536
52,16,24,-8326,16,3.970380960
52,17,9,-8309,5,3.971568384
52,18,10,-8310,16,3.972755808
52,19,9,-8281,19,3.973943232
52,20,13,-8307,27,3.975130656
52,21,12,-8291,23,3.976318080
52,22,7,-8302,-3,3.977505504
52,23,17,-8281,2,3.978692928
52,24,14,-8307,19,3.979880352
52,25,16,-8349,24,3.981067776
52,26,26,-8311,13,3.982255200
52,27,25,-8294,1,3.983442624
52,28,-7,-8306,10,3.984630048
52,29,17,-8311,14,3.985817472
52,30,-3,-8312,4,3.987004896
52,31,12,-8289,30,3.988192320
52,32,29,-8298,0,3.989379744
52,33,-1,-8314,11,3.990567168
52,34,22,-8288,1,3.991754592
52,35,11,-8299,27,3.992942016
52,36,24,-8294,20,3.994129440
52,37,24,-8314,7,3.995316864
52,38,12,-8309,15,3.996504288
52,39,6,-8285,24,3.997691712
52,40,11,-8313,-12,3.998879136
52,41,8,-8288,18,4.000066560
52,42,-5,-8304,-9,4.001253984
52,43,18,-8295,28,4.002441408
52,44,15,-8278,-15,4.003628832
52,45,1,-8310,12,4.004816256
52,46,-4,-8301,4,4.006003680
52,47,5,-8280,18,4.007191104
52,48,13,-8291,19,4.008378528
52,49,11,-8317,-4,4.009565952
52,50,12,-8302,25,4.010753376
52,51,28,-8323,5,4.011940800
52,52,33,-8305,-1,4.013128224
52,53,-24,-8310,2,4.014315648
52,54,4,-8312,-12,4.015503072
52,55,0,-8304,18,4.016690496
52,56,-12,-8308,17,4.017877920
52,57,-11,-8305,10,4.019065344
52,58,18,-8283,13,4.020252768
52,59,-16,-8294,-4,4.021440192
52,60,13,-8331,-6,4.022627616
52,61,-19,-8304,27,4.023815040
52,62,13,-8323,-17,4.025002464
52,63,13,-8290,3,4.026189888
52,64,30,-8311,17,4.027377312
53,1,8,-8301,21,4.028564736
53,2,-3,-8299,30,4.029752160
53,3,10,-8326,10,4.030939584
53,4,5,-8331,16,4.032127008
53,5,-13,-8296,25,4.033314432
53,6,-9,-8286,-9,4.034501856
53,7,15,-8308,29,4.035689280
53,8,20,-8299,34,4.036876704
53,9,-4,-8273,-1,4.038064128
53,10,15,-8322,22,4.039251552
53,11,12,-8316,16,4.040438976
53,12,-2,-8303,6,4.041626400
53,13,10,-8286,17,4.042813824
53,14,15,-8282,25,4.044001248
53,15,19,-8305,-9,4.045188672
53,16,27,-8298,27,4.046376096
53,17,-19,-8310,-4,4.047563520
53,18,-16,-8314,13,4.048750944
53,19,1,-8324,-17,4.049938368
53,20,-4,-8326,39,4.051125792
53,21,12,-8309,-25,4.052313216
53,22,-8,-8314,0,4.053500640
53,23,0,-8300,14,4.054688064
53,24,11,-8293,-9,4.055875488
53,25,0,-8318,13,4.057062912
53,26,-35,-8317,24,4.058250336
53,27,0,-8280,-8,4.059437760
53,28,3,-8303,10,4.060625184
53,29,9,-8300,-7,4.061812608
53,30,32,-8298,25,4.063000032
53,31,25,-8280,28,4.064187456
53,32,13,-8314,29,4.065374880
53,33,2,-8298,-9,4.066562304
53,34,11,-8314,3,4.067749728
53,35,31,-8290,2,4.068937152
53,36,2,-8318,-25,4.070124576
53,37,-4,-8307,28,4.071312000
53,38,11,-8306,14,4.072499424
53,39,-2,-8313,31,4.073686848
53,40,-4,-8316,-7,4.074874272
53,41,9,-8303,19,4.076061696
53,42,-1,-8300,0,4.077249120
53,43,0,-8293,-8,4.078436544
53,44,9,-8274,6,4.079623968
53,45,15,-8313,12,4.080811392
53,46,7,-8307,4,4.081998816
53,47,-6,-8296,29,4.083186240
53,48,-6,-8337,-5,4.084373664
53,49,7,-8304,-4,4.085561088
53,50,19,-8288,7,4.086748512
53,51,21,-8260,-2,4.087935936
53,52,-6,-8309,47,4.089123360
53,53,-4,-8331,4,4.090310784
53,54,-1,-8309,24,4.091498208
53,55,-3,-8315,21,4.092685632
53,56,11,-8295,-7,4.093873056
53,57,27,-8312,3,4.095060480
53,58,26,-8311,19,4.096247904
53,59,20,-8311,10,4.097435328
53,60,8,-8311,22,4.098622752
53,61,37,-8285,29,4.099810176
53,62,27,-8312,41,4.100997600
53,63,23,-8313,3,4.102185024
53,64,2,-8295,-3,4.103372448
54,1,5,-8302,18,4.104559872
54,2,28,-8286,-16,4.105747296
54,3,11,-8311,30,4.106934720
54,4,3,-8294,7,4.108122144
54,5,3,-8302,-3,4.109309568
54,6,21,-8289,23,4.110496992
54,7,-4,-8307,-6,4.111684416
54,8,14,-8313,27,4.112871840
54,9,4,-8300,26,4.114059264
54,10,23,-8283,1,4.115246688
54,11,9,-8278,19,4.116434112
54,12,7,-8306,-2,4.117621536
54,13,-11,-8319,8,4.118808960
54,14,1,-8306,-16,4.119996384
54,15,21,-8307,14,4.121183808
54,16,11,-8299,8,4.122371232
54,17,16,-8300,14,4.123558656
54,18,-4,-8309,11,4.124746080
54,19,31,-8308,22,4.125933504
54,20,-14,-8297,7,4.127120928
54,21,8,-8291,17,4.128308352
54,22,22,-8286,0,4.129495776
54,23,-15,-8307,7,4.130683200
54,24,28,-8293,-15,4.131870624
54,25,-8,-8320,-5,4.133058048
54,26,4,-8311,15,4.134245472
54,27,30,-8318,23,4.135432896
54,28,25,-8299,17,4.136620320
54,29,1,-8297,20,4.137807744
54,30,20,-8314,4,4.138995168
54,31,11,-8294,7,4.140182592
54,32,10,-8326,6,4.141370016
54,33,5,-8314,-13,4.142557440
54,34,5,-8288,0,4.143744864
54,35,34,-8291,13,4.144932288
54,36,5,-8279,-6,4.146119712
54,37,28,-8301,-10,4.147307136
54,38,32,-8303,0,4.148494560
54,39,30,-8304,20,4.149681984
54,40,23,-8312,6,4.150869408
54,41,8,-8298,11,4.152056832
54,42,0,-8297,-7,4.153244256
54,43,1,-8321,21,4.154431680
54,44,-5,-8302,21,4.155619104
54,45,13,-8278,-4,4.156806528
54,46,14,-8270,9,4.157993952
54,47,26,-8317,-14,4.159181376
54,48,5,-8325,6,4.160368800
54,49,-8,-8322,0,4.161556224
54,50,17,-8296,5,4.162743648
54,51,-7,-8295,-15,4.163931072
54,52,-1,-8287,12,4.165118496
54,53,-7,-8294,3,4.166305920
54,54,6,-8312,13,4.167493344
54,55,-7,-8296,4,4.168680768
54,56,10,-8297,18,4.169868192
54,57,17,-8283,10,4.171055616
54,58,-5,-8303,28,4.172243040
54,59,-7,-8289,14,4.173430464
54,60,7,-8284,10,4.174617888
54,61,13,-8302,7,4.175805312
54,62,17,-8311,-27,4.176992736
54,63,-15,-8307,40,4.178180160
54,64,21,-8332,-23,4.179367584
55,1,-11,-8283,29,4.180555008
55,2,1,-8283,16,4.181742432
55,3,5,-8299,33,4.182929856
55,4,-4,-8298,14,4.184117280
55,5,10,-8304,0,4.185304704
55,6,-1,-8327,25,4.186492128
55,7,-2,-8318,6,4.187679552
55,8,34,-8313,36,4.188866976
55,9,14,-8306,15,4.190054400
55,10,31,-8279,22,4.191241824
55,11,21,-8308,19,4.192429248
55,12,13,-8312,30,4.193616672
55,13,14,-8318,7,4.194804096
55,14,17,-8335,16,4.195991520
55,15,7,-8306,-11,4.197178944
55,16,9,-8287,5,4.198366368
55,17,-4,-8301,25,4.199553792
55,18,7,-8309,28,4.200741216
55,19,28,-8312,27,4.201928640
55,20,14,-8299,0,4.203116064
55,21,30,-8325,23,4.204303488
55,22,7,-8304,3,4.205490912
55,23,21,-8281,9,4.206678336
55,24,12,-8302,25,4.207865760
55,25,-2,-8304,8,4.209053184
55,26,28,-8292,9,4.210240608
55,27,-1,-8303,22,4.211428032
55,28,2,-8313,14,4.212615456
55,29,19,-8314,16,4.213802880
55,30,13,-8312,-5,4.214990304
55,31,22,-8306,-7,4.216177728
55,32,-10,-8323,8,4.217365152
55,33,0,-8310,1,4.218552576
55,34,2,-8322,-6,4.219740000
55,35,-2,-8296,13,4.220927424
55,36,-18,-8318,19,4.222114848
55,37,17,-8305,41,4.223302272
55,38,7,-8319,25,4.224489696
55,39,23,-8296,28,4.225677120
55,40,9,-8314,-1,4.226864544
55,41,16,-8331,22,4.228051968
55,42,10,-8323,4,4.229239392
55,43,19,-8292,-19,4.230426816
55,44,-8,-8314,13,4.231614240
55,45,39,-8296,-2,4.232801664
55,46,6,-8309,32,4.233989088
55,47,-6,-8302,41,4.235176512
55,48,21,-8302,7,4.236363936
55,49,10,-8324,27,4.237551360
55,50,16,-8304,16,4.238738784
55,51,-10,-8306,9,4.239926208
55,52,-13,-8322,3,4.241113632
55,53,-4,-8287,9,4.242301056
55,54,0,-8294,33,4.243488480
55,55,12,-8312,23,4.244675904
55,56,-2,-8298,22,4.245863328
55,57,-1,-8313,9,4.247050752
55,58,12,-8313,18,4.248238176
55,59,16,-8298,-15,4.249425600
55,60,-3,-8278,-12,4.250613024
55,61,21,-8323,-5,4.251800448
55,62,-6,-8316,1,4.252987872
55,63,14,-8304,2,4.254175296
55,64,17,-8309,40,4.255362720
56,1,32,-8336,24,4.256550144
56,2,12,-8297,-1,4.257737568
56,3,-11,-8308,24,4.258924992
56,4,-9,-8337,18,4.260112416
56,5,-7,-8285,10,4.261299840
56,6,7,-8297,25,4.262487264
56,7,25,-8303,-20,4.263674688
56,8,21,-8296,4,4.264862112
56,9,28,-8321,0,4.266049536
56,10,-7,-8304,6,4.267236960
56,11,11,-8304,6,4.268424384
56,12,3,-8292,9,4.269611808
56,13,6,-8301,13,4.270799232
56,14,24,-8314,29,4.271986656
56,15,-13,-8316,4,4.273174080
56,16,17,-8295,-11,4.274361504
56,17,-23,-8296,-15,4.275548928
56,18,0,-8320,-6,4.276736352
56,19,20,-8318,3,4.277923776
56,20,15,-8291,19,4.279111200
56,21,-5,-8322,38,4.280298624
56,22,14,-8317,16,4.281486048
56,23,8,-8309,36,4.282673472
56,24,6,-8300,-14,4.283860896
56,25,19,-8300,-5,4.285048320
56,26,16,-8318,-2,4.286235744
56,27,12,-8309,31,4.287423168
56,28,27,-8298,1,4.288610592
56,29,8,-8291,-15,4.289798016
56,30,3,-8308,19,4.290985440
56,31,18,-8300,-9,4.292172864
56,32,24,-8353,2,4.293360288
56,33,17,-8298,4,4.294547712
56,34,23,-8295,8,4.295735136
56,35,-6,-8317,20,4.296922560
56,36,-9,-8314,1,4.298109984
56,37,2,-8296,25,4.299297408
56,38,19,-8318,30,4.300484832
56,39,28,-8300,28,4.301672256
56,40,-1,-8307,16,4.302859680
56,41,-4,-8300,24,4.304047104
56,42,34,-8281,-5,4.305234528
56,43,51,-8292,18,4.306421952
56,44,16,-8305,14,4.307609376
56,45,14,-8311,-5,4.308796800
56,46,24,-8312,15,4.309984224
56,47,-3,-8308,11,4.311171648
56,48,9,-8300,27,4.312359072
56,49,12,-8289,-10,4.313546496
56,50,-10,-8316,7,4.314733920
56,51,4,-8304,-3,4.315921344
56,52,38,-8297,7,4.317108768
56,53,17,-8303,1,4.318296192
56,54,10,-8336,33,4.319483616
56,55,4,-8289,12,4.320671040
56,56,-6,-8311,6,4.321858464
56,57,10,-8309,27,4.323045888
56,58,20,-8303,-17,4.324233312
56,59,21,-8273,15,4.325420736
56,60,8,-8281,12,4.326608160
56,61,19,-8318,30,4.327795584
56,62,17,-8310,26,4.328983008
56,63,7,-8296,10,4.330170432
56,64,7,-8290,-6,4.331357856
57,1,-9,-8290,-5,4.332545280
57,2,-3,-8281,-16,4.333732704
57,3,25,-8308,6,4.334920128
57,4,22,-8289,32,4.336107552
57,5,29,-8289,11,4.337294976
57,6,25,-8305,0,4.338482400
57,7,16,-8298,-6,4.339669824
57,8,13,-8313,-3,4.340857248
57,9,37,-8304,-9,4.342044672
57,10,19,-8311,-5,4.343232096
57,11,17,-8290,4,4.344419520
57,12,5,-8288,6,4.345606944
57,13,-7,-8308,-2,4.346794368
57,14,2,-8319,-7,4.347981792
57,15,3,-8309,-1,4.349169216
57,16,42,-8317,8,4.350356640
57,17,28,-8301,12,4.351544064
57,18,1,-8311,-12,4.352731488
57,19,21,-8331,32,4.353918912
57,20,46,-8317,2,4.355106336
57,21,14,-8308,11,4.356293760
57,22,0,-8310,36,4.357481184
57,23,25,-8294,-28,4.358668608
57,24,14,-8323,28,4.359856032
57,25,39,-8299,-9,4.361043456
57,26,-9,-8282,10,4.362230880
57,27,-12,-8305,-17,4.363418304
57,28,-27,-8298,3,4.364605728
57,29,-13,-8320,0,4.365793152
57,30,20,-8312,-2,4.366980576
57,31,15,-8312,-5,4.368168000
57,32,37,-8276,4,4.369355424
57,33,31,-8298,13,4.370542848
57,34,23,-8313,22,4.371730272
57,35,15,-8313,26,4.372917696
57,36,35,-8313,8,4.374105120
57,37,34,-8297,28,4.375292544
57,38,-2,-8325,-12,4.376479968
57,39,-6,-8321,6,4.377667392
57,40,3,-8324,3,4.378854816
57,41,1,-8300,9,4.380042240
57,42,5,-8310,14,4.381229664
57,43,9,-8323,-38,4.382417088
57,44,6,-8293,16,4.383604512
57,45,7,-8269,13,4.384791936
57,46,11,-8311,18,4.385979360
57,47,3,-8296,20,4.387166784
57,48,12,-8323,1,4.388354208
57,49,8,-8306,41,4.389541632
57,50,15,-8316,-20,4.390729056
57,51,10,-8307,19,4.391916480
57,52,14,-8292,-3,4.393103904
57,53,12,-8307,15,4.394291328
57,54,20,-8303,15,4.395478752
57,55,33,-8299,-17,4.396666176
57,56,28,-8310,51,4.397853600
57,57,21,-8327,-8,4.399041024
57,58,-12,-8303,-10,4.400228448
57,59,-4,-8295,7,4.401415872
57,60,4,-8285,17,4.402603296
57,61,7,-8311,4,4.403790720
57,62,3,-8285,15,4.404978144
57,63,-12,-8297,-25,4.406165568
57,64,-3,-8312,-6,4.407352992
58,1,9,-8310,10,4.408540416
58,2,-4,-8302,-9,4.409727840
58,3,-14,-8297,-9,4.410915264
58,4,7,-8316,-3,4.412102688
58,5,27,-8287,10,4.413290112
58,6,5,-8299,6,4.414477536
58,7,5,-8310,11,4.415664960
58,8,-19,-8327,6,4.416852384
58,9,4,-8304,-8,4.418039808
58,10,-11,-8334,8,4.419227232
58,11,13,-8305,-3,4.420414656
58,12,9,-8294,20,4.421602080
58,13,18,-8304,10,4.422789504
58,14,37,-8328,1,4.423976928
58,15,-4,-8328,1,4.425164352
58,16,34,-8312,18,4.426351776
58,17,20,-8290,6,4.427539200
58,18,-5,-8311,26,4.428726624
58,19,1,-8310,-11,4.429914048
58,20,8,-8317,-4,4.431101472
58,21,-12,-8309,-9,4.432288896
58,22,4,-8311,-14,4.433476320
58,23,-1,-8306,-5,4.434663744
58,24,17,-8310,16,4.435851168
58,25,16,-8313,8,4.437038592
58,26,13,-8340,4,4.438226016
58,27,7,-8305,4,4.439413440
58,28,0,-8294,11,4.440600864
58,29,12,-8303,17,4.441788288
58,30,12,-8320,21,4.442975712
58,31,4,-8308,-2,4.444163136
58,32,-15,-8306,13,4.445350560
58,33,6,-8308,14,4.446537984
58,34,-6,-8330,18,4.447725408
58,35,-3,-8316,9,4.448912832
58,36,3,-8307,0,4.450100256
58,37,-18,-8309,0,4.451287680
58,38,21,-8279,4,4.452475104
58,39,25,-8320,16,4.453662528
58,40,-7,-8305,0,4.454849952
58,41,20,-8286,-9,4.456037376
58,42,26,-8281,19,4.457224800
58,43,-15,-8318,24,4.458412224
58,44,14,-8297,26,4.459599648
58,45,-4,-8293,14,4.460787072
58,46,31,-8304,1,4.461974496
58,47,35,-8324,19,4.463161920
58,48,14,-8294,11,4.464349344
58,49,31,-8316,13,4.465536768
58,50,-18,-8324,-1,4.466724192
58,51,-19,-8316,1,4.467911616
58,52,-17,-8321,10,4.469099040
58,53,5,-8310,10,4.470286464
58,54,20,-8300,14,4.471473888
58,55,-9,-8308,3,4.472661312
58,56,4,-8315,10,4.473848736
58,57,-1,-8305,-3,4.475036160
58,58,-8,-8296,11,4.476223584
58,59,11,-8286,-8,4.477411008
58,60,26,-8295,11,4.478598432
58,61,19,-8288,22,4.479785856
58,62,23,-8305,19,4.480973280
58,63,18,-8324,4,4.482160704
58,64,15,-8314,-13,4.483348128
59,1,6,-8295,-6,4.484535552
59,2,11,-8316,-3,4.485722976
59,3,24,-8309,4,4.486910400
59,4,6,-8305,-12,4.488097824
59,5,17,-8317,-2,4.489285248
59,6,19,-8332,0,4.490472672
59,7,41,-8289,9,4.491660096
59,8,10,-8296,-1,4.492847520
59,9,26,-8306,16,4.494034944
59,10,9,-8292,20,4.495222368
59,11,16,-8306,9,4.496409792
59,12,43,-8304,-17,4.497597216
59,13,24,-8295,-19,4.498784640
59,14,49,-8314,18,4.499972064
59,15,37,-8317,4,4.501159488
59,16,7,-8310,18,4.502346912
59,17,-11,-8303,8,4.503534336
59,18,12,-8281,-4,4.504721760
59,19,19,-8305,25,4.505909184
59,20,50,-8312,4,4.507096608
59,21,50,-8307,15,4.508284032
59,22,12,-8287,-9,4.509471456
59,23,14,-8304,6,4.510658880
59,24,32,-8303,8,4.511846304
59,25,-5,-8311,-7,4.513033728
59,26,18,-8289,24,4.514221152
59,27,17,-8290,5,4.515408576
59,28,20,-8323,6,4.516596000
59,29,27,-8292,-1,4.517783424
59,30,16,-8308,-13,4.518970848
59,31,22,-8299,15,4.520158272
59,32,9,-8277,-3,4.521345696
59,33,3,-8312,25,4.522533120
59,34,-2,-8291,23,4.523720544
59,35,11,-8309,12,4.524907968
59,36,29,-8320,-4,4.526095392
59,37,29,-8283,-3,4.527282816
59,38,3,-8324,-26,4.528470240
59,39,20,-8328,-2,4.529657664
59,40,10,-8321,-6,4.530845088
59,41,15,-8311,28,4.532032512
59,42,8,-8299,-1,4.533219936
59,43,25,-8317,3,4.534407360
59,44,2,-8318,0,4.535594784
59,45,-1,-8309,-12,4.536782208
59,46,28,-8321,32,4.537969632
59,47,-10,-8311,-11,4.539157056
59,48,-6,-8305,14,4.540344480
59,49,34,-8290,27,4.541531904
59,50,1,-8320,6,4.542719328
59,51,6,-8307,25,4.543906752
59,52,-9,-8293,-3,4.545094176
59,53,3,-8313,13,4.546281600
59,54,12,-8285,-31,4.547469024
59,55,10,-8300,10,4.548656448
59,56,-5,-8318,22,4.549843872
59,57,26,-8301,43,4.551031296
59,58,-4,-8288,15,4.552218720
59,59,6,-8321,21,4.553406144
59,60,10,-8295,-3,4.554593568
59,61,-16,-8306,14,4.555780992
59,62,9,-8286,21,4.556968416
59,63,28,-8309,8,4.558155840
59,64,33,-8296,44,4.559343264
60,1,4,-8277,6,4.560530688
60,2,13,-8323,21,4.561718112
60,3,4,-8297,2,4.562905536
60,4,3,-8302,8,4.564092960
60,5,2,-8297,4,4.565280384
60,6,8,-8301,6,4.566467808
60,7,-4,-8294,20,4.567655232
60,8,7,-8326,31,4.568842656
60,9,3,-8313,11,4.570030080
60,10,-15,-8333,20,4.571217504
60,11,1,-8298,24,4.572404928
60,12,39,-8303,-1,4.573592352
60,13,20,-8306,30,4.574779776
60,14,22,-8286,1,4.575967200
60,15,-8,-8292,31,4.577154624
60,16,7,-8288,-15,4.578342048
60,17,3,-8302,20,4.579529472
60,18,21,-8305,13,4.580716896
60,19,30,-8314,-5,4.581904320
60,20,20,-8280,16,4.583091744
60,21,42,-8304,13,4.584279168
60,22,2,-8296,10,4.585466592
60,23,-1,-8308,7,4.586654016
60,24,6,-8297,-8,4.587841440
60,25,24,-8318,-2,4.589028864
60,26,6,-8320,13,4.590216288
60,27,11,-8296,12,4.591403712
60,28,17,-8295,29,4.592591136
60,29,24,-8312,2,4.593778560
60,30,15,-8301,27,4.594965984
60,31,14,-8326,5,4.596153408
60,32,7,-8324,17,4.597340832
60,33,24,-8313,10,4.598528256
60,34,19,-8284,7,4.599715680
60,35,21,-8286,18,4.600903104
60,36,11,-8300,-12,4.602090528
60,37,-5,-8292,16,4.603277952
60,38,5,-8306,1,4.604465376
60,39,23,-8320,40,4.605652800
60,40,-7,-8338,1,4.606840224
60,41,25,-8307,20,4.608027648
60,42,34,-8287,-1,4.609215072
60,43,24,-8295,-10,4.610402496
60,44,21,-8310,15,4.611589920
60,45,21,-8306,25,4.612777344
60,46,14,-8309,27,4.613964768
60,47,20,-8308,4,4.615152192
60,48,26,-8287,12,4.616339616
60,49,3,-8304,-23,4.617527040
60,50,-10,-8298,14,4.618714464
60,51,28,-8276,-1,4.619901888
60,52,43,-8290,-8,4.621089312
60,53,25,-8299,7,4.622276736
60,54,-15,-8299,11,4.623464160
60,55,3,-8289,11,4.624651584
60,56,19,-8322,38,4.625839008
60,57,5,-8302,3,4.627026432
60,58,11,-8297,36,4.628213856
60,59,-7,-8289,24,4.629401280
60,60,13,-8314,-14,4.630588704
60,61,-3,-8311,25,4.631776128
60,62,0,-8295,3,4.632963552
60,63,-15,-8308,18,4.634150976
60,64,0,-8308,29,4.635338400
61,1,1,-8300,6,4.636525824
61,2,4,-8302,28,4.637713248
61,3,1,-8310,-17,4.638900672
61,4,-6,-8317,26,4.640088096
61,5,24,-8302,-2,4.641275520
61,6,2,-8305,-8,4.642462944
61,7,-2,-8308,20,4.643650368
61,8,42,-8292,-9,4.644837792
61,9,27,-8326,11,4.646025216
61,10,28,-8307,-13,4.647212640
61,11,20,-8302,24,4.648400064
61,12,-10,-8284,-2,4.649587488
61,13,5,-8300,-1,4.650774912
61,14,2,-8323,8,4.651962336
61,15,15,-8283,12,4.653149760
61,16,12,-8292,25,4.654337184
61,17,2,-8307,22,4.655524608
61,18,1,-8310,0,4.656712032
61,19,51,-8311,10,4.657899456
61,20,15,-8317,6,4.659086880
61,21,19,-8300,5,4.660274304
61,22,12,-8292,15,4.661461728
61,23,17,-8301,5,4.662649152
61,24,25,-8313,19,4.663836576
61,25,7,-8322,0,4.665024000
61,26,7,-8304,-9,4.666211424
61,27,13,-8311,10,4.667398848
61,28,3,-8315,-7,4.668586272
61,29,9,-8293,1,4.669773696
61,30,4,-8315,3,4.670961120
61,31,-3,-8299,19,4.672148544
61,32,-18,-8305,9,4.673335968
61,33,17,-8326,14,4.674523392
61,34,6,-8322,-3,4.675710816
61,35,9,-8313,15,4.676898240
61,36,-2,-8294,-4,4.678085664
61,37,-11,-8289,12,4.679273088
61,38,-23,-8274,7,4.680460512
61,39,11,-8309,11,4.681647936
61,40,5,-8275,25,4.682835360
61,41,14,-8293,-17,4.684022784
61,42,12,-8332,9,4.685210208
61,43,11,-8305,12,4.686397632
61,44,22,-8297,7,4.687585056
61,45,20,-8318,16,4.688772480
61,46,48,-8302,-8,4.689959904
61,47,15,-8308,22,4.691147328
61,48,-14,-8313,9,4.692334752
61,49,2,-8311,4,4.693522176
61,50,28,-8302,34,4.694709600
61,51,21,-8313,-16,4.695897024
61,52,11,-8291,15,4.697084448
61,53,24,-8305,12,4.698271872
61,54,12,-8275,6,4.699459296
61,55,14,-8326,9,4.700646720
61,56,-1,-8315,-3,4.701834144
61,57,-6,-8322,12,4.703021568
61,58,14,-8314,-6,4.704208992
61,59,12,-8299,18,4.705396416
61,60,-10,-8322,17,4.706583840
61,61,22,-8321,33,4.707771264
61,62,16,-8315,23,4.708958688
61,63,32,-8323,17,4.710146112
61,64,-3,-8297,8,4.711333536
62,1,-8,-8299,35,4.712520960
62,2,23,-8303,-10,4.713708384
62,3,20,-8285,0,4.714895808
62,4,-2,-8297,7,4.716083232
62,5,11,-8312,13,4.717270656
62,6,-29,-8297,8,4.718458080
62,7,-15,-8312,10,4.719645504
62,8,-1,-8316,22,4.720832928
62,9,-4,-8309,22,4.722020352
62,10,32,-8323,-6,4.723207776
62,11,4,-8325,1,4.724395200
62,12,-5,-8312,13,4.725582624
62,13,-2,-8315,21,4.726770048
62,14,-7,-8304,34,4.727957472
62,15,3,-8309,12,4.729144896
62,16,-1,-8293,18,4.730332320
62,17,-19,-8333,22,4.731519744
62,18,4,-8295,-1,4.732707168
62,19,24,-8294,9,4.733894592
62,20,8,-8321,-4,4.735082016
62,21,-2,-8308,-1,4.736269440
62,22,-13,-8307,2,4.737456864
62,23,17,-8293,35,4.738644288
62,24,3,-8276,5,4.739831712
62,25,29,-8295,19,4.741019136
62,26,8,-8296,-1,4.742206560
62,27,-2,-8308,12,4.743393984
62,28,-9,-8325,-4,4.744581408
62,29,-8,-8300,-6,4.745768832
62,30,8,-8293,12,4.746956256
62,31,-16,-8326,-11,4.748143680
62,32,20,-8317,31,4.749331104
62,33,-18,-8289,8,4.750518528
62,34,8,-8290,16,4.751705952
62,35,31,-8312,-14,4.752893376
62,36,32,-8285,13,4.754080800
62,37,-13,-8313,-18,4.755268224
62,38,-3,-8297,-28,4.756455648
62,39,-14,-8296,24,4.757643072
62,40,-8,-8317,17,4.758830496
62,41,5,-8291,23,4.760017920
62,42,3,-8308,24,4.761205344
62,43,-9,-8310,7,4.762392768
62,44,8,-8286,6,4.763580192
62,45,4,-8293,6,4.764767616
62,46,17,-8295,-20,4.765955040
62,47,8,-8295,0,4.767142464
62,48,33,-8309,2,4.768329888
62,49,26,-8280,20,4.769517312
62,50,-12,-8289,13,4.770704736
62,51,-8,-8314,0,4.771892160
62,52,-18,-8295,31,4.773079584
62,53,14,-8275,-5,4.774267008
62,54,23,-8303,48,4.775454432
62,55,7,-8320,4,4.776641856
62,56,18,-8304,20,4.777829280
62,57,21,-8299,11,4.779016704
62,58,12,-8312,9,4.780204128
62,59,11,-8312,-2,4.781391552
62,60,-13,-8321,12,4.782578976
62,61,-2,-8326,14,4.783766400
62,62,17,-8283,-10,4.784953824
62,63,7,-8317,28,4.786141248
62,64,18,-8303,-16,4.787328672
63,1,1,-8300,13,4.788516096
63,2,25,-8310,18,4.789703520
63,3,4,-8283,12,4.790890944
63,4,2,-8303,36,4.792078368
63,5,17,-8292,-15,4.793265792
63,6,-11,-8295,17,4.794453216
63,7,23,-8322,-3,4.795640640
63,8,4,-8301,7,4.796828064
63,9,-14,-8315,12,4.798015488
63,10,4,-8309,24,4.799202912
63,11,9,-8312,18,4.800390336
63,12,12,-8312,10,4.801577760
63,13,43,-8301,3,4.802765184
63,14,8,-8313,11,4.803952608
63,15,18,-8288,-10,4.805140032
63,16,21,-8300,0,4.806327456
63,17,-7,-8305,15,4.807514880
63,18,30,-8292,-4,4.808702304
63,19,6,-8296,5,4.809889728
63,20,11,-8301,-16,4.811077152
63,21,3,-8276,3,4.812264576
63,22,23,-8311,16,4.813452000
63,23,5,-8289,-6,4.814639424
63,24,-12,-8314,0,4.815826848
63,25,19,-8308,20,4.817014272
63,26,8,-8313,-3,4.818201696
63,27,-5,-8302,-6,4.819389120
63,28,17,-8310,-4,4.820576544
63,29,9,-8307,4,4.821763968
63,30,21,-8276,8,4.822951392
63,31,21,-8286,11,4.824138816
63,32,34,-8293,57,4.825326240
63,33,-4,-8309,16,4.826513664
63,34,26,-8300,39,4.827701088
63,35,2,-8312,12,4.828888512
63,36,20,-8307,27,4.830075936
63,37,10,-8317,22,4.831263360
63,38,20,-8291,-11,4.832450784
63,39,15,-8308,21,4.833638208
63,40,28,-8319,-12,4.834825632
63,41,22,-8328,11,4.836013056
63,42,14,-8321,-10,4.837200480
63,43,-8,-8325,3,4.838387904
63,44,2,-8329,7,4.839575328
63,45,35,-8306,-1,4.840762752
63,46,17,-8291,1,4.841950176
63,47,-4,-8310,18,4.843137600
63,48,39,-8334,15,4.844325024
63,49,13,-8309,-10,4.845512448
63,50,13,-8301,14,4.846699872
63,51,40,-8304,4,4.847887296
63,52,18,-8317,-7,4.849074720
63,53,22,-8301,25,4.850262144
63,54,21,-8294,12,4.851449568
63,55,21,-8300,21,4.852636992
63,56,46,-8311,10,4.853824416
63,57,34,-8317,25,4.855011840
63,58,29,-8311,2,4.856199264
63,59,12,-8310,5,4.857386688
63,60,18,-8308,10,4.858574112
63,61,18,-8304,-20,4.859761536
63,62,4,-8321,15,4.860948960
63,63,26,-8289,8,4.862136384
63,64,19,-8296,0,4.863323808
64,1,19,-8336,13,4.864511232
64,2,29,-8291,-14,4.865698656
64,3,24,-8307,2,4.866886080
64,4,18,-8304,1,4.868073504
64,5,5,-8287,-24,4.869260928
64,6,6,-8328,-10,4.870448352
64,7,23,-8296,23,4.871635776
64,8,19,-8289,19,4.872823200
64,9,32,-8285,14,4.874010624
64,10,11,-8261,16,4.875198048
64,11,-16,-8301,15,4.876385472
64,12,13,-8301,37,4.877572896
64,13,-7,-8315,-8,4.878760320
64,14,-5,-8278,28,4.879947744
64,15,20,-8272,-18,4.881135168
64,16,24,-8309,-1,4.882322592
64,17,13,-8305,5,4.883510016
64,18,3,-8317,15,4.884697440
64,19,5,-8336,45,4.885884864
64,20,33,-8299,-10,4.887072288
64,21,-5,-8292,23,4.888259712
64,22,0,-8327,-1,4.889447136
64,23,-19,-8306,2,4.890634560
64,24,13,-8303,16,4.891821984
64,25,24,-8295,14,4.893009408
64,26,-9,-8299,12,4.894196832
64,27,39,-8313,18,4.895384256
64,28,23,-8311,-5,4.896571680
64,29,-1,-8310,27,4.897759104
64,30,27,-8304,11,4.898946528
64,31,20,-8298,22,4.900133952
64,32,7,-8302,-4,4.901321376
64,33,20,-8289,-2,4.902508800
64,34,11,-8317,2,4.903696224
64,35,10,-8285,-8,4.904883648
64,36,4,-8307,-3,4.906071072
64,37,7,-8281,0,4.907258496
64,38,-4,-8292,10,4.908445920
64,39,2,-8285,10,4.909633344
64,40,-10,-8300,3,4.910820768
64,41,-3,-8318,24,4.912008192
64,42,-6,-8306,-17,4.913195616
64,43,2,-8307,11,4.914383040
64,44,21,-8321,0,4.915570464
64,45,18,-8337,23,4.916757888
64,46,3,-8309,26,4.917945312
64,47,29,-8289,24,4.919132736
64,48,15,-8311,-2,4.920320160
64,49,-26,-8296,13,4.921507584
64,50,21,-8323,12,4.922695008
64,51,18,-8299,-8,4.923882432
64,52,3,-8313,9,4.925069856
64,53,28,-8292,-8,4.926257280
64,54,13,-8293,29,4.927444704
64,55,12,-8309,31,4.928632128
64,56,-7,-8308,31,4.929819552
64,57,-14,-8302,9,4.931006976
64,58,25,-8316,16,4.932194400
64,59,25,-8302,-7,4.933381824
64,60,2,-8299,-3,4.934569248
64,61,16,-8293,13,4.935756672
64,62,8,-8308,3,4.936944096
64,63,3,-8295,-14,4.938131520
64,64,4,-8311,30,4.939318944
65,1,-7,-8312,17,4.940506368
65,2,-20,-8298,15,4.941693792
65,3,4,-8287,-2,4.942881216
65,4,11,-8292,7,4.944068640
65,5,3,-8302,0,4.945256064
65,6,39,-8312,27,4.946443488
65,7,33,-8300,0,4.947630912
65,8,-8,-8293,-2,4.948818336
65,9,-4,-8260,24,4.950005760
65,10,7,-8285,4,4.951193184
65,11,20,-8286,34,4.952380608
65,12,28,-8297,-8,4.953568032
65,13,6,-8301,7,4.954755456
65,14,4,-8319,-4,4.955942880
65,15,15,-8314,4,4.957130304
65,16,0,-8299,-9,4.958317728
65,17,20,-8298,7,4.959505152
65,18,11,-8282,33,4.960692576
65,19,7,-8281,13,4.961880000
65,20,-7,-8299,32,4.963067424
65,21,-9,-8301,-11,4.964254848
65,22,-4,-8316,-4,4.965442272
65,23,-10,-8313,12,4.966629696
65,24,12,-8300,-1,4.967817120
65,25,20,-8313,-3,4.969004544
65,26,19,-8323,15,4.970191968
65,27,34,-8299,4,4.971379392
65,28,0,-8310,14,4.972566816
65,29,-14,-8303,16,4.973754240
65,30,-5,-8297,29,4.974941664
65,31,11,-8312,-5,4.976129088
65,32,23,-8301,12,4.977316512
65,33,27,-8313,24,4.978503936
65,34,17,-8312,27,4.979691360
65,35,-14,-8299,20,4.980878784
65,36,20,-8285,24,4.982066208
65,37,24,-8303,26,4.983253632
65,38,-15,-8304,0,4.984441056
65,39,19,-8266,16,4.985628480
65,40,30,-8306,9,4.986815904
65,41,13,-8325,6,4.988003328
65,42,17,-8328,-11,4.989190752
65,43,22,-8324,31,4.990378176
65,44,5,-8320,-17,4.991565600
65,45,4,-8306,11,4.992753024
65,46,9,-8289,-5,4.993940448
65,47,0,-8302,18,4.995127872
65,48,28,-8300,19,4.996315296
65,49,3,-8316,-4,4.997502720
65,50,25,-8324,30,4.998690144
65,51,-10,-8307,6,4.999877568
65,52,30,-8321,15,5.001064992
65,53,20,-8313,-7,5.002252416
65,54,10,-8307,25,5.003439840
65,55,42,-8309,28,5.004627264
65,56,25,-8275,0,5.005814688
65,57,7,-8287,11,5.007002112
65,58,-2,-8306,-11,5.008189536
65,59,12,-8289,5,5.009376960
65,60,34,-8303,17,5.010564384
65,61,32,-8287,-4,5.011751808
65,62,17,-8316,10,5.012939232
65,63,38,-8315,21,5.014126656
65,64,-5,-8326,14,5.015314080
66,1,16,-8300,29,5.016501504
66,2,7,-8307,-10,5.017688928
66,3,13,-8289,2,5.018876352
66,4,13,-8314,5,5.020063776
66,5,26,-8296,4,5.021251200
66,6,26,-8320,20,5.022438624
66,7,38,-8281,28,5.023626048
66,8,-10,-8304,26,5.024813472
66,9,-5,-8286,2,5.026000896
66,10,19,-8298,-2,5.027188320
66,11,15,-8283,18,5.028375744
66,12,21,-8289,12,5.029563168
66,13,2,-8303,12,5.030750592
66,14,-14,-8296,30,5.031938016
66,15,-6,-8307,6,5.033125440
66,16,32,-8308,12,5.034312864
66,17,30,-8300,-9,5.035500288
66,18,16,-8291,5,5.036687712
66,19,32,-8295,12,5.037875136
66,20,10,-8289,5,5.039062560
66,21,-4,-8288,30,5.040249984
66,22,3,-8319,14,5.041437408
66,23,-30,-8288,9,5.042624832
66,24,20,-8310,-15,5.043812256
66,25,5,-8309,13,5.044999680
66,26,7,-8318,-4,5.046187104
66,27,0,-8293,10,5.047374528
66,28,6,-8305,17,5.048561952
66,29,24,-8302,50,5.049749376
66,30,28,-8306,22,5.050936800
66,31,-10,-8335,0,5.052124224
66,32,20,-8298,1,5.053311648
66,33,19,-8292,2,5.054499072
66,34,-3,-8306,25,5.055686496
66,35,8,-8291,3,5.056873920
66,36,-9,-8312,9,5.058061344
66,37,1,-8291,6,5.059248768
66,38,25,-8298,-7,5.060436192
66,39,8,-8308,19,5.061623616
66,40,11,-8297,12,5.062811040
66,41,29,-8302,12,5.063998464
66,42,23,-8285,-2,5.065185888
66,43,7,-8319,14,5.066373312
66,44,-1,-8311,27,5.067560736
66,45,11,-8302,41,5.068748160
66,46,-14,-8316,5,5.069935584
66,47,23,-8306,15,5.071123008
66,48,15,-8291,-3,5.072310432
66,49,-26,-8302,33,5.073497856
66,50,20,-8316,4,5.074685280
66,51,-15,-8321,24,5.075872704
66,52,4,-8303,38,5.077060128
66,53,-8,-8303,9,5.078247552
66,54,2,-8310,13,5.079434976
66,55,12,-8308,2,5.080622400
66,56,15,-8289,13,5.081809824
66,57,19,-8304,12,5.082997248
66,58,24,-8298,2,5.084184672
66,59,-13,-8292,9,5.085372096
66,60,-33,-8303,4,5.086559520
66,61,1,-8264,-1,5.087746944
66,62,1,-8306,11,5.088934368
66,63,26,-8300,17,5.090121792
66,64,15,-8295,11,5.091309216
67,1,15,-8301,7,5.092496640
67,2,-3,-8316,9,5.093684064
67,3,4,-8307,16,5.094871488
67,4,41,-8287,-6,5.096058912
67,5,15,-8309,-4,5.097246336
67,6,32,-8292,-2,5.098433760
67,7,21,-8295,-27,5.099621184
67,8,9,-8323,37,5.100808608
67,9,-1,-8327,1,5.101996032
67,10,21,-8295,18,5.103183456
67,11,9,-8307,17,5.104370880
67,12,-27,-8300,-25,5.105558304
67,13,1,-8298,39,5.106745728
67,14,-8,-8304,-16,5.107933152
67,15,31,-8293,38,5.109120576
67,16,-3,-8309,-22,5.110308000
67,17,-1,-8326,26,5.111495424
67,18,-6,-8328,15,5.112682848
67,19,14,-8300,-3,5.113870272
67,20,-5,-8306,28,5.115057696
67,21,-1,-8273,2,5.116245120
67,22,9,-8319,25,5.117432544
67,23,3,-8321,-14,5.118619968
67,24,-13,-8307,9,5.119807392
67,25,8,-8301,-10,5.120994816
67,26,7,-8298,-5,5.122182240
67,27,6,-8289,28,5.123369664
67,28,6,-8288,-12,5.124557088
67,29,13,-8319,10,5.125744512
67,30,2,-8303,-1,5.126931936
67,31,12,-8309,17,5.128119360
67,32,-5,-8286,16,5.129306784
67,33,-1,-8309,23,5.130494208
67,34,12,-8298,-6,5.131681632
67,35,-4,-8287,26,5.132869056
67,36,29,-8321,10,5.134056480
67,37,23,-8302,-15,5.135243904
67,38,22,-8308,20,5.136431328
67,39,13,-8301,-14,5.137618752
67,40,15,-8306,10,5.138806176
67,41,-19,-8292,-8,5.139993600
67,42,3,-8293,2,5.141181024
67,43,-1,-8329,3,5.142368448
67,44,17,-8317,0,5.143555872
67,45,7,-8302,22,5.144743296
67,46,8,-8274,9,5.145930720
67,47,-17,-8297,18,5.147118144
67,48,19,-8301,7,5.148305568
67,49,24,-8303,29,5.149492992
67,50,4,-8282,-24,5.150680416
67,51,12,-8288,25,5.151867840
67,52,1,-8321,0,5.153055264
67,53,1,-8311,-20,5.154242688
67,54,11,-8307,21,5.155430112
67,55,34,-8304,35,5.156617536
67,56,-8,-8282,32,5.157804960
67,57,18,-8296,24,5.158992384
67,58,-7,-8299,11,5.160179808
67,59,3,-8292,-6,5.161367232
67,60,13,-8311,20,5.162554656
67,61,9,-8299,5,5.163742080
67,62,14,-8316,35,5.164929504
67,63,3,-8307,-4,5.166116928
67,64,18,-8294,37,5.167304352
68,1,37,-8297,14,5.168491776
68,2,40,-8290,5,5.169679200
68,3,2,-8312,0,5.170866624
68,4,12,-8301,-8,5.172054048
68,5,10,-8305,5,5.173241472
68,6,-12,-8273,-2,5.174428896
68,7,25,-8293,3,5.175616320
68,8,16,-8315,5,5.176803744
68,9,34,-8318,17,5.177991168
68,10,8,-8300,12,5.179178592
68,11,1,-8306,1,5.180366016
68,12,13,-8322,23,5.181553440
68,13,-12,-8301,-5,5.182740864
68,14,4,-8300,-12,5.183928288
68,15,17,-8306,35,5.185115712
68,16,9,-8292,15,5.186303136
68,17,9,-8306,5,5.187490560
68,18,25,-8325,-3,5.188677984
68,19,-17,-8302,3,5.189865408
68,20,-10,-8305,12,5.191052832
68,21,30,-8311,9,5.192240256
68,22,16,-8286,17,5.193427680
68,23,17,-8314,-9,5.194615104
68,24,6,-8321,14,5.195802528
68,25,6,-8296,3,5.196989952
68,26,8,-8304,4,5.198177376
68,27,0,-8298,0,5.199364800
68,28,17,-8316,13,5.200552224
68,29,23,-8292,25,5.201739648
68,30,22,-8298,7,5.202927072
68,31,46,-8314,32,5.204114496
68,32,46,-8321,22,5.205301920
68,33,23,-8303,-3,5.206489344
68,34,25,-8317,8,5.207676768
68,35,-2,-8287,19,5.208864192
68,36,14,-8295,3,5.210051616
68,37,-1,-8292,11,5.211239040
68,38,-16,-8300,2,5.212426464
68,39,4,-8302,1,5.213613888
68,40,8,-8297,12,5.214801312
68,41,17,-8305,21,5.215988736
68,42,5,-8311,7,5.217176160
68,43,41,-8307,7,5.218363584
68,44,23,-8308,22,5.219551008
68,45,38,-8313,-8,5.220738432
68,46,31,-8317,26,5.221925856
68,47,8,-8298,-18,5.223113280
68,48,12,-8296,-5,5.224300704
68,49,51,-8291,-19,5.225488128
68,50,25,-8291,5,5.226675552
68,51,10,-8299,29,5.227862976
68,52,24,-8306,10,5.229050400
68,53,43,-8290,11,5.230237824
68,54,24,-8323,5,5.231425248
68,55,21,-8297,-4,5.232612672
68,56,14,-8299,8,5.233800096
68,57,21,-8270,3,5.234987520
68,58,41,-8301,19,5.236174944
68,59,23,-8321,19,5.237362368
68,60,41,-8306,17,5.238549792
68,61,28,-8308,11,5.239737216
68,62,26,-8285,-9,5.240924640
68,63,5,-8289,14,5.242112064
68,64,11,-8331,29,5.243299488
69,1,30,-8295,21,5.244486912
69,2,-4,-8314,55,5.245674336
69,3,1,-8318,14,5.246861760
69,4,31,-8325,14,5.248049184
69,5,4,-8325,-2,5.249236608
69,6,44,-8309,15,5.250424032
69,7,16,-8314,1,5.251611456
69,8,32,-8322,23,5.252798880
69,9,47,-8317,18,5.253986304
69,10,15,-8310,40,5.255173728
69,11,10,-8308,6,5.256361152
69,12,-7,-8314,-2,5.257548576
69,13,5,-8302,2,5.258736000
69,14,-3,-8286,11,5.259923424
69,15,-16,-8295,22,5.261110848
69,16,28,-8322,-13,5.262298272
69,17,3,-8295,25,5.263485696
69,18,9,-8285,13,5.264673120
69,19,-5,-8296,9,5.265860544
69,20,-6,-8312,20,5.267047968
69,21,20,-8298,-8,5.268235392
69,22,10,-8324,4,5.269422816
69,23,0,-8290,-1,5.270610240
69,24,-2,-8304,8,5.271797664
69,25,0,-8327,40,5.272985088
69,26,19,-8307,18,5.274172512
69,27,-1,-8315,-4,5.275359936
69,28,-7,-8282,12,5.276547360
69,29,19,-8302,25,5.277734784
69,30,7,-8293,2,5.278922208
69,31,-9,-8295,2,5.280109632
69,32,39,-8331,-10,5.281297056
69,33,-11,-8318,-5,5.282484480
69,34,-9,-8292,-6,5.283671904
69,35,-14,-8301,-5,5.284859328
69,36,12,-8305,40,5.286046752
69,37,-6,-8307,17,5.287234176
69,38,-1,-8294,27,5.288421600
69,39,23,-8308,1,5.289609024
69,40,1,-8318,16,5.290796448
69,41,28,-8304,-16,5.291983872
69,42,11,-8325,9,5.293171296
69,43,-8,-8303,5,5.294358720
69,44,4,-8297,5,5.295546144
69,45,-30,-8315,24,5.296733568
69,46,-11,-8300,21,5.297920992
69,47,-9,-8285,15,5.299108416
69,48,12,-8301,19,5.300295840
69,49,19,-8283,-1,5.301483264
69,50,-14,-8304,1,5.302670688
69,51,1,-8276,41,5.303858112
69,52,-10,-8304,5,5.305045536
69,53,-12,-8300,23,5.306232960
69,54,-1,-8295,-9,5.307420384
69,55,-27,-8321,14,5.308607808
69,56,-27,-8304,6,5.309795232
69,57,2,-8311,-18,5.310982656
69,58,7,-8314,5,5.312170080
69,59,5,-8275,14,5.313357504
69,60,-2,-8287,29,5.314544928
69,61,24,-8306,8,5.315732352
69,62,3,-8298,9,5.316919776
69,63,11,-8289,-12,5.318107200
69,64,0,-8314,-16,5.319294624
70,1,-10,-8319,4,5.320482048
70,2,1,-8311,21,5.321669472
70,3,-1,-8297,-1,5.322856896
70,4,11,-8292,7,5.324044320
70,5,18,-8306,-10,5.325231744
70,6,16,-8315,-5,5.326419168
70,7,6,-8293,24,5.327606592
70,8,3,-8288,11,5.328794016
70,9,11,-8300,21,5.329981440
70,10,28,-8310,-6,5.331168864
70,11,0,-8318,22,5.332356288
70,12,-3,-8290,-6,5.333543712
70,13,24,-8302,12,5.334731136
70,14,16,-8305,23,5.335918560
70,15,17,-8305,24,5.337105984
70,16,-3,-8288,33,5.338293408
70,17,-6,-8289,-2,5.339480832
70,18,7,-8297,14,5.340668256
70,19,-5,-8328,15,5.341855680
70,20,14,-8336,-15,5.343043104
70,21,10,-8316,5,5.344230528
70,22,-4,-8289,-7,5.345417952
70,23,1,-8294,2,5.346605376
70,24,-24,-8291,-10,5.347792800
70,25,13,-8301,8,5.348980224
70,26,14,-8289,13,5.350167648
70,27,17,-8273,5,5.351355072
70,28,8,-8300,0,5.352542496
70,29,9,-8300,2,5.353729920
70,30,26,-8321,12,5.354917344
70,31,-7,-8321,4,5.356104768
70,32,8,-8302,-6,5.357292192
70,33,-10,-8314,23,5.358479616
70,34,7,-8311,3,5.359667040
70,35,5,-8273,25,5.360854464
70,36,-16,-8314,17,5.362041888
70,37,2,-8278,-8,5.363229312
70,38,14,-8298,20,5.364416736
70,39,-11,-8295,4,5.365604160
70,40,-6,-8297,7,5.366791584
70,41,19,-8303,33,5.367979008
70,42,30,-8303,25,5.369166432
70,43,25,-8309,-1,5.370353856
70,44,6,-8277,16,5.371541280
70,45,35,-8332,-7,5.372728704
70,46,-20,-8315,25,5.373916128
70,47,22,-8310,15,5.375103552
70,48,22,-8287,-10,5.376290976
70,49,23,-8309,9,5.377478400
70,50,39,-8312,-15,5.378665824
70,51,15,-8327,24,5.379853248
70,52,0,-8320,18,5.381040672
70,53,10,-8303,-2,5.382228096
70,54,14,-8329,20,5.383415520
70,55,19,-8320,-1,5.384602944
70,56,22,-8326,24,5.385790368
70,57,37,-8283,-10,5.386977792
70,58,29,-8299,-4,5.388165216
70,59,49,-8312,27,5.389352640
70,60,15,-8301,-7,5.390540064
70,61,21,-8282,37,5.391727488
70,62,0,-8302,-11,5.392914912
70,63,7,-8317,20,5.394102336
70,64,33,-8296,-10,5.395289760
71,1,18,-8304,-7,5.396477184
71,2,42,-8314,29,5.397664608
71,3,42,-8280,8,5.398852032
71,4,13,-8309,29,5.400039456
71,5,6,-8302,-8,5.401226880
71,6,31,-8316,31,5.402414304
71,7,19,-8306,-12,5.403601728
71,8,3,-8291,9,5.404789152
71,9,25,-8315,7,5.405976576
71,10,10,-8279,29,5.407164000
71,11,10,-8271,-2,5.408351424
71,12,-26,-8301,12,5.409538848
71,13,41,-8293,-8,5.410726272
71,14,21,-8275,-11,5.411913696
71,15,8,-8303,13,5.413101120
71,16,13,-8291,12,5.414288544
71,17,5,-8319,41,5.415475968
71,18,16,-8312,21,5.416663392
71,19,20,-8328,15,5.417850816
71,20,-3,-8307,9,5.419038240
71,21,22,-8286,-20,5.420225664
71,22,21,-8298,-3,5.421413088
71,23,27,-8300,26,5.422600512
71,24,26,-8309,-6,5.423787936
71,25,12,-8317,18,5.424975360
71,26,3,-8295,-20,5.426162784
71,27,-9,-8322,11,5.427350208
71,28,9,-8299,18,5.428537632
71,29,23,-8302,-6,5.429725056
71,30,16,-8293,1,5.430912480
71,31,8,-8287,17,5.432099904
71,32,3,-8297,16,5.433287328
71,33,5,-8330,33,5.434474752
71,34,16,-8326,20,5.435662176
71,35,11,-8313,11,5.436849600
71,36,7,-8311,-14,5.438037024
71,37,5,-8314,8,5.439224448
71,38,18,-8300,10,5.440411872
71,39,2,-8334,20,5.441599296
71,40,-12,-8328,14,5.442786720
71,41,22,-8305,-4,5.443974144
71,42,-3,-8303,17,5.445161568
71,43,20,-8317,13,5.446348992
71,44,19,-8308,12,5.447536416
71,45,15,-8300,-1,5.448723840
71,46,29,-8312,-1,5.449911264
71,47,16,-8337,8,5.451098688
71,48,2,-8333,38,5.452286112
71,49,21,-8295,11,5.453473536
71,50,-13,-8300,8,5.454660960
71,51,-4,-8296,13,5.455848384
71,52,-6,-8300,2,5.457035808
71,53,31,-8296,41,5.458223232
71,54,28,-8281,-7,5.459410656
71,55,7,-8315,14,5.460598080
71,56,17,-8308,-11,5.461785504
71,57,11,-8293,3,5.462972928
71,58,28,-8307,20,5.464160352
71,59,37,-8296,3,5.465347776
71,60,23,-8333,29,5.466535200
71,61,15,-8313,7,5.467722624
71,62,36,-8332,-4,5.468910048
71,63,12,-8333,-11,5.470097472
71,64,18,-8313,-6,5.471284896
72,1,3,-8295,12,5.472472320
72,2,10,-8309,20,5.473659744
72,3,33,-8312,31,5.474847168
72,4,30,-8312,11,5.476034592
72,5,8,-8307,5,5.477222016
72,6,-38,-8333,18,5.478409440
72,7,4,-8310,-4,5.479596864
72,8,-2,-8303,7,5.480784288
72,9,3,-8321,5,5.481971712
72,10,-8,-8305,-12,5.483159136
72,11,7,-8303,24,5.484346560
72,12,25,-8298,9,5.485533984
72,13,18,-8293,-17,5.486721408
72,14,6,-8316,21,5.487908832
72,15,-8,-8307,0,5.489096256
72,16,37,-8313,17,5.490283680
72,17,32,-8315,38,5.491471104
72,18,22,-8316,22,5.492658528
72,19,1,-8312,27,5.493845952
72,20,3,-8300,15,5.495033376
72,21,19,-8315,-2,5.496220800
72,22,18,-8318,9,5.497408224
72,23,3,-8315,14,5.498595648
72,24,-6,-8298,16,5.499783072
72,25,-9,-8297,-6,5.500970496
72,26,26,-8294,10,5.502157920
72,27,-7,-8328,29,5.503345344
72,28,-12,-8307,24,5.504532768
72,29,-2,-8303,31,5.505720192
72,30,-24,-8322,14,5.506907616
72,31,-14,-8329,22,5.508095040
72,32,35,-8309,-18,5.509282464
72,33,-2,-8325,3,5.510469888
72,34,-8,-8299,-5,5.511657312
72,35,-8,-8327,-5,5.512844736
72,36,-13,-8305,0,5.514032160
72,37,10,-8327,4,5.515219584
72,38,5,-8328,8,5.516407008
72,39,28,-8303,16,5.517594432
72,40,3,-8313,-3,5.518781856
72,41,7,-8349,6,5.519969280
72,42,-9,-8292,14,5.521156704
72,43,16,-8310,-16,5.522344128
72,44,6,-8292,9,5.523531552
72,45,25,-8327,4,5.524718976
72,46,15,-8302,26,5.525906400
72,47,-5,-8328,-8,5.527093824
72,48,29,-8307,15,5.528281248
72,49,16,-8292,12,5.529468672
72,50,6,-8293,31,5.530656096
72,51,37,-8310,-5,5.531843520
72,52,-10,-8283,8,5.533030944
72,53,25,-8285,17,5.534218368
72,54,34,-8283,15,5.535405792
72,55,2,-8281,3,5.536593216
72,56,3,-8299,-4,5.537780640
72,57,-9,-8279,3,5.538968064
72,58,-2,-8300,-16,5.540155488
72,59,9,-8284,39,5.541342912
72,60,14,-8281,-11,5.542530336
72,61,34,-8297,23,5.543717760
72,62,30,-8319,7,5.544905184
72,63,10,-8291,-1,5.546092608
72,64,-2,-8294,13,5.547280032
73,1,-4,-8298,9,5.548467456
73,2,5,-8321,24,5.549654880
73,3,20,-8296,4,5.550842304
73,4,32,-8320,28,5.552029728
73,5,4,-8304,15,5.553217152
73,6,32,-8301,8,5.554404576
73,7,4,-8304,-1,5.555592000
73,8,24,-8299,-13,5.556779424
73,9,0,-8315,-2,5.557966848
73,10,7,-8311,-2,5.559154272
73,11,5,-8303,7,5.560341696
73,12,52,-8334,9,5.561529120
73,13,50,-8306,-5,5.562716544
73,14,27,-8296,-4,5.563903968
73,15,1,-8299,12,5.565091392
73,16,-3,-8317,13,5.566278816
73,17,-7,-8311,29,5.567466240
73,18,-16,-8319,-28,5.568653664
73,19,19,-8303,29,5.569841088
73,20,19,-8297,-13,5.571028512
73,21,22,-8304,14,5.572215936
73,22,30,-8308,-8,5.573403360
73,23,0,-8300,-9,5.574590784
73,24,24,-8339,25,5.575778208
73,25,14,-8297,-4,5.576965632
73,26,28,-8290,14,5.578153056
73,27,4,-8301,16,5.579340480
73,28,-6,-8298,-10,5.580527904
73,29,-20,-8310,4,5.581715328
73,30,17,-8313,10,5.582902752
73,31,-5,-8307,0,5.584090176
73,32,-8,-8297,10,5.585277600
73,33,28,-8285,-2,5.586465024
73,34,22,-8288,8,5.587652448
73,35,15,-8283,6,5.588839872
73,36,10,-8311,2,5.590027296
73,37,15,-8321,10,5.591214720
73,38,23,-8305,11,5.592402144
73,39,23,-8307,20,5.593589568
73,40,-3,-8295,8,5.594776992
73,41,31,-8289,-7,5.595964416
73,42,20,-8314,-1,5.597151840
73,43,10,-8304,19,5.598339264
73,44,0,-8305,18,5.599526688
73,45,-5,-8296,18,5.600714112
73,46,38,-8299,-18,5.601901536
73,47,-19,-8303,8,5.603088960
73,48,-7,-8324,-13,5.604276384
73,49,11,-8275,5,5.605463808
73,50,36,-8304,25,5.606651232
73,51,15,-8299,30,5.607838656
73,52,1,-8297,31,5.609026080
73,53,-4,-8303,19,5.610213504
73,54,9,-8318,6,5.611400928
73,55,6,-8326,-2,5.612588352
73,56,25,-8298,-6,5.613775776
73,57,-4,-8323,32,5.614963200
73,58,13,-8294,-10,5.616150624
73,59,25,-8294,13,5.617338048
73,60,19,-8290,14,5.618525472
73,61,20,-8301,14,5.619712896
73,62,-2,-8307,5,5.620900320
73,63,8,-8300,4,5.622087744
73,64,32,-8314,3,5.623275168
74,1,22,-8315,20,5.624462592
74,2,15,-8307,-7,5.625650016
74,3,7,-8318,8,5.626837440
74,4,24,-8293,9,5.628024864
74,5,23,-8311,7,5.629212288
74,6,-3,-8307,49,5.630399712
74,7,8,-8324,-6,5.631587136
74,8,-9,-8317,16,5.632774560
74,9,-13,-8319,14,5.633961984
74,10,1,-8307,-4,5.635149408
74,11,-13,-8316,36,5.636336832
74,12,14,-8295,6,5.637524256
74,13,4,-8312,26,5.638711680
74,14,-7,-8312,17,5.639899104
74,15,-7,-8310,19,5.641086528
74,16,15,-8306,-10,5.642273952
74,17,-9,-8325,24,5.643461376
74,18,12,-8302,9,5.644648800
74,19,6,-8301,13,5.645836224
74,20,13,-8314,6,5.647023648
74,21,-6,-8311,28,5.648211072
74,22,24,-8331,6,5.649398496
74,23,18,-8322,21,5.650585920
74,24,-1,-8315,2,5.651773344
74,25,-1,-8331,5,5.652960768
74,26,8,-8296,29,5.654148192
74,27,11,-8307,-19,5.655335616
74,28,6,-8305,3,5.656523040
74,29,-11,-8318,10,5.657710464
74,30,13,-8316,27,5.658897888
74,31,-6,-8287,22,5.660085312
74,32,19,-8302,-12,5.661272736
74,33,14,-8292,12,5.662460160
74,34,-16,-8295,5,5.663647584
74,35,17,-8325,37,5.664835008
74,36,16,-8303,8,5.666022432
74,37,4,-8295,18,5.667209856
74,38,1,-8305,3,5.668397280
74,39,-25,-8292,11,5.669584704
74,40,-12,-8277,8,5.670772128
74,41,-6,-8288,-2,5.671959552
74,42,-13,-8301,5,5.673146976
74,43,27,-8309,26,5.674334400
74,44,-7,-8309,13,5.675521824
74,45,-4,-8315,2,5.676709248
74,46,-28,-8311,1,5.677896672
74,47,-10,-8333,8,5.679084096
74,48,18,-8311,20,5.680271520
74,49,15,-8312,8,5.681458944
74,50,34,-8309,26,5.682646368
74,51,-9,-8305,7,5.683833792
74,52,-24,-8327,-4,5.685021216
74,53,-9,-8319,-1,5.686208640
74,54,-5,-8297,8,5.687396064
74,55,15,-8276,-3,5.688583488
74,56,5,-8295,11,5.689770912
74,57,-2,-8310,1,5.690958336
74,58,6,-8303,13,5.692145760
74,59,0,-8312,2,5.693333184
74,60,-1,-8324,5,5.694520608
74,61,11,-8310,15,5.695708032
74,62,0,-8298,29,5.696895456
74,63,0,-8296,24,5.698082880
74,64,-8,-8313,-10,5.699270304
75,1,-5,-8314,10,5.700457728
75,2,10,-8289,-15,5.701645152
75,3,-12,-8288,4,5.702832576
75,4,7,-8316,6,5.704020000
75,5,12,-8316,8,5.705207424
75,6,16,-8338,25,5.706394848
75,7,36,-8314,13,5.707582272
75,8,2,-8319,29,5.708769696
75,9,-1,-8321,-6,5.709957120
75,10,4,-8299,22,5.711144544
75,11,31,-8301,9,5.712331968
75,12,0,-8287,9,5.713519392
75,13,28,-8326,21,5.714706816
75,14,14,-8279,11,5.715894240
75,15,-26,-8312,-10,5.717081664
75,16,13,-8325,0,5.718269088
75,17,13,-8311,9,5.719456512
75,18,26,-8318,0,5.720643936
75,19,8,-8313,19,5.721831360
75,20,9,-8314,2,5.723018784
75,21,-24,-8295,-1,5.724206208
75,22,8,-8318,22,5.725393632
75,23,48,-8301,-8,5.726581056
75,24,19,-8296,12,5.727768480
75,25,37,-8321,30,5.728955904
75,26,24,-8311,1,5.730143328
75,27,18,-8321,-4,5.731330752
75,28,18,-8307,28,5.732518176
75,29,26,-8329,-16,5.733705600
75,30,36,-8288,11,5.734893024
75,31,26,-8313,-24,5.736080448
75,32,22,-8301,13,5.737267872
75,33,35,-8293,-2,5.738455296
75,34,-5,-8305,-3,5.739642720
75,35,27,-8307,17,5.740830144
75,36,27,-8279,5,5.742017568
75,37,38,-8297,6,5.743204992
75,38,21,-8309,9,5.744392416
75,39,9,-8298,-4,5.745579840
75,40,41,-8293,18,5.746767264
75,41,26,-8311,-1,5.747954688
75,42,40,-8300,15,5.749142112
75,43,43,-8282,26,5.750329536
75,44,20,-8322,-1,5.751516960
75,45,35,-8307,1,5.752704384
75,46,57,-8308,-12,5.753891808
75,47,16,-8302,-2,5.755079232
75,48,42,-8294,11,5.756266656
75,49,50,-8308,-8,5.757454080
75,50,26,-8325,19,5.758641504
75,51,17,-8325,-3,5.759828928
75,52,32,-8324,14,5.761016352
75,53,14,-8303,2,5.762203776
75,54,13,-8311,10,5.763391200
75,55,16,-8296,8,5.764578624
75,56,23,-8306,-13,5.765766048
75,57,16,-8324,14,5.766953472
75,58,-10,-8303,-3,5.768140896
75,59,16,-8296,4,5.769328320
75,60,41,-8331,-10,5.770515744
75,61,28,-8297,15,5.771703168
75,62,19,-8307,10,5.772890592
75,63,26,-8306,-10,5.774078016
75,64,8,-8316,8,5.775265440
76,1,28,-8323,7,5.776452864
76,2,16,-8326,7,5.777640288
76,3,10,-8311,22,5.778827712
76,4,39,-8271,24,5.780015136
76,5,31,-8300,21,5.781202560
76,6,26,-8296,18,5.782389984
76,7,4,-8287,6,5.783577408
76,8,-14,-8286,34,5.784764832
76,9,40,-8313,-6,5.785952256
76,10,35,-8335,13,5.787139680
76,11,39,-8311,11,5.788327104
76,12,0,-8314,12,5.789514528
76,13,-1,-8293,42,5.790701952
76,14,22,-8318,-6,5.791889376
76,15,7,-8325,13,5.793076800
76,16,25,-8294,13,5.794264224
76,17,58,-8274,13,5.795451648
76,18,13,-8287,-1,5.796639072
76,19,32,-8301,7,5.797826496
76,20,41,-8290,2,5.799013920
76,21,16,-8333,36,5.800201344
76,22,23,-8307,-21,5.801388768
76,23,19,-8309,31,5.802576192
76,24,6,-8308,6,5.803763616
76,25,-21,-8325,-1,5.804951040
76,26,18,-8322,11,5.806138464
76,27,43,-8317,5,5.807325888
76,28,17,-8334,27,5.808513312
76,29,21,-8284,8,5.809700736
76,30,0,-8320,25,5.810888160
76,31,-13,-8283,30,5.812075584
76,32,3,-8295,18,5.813263008
76,33,-3,-8293,24,5.814450432
76,34,32,-8329,27,5.815637856
76,35,-2,-8320,21,5.816825280
76,36,-25,-8332,11,5.818012704
76,37,15,-8301,-3,5.819200128
76,38,-22,-8298,21,5.820387552
76,39,-12,-8314,17,5.821574976
76,40,-17,-8310,1,5.822762400
76,41,-1,-8317,11,5.823949824
76,42,-10,-8306,10,5.825137248
76,43,-21,-8290,13,5.826324672
76,44,13,-8286,2,5.827512096
76,45,-20,-8314,7,5.828699520
76,46,-3,-8303,7,5.829886944
76,47,12,-8287,1,5.831074368
76,48,-27,-8308,18,5.832261792
76,49,-10,-8322,15,5.833449216
76,50,-13,-8305,9,5.834636640
76,51,-19,-8295,-23,5.835824064
76,52,5,-8279,-10,5.837011488
76,53,-10,-8293,-6,5.838198912
76,54,6,-8309,-10,5.839386336
76,55,4,-8316,5,5.840573760
76,56,-5,-8279,0,5.841761184
76,57,6,-8311,22,5.842948608
76,58,-7,-8306,4,5.844136032
76,59,-14,-8309,4,5.845323456
76,60,-1,-8311,-4,5.846510880
76,61,-10,-8305,-1,5.847698304
76,62,-8,-8290,15,5.848885728
76,63,-11,-8289,32,5.850073152
76,64,2,-8303,17,5.851260576
77,1,-34,-8304,9,5.852448000
77,2,4,-8294,20,5.853635424
77,3,6,-8297,-12,5.854822848
77,4,17,-8294,0,5.856010272
77,5,15,-8293,1,5.857197696
77,6,5,-8309,-5,5.858385120
77,7,-15,-8308,14,5.859572544
77,8,-22,-8294,25,5.860759968
77,9,4,-8322,-6,5.861947392
77,10,-36,-8329,-2,5.863134816
77,11,-19,-8308,-17,5.864322240
77,12,-12,-8302,6,5.865509664
77,13,8,-8308,-2,5.866697088
77,14,-4,-8313,17,5.867884512
77,15,4,-8325,3,5.869071936
77,16,-33,-8317,7,5.870259360
77,17,-22,-8290,-13,5.871446784
77,18,2,-8310,5,5.872634208
77,19,-7,-8305,-19,5.873821632
77,20,-9,-8286,5,5.875009056
77,21,23,-8297,16,5.876196480
77,22,-6,-8293,2,5.877383904
77,23,5,-8304,10,5.878571328
77,24,-4,-8318,-4,5.879758752
77,25,-24,-8326,27,5.880946176
77,26,-6,-8300,8,5.882133600
77,27,4,-8291,17,5.883321024
77,28,18,-8296,14,5.884508448
77,29,-11,-8297,26,5.885695872
77,30,-13,-8323,-5,5.886883296
77,31,-3,-8299,2,5.888070720
77,32,-17,-8304,12,5.889258144
77,33,2,-8288,-21,5.890445568
77,34,17,-8299,14,5.891632992
77,35,11,-8294,26,5.892820416
77,36,-5,-8285,18,5.894007840
77,37,-5,-8331,6,5.895195264
77,38,14,-8312,-3,5.896382688
77,39,20,-8300,-8,5.897570112
77,40,26,-8300,16,5.898757536
77,41,21,-8288,-29,5.899944960
77,42,9,-8278,16,5.901132384
77,43,36,-8296,-22,5.902319808
77,44,21,-8333,36,5.903507232
77,45,20,-8294,2,5.904694656
77,46,-2,-8298,27,5.905882080
77,47,-4,-8290,0,5.907069504
77,48,37,-8294,2,5.908256928
77,49,8,-8301,7,5.909444352
77,50,21,-8302,1,5.910631776
77,51,34,-8319,16,5.911819200
77,52,15,-8315,13,5.913006624
77,53,4,-8308,32,5.914194048
77,54,15,-8289,-8,5.915381472
77,55,26,-8307,5,5.916568896
77,56,11,-8298,10,5.917756320
77,57,22,-8297,0,5.918943744
77,58,23,-8306,-5,5.920131168
77,59,28,-8337,-18,5.921318592
77,60,-16,-8324,13,5.922506016
77,61,4,-8307,-20,5.923693440
77,62,22,-8299,18,5.924880864
77,63,47,-8299,5,5.926068288
77,64,14,-8295,21,5.927255712
78,1,11,-8293,18,5.928443136
78,2,13,-8307,-2,5.929630560
78,3,30,-8298,16,5.930817984
78,4,-3,-8293,-19,5.932005408
78,5,13,-8316,33,5.933192832
78,6,25,-8316,5,5.934380256
78,7,38,-8296,42,5.935567680
78,8,33,-8303,3,5.936755104
78,9,-5,-8305,4,5.937942528
78,10,27,-8304,13,5.939129952
78,11,35,-8299,9,5.940317376
78,12,29,-8279,-12,5.941504800
78,13,13,-8286,24,5.942692224
78,14,38,-8292,29,5.943879648
78,15,26,-8292,35,5.945067072
78,16,12,-8284,9,5.946254496
78,17,0,-8318,4,5.947441920
78,18,22,-8286,27,5.948629344
78,19,26,-8296,10,5.949816768
78,20,22,-8288,9,5.951004192
78,21,19,-8284,29,5.952191616
78,22,30,-8317,-19,5.953379040
78,23,26,-8300,17,5.954566464
78,24,-12,-8317,-3,5.955753888
78,25,-11,-8301,8,5.956941312
78,26,11,-8296,8,5.958128736
78,27,-4,-8292,-5,5.959316160
78,28,15,-8293,32,5.960503584
78,29,34,-8318,21,5.961691008
78,30,23,-8298,17,5.962878432
78,31,25,-8300,1,5.964065856
78,32,0,-8306,19,5.965253280
78,33,12,-8327,25,5.966440704
78,34,13,-8331,-4,5.967628128
78,35,21,-8323,-1,5.968815552
78,36,20,-8300,10,5.970002976
78,37,27,-8296,16,5.971190400
78,38,12,-8320,2,5.972377824
78,39,31,-8318,23,5.973565248
78,40,17,-8325,10,5.974752672
78,41,19,-8319,48,5.975940096
78,42,32,-8317,22,5.977127520
78,43,17,-8331,35,5.978314944
78,44,29,-8300,-13,5.979502368
78,45,24,-8318,26,5.980689792
78,46,20,-8302,10,5.981877216
78,47,1,-8305,13,5.983064640
78,48,23,-8309,37,5.984252064
78,49,10,-8304,-32,5.985439488
78,50,44,-8300,11,5.986626912
78,51,18,-8319,21,5.987814336
78,52,-12,-8304,24,5.989001760
78,53,29,-8309,16,5.990189184
78,54,4,-8323,12,5.991376608
78,55,2,-8328,25,5.992564032
78,56,12,-8300,17,5.993751456
78,57,-9,-8277,0,5.994938880
78,58,20,-8307,-8,5.996126304
78,59,14,-8308,22,5.997313728
78,60,19,-8314,4,5.998501152
78,61,-5,-8312,4,5.999688576
78,62,3,-8301,5,6.000876000
78,63,-9,-8299,7,6.002063424
78,64,19,-8301,21,6.003250848
79,1,27,-8287,16,6.004438272
79,2,14,-8295,16,6.005625696
79,3,9,-8294,-10,6.006813120
79,4,3,-8311,22,6.008000544
79,5,6,-8313,-15,6.009187968
79,6,12,-8328,14,6.010375392
79,7,14,-8304,-7,6.011562816
79,8,17,-8292,28,6.012750240
79,9,11,-8294,17,6.013937664
79,10,16,-8317,9,6.015125088
79,11,3,-8299,24,6.016312512
79,12,-7,-8295,-10,6.017499936
79,13,13,-8311,-1,6.018687360
79,14,-2,-8299,4,6.019874784
79,15,-7,-8296,10,6.021062208
79,16,0,-8301,-11,6.022249632
79,17,-18,-8332,4,6.023437056
79,18,15,-8333,6,6.024624480
79,19,-16,-8302,13,6.025811904
79,20,-1,-8299,8,6.026999328
79,21,12,-8290,10,6.028186752
79,22,-7,-8294,5,6.029374176
79,23,-13,-8310,10,6.030561600
79,24,-33,-8301,9,6.031749024
79,25,15,-8321,10,6.032936448
79,26,6,-8320,-17,6.034123872
79,27,7,-8313,3,6.035311296
79,28,5,-8303,13,6.036498720
79,29,8,-8311,25,6.037686144
79,30,8,-8304,0,6.038873568
79,31,5,-8306,16,6.040060992
79,32,6,-8314,-10,6.041248416
79,33,-2,-8316,12,6.042435840
79,34,-3,-8336,33,6.043623264
79,35,21,-8315,19,6.044810688
79,36,10,-8304,9,6.045998112
79,37,-3,-8285,-5,6.047185536
79,38,-1,-8315,32,6.048372960
79,39,-15,-8286,15,6.049560384
79,40,6,-8287,14,6.050747808
79,41,10,-8285,10,6.051935232
79,42,-26,-8318,16,6.053122656
79,43,18,-8316,38,6.054310080
79,44,26,-8288,7,6.055497504
79,45,15,-8309,16,6.056684928
79,46,1,-8304,19,6.057872352
79,47,8,-8301,15,6.059059776
79,48,18,-8306,3,6.060247200
79,49,-2,-8320,7,6.061434624
79,50,-19,-8306,0,6.062622048
79,51,-17,-8300,24,6.063809472
79,52,3,-8306,31,6.064996896
79,53,4,-8308,29,6.066184320
79,54,4,-8305,12,6.067371744
79,55,-2,-8321,14,6.068559168
79,56,8,-8302,15,6.069746592
79,57,-3,-8307,19,6.070934016
79,58,23,-8300,25,6.072121440
79,59,-4,-8278,-10,6.073308864
79,60,20,-8290,34,6.074496288
79,61,1,-8300,-18,6.075683712
79,62,-3,-8294,20,6.076871136
79,63,0,-8297,0,6.078058560
79,64,13,-8301,26,6.079245984
80,1,10,-8286,16,6.080433408
80,2,17,-8282,-8,6.081620832
80,3,20,-8298,4,6.082808256
80,4,3,-8342,-6,6.083995680
80,5,22,-8330,9,6.085183104
80,6,10,-8328,8,6.086370528
80,7,11,-8296,27,6.087557952
80,8,-2,-8323,-10,6.088745376
80,9,25,-8297,24,6.089932800
80,10,23,-8315,4,6.091120224
80,11,8,-8313,15,6.092307648
80,12,3,-8292,-9,6.093495072
80,13,5,-8298,-5,6.094682496
80,14,34,-8324,2,6.095869920
80,15,0,-8310,4,6.097057344
80,16,20,-8311,9,6.098244768
80,17,23,-8315,1,6.099432192
80,18,21,-8279,16,6.100619616
80,19,27,-8312,-7,6.101807040
80,20,25,-8307,20,6.102994464
80,21,20,-8296,6,6.104181888
80,22,43,-8284,-12,6.105369312
80,23,12,-8293,-5,6.106556736
80,24,36,-8283,2,6.107744160
80,25,49,-8304,23,6.108931584
80,26,37,-8308,21,6.110119008
80,27,8,-8310,1,6.111306432
80,28,33,-8295,32,6.112493856
80,29,-12,-8282,-18,6.113681280
80,30,35,-8302,8,6.114868704
80,31,5,-8287,1,6.116056128
80,32,27,-8306,33,6.117243552
80,33,34,-8283,11,6.118430976
80,34,22,-8311,-3,6.119618400
80,35,24,-8312,26,6.120805824
80,36,3,-8281,5,6.121993248
80,37,36,-8317,21,6.123180672
80,38,33,-8296,25,6.124368096
80,39,24,-8284,7,6.125555520
80,40,20,-8286,21,6.126742944
80,41,34,-8324,-27,6.127930368
80,42,15,-8301,-4,6.129117792
80,43,18,-8288,-7,6.130305216
80,44,21,-8286,8,6.131492640
80,45,32,-8299,21,6.132680064
80,46,17,-8289,24,6.133867488
80,47,30,-8307,3,6.135054912
80,48,19,-8292,-8,6.136242336
80,49,17,-8323,13,6.137429760
80,50,15,-8304,25,6.138617184
80,51,30,-8324,10,6.139804608
80,52,20,-8289,-2,6.140992032
80,53,20,-8305,12,6.142179456
80,54,12,-8332,-3,6.143366880
80,55,2,-8320,49,6.144554304
80,56,14,-8299,-2,6.145741728
80,57,40,-8306,42,6.146929152
80,58,5,-8283,-3,6.148116576
80,59,35,-8336,0,6.149304000
80,60,10,-8310,14,6.150491424
80,61,-1,-8286,-7,6.151678848
80,62,7,-8317,8,6.152866272
80,63,-7,-8304,-11,6.154053696
80,64,13,-8307,21,6.155241120
81,1,-15,-8294,4,6.156428544
81,2,-3,-8303,6,6.157615968
81,3,-5,-8326,4,6.158803392
81,4,2,-8319,15,6.159990816
81,5,-1,-8300,19,6.161178240
81,6,5,-8333,5,6.162365664
81,7,5,-8309,51,6.163553088
81,8,9,-8307,13,6.164740512
81,9,9,-8299,29,6.165927936
81,10,1,-8317,7,6.167115360
81,11,-3,-8317,27,6.168302784
81,12,13,-8289,15,6.169490208
81,13,13,-8305,-20,6.170677632
81,14,3,-8316,12,6.171865056
81,15,13,-8307,23,6.173052480
81,16,24,-8299,15,6.174239904
81,17,44,-8317,-14,6.175427328
81,18,6,-8334,16,6.176614752
81,19,-4,-8302,8,6.177802176
81,20,2,-8292,20,6.178989600
81,21,-13,-8301,-15,6.180177024
81,22,26,-8345,-1,6.181364448
81,23,-15,-8329,7,6.182551872
81,24,-12,-8325,18,6.183739296
81,25,10,-8303,8,6.184926720
81,26,11,-8285,26,6.186114144
81,27,-8,-8311,6,6.187301568
81,28,-11,-8286,-33,6.188488992
81,29,4,-8301,-6,6.189676416
81,30,4,-8315,-1,6.190863840
81,31,-7,-8311,16,6.192051264
81,32,26,-8276,10,6.193238688
81,33,4,-8299,-1,6.194426112
81,34,5,-8324,35,6.195613536
81,35,27,-8296,-6,6.196800960
81,36,4,-8307,23,6.197988384
81,37,-1,-8306,-18,6.199175808
81,38,19,-8288,11,6.200363232
81,39,1,-8289,21,6.201550656
81,40,-8,-8288,-15,6.202738080
81,41,-21,-8318,-6,6.203925504
81,42,21,-8294,15,6.205112928
81,43,-10,-8319,5,6.206300352
81,44,1,-8303,26,6.207487776
81,45,-8,-8292,21,6.208675200
81,46,21,-8297,-6,6.209862624
81,47,22,-8329,21,6.211050048
81,48,22,-8331,-17,6.212237472
81,49,-1,-8296,13,6.213424896
81,50,29,-8319,-13,6.214612320
81,51,21,-8302,6,6.215799744
81,52,4,-8295,8,6.216987168
81,53,-5,-8322,-6,6.218174592
81,54,21,-8306,20,6.219362016
81,55,9,-8304,0,6.220549440
81,56,-6,-8308,16,6.221736864
81,57,22,-8308,7,6.222924288
81,58,20,-8308,8,6.224111712
81,59,21,-8293,14,6.225299136
81,60,1,-8301,6,6.226486560
81,61,6,-8320,5,6.227673984
81,62,8,-8302,8,6.228861408
81,63,13,-8298,24,6.230048832
81,64,8,-8325,31,6.231236256
82,1,-22,-8285,7,6.232423680
82,2,4,-8303,-6,6.233611104
82,3,-5,-8291,19,6.234798528
82,4,11,-8303,-21,6.235985952
82,5,26,-8296,34,6.237173376
82,6,39,-8296,-17,6.238360800
82,7,11,-8302,23,6.239548224
82,8,-11,-8292,17,6.240735648
82,9,-6,-8295,-16,6.241923072
82,10,-20,-8303,32,6.243110496
82,11,4,-8308,-13,6.244297920
82,12,5,-8298,14,6.245485344
82,13,17,-8307,6,6.246672768
82,14,26,-8302,25,6.247860192
82,15,-25,-8311,20,6.249047616
82,16,9,-8324,-15,6.250235040
82,17,19,-8309,15,6.251422464
82,18,-3,-8292,13,6.252609888
82,19,1,-8319,2,6.253797312
82,20,-10,-8319,-13,6.254984736
82,21,33,-8288,-7,6.256172160
82,22,19,-8302,9,6.257359584
82,23,-17,-8322,9,6.258547008
82,24,10,-8299,32,6.259734432
82,25,18,-8296,9,6.260921856
82,26,34,-8294,2,6.262109280
82,27,23,-8316,-9,6.263296704
82,28,1,-8324,6,6.264484128
82,29,17,-8290,-8,6.265671552
82,30,26,-8317,6,6.266858976
82,31,29,-8287,-25,6.268046400
82,32,46,-8320,41,6.269233824
82,33,10,-8311,-3,6.270421248
82,34,16,-8338,33,6.271608672
82,35,33,-8306,8,6.272796096
82,36,13,-8299,4,6.273983520
82,37,12,-8304,49,6.275170944
82,38,18,-8306,0,6.276358368
82,39,15,-8298,37,6.277545792
82,40,11,-8305,-8,6.278733216
82,41,4,-8318,-10,6.279920640
82,42,18,-8314,11,6.281108064
82,43,33,-8297,-1,6.282295488
82,44,35,-8305,24,6.283482912
82,45,27,-8304,22,6.284670336
82,46,31,-8312,19,6.285857760
82,47,4,-8289,31,6.287045184
82,48,13,-8290,21,6.288232608
82,49,6,-8286,10,6.289420032
82,50,12,-8297,-3,6.290607456
82,51,-31,-8290,11,6.291794880
82,52,20,-8301,25,6.292982304
82,53,7,-8284,33,6.294169728
82,54,1,-8321,10,6.295357152
82,55,-7,-8288,14,6.296544576
82,56,21,-8283,-15,6.297732000
82,57,29,-8330,18,6.298919424
82,58,12,-8314,-10,6.300106848
82,59,21,-8294,9,6.301294272
82,60,-3,-8282,18,6.302481696
82,61,24,-8300,15,6.303669120
82,62,9,-8305,22,6.304856544
82,63,28,-8301,-3,6.306043968
82,64,40,-8303,10,6.307231392
83,1,15,-8314,-14,6.308418816
83,2,14,-8289,21,6.309606240
83,3,-3,-8299,28,6.310793664
83,4,14,-8284,17,6.311981088
83,5,14,-8325,23,6.313168512
83,6,6,-8279,0,6.314355936
83,7,10,-8291,22,6.315543360
83,8,31,-8304,-24,6.316730784
83,9,15,-8307,23,6.317918208
83,10,16,-8308,-2,6.319105632
83,11,22,-8310,6,6.320293056
83,12,1,-8298,13,6.321480480
83,13,9,-8312,20,6.322667904
83,14,0,-8321,36,6.323855328
83,15,20,-8316,5,6.325042752
83,16,23,-8316,10,6.326230176
83,17,22,-8303,-9,6.327417600
83,18,32,-8302,-17,6.328605024
83,19,10,-8302,15,6.329792448
83,20,12,-8313,25,6.330979872
83,21,15,-8327,4,6.332167296
83,22,4,-8294,28,6.333354720
83,23,29,-8303,-5,6.334542144
83,24,49,-8323,-10,6.335729568
83,25,23,-8331,-16,6.336916992
83,26,11,-8302,4,6.338104416
83,27,19,-8296,13,6.339291840
83,28,5,-8306,5,6.340479264
83,29,-8,-8304,43,6.341666688
83,30,18,-8294,60,6.342854112
83,31,11,-8299,5,6.344041536
83,32,11,-8312,30,6.345228960
83,33,10,-8304,17,6.346416384
83,34,1,-8308,-6,6.347603808
83,35,4,-8301,-3,6.348791232
83,36,-10,-8303,25,6.349978656
83,37,20,-8317,17,6.351166080
83,38,15,-8315,18,6.352353504
83,39,7,-8310,28,6.353540928
83,40,7,-8305,24,6.354728352
83,41,14,-8303,-6,6.355915776
83,42,-18,-8279,8,6.357103200
83,43,10,-8307,28,6.358290624
83,44,-11,-8295,25,6.359478048
83,45,-12,-8281,28,6.360665472
83,46,-25,-8290,10,6.361852896
83,47,-13,-8289,9,6.363040320
83,48,-4,-8312,14,6.364227744
83,49,17,-8291,23,6.365415168
83,50,0,-8290,9,6.366602592
83,51,1,-8279,5,6.367790016
83,52,1,-8281,-1,6.368977440
83,53,-23,-8329,-9,6.370164864
83,54,-6,-8315,7,6.371352288
83,55,-13,-8327,15,6.372539712
83,56,8,-8318,16,6.373727136
83,57,1,-8331,0,6.374914560
83,58,10,-8302,14,6.376101984
83,59,4,-8272,-4,6.377289408
83,60,-7,-8301,0,6.378476832
83,61,8,-8331,18,6.379664256
83,62,-15,-8315,20,6.380851680
83,63,-11,-8331,-4,6.382039104
83,64,-14,-8318,9,6.383226528
84,1,-2,-8310,-6,6.384413952
84,2,-13,-8292,21,6.385601376
84,3,27,-8317,21,6.386788800
84,4,22,-8307,23,6.387976224
84,5,-5,-8306,18,6.389163648
84,6,15,-8311,-5,6.390351072
84,7,-18,-8342,1,6.391538496
84,8,-16,-8316,11,6.392725920
84,9,28,-8310,0,6.393913344
84,10,1,-8303,11,6.395100768
84,11,17,-8309,7,6.396288192
84,12,11,-8292,3,6.397475616
84,13,-12,-8301,7,6.398663040
84,14,4,-8324,-12,6.399850464
84,15,21,-8300,17,6.401037888
84,16,18,-8306,-13,6.402225312
84,17,13,-8291,16,6.403412736
84,18,30,-8300,17,6.404600160
84,19,-17,-8323,-6,6.405787584
84,20,9,-8328,26,6.406975008
84,21,15,-8314,4,6.408162432
84,22,11,-8284,9,6.409349856
84,23,-1,-8304,-10,6.410537280
84,24,-1,-8309,-6,6.411724704
84,25,1,-8301,15,6.412912128
84,26,12,-8270,-4,6.414099552
84,27,8,-8303,40,6.415286976
84,28,11,-8312,3,6.416474400
84,29,-12,-8323,-2,6.417661824
84,30,10,-8306,3,6.418849248
84,31,10,-8302,-29,6.420036672
84,32,15,-8304,27,6.421224096
84,33,12,-8303,7,6.422411520
84,34,38,-8286,1,6.423598944
84,35,18,-8306,-4,6.424786368
84,36,38,-8305,2,6.425973792
84,37,4,-8326,12,6.427161216
84,38,18,-8311,31,6.428348640
84,39,25,-8322,4,6.429536064
84,40,11,-8302,35,6.430723488
84,41,34,-8322,5,6.431910912
84,42,10,-8313,-19,6.433098336
84,43,-2,-8303,8,6.434285760
84,44,31,-8322,-1,6.435473184
84,45,41,-8319,30,6.436660608
84,46,25,-8312,3,6.437848032
84,47,23,-8327,29,6.439035456
84,48,35,-8327,6,6.440222880
84,49,-5,-8301,20,6.441410304
84,50,21,-8314,-4,6.442597728
84,51,16,-8319,-12,6.443785152
84,52,22,-8292,9,6.444972576
84,53,27,-8301,-8,6.446160000
84,54,45,-8309,23,6.447347424
84,55,19,-8317,29,6.448534848
84,56,44,-8316,25,6.449722272
84,57,46,-8299,9,6.450909696
84,58,11,-8322,22,6.452097120
84,59,11,-8299,3,6.453284544
84,60,39,-8303,-21,6.454471968
84,61,15,-8321,-1,6.455659392
84,62,39,-8300,16,6.456846816
84,63,31,-8303,19,6.458034240
84,64,35,-8319,16,6.459221664
85,1,6,-8309,-8,6.460409088
85,2,28,-8313,11,6.461596512
85,3,43,-8309,14,6.462783936
85,4,6,-8275,32,6.463971360
85,5,33,-8287,9,6.465158784
85,6,17,-8287,30,6.466346208
85,7,17,-8301,-4,6.467533632
85,8,2,-8313,17,6.468721056
85,9,18,-8306,-11,6.469908480
85,10,17,-8308,7,6.471095904
85,11,15,-8269,13,6.472283328
85,12,1,-8290,30,6.473470752
85,13,13,-8282,15,6.474658176
85,14,8,-8327,24,6.475845600
85,15,-18,-8316,9,6.477033024
85,16,-3,-8288,18,6.478220448
85,17,4,-8288,7,6.479407872
85,18,9,-8292,4,6.480595296
85,19,28,-8281,19,6.481782720
85,20,-14,-8311,-8,6.482970144
85,21,30,-8303,23,6.484157568
85,22,2,-8293,16,6.485344992
85,23,12,-8321,6,6.486532416
85,24,-2,-8287,16,6.487719840
85,25,1,-8312,1,6.488907264
85,26,15,-8312,-10,6.490094688
85,27,26,-8305,-3,6.491282112
85,28,26,-8300,-5,6.492469536
85,29,3,-8284,1,6.493656960
85,30,12,-8319,7,6.494844384
85,31,-10,-8307,-38,6.496031808
85,32,2,-8319,18,6.497219232
85,33,18,-8322,1,6.498406656
85,34,-11,-8308,24,6.499594080
85,35,13,-8295,26,6.500781504
85,36,6,-8303,14,6.501968928
85,37,-3,-8334,-1,6.503156352
85,38,4,-8347,-15,6.504343776
85,39,8,-8316,7,6.505531200
85,40,19,-8319,-8,6.506718624
85,41,24,-8287,27,6.507906048
85,42,10,-8313,10,6.509093472
85,43,2,-8322,24,6.510280896
85,44,-20,-8314,-11,6.511468320
85,45,-23,-8322,-2,6.512655744
85,46,22,-8311,42,6.513843168
85,47,0,-8281,-1,6.515030592
85,48,20,-8298,28,6.516218016
85,49,22,-8311,10,6.517405440
85,50,10,-8337,2,6.518592864
85,51,15,-8302,1,6.519780288
85,52,-1,-8296,17,6.520967712
85,53,-1,-8303,19,6.522155136
85,54,3,-8278,-1,6.523342560
85,55,13,-8306,14,6.524529984
85,56,-10,-8305,9,6.525717408
85,57,8,-8289,10,6.526904832
85,58,-5,-8287,26,6.528092256
85,59,2,-8309,-2,6.529279680
85,60,-4,-8298,21,6.530467104
85,61,-3,-8278,33,6.531654528
85,62,-7,-8296,22,6.532841952
85,63,-8,-8292,7,6.534029376
85,64,1,-8290,6,6.535216800
86,1,22,-8302,-27,6.536404224
86,2,-11,-8277,-10,6.537591648
86,3,-11,-8287,-6,6.538779072
86,4,-3,-8320,12,6.539966496
86,5,3,-8294,2,6.541153920
86,6,30,-8282,18,6.542341344
86,7,18,-8301,16,6.543528768
86,8,-4,-8306,23,6.544716192
86,9,-25,-8315,-13,6.545903616
86,10,-7,-8298,-4,6.547091040
86,11,-10,-8283,-12,6.548278464
86,12,-2,-8313,6,6.549465888
86,13,6,-8282,6,6.550653312
86,14,4,-8282,37,6.551840736
86,15,23,-8310,22,6.553028160
86,16,-7,-8310,2,6.554215584
86,17,22,-8335,10,6.555403008
86,18,22,-8322,-4,6.556590432
86,19,0,-8282,-5,6.557777856
86,20,-13,-8281,8,6.558965280
86,21,0,-8306,7,6.560152704
86,22,2,-8310,-3,6.561340128
86,23,-1,-8324,-12,6.562527552
86,24,-9,-8326,6,6.563714976
86,25,9,-8315,7,6.564902400
86,26,28,-8293,-1,6.566089824
86,27,13,-8312,21,6.567277248
86,28,6,-8317,32,6.568464672
86,29,22,-8306,21,6.569652096
86,30,10,-8323,6,6.570839520
86,31,14,-8316,-14,6.572026944
86,32,-1,-8299,29,6.573214368
86,33,3,-8303,1,6.574401792
86,34,11,-8312,41,6.575589216
86,35,23,-8306,2,6.576776640
86,36,15,-8327,31,6.577964064
86,37,-7,-8310,19,6.579151488
86,38,12,-8309,-11,6.580338912
86,39,12,-8277,33,6.581526336
86,40,18,-8302,1,6.582713760
86,41,7,-8332,11,6.583901184
86,42,22,-8294,26,6.585088608
86,43,17,-8304,23,6.586276032
86,44,33,-8305,-7,6.587463456
86,45,22,-8299,7,6.588650880
86,46,19,-8305,-7,6.589838304
86,47,5,-8311,10,6.591025728
86,48,23,-8315,-25,6.592213152
86,49,31,-8298,1,6.593400576
86,50,15,-8306,0,6.594588000
86,51,18,-8291,-8,6.595775424
86,52,31,-8320,-9,6.596962848
86,53,13,-8303,5,6.598150272
86,54,17,-8292,13,6.599337696
86,55,35,-8318,20,6.600525120
86,56,14,-8315,-1,6.601712544
86,57,17,-8297,30,6.602899968
86,58,21,-8299,-7,6.604087392
86,59,13,-8302,21,6.605274816
86,60,21,-8321,1,6.606462240
86,61,36,-8311,9,6.607649664
86,62,9,-8313,12,6.608837088
86,63,20,-8288,15,6.610024512
86,64,48,-8281,15,6.611211936
87,1,49,-8315,14,6.612399360
87,2,48,-8318,5,6.613586784
87,3,28,-8318,17,6.614774208
87,4,42,-8310,17,6.615961632
87,5,17,-8298,16,6.617149056
87,6,33,-8294,20,6.618336480
87,7,31,-8301,-3,6.619523904
87,8,27,-8305,9,6.620711328
87,9,12,-8313,21,6.621898752
87,10,24,-8334,8,6.623086176
87,11,45,-8319,-13,6.624273600
87,12,22,-8293,-5,6.625461024
87,13,31,-8276,-4,6.626648448
87,14,41,-8325,12,6.627835872
87,15,14,-8316,22,6.629023296
87,16,-7,-8297,6,6.630210720
87,17,12,-8317,-8,6.631398144
87,18,22,-8288,24,6.632585568
87,19,46,-8339,14,6.633772992
87,20,9,-8290,23,6.634960416
87,21,43,-8307,-9,6.636147840
87,22,53,-8310,-2,6.637335264
87,23,13,-8314,-1,6.638522688
87,24,38,-8286,8,6.639710112
87,25,18,-8285,-7,6.640897536
87,26,-9,-8313,14,6.642084960
87,27,20,-8281,-16,6.643272384
87,28,5,-8309,9,6.644459808
87,29,-4,-8317,1,6.645647232
87,30,29,-8293,7,6.646834656
87,31,-14,-8308,24,6.648022080
87,32,19,-8293,1,6.649209504
87,33,-15,-8302,36,6.650396928
87,34,34,-8321,11,6.651584352
87,35,3,-8269,9,6.652771776
87,36,3,-8300,17,6.653959200
87,37,26,-8321,-13,6.655146624
87,38,13,-8315,-11,6.656334048
87,39,-3,-8289,3,6.657521472
87,40,11,-8303,8,6.658708896
87,41,-25,-8322,8,6.659896320
87,42,5,-8315,43,6.661083744
87,43,-4,-8307,8,6.662271168
87,44,8,-8306,28,6.663458592
87,45,19,-8290,-2,6.664646016
87,46,13,-8296,-5,6.665833440
87,47,15,-8309,4,6.667020864
87,48,9,-8263,0,6.668208288
87,49,18,-8302,11,6.669395712
87,50,17,-8307,6,6.670583136
87,51,-2,-8285,-2,6.671770560
87,52,8,-8297,-4,6.672957984
87,53,27,-8313,-2,6.674145408
87,54,7,-8283,-18,6.675332832
87,55,12,-8292,14,6.676520256
87,56,23,-8311,20,6.677707680
87,57,19,-8312,10,6.678895104
87,58,12,-8288,23,6.680082528
87,59,2,-8308,-2,6.681269952
87,60,13,-8315,9,6.682457376
87,61,15,-8313,12,6.683644800
87,62,9,-8306,-6,6.684832224
87,63,-7,-8319,24,6.686019648
87,64,35,-8294,-9,6.687207072
88,1,2,-8309,37,6.688394496
88,2,13,-8315,24,6.689581920
88,3,19,-8328,11,6.690769344
88,4,32,-8321,-1,6.691956768
88,5,2,-8303,7,6.693144192
88,6,-28,-8313,24,6.694331616
88,7,-26,-8314,25,6.695519040
88,8,12,-8306,36,6.696706464
88,9,-25,-8297,16,6.697893888
88,10,0,-8293,15,6.699081312
88,11,-5,-8303,-13,6.700268736
88,12,-3,-8305,25,6.701456160
88,13,25,-8304,-12,6.702643584
88,14,-6,-8292,20,6.703831008
88,15,10,-8309,6,6.705018432
88,16,17,-8303,31,6.706205856
88,17,-16,-8272,-8,6.707393280
88,18,18,-8319,-13,6.708580704
88,19,18,-8276,12,6.709768128
88,20,0,-8276,18,6.710955552
88,21,1,-8315,12,6.712142976
88,22,-22,-8292,21,6.713330400
88,23,9,-8299,9,6.714517824
88,24,3,-8306,23,6.715705248
88,25,14,-8301,-4,6.716892672
88,26,7,-8303,16,6.718080096
88,27,19,-8279,-12,6.719267520
88,28,23,-8320,11,6.720454944
88,29,29,-8306,12,6.721642368
88,30,8,-8270,-6,6.722829792
88,31,11,-8303,2,6.724017216
88,32,22,-8290,15,6.725204640
88,33,25,-8307,-17,6.726392064
88,34,-8,-8303,17,6.727579488
88,35,32,-8298,-4,6.728766912
88,36,6,-8308,3,6.729954336
88,37,-3,-8297,-27,6.731141760
88,38,10,-8292,-6,6.732329184
88,39,31,-8320,-5,6.733516608
88,40,3,-8307,13,6.734704032
88,41,-2,-8329,6,6.735891456
88,42,15,-8283,15,6.737078880
88,43,23,-8321,12,6.738266304
88,44,1,-8291,3,6.739453728
88,45,20,-8308,1,6.740641152
88,46,13,-8314,13,6.741828576
88,47,19,-8307,12,6.743016000
88,48,8,-8308,-19,6.744203424
88,49,-8,-8295,28,6.745390848
88,50,21,-8301,-1,6.746578272
88,51,18,-8304,10,6.747765696
88,52,20,-8284,6,6.748953120
88,53,23,-8283,-2,6.750140544
88,54,19,-8302,5,6.751327968
88,55,29,-8295,-12,6.752515392
88,56,-5,-8292,3,6.753702816
88,57,15,-8301,23,6.754890240
88,58,22,-8320,5,6.756077664
88,59,7,-8309,34,6.757265088
88,60,11,-8307,4,6.758452512
88,61,21,-8305,21,6.759639936
88,62,8,-8295,33,6.760827360
88,63,9,-8294,3,6.762014784
88,64,-6,-8280,14,6.763202208
89,1,17,-8299,-22,6.764389632
89,2,31,-8302,-10,6.765577056
89,3,10,-8308,-2,6.766764480
89,4,5,-8319,12,6.767951904
89,5,6,-8293,13,6.769139328
89,6,9,-8300,7,6.770326752
89,7,13,-8310,28,6.771514176
89,8,35,-8298,12,6.772701600
89,9,-8,-8278,9,6.773889024
89,10,14,-8292,-6,6.775076448
89,11,11,-8278,4,6.776263872
89,12,-20,-8323,-16,6.777451296
89,13,14,-8298,12,6.778638720
89,14,17,-8311,13,6.779826144
89,15,29,-8299,26,6.781013568
89,16,-2,-8287,31,6.782200992
89,17,-6,-8303,19,6.783388416
89,18,8,-8303,4,6.784575840
89,19,38,-8306,-3,6.785763264
89,20,28,-8308,5,6.786950688
89,21,-9,-8306,16,6.788138112
89,22,9,-8301,24,6.789325536
89,23,20,-8295,26,6.790512960
89,24,16,-8322,10,6.791700384
89,25,19,-8316,-17,6.792887808
89,26,39,-8309,20,6.794075232
89,27,27,-8308,4,6.795262656
89,28,15,-8289,-4,6.796450080
89,29,36,-8295,20,6.797637504
89,30,6,-8322,16,6.798824928
89,31,15,-8317,44,6.800012352
89,32,18,-8292,6,6.801199776
89,33,1,-8319,21,6.802387200
89,34,26,-8307,-25,6.803574624
89,35,-5,-8299,19,6.804762048
89,36,-1,-8319,6,6.805949472
89,37,21,-8307,15,6.807136896
89,38,24,-8316,17,6.808324320
89,39,11,-8315,6,6.809511744
89,40,-19,-8309,2,6.810699168
89,41,-2,-8304,16,6.811886592
89,42,32,-8284,8,6.813074016
89,43,18,-8294,12,6.814261440
89,44,32,-8280,20,6.815448864
89,45,4,-8311,-17,6.816636288
89,46,12,-8290,1,6.817823712
89,47,20,-8281,9,6.819011136
89,48,19,-8306,-15,6.820198560
89,49,36,-8294,8,6.821385984
89,50,9,-8292,27,6.822573408
89,51,8,-8304,2,6.823760832
89,52,11,-8280,16,6.824948256
89,53,-7,-8293,13,6.826135680
89,54,-11,-8306,29,6.827323104
89,55,22,-8299,25,6.828510528
89,56,17,-8284,30,6.829697952
89,57,19,-8323,24,6.830885376
89,58,18,-8309,11,6.832072800
89,59,-13,-8311,4,6.833260224
89,60,25,-8301,18,6.834447648
89,61,10,-8299,10,6.835635072
89,62,13,-8314,14,6.836822496
89,63,22,-8283,26,6.838009920
89,64,33,-8280,12,6.839197344
90,1,-7,-8299,34,6.840384768
90,2,3,-8295,2,6.841572192
90,3,23,-8291,25,6.842759616
90,4,-2,-8301,9,6.843947040
90,5,4,-8317,21,6.845134464
90,6,7,-8288,13,6.846321888
90,7,25,-8299,19,6.847509312
90,8,19,-8324,17,6.848696736
90,9,24,-8326,25,6.849884160
90,10,-7,-8316,-13,6.851071584
90,11,-19,-8310,21,6.852259008
90,12,19,-8299,10,6.853446432
90,13,-10,-8321,-2,6.854633856
90,14,19,-8311,29,6.855821280
90,15,20,-8327,-3,6.857008704
90,16,4,-8316,39,6.858196128
90,17,1,-8330,-10,6.859383552
90,18,10,-8312,11,6.860570976
90,19,-18,-8308,2,6.861758400
90,20,23,-8299,-22,6.862945824
90,21,24,-8300,19,6.864133248
90,22,0,-8327,12,6.865320672
90,23,-19,-8307,5,6.866508096
90,24,-8,-8293,14,6.867695520
90,25,-5,-8314,14,6.868882944
90,26,28,-8328,23,6.870070368
90,27,7,-8290,-12,6.871257792
90,28,38,-8293,18,6.872445216
90,29,2,-8298,8,6.873632640
90,30,39,-8317,15,6.874820064
90,31,18,-8296,25,6.876007488
90,32,-4,-8287,-11,6.877194912
90,33,11,-8323,12,6.878382336
90,34,8,-8322,9,6.879569760
90,35,22,-8290,6,6.880757184
90,36,25,-8289,17,6.881944608
90,37,3,-8305,4,6.883132032
90,38,17,-8316,17,6.884319456
90,39,14,-8325,-3,6.885506880
90,40,1,-8294,-4,6.886694304
90,41,25,-8293,2,6.887881728
90,42,40,-8279,9,6.889069152
90,43,7,-8303,11,6.890256576
90,44,16,-8303,8,6.891444000
90,45,-1,-8305,17,6.892631424
90,46,-5,-8293,44,6.893818848
90,47,-25,-8327,5,6.895006272
90,48,-2,-8344,7,6.896193696
90,49,21,-8306,19,6.897381120
90,50,17,-8290,6,6.898568544
90,51,42,-8293,33,6.899755968
90,52,23,-8308,-3,6.900943392
90,53,21,-8312,23,6.902130816
90,54,32,-8289,4,6.903318240
90,55,11,-8301,31,6.904505664
90,56,14,-8313,-20,6.905693088
90,57,21,-8300,20,6.906880512
90,58,28,-8311,21,6.908067936
90,59,22,-8310,16,6.909255360
90,60,8,-8307,9,6.910442784
90,61,46,-8308,7,6.911630208
90,62,26,-8309,19,6.912817632
90,63,2,-8307,9,6.914005056
90,64,3,-8321,18,6.915192480
91,1,58,-8326,22,6.916379904
91,2,34,-8307,26,6.917567328
91,3,28,-8298,20,6.918754752
91,4,0,-8297,18,6.919942176
91,5,25,-8303,25,6.921129600
91,6,-3,-8314,15,6.922317024
91,7,12,-8320,0,6.923504448
91,8,41,-8310,9,6.924691872
91,9,36,-8287,5,6.925879296
91,10,-14,-8303,24,6.927066720
91,11,35,-8313,17,6.928254144
91,12,-4,-8309,3,6.929441568
91,13,38,-8294,24,6.930628992
91,14,31,-8301,3,6.931816416
91,15,17,-8319,21,6.933003840
91,16,26,-8287,21,6.934191264
91,17,28,-8298,20,6.935378688
91,18,17,-8321,8,6.936566112
91,19,19,-8321,30,6.937753536
91,20,4,-8317,1,6.938940960
91,21,-7,-8313,14,6.940128384
91,22,19,-8313,24,6.941315808
91,23,38,-8279,6,6.942503232
91,24,-2,-8301,13,6.943690656
91,25,16,-8299,12,6.944878080
91,26,12,-8313,5,6.946065504
91,27,-1,-8304,-6,6.947252928
91,28,12,-8275,9,6.948440352
91,29,29,-8290,-6,6.949627776
91,30,2,-8297,30,6.950815200
91,31,14,-8284,3,6.952002624
91,32,21,-8309,-3,6.953190048
91,33,-19,-8313,18,6.954377472
91,34,-21,-8320,29,6.955564896
91,35,17,-8306,27,6.956752320
91,36,28,-8281,18,6.957939744
91,37,25,-8270,5,6.959127168
91,38,6,-8287,23,6.960314592
91,39,11,-8303,20,6.961502016
91,40,18,-8321,28,6.962689440
91,41,10,-8330,23,6.963876864
91,42,22,-8318,6,6.965064288
91,43,23,-8305,11,6.966251712
91,44,31,-8303,-6,6.967439136
91,45,11,-8319,29,6.968626560
91,46,6,-8312,-3,6.969813984
91,47,-4,-8297,10,6.971001408
91,48,0,-8317,-1,6.972188832
91,49,0,-8298,-36,6.973376256
91,50,0,-8315,-8,6.974563680
91,51,-11,-8303,-33,6.975751104
91,52,-5,-8324,12,6.976938528
91,53,2,-8313,25,6.978125952
91,54,1,-8300,20,6.979313376
91,55,-25,-8309,50,6.980500800
91,56,-5,-8312,-12,6.981688224
91,57,-4,-8294,0,6.982875648
91,58,5,-8311,-2,6.984063072
91,59,15,-8294,1,6.985250496
91,60,-1,-8290,20,6.986437920
91,61,8,-8290,-8,6.987625344
91,62,-5,-8315,-8,6.988812768
91,63,-15,-8299,28,6.990000192
91,64,3,-8314,19,6.991187616
92,1,21,-8264,26,6.992375040
92,2,18,-8282,6,6.993562464
92,3,29,-8288,0,6.994749888
92,4,-1,-8299,5,6.995937312
92,5,0,-8342,-27,6.997124736
92,6,0,-8316,32,6.998312160
92,7,25,-8338,-15,6.999499584
92,8,7,-8289,27,7.000687008
92,9,-4,-8301,-1,7.001874432
92,10,22,-8305,-5,7.003061856
92,11,-14,-8322,5,7.004249280
92,12,9,-8306,-17,7.005436704
92,13,-11,-8329,28,7.006624128
92,14,-8,-8307,18,7.007811552
92,15,5,-8301,12,7.008998976
92,16,-2,-8278,9,7.010186400
92,17,12,-8268,-20,7.011373824
92,18,-9,-8291,20,7.012561248
92,19,-9,-8298,-11,7.013748672
92,20,-1,-8289,13,7.014936096
92,21,28,-8305,-3,7.016123520
92,22,16,-8305,-11,7.017310944
92,23,-27,-8279,18,7.018498368
92,24,14,-8288,0,7.019685792
92,25,26,-8297,-4,7.020873216
92,26,4,-8298,27,7.022060640
92,27,14,-8325,7,7.023248064
92,28,12,-8317,12,7.024435488
92,29,3,-8272,21,7.025622912
92,30,27,-8327,-5,7.026810336
92,31,-3,-8308,11,7.027997760
92,32,49,-8309,21,7.029185184
92,33,22,-8288,18,7.030372608
92,34,-8,-8317,14,7.031560032
92,35,-27,-8300,2,7.032747456
92,36,-2,-8290,10,7.033934880
92,37,-3,-8312,-5,7.035122304
92,38,1,-8313,6,7.036309728
92,39,-17,-8311,27,7.037497152
92,40,5,-8315,10,7.038684576
92,41,-7,-8315,8,7.039872000
92,42,-23,-8339,30,7.041059424
92,43,-2,-8298,12,7.042246848
92,44,-18,-8291,-9,7.043434272
92,45,26,-8299,-19,7.044621696
92,46,46,-8291,18,7.045809120
92,47,-7,-8309,7,7.046996544
92,48,9,-8310,8,7.048183968
92,49,14,-8309,0,7.049371392
92,50,9,-8320,-2,7.050558816
92,51,8,-8306,0,7.051746240
92,52,-7,-8282,-8,7.052933664
92,53,-7,-8276,8,7.054121088
92,54,20,-8293,10,7.055308512
92,55,20,-8329,8,7.056495936
92,56,27,-8274,9,7.057683360
92,57,14,-8309,7,7.058870784
92,58,39,-8299,7,7.060058208
92,59,13,-8288,-4,7.061245632
92,60,35,-8280,-3,7.062433056
92,61,15,-8296,-6,7.063620480
92,62,32,-8271,-5,7.064807904
92,63,8,-8288,13,7.065995328
92,64,19,-8321,-1,7.067182752
93,1,1,-8290,14,7.068370176
93,2,32,-8304,29,7.069557600
93,3,38,-8281,-2,7.070745024
93,4,37,-8305,26,7.071932448
93,5,-4,-8298,9,7.073119872
93,6,5,-8302,0,7.074307296
93,7,-5,-8303,16,7.075494720
93,8,-14,-8306,23,7.076682144
93,9,-3,-8310,22,7.077869568
93,10,16,-8297,9,7.079056992
93,11,11,-8305,16,7.080244416
93,12,24,-8306,21,7.081431840
93,13,20,-8298,20,7.082619264
93,14,-2,-8298,-3,7.083806688
93,15,0,-8315,-14,7.084994112
93,16,16,-8294,3,7.086181536
93,17,19,-8306,-14,7.087368960
93,18,26,-8295,14,7.088556384
93,19,2,-8303,31,7.089743808
93,20,13,-8295,20,7.090931232
93,21,14,-8312,9,7.092118656
93,22,19,-8311,29,7.093306080
93,23,9,-8273,-2,7.094493504
93,24,38,-8304,3,7.095680928
93,25,33,-8317,12,7.096868352
93,26,38,-8314,8,7.098055776
93,27,26,-8296,-2,7.099243200
93,28,44,-8325,-10,7.100430624
93,29,21,-8317,17,7.101618048
93,30,18,-8296,13,7.102805472
93,31,-1,-8300,3,7.103992896
93,32,9,-8290,-10,7.105180320
93,33,4,-8297,3,7.106367744
93,34,11,-8315,-2,7.107555168
93,35,20,-8321,20,7.108742592
93,36,13,-8301,-3,7.109930016
93,37,26,-8308,10,7.111117440
93,38,0,-8308,15,7.112304864
93,39,13,-8334,1,7.113492288
93,40,13,-8308,27,7.114679712
93,41,6,-8319,13,7.115867136
93,42,31,-8325,25,7.117054560
93,43,27,-8314,-1,7.118241984
93,44,24,-8332,25,7.119429408
93,45,-8,-8328,-12,7.120616832
93,46,17,-8302,21,7.121804256
93,47,-16,-8318,10,7.122991680
93,48,30,-8304,28,7.124179104
93,49,15,-8335,19,7.125366528
93,50,7,-8319,5,7.126553952
93,51,20,-8310,-15,7.127741376
93,52,22,-8312,-10,7.128928800
93,53,24,-8318,29,7.130116224
93,54,15,-8313,-20,7.131303648
93,55,16,-8305,28,7.132491072
93,56,41,-8294,-6,7.133678496
93,57,-8,-8311,30,7.134865920
93,58,7,-8298,-7,7.136053344
93,59,21,-8323,16,7.137240768
93,60,11,-8316,32,7.138428192
93,61,30,-8308,-23,7.139615616
93,62,12,-8302,36,7.140803040
93,63,19,-8300,-6,7.141990464
93,64,30,-8309,28,7.143177888
94,1,-5,-8304,29,7.144365312
94,2,28,-8316,6,7.145552736
94,3,22,-8324,32,7.146740160
94,4,2,-8299,20,7.147927584
94,5,21,-8314,22,7.149115008
94,6,-7,-8314,19,7.150302432
94,7,13,-8320,1,7.151489856
94,8,17,-8307,19,7.152677280
94,9,-4,-8312,8,7.153864704
94,10,19,-8319,9,7.155052128
94,11,57,-8311,14,7.156239552
94,12,18,-8297,8,7.157426976
94,13,8,-8285,-4,7.158614400
94,14,21,-8323,-5,7.159801824
94,15,-5,-8328,11,7.160989248
94,16,7,-8299,12,7.162176672
94,17,4,-8298,8,7.163364096
94,18,-5,-8320,37,7.164551520
94,19,-20,-8298,26,7.165738944
94,20,15,-8318,31,7.166926368
94,21,19,-8321,12,7.168113792
94,22,33,-8310,-5,7.169301216
94,23,-8,-8308,-7,7.170488640
94,24,9,-8312,10,7.171676064
94,25,-14,-8291,12,7.172863488
94,26,14,-8302,17,7.174050912
94,27,39,-8326,1,7.175238336
94,28,-14,-8307,5,7.176425760
94,29,-19,-8300,1,7.177613184
94,30,-12,-8291,11,7.178800608
94,31,-7,-8301,10,7.179988032
94,32,7,-8288,-2,7.181175456
94,33,-7,-8299,-10,7.182362880
94,34,-5,-8288,6,7.183550304
94,35,-13,-8313,-6,7.184737728
94,36,10,-8299,18,7.185925152
94,37,-9,-8342,-16,7.187112576
94,38,-6,-8310,28,7.188300000
94,39,8,-8307,24,7.189487424
94,40,-3,-8282,28,7.190674848
94,41,12,-8305,13,7.191862272
94,42,4,-8308,-17,7.193049696
94,43,1,-8304,-5,7.194237120
94,44,-9,-8335,-38,7.195424544
94,45,-6,-8334,-3,7.196611968
94,46,-13,-8288,10,7.197799392
94,47,10,-8291,16,7.198986816
94,48,24,-8288,8,7.200174240
94,49,11,-8296,7,7.201361664
94,50,10,-8316,-2,7.202549088
94,51,10,-8308,0,7.203736512
94,52,23,-8313,-9,7.204923936
94,53,17,-8301,11,7.206111360
94,54,3,-8305,15,7.207298784
94,55,-5,-8303,14,7.208486208
94,56,19,-8280,-1,7.209673632
94,57,5,-8289,-5,7.210861056
94,58,19,-8315,-5,7.212048480
94,59,10,-8321,9,7.213235904
94,60,3,-8308,11,7.214423328
94,61,-10,-8304,-4,7.215610752
94,62,6,-8307,5,7.216798176
94,63,-5,-8289,18,7.217985600
94,64,-16,-8291,-8,7.219173024
95,1,5,-8298,3,7.220360448
95,2,33,-8288,11,7.221547872
95,3,25,-8308,14,7.222735296
95,4,0,-8311,-18,7.223922720
95,5,-9,-8304,3,7.225110144
95,6,-2,-8312,-3,7.226297568
95,7,12,-8305,31,7.227484992
95,8,10,-8307,-12,7.228672416
95,9,-1,-8305,22,7.229859840
95,10,39,-8327,6,7.231047264
95,11,16,-8301,1,7.232234688
95,12,6,-8307,6,7.233422112
95,13,5,-8288,-16,7.234609536
95,14,10,-8309,0,7.235796960
95,15,11,-8307,23,7.236984384
95,16,-13,-8301,4,7.238171808
95,17,20,-8311,14,7.239359232
95,18,25,-8306,24,7.240546656
95,19,44,-8302,9,7.241734080
95,20,-1,-8294,26,7.242921504
95,21,-5,-8293,-15,7.244108928
95,22,9,-8310,16,7.245296352
95,23,11,-8309,-25,7.246483776
95,24,5,-8314,-12,7.247671200
95,25,6,-8316,25,7.248858624
95,26,15,-8307,-3,7.250046048
95,27,17,-8294,28,7.251233472
95,28,11,-8316,-7,7.252420896
95,29,8,-8305,7,7.253608320
95,30,21,-8305,-1,7.254795744
95,31,17,-8322,4,7.255983168
95,32,23,-8302,0,7.257170592
95,33,3,-8282,7,7.258358016
95,34,3,-8321,6,7.259545440
95,35,5,-8297,1,7.260732864
95,36,-3,-8285,2,7.261920288
95,37,18,-8294,19,7.263107712
95,38,27,-8292,4,7.264295136
95,39,44,-8298,29,7.265482560
95,40,31,-8305,15,7.266669984
95,41,33,-8301,6,7.267857408
95,42,25,-8302,14,7.269044832
95,43,1,-8319,6,7.270232256
95,44,21,-8303,9,7.271419680
95,45,7,-8306,-2,7.272607104
95,46,-13,-8296,47,7.273794528
95,47,12,-8323,12,7.274981952
95,48,16,-8309,-9,7.276169376
95,49,11,-8275,9,7.277356800
95,50,18,-8281,-7,7.278544224
95,51,44,-8325,0,7.279731648
95,52,16,-8290,23,7.280919072
95,53,11,-8306,1,7.282106496
95,54,10,-8304,13,7.283293920
95,55,21,-8297,15,7.284481344
95,56,33,-8301,12,7.285668768
95,57,19,-8272,1,7.286856192
95,58,11,-8295,11,7.288043616
95,59,19,-8299,4,7.289231040
95,60,8,-8303,13,7.290418464
95,61,30,-8287,7,7.291605888
95,62,12,-8292,21,7.292793312
95,63,11,-8311,-1,7.293980736
95,64,11,-8295,-6,7.295168160
96,1,25,-8322,6,7.296355584
96,2,32,-8314,-20,7.297543008
96,3,4,-8293,12,7.298730432
96,4,5,-8297,3,7.299917856
96,5,7,-8293,39,7.301105280
96,6,18,-8285,29,7.302292704
96,7,25,-8286,-22,7.303480128
96,8,0,-8303,1,7.304667552
96,9,11,-8305,11,7.305854976
96,10,26,-8295,23,7.307042400
96,11,0,-8302,20,7.308229824
96,12,35,-8299,34,7.309417248
96,13,5,-8287,12,7.310604672
96,14,25,-8302,13,7.311792096
96,15,5,-8297,-6,7.312979520
96,16,35,-8316,18,7.314166944
96,17,22,-8297,7,7.315354368
96,18,12,-8311,-11,7.316541792
96,19,0,-8296,13,7.317729216
96,20,24,-8307,4,7.318916640
96,21,33,-8308,23,7.320104064
96,22,16,-8319,-4,7.321291488
96,23,1,-8309,4,7.322478912
96,24,1,-8289,5,7.323666336
96,25,7,-8320,19,7.324853760
96,26,13,-8289,32,7.326041184
96,27,33,-8318,-11,7.327228608
96,28,5,-8331,22,7.328416032
96,29,6,-8311,-30,7.329603456
96,30,25,-8310,8,7.330790880
96,31,17,-8312,-7,7.331978304
96,32,22,-8299,2,7.333165728
96,33,34,-8316,-11,7.334353152
96,34,37,-8315,20,7.335540576
96,35,26,-8317,25,7.336728000
96,36,8,-8304,13,7.337915424
96,37,16,-8294,14,7.339102848
96,38,2,-8299,-5,7.340290272
96,39,8,-8270,23,7.341477696
96,40,3,-8288,-16,7.342665120
96,41,-7,-8292,27,7.343852544
96,42,17,-8285,9,7.345039968
96,43,-30,-8324,44,7.346227392
96,44,-9,-8304,3,7.347414816
96,45,17,-8300,8,7.348602240
96,46,21,-8307,22,7.349789664
96,47,4,-8294,15,7.350977088
96,48,23,-8298,28,7.352164512
96,49,49,-8300,-1,7.353351936
96,50,37,-8335,0,7.354539360
96,51,4,-8332,18,7.355726784
96,52,38,-8299,0,7.356914208
96,53,24,-8299,-3,7.358101632
96,54,31,-8314,-1,7.359289056
96,55,20,-8312,-4,7.360476480
96,56,21,-8298,14,7.361663904
96,57,30,-8313,-5,7.362851328
96,58,18,-8279,34,7.364038752
96,59,25,-8308,20,7.365226176
96,60,22,-8308,5,7.366413600
96,61,-2,-8277,11,7.367601024
96,62,4,-8298,-10,7.368788448
96,63,-12,-8289,21,7.369975872
96,64,-4,-8304,5,7.371163296
97,1,12,-8305,23,7.372350720
97,2,13,-8324,-6,7.373538144
97,3,-9,-8280,15,7.374725568
97,4,6,-8277,-13,7.375912992
97,5,15,-8311,7,7.377100416
97,6,41,-8315,6,7.378287840
97,7,-6,-8301,11,7.379475264
97,8,14,-8300,8,7.380662688
97,9,5,-8299,11,7.381850112
97,10,24,-8301,27,7.383037536
97,11,29,-8299,-3,7.384224960
97,12,-3,-8279,4,7.385412384
97,13,-11,-8308,9,7.386599808
97,14,2,-8304,14,7.387787232
97,15,20,-8322,10,7.388974656
97,16,0,-8301,10,7.390162080
97,17,5,-8323,-9,7.391349504
97,18,-4,-8289,15,7.392536928
97,19,34,-8288,16,7.393724352
97,20,24,-8317,-3,7.394911776
97,21,20,-8311,20,7.396099200
97,22,-19,-8308,2,7.397286624
97,23,2,-8300,10,7.398474048
97,24,4,-8311,46,7.399661472
97,25,18,-8322,-11,7.400848896
97,26,28,-8287,17,7.402036320
97,27,0,-8290,-8,7.403223744
97,28,42,-8306,16,7.404411168
97,29,26,-8327,8,7.405598592
97,30,5,-8334,-1,7.406786016
97,31,-9,-8312,-1,7.407973440
97,32,-3,-8295,-5,7.409160864
97,33,6,-8302,8,7.410348288
97,34,11,-8313,13,7.411535712
97,35,21,-8306,11,7.412723136
97,36,20,-8321,16,7.413910560
97,37,-8,-8314,23,7.415097984
97,38,13,-8306,2,7.416285408
97,39,9,-8316,5,7.417472832
97,40,-15,-8299,0,7.418660256
97,41,20,-8306,11,7.419847680
97,42,12,-8284,24,7.421035104
97,43,34,-8311,29,7.422222528
97,44,-8,-8322,-8,7.423409952
97,45,-11,-8316,13,7.424597376
97,46,4,-8303,5,7.425784800
97,47,-16,-8280,-9,7.426972224
97,48,9,-8292,1,7.428159648
97,49,18,-8300,4,7.429347072
97,50,8,-8298,10,7.430534496
97,51,26,-8318,3,7.431721920
97,52,-5,-8300,-7,7.432909344
97,53,30,-8298,-14,7.434096768
97,54,2,-8304,-7,7.435284192
97,55,13,-8298,-1,7.436471616
97,56,9,-8291,-3,7.437659040
97,57,42,-8315,24,7.438846464
97,58,-6,-8280,10,7.440033888
97,59,-11,-8306,-6,7.441221312
97,60,29,-8294,9,7.442408736
97,61,24,-8278,-14,7.443596160
97,62,12,-8289,21,7.444783584
97,63,-2,-8284,1,7.445971008
97,64,26,-8288,31,7.447158432
98,1,28,-8311,7,7.448345856
98,2,28,-8300,17,7.449533280
98,3,-13,-8305,25,7.450720704
98,4,-20,-8308,4,7.451908128
98,5,4,-8341,-11,7.453095552
98,6,16,-8299,-1,7.454282976
98,7,32,-8317,34,7.455470400
98,8,1,-8299,3,7.456657824
98,9,-4,-8289,32,7.457845248
98,10,-23,-8304,9,7.459032672
98,11,0,-8295,19,7.460220096
98,12,24,-8295,28,7.461407520
98,13,18,-8305,-10,7.462594944
98,14,14,-8308,32,7.463782368
98,15,30,-8329,-16,7.464969792
98,16,36,-8294,26,7.466157216
98,17,17,-8319,-3,7.467344640
98,18,7,-8302,37,7.468532064
98,19,6,-8299,17,7.469719488
98,20,17,-8313,19,7.470906912
98,21,38,-8311,8,7.472094336
98,22,-8,-8307,8,7.473281760
98,23,-7,-8327,27,7.474469184
98,24,21,-8304,1,7.475656608
98,25,8,-8310,34,7.476844032
98,26,11,-8275,-13,7.478031456
98,27,10,-8298,11,7.479218880
98,28,6,-8318,6,7.480406304
98,29,21,-8329,1,7.481593728
98,30,27,-8324,27,7.482781152
98,31,8,-8324,15,7.483968576
98,32,23,-8325,3,7.485156000
98,33,16,-8325,13,7.486343424
98,34,32,-8303,-9,7.487530848
98,35,9,-8311,27,7.488718272
98,36,33,-8280,5,7.489905696
98,37,37,-8303,23,7.491093120
98,38,16,-8311,5,7.492280544
98,39,26,-8307,3,7.493467968
98,40,21,-8303,20,7.494655392
98,41,31,-8299,-1,7.495842816
98,42,26,-8299,32,7.497030240
98,43,51,-8299,5,7.498217664
98,44,43,-8297,10,7.499405088
98,45,5,-8313,20,7.500592512
98,46,-16,-8310,-21,7.501779936
98,47,-16,-8278,31,7.502967360
98,48,-6,-8290,12,7.504154784
98,49,23,-8279,-12,7.505342208
98,50,41,-8303,41,7.506529632
98,51,14,-8310,-10,7.507717056
98,52,16,-8293,17,7.508904480
98,53,32,-8313,31,7.510091904
98,54,11,-8320,13,7.511279328
98,55,16,-8317,21,7.512466752
98,56,13,-8294,34,7.513654176
98,57,17,-8280,15,7.514841600
98,58,6,-8279,13,7.516029024
98,59,36,-8286,2,7.517216448
98,60,11,-8308,-3,7.518403872
98,61,13,-8323,3,7.519591296
98,62,4,-8298,-5,7.520778720
98,63,-11,-8286,13,7.521966144
98,64,35,-8289,7,7.523153568
99,1,5,-8297,16,7.524340992
99,2,-10,-8292,3,7.525528416
99,3,7,-8314,8,7.526715840
99,4,-23,-8302,11,7.527903264
99,5,3,-8289,-11,7.529090688
99,6,-9,-8305,5,7.530278112
99,7,1,-8289,26,7.531465536
99,8,25,-8294,31,7.532652960
99,9,6,-8308,28,7.533840384
99,10,22,-8270,9,7.535027808
99,11,4,-8315,-18,7.536215232
99,12,-4,-8306,-15,7.537402656
99,13,21,-8304,-3,7.538590080
99,14,14,-8291,14,7.539777504
99,15,1,-8304,3,7.540964928
99,16,16,-8295,-10,7.542152352
99,17,7,-8285,14,7.543339776
99,18,8,-8291,3,7.544527200
99,19,0,-8287,8,7.545714624
99,20,5,-8287,13,7.546902048
99,21,-5,-8296,15,7.548089472
99,22,16,-8273,11,7.549276896
99,23,18,-8277,7,7.550464320
99,24,17,-8311,21,7.551651744
99,25,22,-8301,4,7.552839168
99,26,10,-8277,0,7.554026592
99,27,-18,-8319,26,7.555214016
99,28,8,-8291,-17,7.556401440
99,29,-13,-8293,-5,7.557588864
99,30,18,-8301,12,7.558776288
99,31,20,-8295,2,7.559963712
99,32,17,-8310,-2,7.561151136
99,33,-15,-8299,19,7.562338560
99,34,-15,-8306,-11,7.563525984
99,35,-10,-8290,13,7.564713408
99,36,-20,-8290,-1,7.565900832
99,37,12,-8278,-19,7.567088256
99,38,19,-8311,7,7.568275680
99,39,29,-8299,20,7.569463104
99,40,-2,-8285,10,7.570650528
99,41,24,-8296,-7,7.571837952
99,42,2,-8308,8,7.573025376
99,43,21,-8313,4,7.574212800
99,44,24,-8292,31,7.575400224
99,45,17,-8309,14,7.576587648
99,46,19,-8292,3,7.577775072
99,47,-25,-8317,13,7.578962496
99,48,10,-8320,4,7.580149920
99,49,28,-8282,18,7.581337344
99,50,10,-8287,3,7.582524768
99,51,-3,-8302,53,7.583712192
99,52,-8,-8311,1,7.584899616
99,53,11,-8307,-11,7.586087040
99,54,-2,-8321,30,7.587274464
99,55,-3,-8320,-11,7.588461888
99,56,4,-8310,15,7.589649312
99,57,-6,-8288,21,7.590836736
99,58,6,-8300,3,7.592024160
99,59,7,-8297,8,7.593211584
99,60,8,-8297,18,7.594399008
99,61,4,-8292,-7,7.595586432
99,62,-26,-8304,-11,7.596773856
99,63,-3,-8313,20,7.597961280
99,64,13,-8297,-2,7.599148704
100,1,-1,-8286,-13,7.600336128
100,2,11,-8286,9,7.601523552
100,3,7,-8295,12,7.602710976
100,4,11,-8316,14,7.603898400
100,5,-2,-8305,20,7.605085824
100,6,0,-8300,14,7.606273248
100,7,8,-8308,15,7.607460672
100,8,-10,-8302,13,7.608648096
100,9,-4,-8308,9,7.609835520
100,10,-9,-8315,-8,7.611022944
100,11,-18,-8296,8,7.612210368
100,12,-3,-8326,-6,7.613397792
100,13,8,-8282,20,7.614585216
100,14,1,-8271,11,7.615772640
100,15,26,-8311,0,7.616960064
100,16,29,-8302,25,7.618147488
100,17,-6,-8304,9,7.619334912
100,18,-22,-8279,2,7.620522336
100,19,-12,-8291,11,7.621709760
100,20,-7,-8298,-16,7.622897184
100,21,15,-8289,-6,7.624084608
100,22,12,-8310,17,7.625272032
100,23,13,-8301,-6,7.626459456
100,24,32,-8301,11,7.627646880
100,25,16,-8312,30,7.628834304
100,26,7,-8289,-10,7.630021728
100,27,7,-8305,18,7.631209152
100,28,25,-8296,1,7.632396576
100,29,-1,-8312,11,7.633584000
100,30,0,-8335,5,7.634771424
100,31,12,-8297,9,7.635958848
100,32,25,-8299,25,7.637146272
100,33,18,-8300,7,7.638333696
100,34,12,-8313,10,7.639521120
100,35,-18,-8288,16,7.640708544
100,36,-20,-8312,28,7.641895968
100,37,-3,-8293,5,7.643083392
100,38,-1,-8303,38,7.644270816
100,39,9,-8301,-22,7.645458240
100,40,-5,-8309,14,7.646645664
100,41,25,-8324,-3,7.647833088
100,42,11,-8324,-17,7.649020512
100,43,23,-8295,41,7.650207936
100,44,11,-8299,-13,7.651395360
100,45,24,-8305,27,7.652582784
100,46,12,-8309,-2,7.653770208
100,47,-9,-8291,33,7.654957632
100,48,27,-8292,-7,7.656145056
100,49,18,-8304,6,7.657332480
100,50,27,-8305,7,7.658519904
100,51,20,-8308,11,7.659707328
100,52,23,-8308,30,7.660894752
100,53,18,-8314,-16,7.662082176
100,54,25,-8296,-3,7.663269600
100,55,20,-8303,34,7.664457024
100,56,25,-8294,-11,7.665644448
100,57,18,-8315,8,7.666831872
100,58,22,-8305,12,7.668019296
100,59,-4,-8299,21,7.669206720
100,60,7,-8304,16,7.670394144
100,61,31,-8302,-18,7.671581568
100,62,1,-8323,5,7.672768992
100,63,-3,-8273,-11,7.673956416
100,64,26,-8313,6,7.675143840
101,1,31,-8282,19,7.676331264
101,2,15,-8290,-4,7.677518688
101,3,11,-8303,24,7.678706112
101,4,8,-8309,-10,7.679893536
101,5,56,-8268,29,7.681080960
101,6,31,-8276,20,7.682268384
101,7,41,-8286,25,7.683455808
101,8,6,-8283,-9,7.684643232
101,9,21,-8304,14,7.685830656
101,10,40,-8310,29,7.687018080
101,11,16,-8312,6,7.688205504
101,12,21,-8305,2,7.689392928
101,13,16,-8294,17,7.690580352
101,14,1,-8304,9,7.691767776
101,15,36,-8313,11,7.692955200
101,16,7,-8312,7,7.694142624
101,17,36,-8315,9,7.695330048
101,18,21,-8294,3,7.696517472
101,19,6,-8311,9,7.697704896
101,20,-2,-8302,9,7.698892320
101,21,0,-8302,4,7.700079744
101,22,27,-8301,4,7.701267168
101,23,53,-8304,-10,7.702454592
101,24,10,-8333,27,7.703642016
101,25,6,-8335,8,7.704829440
101,26,25,-8310,6,7.706016864
101,27,31,-8308,-11,7.707204288
101,28,11,-8319,-12,7.708391712
101,29,23,-8316,42,7.709579136
101,30,12,-8323,8,7.710766560
101,31,-6,-8298,18,7.711953984
101,32,1,-8326,11,7.713141408
101,33,15,-8313,2,7.714328832
101,34,4,-8312,0,7.715516256
101,35,12,-8310,3,7.716703680
101,36,13,-8310,-1,7.717891104
101,37,12,-8321,10,7.719078528
101,38,26,-8341,-2,7.720265952
101,39,41,-8323,13,7.721453376
101,40,48,-8298,9,7.722640800
101,41,13,-8307,-6,7.723828224
101,42,13,-8307,10,7.725015648
101,43,12,-8279,-5,7.726203072
101,44,1,-8303,30,7.727390496
101,45,-3,-8302,15,7.728577920
101,46,-19,-8310,16,7.729765344
101,47,-11,-8326,26,7.730952768
101,48,17,-8312,3,7.732140192
101,49,27,-8297,9,7.733327616
101,50,5,-8301,2,7.734515040
101,51,9,-8287,-1,7.735702464
101,52,17,-8271,20,7.736889888
101,53,12,-8319,14,7.738077312
101,54,12,-8291,11,7.739264736
101,55,-5,-8280,-18,7.740452160
101,56,24,-8300,29,7.741639584
101,57,30,-8267,-4,7.742827008
101,58,38,-8288,2,7.744014432
101,59,14,-8313,22,7.745201856
101,60,-14,-8302,16,7.746389280
101,61,27,-8303,26,7.747576704
101,62,17,-8297,6,7.748764128
101,63,18,-8321,16,7.749951552
101,64,18,-8303,33,7.751138976
102,1,25,-8290,26,7.752326400
102,2,11,-8296,13,7.753513824
102,3,12,-8320,-9,7.754701248
102,4,-2,-8291,4,7.755888672
102,5,9,-8321,19,7.757076096
102,6,15,-8293,12,7.758263520
102,7,21,-8308,-10,7.759450944
102,8,27,-8296,2,7.760638368
102,9,2,-8303,1,7.761825792
102,10,2,-8305,4,7.763013216
102,11,0,-8310,39,7.764200640
102,12,-2,-8295,13,7.765388064
102,13,0,-8299,49,7.766575488
102,14,20,-8345,-4,7.767762912
102,15,13,-8295,53,7.768950336
102,16,19,-8302,20,7.770137760
102,17,31,-8301,20,7.771325184
102,18,5,-8313,12,7.772512608
102,19,8,-8327,10,7.773700032
102,20,9,-8302,34,7.774887456
102,21,11,-8320,-19,7.776074880
102,22,38,-8297,30,7.777262304
102,23,31,-8295,13,7.778449728
102,24,4,-8304,31,7.779637152
102,25,8,-8304,3,7.780824576
102,26,9,-8307,1,7.782012000
102,27,14,-8314,12,7.783199424
102,28,4,-8284,0,7.784386848
102,29,6,-8302,5,7.785574272
102,30,30,-8315,21,7.786761696
102,31,17,-8295,-17,7.787949120
102,32,28,-8288,5,7.789136544
102,33,10,-8285,4,7.790323968
102,34,12,-8330,8,7.791511392
102,35,-16,-8284,22,7.792698816
102,36,10,-8299,19,7.793886240
102,37,27,-8316,20,7.795073664
102,38,43,-8308,0,7.796261088
102,39,13,-8326,-8,7.797448512
102,40,0,-8301,-6,7.798635936
102,41,-8,-8279,-10,7.799823360
102,42,-1,-8280,-10,7.801010784
102,43,-12,-8277,46,7.802198208
102,44,28,-8301,-7,7.803385632
102,45,13,-8292,39,7.804573056
102,46,14,-8294,3,7.805760480
102,47,7,-8306,25,7.806947904
102,48,1,-8304,-2,7.808135328
102,49,-7,-8315,1,7.809322752
102,50,-20,-8298,-1,7.810510176
102,51,11,-8318,1,7.811697600
102,52,13,-8301,21,7.812885024
102,53,7,-8284,10,7.814072448
102,54,8,-8309,13,7.815259872
102,55,-9,-8306,10,7.816447296
102,56,25,-8295,-8,7.817634720
102,57,18,-8308,17,7.818822144
102,58,-6,-8299,18,7.820009568
102,59,16,-8290,8,7.821196992
102,60,24,-8295,-12,7.822384416
102,61,11,-8303,8,7.823571840
102,62,-10,-8319,0,7.824759264
102,63,-27,-8310,-5,7.825946688
102,64,7,-8320,8,7.827134112
103,1,12,-8303,-8,7.828321536
103,2,18,-8309,0,7.829508960
103,3,24,-8305,3,7.830696384
103,4,-11,-8334,8,7.831883808
103,5,27,-8299,3,7.833071232
103,6,25,-8303,16,7.834258656
103,7,15,-8267,18,7.835446080
103,8,7,-8308,12,7.836633504
103,9,-6,-8320,3,7.837820928
103,10,34,-8301,16,7.839008352
103,11,5,-8311,21,7.840195776
103,12,7,-8311,6,7.841383200
103,13,-2,-8298,-13,7.842570624
103,14,-19,-8297,3,7.843758048
103,15,18,-8298,4,7.844945472
103,16,-3,-8286,17,7.846132896
103,17,33,-8299,35,7.847320320
103,18,0,-8304,15,7.848507744
103,19,-1,-8308,11,7.849695168
103,20,-3,-8305,-14,7.850882592
103,21,-10,-8320,13,7.852070016
103,22,13,-8276,-9,7.853257440
103,23,4,-8315,20,7.854444864
103,24,42,-8294,20,7.855632288
103,25,10,-8292,-11,7.856819712
103,26,16,-8324,16,7.858007136
103,27,-5,-8288,13,7.859194560
103,28,9,-8302,11,7.860381984
103,29,21,-8301,4,7.861569408
103,30,27,-8298,6,7.862756832
103,31,21,-8276,-11,7.863944256
103,32,38,-8300,28,7.865131680
103,33,25,-8308,-14,7.866319104
103,34,8,-8345,1,7.867506528
103,35,2,-8309,8,7.868693952
103,36,-5,-8303,16,7.869881376
103,37,22,-8308,12,7.871068800
103,38,28,-8314,8,7.872256224
103,39,31,-8283,10,7.873443648
103,40,42,-8302,3,7.874631072
103,41,3,-8299,23,7.875818496
103,42,33,-8293,26,7.877005920
103,43,21,-8323,-4,7.878193344
103,44,13,-8296,-4,7.879380768
103,45,31,-8302,-22,7.880568192
103,46,42,-8275,-2,7.881755616
103,47,23,-8331,-4,7.882943040
103,48,36,-8323,-14,7.884130464
103,49,2,-8320,25,7.885317888
103,50,26,-8276,9,7.886505312
103,51,5,-8304,4,7.887692736
103,52,16,-8308,-5,7.888880160
103,53,38,-8297,15,7.890067584
103,54,15,-8316,1,7.891255008
103,55,20,-8302,0,7.892442432
103,56,-12,-8304,12,7.893629856
103,57,18,-8288,13,7.894817280
103,58,27,-8317,2,7.896004704
103,59,0,-8313,6,7.897192128
103,60,-2,-8311,5,7.898379552
103,61,-11,-8286,20,7.899566976
103,62,14,-8298,15,7.900754400
103,63,6,-8314,-21,7.901941824
103,64,0,-8289,-7,7.903129248
104,1,11,-8306,1,7.904316672
104,2,9,-8300,24,7.905504096
104,3,7,-8308,7,7.906691520
104,4,5,-8318,22,7.907878944
104,5,13,-8312,6,7.909066368
104,6,-8,-8321,36,7.910253792
104,7,-3,-8307,10,7.911441216
104,8,11,-8303,-7,7.912628640
104,9,20,-8321,16,7.913816064
104,10,-9,-8299,11,7.915003488
104,11,40,-8294,15,7.916190912
104,12,15,-8274,2,7.917378336
104,13,22,-8308,17,7.918565760
104,14,17,-8309,-4,7.919753184
104,15,17,-8296,8,7.920940608
104,16,27,-8295,16,7.922128032
104,17,-11,-8293,9,7.923315456
104,18,12,-8294,4,7.924502880
104,19,21,-8329,17,7.925690304
104,20,15,-8314,12,7.926877728
104,21,-9,-8304,3,7.928065152
104,22,-2,-8300,-1,7.929252576
104,23,-3,-8308,-19,7.930440000
104,24,-9,-8287,1,7.931627424
104,25,16,-8268,-9,7.932814848
104,26,18,-8302,29,7.934002272
104,27,31,-8278,18,7.935189696
104,28,20,-8291,27,7.936377120
104,29,5,-8314,22,7.937564544
104,30,-2,-8309,10,7.938751968
104,31,6,-8288,16,7.939939392
104,32,19,-8312,-9,7.941126816
104,33,-21,-8311,1,7.942314240
104,34,18,-8316,2,7.943501664
104,35,15,-8302,-19,7.944689088
104,36,24,-8311,10,7.945876512
104,37,-3,-8302,0,7.947063936
104,38,2,-8308,27,7.948251360
104,39,4,-8329,20,7.949438784
104,40,6,-8309,13,7.950626208
104,41,-8,-8313,23,7.951813632
104,42,11,-8307,7,7.953001056
104,43,4,-8330,36,7.954188480
104,44,-5,-8313,4,7.955375904
104,45,0,-8317,-5,7.956563328
104,46,12,-8317,2,7.957750752
104,47,16,-8329,17,7.958938176
104,48,31,-8313,28,7.960125600
104,49,21,-8303,-4,7.961313024
104,50,5,-8327,3,7.962500448
104,51,-4,-8294,10,7.963687872
104,52,-26,-8332,28,7.964875296
104,53,7,-8282,16,7.966062720
104,54,-1,-8307,4,7.967250144
104,55,3,-8287,20,7.968437568
104,56,28,-8317,18,7.969624992
104,57,13,-8319,17,7.970812416
104,58,17,-8306,9,7.971999840
104,59,-14,-8331,-1,7.973187264
104,60,-10,-8330,20,7.974374688
104,61,4,-8325,19,7.975562112
104,62,25,-8303,18,7.976749536
104,63,11,-8302,9,7.977936960
104,64,-7,-8305,-4,7.979124384
105,1,13,-8300,18,7.980311808
105,2,17,-8297,-11,7.981499232
105,3,10,-8312,0,7.982686656
105,4,-3,-8310,5,7.983874080
105,5,15,-8294,-17,7.985061504
105,6,23,-8289,20,7.986248928
105,7,36,-8303,-9,7.987436352
105,8,17,-8349,37,7.988623776
105,9,31,-8312,22,7.989811200
105,10,15,-8307,22,7.990998624
105,11,1,-8326,30,7.992186048
105,12,26,-8316,-6,7.993373472
105,13,18,-8294,16,7.994560896
105,14,29,-8304,19,7.995748320
105,15,-5,-8334,20,7.996935744
105,16,14,-8314,2,7.998123168
105,17,31,-8295,11,7.999310592
105,18,14,-8313,-3,8.000498016
105,19,28,-8303,4,8.001685440
105,20,42,-8306,8,8.002872864
105,21,16,-8306,22,8.004060288
105,22,10,-8322,19,8.005247712
105,23,26,-8306,0,8.006435136
105,24,14,-8306,16,8.007622560
105,25,23,-8284,-8,8.008809984
105,26,26,-8296,4,8.009997408
105,27,11,-8288,-5,8.011184832
105,28,32,-8299,10,8.012372256
105,29,40,-8278,-13,8.013559680
105,30,18,-8318,3,8.014747104
105,31,27,-8326,16,8.015934528
105,32,26,-8308,-13,8.017121952
105,33,23,-8281,21,8.018309376
105,34,30,-8297,-19,8.019496800
105,35,26,-8279,12,8.020684224
105,36,11,-8305,8,8.021871648
105,37,24,-8309,35,8.023059072
105,38,-11,-8314,-7,8.024246496
105,39,8,-8292,28,8.025433920
105,40,26,-8309,0,8.026621344
105,41,31,-8322,12,8.027808768
105,42,20,-8306,-17,8.028996192
105,43,50,-8309,3,8.030183616
105,44,2,-8327,-11,8.031371040
105,45,24,-8311,5,8.032558464
105,46,-13,-8305,21,8.033745888
105,47,39,-8281,-22,8.034933312
105,48,15,-8333,39,8.036120736
105,49,3,-8323,-17,8.037308160
105,50,22,-8297,11,8.038495584
105,51,20,-8293,-14,8.039683008
105,52,29,-8306,18,8.040870432
105,53,14,-8296,-3,8.042057856
105,54,2,-8302,0,8.043245280
105,55,22,-8289,15,8.044432704
105,56,24,-8315,-3,8.045620128
105,57,21,-8306,22,8.046807552
105,58,10,-8316,7,8.047994976
105,59,19,-8315,28,8.049182400
105,60,-1,-8337,-1,8.050369824
105,61,12,-8306,25,8.051557248
105,62,4,-8297,-11,8.052744672
105,63,37,-8316,21,8.053932096
105,64,29,-8294,-5,8.055119520
106,1,28,-8301,18,8.056306944
106,2,26,-8307,9,8.057494368
106,3,-15,-8297,10,8.058681792
106,4,43,-8298,-16,8.059869216
106,5,22,-8309,13,8.061056640
106,6,28,-8298,18,8.062244064
106,7,-2,-8317,11,8.063431488
106,8,40,-8314,11,8.064618912
106,9,31,-8299,14,8.065806336
106,10,-19,-8301,19,8.066993760
106,11,16,-8310,17,8.068181184
106,12,-4,-8314,2,8.069368608
106,13,27,-8321,10,8.070556032
106,14,20,-8288,-4,8.071743456
106,15,4,-8316,23,8.072930880
106,16,29,-8313,-12,8.074118304
106,17,34,-8303,5,8.075305728
106,18,14,-8304,16,8.076493152
106,19,-1,-8294,11,8.077680576
106,20,-10,-8293,33,8.078868000
106,21,31,-8315,-1,8.080055424
106,22,14,-8302,11,8.081242848
106,23,16,-8313,18,8.082430272
106,24,22,-8308,7,8.083617696
106,25,-10,-8306,10,8.084805120
106,26,-8,-8291,-3,8.085992544
106,27,-4,-8326,-12,8.087179968
106,28,12,-8293,22,8.088367392
106,29,12,-8297,8,8.089554816
106,30,-2,-8302,4,8.090742240
106,31,-24,-8306,28,8.091929664
106,32,20,-8317,26,8.093117088
106,33,-13,-8296,5,8.094304512
106,34,-5,-8334,-2,8.095491936
106,35,-2,-8339,10,8.096679360
106,36,-5,-8298,-8,8.097866784
106,37,26,-8306,14,8.099054208
106,38,0,-8314,29,8.100241632
106,39,5,-8336,14,8.101429056
106,40,1,-8319,17,8.102616480
106,41,-7,-8324,-7,8.103803904
106,42,-2,-8298,3,8.104991328
106,43,1,-8300,12,8.106178752
106,44,13,-8304,-4,8.107366176
106,45,25,-8317,32,8.108553600
106,46,-2,-8315,16,8.109741024
106,47,27,-8309,20,8.110928448
106,48,37,-8289,-6,8.112115872
106,49,-5,-8293,12,8.113303296
106,50,-9,-8299,-1,8.114490720
106,51,-12,-8303,-9,8.115678144
106,52,3,-8311,30,8.116865568
106,53,2,-8273,12,8.118052992
106,54,4,-8268,4,8.119240416
106,55,24,-8290,41,8.120427840
106,56,-1,-8291,1,8.121615264
106,57,-18,-8295,9,8.122802688
106,58,-8,-8302,15,8.123990112
106,59,-7,-8314,24,8.125177536
106,60,-7,-8328,10,8.126364960
106,61,1,-8296,-10,8.127552384
106,62,1,-8304,4,8.128739808
106,63,5,-8287,-13,8.129927232
106,64,18,-8309,32,8.131114656
107,1,15,-8290,20,8.132302080
107,2,10,-8311,6,8.133489504
107,3,-5,-8306,6,8.134676928
107,4,15,-8306,8,8.135864352
107,5,13,-8281,8,8.137051776
107,6,-13,-8297,13,8.138239200
107,7,-7,-8313,-21,8.139426624
107,8,24,-8307,10,8.140614048
107,9,11,-8303,1,8.141801472
107,10,7,-8280,-2,8.142988896
107,11,-7,-8294,-9,8.144176320
107,12,2,-8290,4,8.145363744
107,13,4,-8295,46,8.146551168
107,14,30,-8294,21,8.147738592
107,15,-1,-8298,14,8.148926016
107,16,-3,-8292,-19,8.150113440
107,17,28,-8300,8,8.151300864
107,18,21,-8298,12,8.152488288
107,19,13,-8291,8,8.153675712
107,20,19,-8301,7,8.154863136
107,21,9,-8293,1,8.156050560
107,22,7,-8308,36,8.157237984
107,23,5,-8318,-10,8.158425408
107,24,-15,-8292,25,8.159612832
107,25,24,-8289,28,8.160800256
107,26,9,-8284,49,8.161987680
107,27,14,-8298,0,8.163175104
107,28,4,-8296,21,8.164362528
107,29,2,-8315,4,8.165549952
107,30,16,-8292,-5,8.166737376
107,31,15,-8309,18,8.167924800
107,32,51,-8306,-15,8.169112224
107,33,74,-8326,-15,8.170299648
107,34,99,-8326,-40,8.171487072
107,35,130,-8304,-36,8.172674496
107,36,191,-8306,-57,8.173861920
107,37,257,-8306,-111,8.175049344
107,38,242,-8290,-99,8.176236768
107,39,248,-8302,-158,8.177424192
107,40,231,-8312,-138,8.178611616
107,41,177,-8313,-146,8.179799040
107,42,157,-8297,-118,8.180986464
107,43,66,-8314,-148,8.182173888
107,44,45,-8317,-123,8.183361312
107,45,45,-8295,-132,8.184548736
107,46,34,-8330,-154,8.185736160
107,47,36,-8312,-144,8.186923584
107,48,79,-8316,-137,8.188111008
107,49,113,-8294,-135,8.189298432
107,50,127,-8308,-165,8.190485856
107,51,130,-8350,-127,8.191673280
107,52,215,-8297,-196,8.192860704
107,53,244,-8278,-186,8.194048128
107,54,231,-8282,-205,8.195235552
107,55,220,-8241,-172,8.196422976
107,56,172,-8180,-174,8.197610400
107,57,146,-8266,-156,8.198797824
107,58,148,-8257,-152,8.199985248
107,59,130,-8226,-138,8.201172672
107,60,179,-8264,-135,8.202360096
107,61,173,-8288,-166,8.203547520
107,62,197,-8300,-153,8.204734944
107,63,217,-8288,-221,8.205922368
107,64,233,-8286,-202,8.207109792
108,1,202,-8281,-246,8.208297216
108,2,162,-8303,-252,8.209484640
108,3,136,-8298,-253,8.210672064
108,4,110,-8301,-312,8.211859488
108,5,75,-8301,-274,8.213046912
108,6,59,-8307,-328,8.214234336
108,7,41,-8343,-298,8.215421760
108,8,-1,-8338,-343,8.216609184
108,9,2,-8338,-375,8.217796608
108,10,47,-8364,-378,8.218984032
108,11,75,-8382,-380,8.220171456
108,12,131,-8360,-380,8.221358880
108,13,176,-8368,-410,8.222546304
108,14,250,-8328,-414,8.223733728
108,15,276,-8323,-423,8.224921152
108,16,288,-8256,-432,8.226108576
108,17,282,-8262,-469,8.227296000
108,18,241,-8272,-434,8.228483424
108,19,207,-8231,-438,8.229670848
108,20,181,-8209,-389,8.230858272
108,21,132,-8248,-386,8.232045696
108,22,103,-8241,-349,8.233233120
108,23,91,-8260,-317,8.234420544
108,24,87,-8296,-285,8.235607968
108,25,94,-8298,-288,8.236795392
108,26,138,-8325,-293,8.237982816
108,27,190,-8313,-252,8.239170240
108,28,216,-8313,-251,8.240357664
108,29,196,-8313,-262,8.241545088
108,30,211,-8281,-231,8.242732512
108,31,194,-8288,-276,8.243919936
108,32,172,-8276,-256,8.245107360
108,33,126,-8273,-275,8.246294784
108,34,118,-8253,-265,8.247482208
108,35,70,-8293,-267,8.248669632
108,36,13,-8298,-249,8.249857056
108,37,-1,-8333,-242,8.251044480
108,38,-47,-8353,-232,8.252231904
108,39,-27,-8393,-238,8.253419328
108,40,-37,-8367,-248,8.254606752
108,41,1,-8399,-222,8.255794176
108,42,-1,-8398,-214,8.256981600
108,43,-13,-8368,-248,8.258169024
108,44,24,-8335,-234,8.259356448
108,45,10,-8387,-222,8.260543872
108,46,-40,-8381,-244,8.261731296
108,47,-29,-8326,-249,8.262918720
108,48,-59,-8328,-233,8.264106144
108,49,-105,-8350,-224,8.265293568
108,50,-146,-8307,-199,8.266480992
108,51,-167,-8315,-154,8.267668416
108,52,-161,-8327,-143,8.268855840
108,53,-195,-8271,-95,8.270043264
108,54,-222,-8289,-81,8.271230688
108,55,-215,-8274,-56,8.272418112
108,56,-186,-8240,-51,8.273605536
108,57,-147,-8229,-29,8.274792960
108,58,-163,-8207,-19,8.275980384
108,59,-163,-8168,-13,8.277167808
108,60,-165,-8214,-6,8.278355232
108,61,-187,-8158,-20,8.279542656
108,62,-206,-8140,3,8.280730080
108,63,-200,-8150,-11,8.281917504
108,64,-198,-8161,35,8.283104928
109,1,-221,-8182,11,8.284292352
109,2,-219,-8201,28,8.285479776
109,3,-227,-8233,32,8.286667200
109,4,-199,-8251,31,8.287854624
109,5,-183,-8286,59,8.289042048
109,6,-176,-8288,41,8.290229472
109,7,-145,-8275,72,8.291416896
109,8,-102,-8279,20,8.292604320
109,9,-81,-8298,13,8.293791744
109,10,-93,-8308,-11,8.294979168
109,11,-87,-8269,-26,8.296166592
109,12,-105,-8313,-34,8.297354016
109,13,-70,-8320,-48,8.298541440
109,14,-63,-8333,-47,8.299728864
109,15,-76,-8349,-38,8.300916288
109,16,-66,-8378,-26,8.302103712
109,17,-96,-8422,-9,8.303291136
109,18,-83,-8447,27,8.304478560
109,19,-95,-8430,55,8.305665984
109,20,-107,-8450,104,8.306853408
109,21,-94,-8446,124,8.308040832
109,22,-91,-8462,145,8.309228256
109,23,-69,-8458,136,8.310415680
109,24,-69,-8475,144,8.311603104
109,25,-91,-8433,151,8.312790528
109,26,-80,-8406,167,8.313977952
109,27,-121,-8380,199,8.315165376
109,28,-109,-8367,206,8.316352800
109,29,-139,-8340,237,8.317540224
109,30,-131,-8316,246,8.318727648
109,31,-155,-8341,273,8.319915072
109,32,-145,-8322,311,8.321102496
109,33,-170,-8317,328,8.322289920
109,34,-163,-8279,305,8.323477344
109,35,-146,-8255,333,8.324664768
109,36,-148,-8246,317,8.325852192
109,37,-179,-8244,296,8.327039616
109,38,-159,-8232,323,8.328227040
109,39,-159,-8214,277,8.329414464
109,40,-146,-8171,318,8.330601888
109,41,-134,-8208,270,8.331789312
109,42,-110,-8194,280,8.332976736
109,43,-124,-8202,258,8.334164160
109,44,-114,-8207,270,8.335351584
109,45,-111,-8163,240,8.336539008
109,46,-129,-8210,252,8.337726432
109,47,-133,-8200,243,8.338913856
109,48,-118,-8223,249,8.340101280
109,49,-83,-8232,302,8.341288704
109,50,-69,-8217,270,8.342476128
109,51,-79,-8245,343,8.343663552
109,52,-26,-8231,275,8.344850976
109,53,-61,-8213,277,8.346038400
109,54,-24,-8246,269,8.347225824
109,55,-36,-8243,260,8.348413248
109,56,2,-8235,299,8.349600672
109,57,-3,-8250,293,8.350788096
109,58,-5,-8286,306,8.351975520
109,59,-4,-8314,350,8.353162944
109,60,-3,-8336,354,8.354350368
109,61,5,-8397,376,8.355537792
109,62,32,-8381,388,8.356725216
109,63,0,-8423,396,8.357912640
109,64,-4,-8408,414,8.359100064
110,1,24,-8402,400,8.360287488
110,2,17,-8442,460,8.361474912
110,3,8,-8429,421,8.362662336
110,4,7,-8419,387,8.363849760
110,5,-3,-8439,420,8.365037184
110,6,11,-8423,393,8.366224608
110,7,2,-8419,416,8.367412032
110,8,11,-8420,396,8.368599456
110,9,-5,-8439,395,8.369786880
110,10,-26,-8428,425,8.370974304
110,11,-9,-8465,380,8.372161728
110,12,-36,-8457,401,8.373349152
110,13,-48,-8460,384,8.374536576
110,14,-58,-8430,376,8.375724000
110,15,-63,-8416,357,8.376911424
110,16,-34,-8385,329,8.378098848
110,17,-35,-8364,346,8.379286272
110,18,-58,-8351,300,8.380473696
110,19,-57,-8337,305,8.381661120
110,20,-77,-8324,329,8.382848544
110,21,-65,-8304,312,8.384035968
110,22,-59,-8268,293,8.385223392
110,23,-64,-8246,272,8.386410816
110,24,-69,-8239,303,8.387598240
110,25,-53,-8232,280,8.388785664
110,26,-53,-8206,303,8.389973088
110,27,-62,-8198,300,8.391160512
110,28,-63,-8187,300,8.392347936
110,29,-45,-8149,308,8.393535360
110,30,-41,-8122,306,8.394722784
110,31,-34,-8112,312,8.395910208
110,32,-7,-8091,326,8.397097632
110,33,-31,-8115,300,8.398285056
110,34,-27,-8129,273,8.399472480
110,35,-4,-8133,287,8.400659904
110,36,17,-8144,270,8.401847328
110,37,-21,-8140,283,8.403034752
110,38,-2,-8166,255,8.404222176
110,39,42,-8183,263,8.405409600
110,40,17,-8234,281,8.406597024
110,41,9,-8227,264,8.407784448
110,42,35,-8279,248,8.408971872
110,43,25,-8306,263,8.410159296
110,44,62,-8335,233,8.411346720
110,45,63,-8350,215,8.412534144
110,46,49,-8362,237,8.413721568
110,47,57,-8363,231,8.414908992
110,48,83,-8371,214,8.416096416
110,49,67,-8401,169,8.417283840
110,50,83,-8413,199,8.418471264
110,51,90,-8440,157,8.419658688
110,52,82,-8447,164,8.420846112
110,53,71,-8471,149,8.422033536
110,54,103,-8514,152,8.423220960
110,55,113,-8516,170,8.424408384
110,56,84,-8498,172,8.425595808
110,57,85,-8509,192,8.426783232
110,58,77,-8524,170,8.427970656
110,59,106,-8498,183,8.429158080
110,60,105,-8467,135,8.430345504
110,61,84,-8464,177,8.431532928
110,62,84,-8451,170,8.432720352
110,63,79,-8438,159,8.433907776
110,64,70,-8406,183,8.435095200
111,1,87,-8378,145,8.436282624
111,2,69,-8370,202,8.437470048
111,3,60,-8297,144,8.438657472
111,4,79,-8308,139,8.439844896
111,5,73,-8292,125,8.441032320
111,6,55,-8265,134,8.442219744
111,7,48,-8249,123,8.443407168
111,8,60,-8227,106,8.444594592
111,9,45,-8190,117,8.445782016
111,10,74,-8176,97,8.446969440
111,11,83,-8170,119,8.448156864
111,12,89,-8174,60,8.449344288
111,13,75,-8150,77,8.450531712
111,14,77,-8140,30,8.451719136
111,15,84,-8147,9,8.452906560
111,16,95,-8134,-13,8.454093984
111,17,68,-8145,-11,8.455281408
111,18,76,-8162,-33,8.456468832
111,19,79,-8139,-47,8.457656256
111,20,68,-8124,-79,8.458843680
111,21,56,-8165,-79,8.460031104
111,22,73,-8176,-74,8.461218528
111,23,55,-8198,-103,8.462405952
111,24,57,-8205,-120,8.463593376
111,25,55,-8197,-99,8.464780800
111,26,75,-8215,-99,8.465968224
111,27,60,-8252,-116,8.467155648
111,28,41,-8264,-105,8.468343072
111,29,34,-8279,-122,8.469530496
111,30,48,-8286,-92,8.470717920
111,31,20,-8301,-123,8.471905344
111,32,54,-8346,-107,8.473092768
111,33,49,-8378,-110,8.474280192
111,34,32,-8391,-110,8.475467616
111,35,51,-8395,-108,8.476655040
111,36,36,-8384,-105,8.477842464
111,37,14,-8393,-97,8.479029888
111,38,32,-8445,-97,8.480217312
111,39,-5,-8427,-85,8.481404736
111,40,-5,-8423,-108,8.482592160
111,41,1,-8454,-90,8.483779584
111,42,-5,-8447,-105,8.484967008
111,43,-12,-8457,-87,8.486154432
111,44,15,-8462,-106,8.487341856
111,45,22,-8431,-90,8.488529280
111,46,13,-8436,-109,8.489716704
111,47,-24,-8419,-111,8.490904128
111,48,-18,-8403,-131,8.492091552
111,49,-4,-8411,-144,8.493278976
111,50,-27,-8378,-134,8.494466400
111,51,-19,-8394,-151,8.495653824
111,52,-38,-8331,-149,8.496841248
111,53,-45,-8363,-160,8.498028672
111,54,-41,-8313,-151,8.499216096
111,55,-53,-8288,-170,8.500403520
111,56,-49,-8283,-144,8.501590944
111,57,-48,-8261,-134,8.502778368
111,58,-55,-8270,-136,8.503965792
111,59,-47,-8266,-127,8.505153216
111,60,-33,-8211,-145,8.506340640
111,61,-66,-8203,-114,8.507528064
111,62,-46,-8191,-138,8.508715488
111,63,-39,-8174,-132,8.509902912
111,64,-49,-8167,-122,8.511090336
112,1,-43,-8131,-121,8.512277760
112,2,-34,-8124,-102,8.513465184
112,3,-53,-8108,-111,8.514652608
112,4,-42,-8124,-96,8.515840032
112,5,-19,-8121,-113,8.517027456
112,6,-54,-8148,-82,8.518214880
112,7,-5,-8157,-45,8.519402304
112,8,-10,-8147,-66,8.520589728
112,9,21,-8190,-68,8.521777152
112,10,3,-8180,-30,8.522964576
112,11,18,-8219,-55,8.524152000
112,12,-10,-8245,-31,8.525339424
112,13,16,-8246,-13,8.526526848
112,14,16,-8261,-47,8.527714272
112,15,7,-8287,-37,8.528901696
112,16,23,-8280,-48,8.530089120
112,17,25,-8310,-32,8.531276544
112,18,33,-8346,-91,8.532463968
112,19,15,-8368,-61,8.533651392
112,20,16,-8362,-57,8.534838816
112,21,16,-8396,-48,8.536026240
112,22,24,-8430,-52,8.537213664
112,23,20,-8439,-34,8.538401088
112,24,27,-8493,-67,8.539588512
112,25,8,-8432,-23,8.540775936
112,26,3,-8442,-74,8.541963360
112,27,23,-8470,-66,8.543150784
112,28,20,-8467,-40,8.544338208
112,29,39,-8453,-72,8.545525632
112,30,23,-8474,-21,8.546713056
112,31,28,-8463,-69,8.547900480
112,32,44,-8461,-55,8.549087904
112,33,2,-8440,-41,8.550275328
112,34,20,-8431,-73,8.551462752
112,35,-11,-8409,-25,8.552650176
112,36,15,-8388,-48,8.553837600
112,37,-5,-8379,-1,8.555025024
112,38,6,-8367,-33,8.556212448
112,39,-6,-8337,-24,8.557399872
112,40,-30,-8295,-24,8.558587296
112,41,-33,-8271,-37,8.559774720
112,42,-38,-8275,-35,8.560962144
112,43,-11,-8248,-17,8.562149568
112,44,-45,-8212,-22,8.563336992
112,45,-12,-8207,-14,8.564524416
112,46,-38,-8174,-39,8.565711840
112,47,-13,-8173,-45,8.566899264
112,48,-31,-8158,-30,8.568086688
112,49,-20,-8166,-48,8.569274112
112,50,-37,-8158,-24,8.570461536
112,51,-26,-8170,-34,8.571648960
112,52,-28,-8170,-36,8.572836384
112,53,-5,-8153,-50,8.574023808
112,54,-60,-8198,-17,8.575211232
112,55,-51,-8186,-62,8.576398656
112,56,-48,-8171,-46,8.577586080
112,57,-40,-8192,-69,8.578773504
112,58,-19,-8191,-66,8.579960928
112,59,-24,-8206,-68,8.581148352
112,60,-31,-8211,-59,8.582335776
112,61,1,-8243,-52,8.583523200
112,62,-13,-8264,-55,8.584710624
112,63,16,-8289,-65,8.585898048
112,64,8,-8280,-58,8.587085472
113,1,4,-8302,-46,8.588272896
113,2,18,-8339,-26,8.589460320
113,3,12,-8349,-21,8.590647744
113,4,15,-8356,-5,8.591835168
113,5,42,-8363,-1,8.593022592
113,6,25,-8380,9,8.594210016
113,7,14,-8386,26,8.595397440
113,8,29,-8396,-25,8.596584864
113,9,-4,-8401,20,8.597772288
113,10,28,-8404,2,8.598959712
113,11,35,-8398,41,8.600147136
113,12,12,-8393,38,8.601334560
113,13,19,-8408,38,8.602521984
113,14,21,-8418,50,8.603709408
113,15,47,-8411,42,8.604896832
113,16,50,-8415,65,8.606084256
113,17,32,-8393,42,8.607271680
113,18,24,-8385,73,8.608459104
113,19,10,-8372,37,8.609646528
113,20,15,-8375,54,8.610833952
113,21,25,-8379,49,8.612021376
113,22,23,-8360,44,8.613208800
113,23,22,-8359,39,8.614396224
113,24,3,-8351,13,8.615583648
113,25,28,-8338,24,8.616771072
113,26,3,-8308,13,8.617958496
113,27,-8,-8287,27,8.619145920
113,28,37,-8296,5,8.620333344
113,29,-7,-8258,31,8.621520768
113,30,17,-8275,26,8.622708192
113,31,22,-8274,11,8.623895616
113,32,9,-8257,-15,8.625083040
113,33,-2,-8251,-15,8.626270464
113,34,-16,-8256,-6,8.627457888
113,35,2,-8228,-33,8.628645312
113,36,12,-8223,7,8.629832736
113,37,29,-8199,-10,8.631020160
113,38,6,-8196,-5,8.632207584
113,39,12,-8193,-5,8.633395008
113,40,1,-8208,-4,8.634582432
113,41,-29,-8236,9,8.635769856
113,42,-3,-8212,-1,8.636957280
113,43,15,-8198,15,8.638144704
113,44,5,-8223,22,8.639332128
113,45,29,-8231,21,8.640519552
113,46,13,-8238,9,8.641706976
113,47,48,-8231,51,8.642894400
113,48,37,-8257,24,8.644081824
113,49,18,-8258,37,8.645269248
113,50,34,-8285,16,8.646456672
113,51,24,-8310,15,8.647644096
113,52,32,-8315,13,8.648831520
113,53,39,-8308,3,8.650018944
113,54,71,-8325,19,8.651206368
113,55,47,-8352,4,8.652393792
113,56,77,-8359,19,8.653581216
113,57,72,-8371,-4,8.654768640
113,58,85,-8399,-31,8.655956064
113,59,83,-8389,-14,8.657143488
113,60,100,-8370,-24,8.658330912
113,61,94,-8398,6,8.659518336
113,62,106,-8396,-28,8.660705760
113,63,108,-8401,1,8.661893184
113,64,90,-8402,-9,8.663080608
114,1,89,-8400,-7,8.664268032
114,2,81,-8399,-8,8.665455456
114,3,97,-8372,-14,8.666642880
114,4,77,-8385,-36,8.667830304
114,5,90,-8375,6,8.669017728
114,6,81,-8378,-9,8.670205152
114,7,77,-8394,-11,8.671392576
114,8,68,-8372,8,8.672580000
114,9,71,-8341,-14,8.673767424
114,10,59,-8313,-5,8.674954848
114,11,90,-8311,-22,8.676142272
114,12,65,-8319,6,8.677329696
114,13,57,-8277,-6,8.678517120
114,14,82,-8282,19,8.679704544
114,15,42,-8261,-2,8.680891968
114,16,76,-8265,26,8.682079392
114,17,69,-8242,12,8.683266816
114,18,64,-8221,19,8.684454240
114,19,72,-8225,6,8.685641664
114,20,45,-8227,-3,8.686829088
114,21,38,-8216,-6,8.688016512
114,22,4,-8251,38,8.689203936
114,23,25,-8236,8,8.690391360
114,24,37,-8215,8,8.691578784
114,25,26,-8216,-3,8.692766208
114,26,48,-8228,17,8.693953632
114,27,17,-8240,-11,8.695141056
114,28,19,-8254,-1,8.696328480
114,29,10,-8244,-18,8.697515904
114,30,12,-8255,12,8.698703328
114,31,34,-8239,-7,8.699890752
114,32,20,-8257,-8,8.701078176
114,33,15,-8252,14,8.702265600
114,34,0,-8258,2,8.703453024
114,35,13,-8298,-11,8.704640448
114,36,23,-8289,-32,8.705827872
114,37,16,-8301,0,8.707015296
114,38,35,-8323,-11,8.708202720
114,39,36,-8313,-14,8.709390144
114,40,40,-8325,1,8.710577568
114,41,53,-8334,-8,8.711764992
114,42,8,-8347,12,8.712952416
114,43,19,-8369,-1,8.714139840
114,44,34,-8387,-8,8.715327264
114,45,14,-8339,-12,8.716514688
114,46,10,-8359,16,8.717702112
114,47,22,-8367,-4,8.718889536
114,48,40,-8349,30,8.720076960
114,49,19,-8381,26,8.721264384
114,50,47,-8366,48,8.722451808
114,51,9,-8365,15,8.723639232
114,52,-13,-8366,-2,8.724826656
114,53,3,-8363,6,8.726014080
114,54,16,-8364,-15,8.727201504
114,55,9,-8380,-2,8.728388928
114,56,23,-8364,-11,8.729576352
114,57,-35,-8352,1,8.730763776
114,58,-44,-8361,25,8.731951200
114,59,-16,-8338,4,8.733138624
114,60,-40,-8353,10,8.734326048
114,61,0,-8320,-40,8.735513472
114,62,-34,-8298,-41,8.736700896
114,63,-39,-8293,-28,8.737888320
114,64,12,-8283,-40,8.739075744
115,1,-44,-8304,-14,8.740263168
115,2,-32,-8276,-34,8.741450592
115,3,-51,-8266,-20,8.742638016
115,4,-26,-8250,-11,8.743825440
115,5,-18,-8238,-31,8.745012864
115,6,-29,-8237,-13,8.746200288
115,7,-48,-8254,-30,8.747387712
115,8,-56,-8230,-39,8.748575136
115,9,-68,-8224,-21,8.749762560
115,10,-35,-8220,-52,8.750949984
115,11,-46,-8215,12,8.752137408
115,12,-35,-8207,-39,8.753324832
115,13,-69,-8228,-7,8.754512256
115,14,-49,-8241,23,8.755699680
115,15,-64,-8248,-5,8.756887104
115,16,-38,-8246,4,8.758074528
115,17,-61,-8247,-8,8.759261952
115,18,-26,-8243,17,8.760449376
115,19,-50,-8236,-4,8.761636800
115,20,-1,-8261,9,8.762824224
115,21,-25,-8293,-3,8.764011648
115,22,-33,-8295,17,8.765199072
115,23,-67,-8292,7,8.766386496
115,24,-54,-8292,33,8.767573920
115,25,-27,-8300,-3,8.768761344
115,26,-27,-8306,9,8.769948768
115,27,-40,-8320,52,8.771136192
115,28,-13,-8326,30,8.772323616
115,29,-15,-8345,50,8.773511040
115,30,-24,-8342,15,8.774698464
115,31,-24,-8352,20,8.775885888
115,32,5,-8375,36,8.777073312
115,33,1,-8386,51,8.778260736
115,34,25,-8375,38,8.779448160
115,35,-2,-8394,14,8.780635584
115,36,20,-8392,47,8.781823008
115,37,-3,-8371,44,8.783010432
115,38,-16,-8393,48,8.784197856
115,39,7,-8375,49,8.785385280
115,40,2,-8375,42,8.786572704
115,41,19,-8392,66,8.787760128
115,42,-10,-8383,48,8.788947552
115,43,-24,-8347,73,8.790134976
115,44,0,-8355,54,8.791322400
115,45,-8,-8359,52,8.792509824
115,46,-25,-8332,66,8.793697248
115,47,-35,-8312,66,8.794884672
115,48,3,-8319,62,8.796072096
115,49,4,-8291,39,8.797259520
115,50,-3,-8320,58,8.798446944
115,51,-19,-8296,52,8.799634368
115,52,-29,-8299,63,8.800821792
115,53,-46,-8266,63,8.802009216
115,54,-58,-8257,92,8.803196640
115,55,-19,-8268,88,8.804384064
115,56,-25,-8260,67,8.805571488
115,57,2,-8258,66,8.806758912
115,58,-12,-8268,45,8.807946336
115,59,-10,-8275,80,8.809133760
115,60,-12,-8239,39,8.810321184
115,61,-46,-8255,80,8.811508608
115,62,-39,-8266,56,8.812696032
115,63,-28,-8240,53,8.813883456
115,64,-10,-8234,50,8.815070880
116,1,-5,-8252,26,8.816258304
116,2,2,-8237,52,8.817445728
116,3,-17,-8233,7,8.818633152
116,4,-33,-8270,52,8.819820576
116,5,-6,-8279,29,8.821008000
116,6,-1,-8261,65,8.822195424
116,7,9,-8288,32,8.823382848
116,8,19,-8282,23,8.824570272
116,9,3,-8318,39,8.825757696
116,10,-4,-8312,52,8.826945120
116,11,30,-8305,51,8.828132544
116,12,34,-8343,53,8.829319968
116,13,32,-8333,64,8.830507392
116,14,23,-8321,31,8.831694816
116,15,13,-8364,64,8.832882240
116,16,67,-8372,28,8.834069664
116,17,45,-8363,69,8.835257088
116,18,47,-8355,38,8.836444512
116,19,33,-8366,33,8.837631936
116,20,45,-8378,34,8.838819360
116,21,34,-8386,25,8.840006784
116,22,45,-8360,67,8.841194208
116,23,74,-8367,10,8.842381632
116,24,80,-8360,53,8.843569056
116,25,51,-8350,36,8.844756480
116,26,53,-8356,58,8.845943904
116,27,32,-8369,50,8.847131328
116,28,76,-8339,29,8.848318752
116,29,74,-8368,44,8.849506176
116,30,66,-8332,50,8.850693600
116,31,50,-8325,8,8.851881024
116,32,50,-8349,16,8.853068448
116,33,57,-8310,31,8.854255872
116,34,78,-8330,12,8.855443296
116,35,79,-8321,52,8.856630720
116,36,82,-8289,5,8.857818144
116,37,54,-8298,27,8.859005568
116,38,39,-8296,9,8.860192992
116,39,49,-8268,4,8.861380416
116,40,44,-8270,8,8.862567840
116,41,28,-8273,-14,8.863755264
116,42,30,-8251,-6,8.864942688
116,43,61,-8257,-11,8.866130112
116,44,54,-8247,-6,8.867317536
116,45,29,-8276,-5,8.868504960
116,46,43,-8269,0,8.869692384
116,47,-2,-8265,-5,8.870879808
116,48,12,-8234,2,8.872067232
116,49,17,-8243,-20,8.873254656
116,50,29,-8250,-1,8.874442080
116,51,36,-8256,-17,8.875629504
116,52,44,-8274,-10,8.876816928
116,53,43,-8280,-15,8.878004352
116,54,26,-8275,-18,8.879191776
116,55,31,-8250,19,8.880379200
116,56,20,-8268,9,8.881566624
116,57,37,-8273,13,8.882754048
116,58,31,-8285,-7,8.883941472
116,59,36,-8286,-20,8.885128896
116,60,18,-8287,-16,8.886316320
116,61,25,-8308,-30,8.887503744
116,62,39,-8323,-6,8.888691168
116,63,39,-8321,-26,8.889878592
116,64,69,-8306,-31,8.891066016
117,1,22,-8318,-28,8.892253440
117,2,41,-8326,-32,8.893440864
117,3,29,-8347,-4,8.894628288
117,4,36,-8320,-46,8.895815712
117,5,38,-8352,-49,8.897003136
117,6,19,-8339,-42,8.898190560
117,7,18,-8352,-53,8.899377984
117,8,9,-8355,-38,8.900565408
117,9,44,-8363,-52,8.901752832
117,10,62,-8342,-48,8.902940256
117,11,32,-8350,-25,8.904127680
117,12,53,-8351,-50,8.905315104
117,13,26,-8336,-48,8.906502528
117,14,27,-8352,-49,8.907689952
117,15,33,-8344,-42,8.908877376
117,16,41,-8358,-23,8.910064800
117,17,17,-8323,-75,8.911252224
117,18,13,-8304,-35,8.912439648
117,19,5,-8310,-35,8.913627072
117,20,-1,-8318,-33,8.914814496
117,21,-1,-8307,-25,8.916001920
117,22,-8,-8313,-17,8.917189344
117,23,-24,-8276,-23,8.918376768
117,24,14,-8275,-57,8.919564192
117,25,5,-8286,-18,8.920751616
117,26,-3,-8268,-19,8.921939040
117,27,-20,-8268,-48,8.923126464
117,28,-14,-8267,-36,8.924313888
117,29,-15,-8282,-40,8.925501312
117,30,7,-8265,-8,8.926688736
117,31,-29,-8262,-16,8.927876160
117,32,-9,-8261,-26,8.929063584
117,33,-5,-8277,-49,8.930251008
117,34,-27,-8240,-37,8.931438432
117,35,-17,-8259,-26,8.932625856
117,36,-51,-8280,-43,8.933813280
117,37,-29,-8277,-39,8.935000704
117,38,-31,-8267,-9,8.936188128
117,39,-20,-8280,-15,8.937375552
117,40,-28,-8279,-28,8.938562976
117,41,-43,-8272,-36,8.939750400
117,42,-15,-8275,6,8.940937824
117,43,-23,-8289,-25,8.942125248
117,44,-3,-8275,1,8.943312672
117,45,-17,-8282,-11,8.944500096
117,46,-9,-8291,-16,8.945687520
117,47,-11,-8302,17,8.946874944
117,48,-3,-8337,-11,8.948062368
117,49,3,-8290,17,8.949249792
117,50,-13,-8329,-4,8.950437216
117,51,16,-8329,0,8.951624640
117,52,-15,-8322,30,8.952812064
117,53,-9,-8319,-13,8.953999488
117,54,25,-8338,-3,8.955186912
117,55,2,-8340,-6,8.956374336
117,56,0,-8349,25,8.957561760
117,57,-8,-8323,4,8.958749184
117,58,-14,-8352,12,8.959936608
117,59,-4,-8324,29,8.961124032
117,60,4,-8358,-7,8.962311456
117,61,-5,-8341,13,8.963498880
117,62,30,-8345,12,8.964686304
117,63,0,-8337,36,8.965873728
117,64,0,-8314,40,8.967061152
118,1,-17,-8331,11,8.968248576
118,2,-6,-8324,41,8.969436000
118,3,9,-8294,11,8.970623424
118,4,26,-8370,24,8.971810848
118,5,-1,-8329,48,8.972998272
118,6,-9,-8335,30,8.974185696
118,7,-11,-8333,67,8.975373120
118,8,-16,-8317,23,8.976560544
118,9,-26,-8307,39,8.977747968
118,10,-28,-8295,16,8.978935392
118,11,6,-8290,16,8.980122816
118,12,-10,-8294,6,8.981310240
118,13,-18,-8289,12,8.982497664
118,14,-22,-8286,8,8.983685088
118,15,-35,-8277,49,8.984872512
118,16,-19,-8285,36,8.986059936
118,17,-22,-8285,36,8.987247360
118,18,-21,-8264,49,8.988434784
118,19,-10,-8261,11,8.989622208
118,20,-5,-8251,43,8.990809632
118,21,-9,-8288,29,8.991997056
118,22,-12,-8280,55,8.993184480
118,23,-28,-8243,7,8.994371904
118,24,-12,-8267,37,8.995559328
118,25,-39,-8254,34,8.996746752
118,26,5,-8252,16,8.997934176
118,27,-17,-8287,43,8.999121600
118,28,-4,-8262,36,9.000309024
118,29,-11,-8291,55,9.001496448
118,30,3,-8293,41,9.002683872
118,31,-11,-8292,58,9.003871296
118,32,4,-8309,36,9.005058720
118,33,21,-8297,37,9.006246144
118,34,5,-8312,18,9.007433568
118,35,-19,-8322,26,9.008620992
118,36,33,-8295,29,9.009808416
118,37,2,-8327,23,9.010995840
118,38,-5,-8327,28,9.012183264
118,39,15,-8328,29,9.013370688
118,40,14,-8333,27,9.014558112
118,41,8,-8341,25,9.015745536
118,42,34,-8317,48,9.016932960
118,43,32,-8304,22,9.018120384
118,44,17,-8331,24,9.019307808
118,45,15,-8364,35,9.020495232
118,46,29,-8329,39,9.021682656
118,47,24,-8366,34,9.022870080
118,48,48,-8335,31,9.024057504
118,49,59,-8345,24,9.025244928
118,50,29,-8342,20,9.026432352
118,51,5,-8339,20,9.027619776
118,52,22,-8350,27,9.028807200
118,53,32,-8336,28,9.029994624
118,54,46,-8336,36,9.031182048
118,55,4,-8294,37,9.032369472
118,56,20,-8323,20,9.033556896
118,57,35,-8293,33,9.034744320
118,58,16,-8302,4,9.035931744
118,59,31,-8308,11,9.037119168
118,60,24,-8279,31,9.038306592
118,61,18,-8279,12,9.039494016
118,62,11,-8287,42,9.040681440
118,63,10,-8266,33,9.041868864
118,64,47,-8278,32,9.043056288
119,1,35,-8276,32,9.044243712
119,2,22,-8274,40,9.045431136
119,3,12,-8282,66,9.046618560
119,4,18,-8275,7,9.047805984
119,5,12,-8301,16,9.048993408
119,6,-7,-8277,22,9.050180832
119,7,34,-8277,14,9.051368256
119,8,23,-8234,4,9.052555680
119,9,-5,-8245,15,9.053743104
119,10,17,-8254,-12,9.054930528
119,11,27,-8284,49,9.056117952
119,12,2,-8258,27,9.057305376
119,13,18,-8251,12,9.058492800
119,14,25,-8298,9,9.059680224
119,15,25,-8269,23,9.060867648
119,16,6,-8282,8,9.062055072
119,17,7,-8310,13,9.063242496
119,18,16,-8308,13,9.064429920
119,19,13,-8310,39,9.065617344
119,20,40,-8311,-15,9.066804768
119,21,18,-8325,37,9.067992192
119,22,34,-8338,3,9.069179616
119,23,18,-8333,16,9.070367040
119,24,21,-8317,29,9.071554464
119,25,30,-8334,30,9.072741888
119,26,21,-8337,12,9.073929312
119,27,29,-8307,-7,9.075116736
119,28,44,-8312,22,9.076304160
119,29,64,-8336,-12,9.077491584
119,30,53,-8335,26,9.078679008
119,31,29,-8319,-1,9.079866432
119,32,17,-8334,38,9.081053856
119,33,32,-8355,-3,9.082241280
119,34,-2,-8344,14,9.083428704
119,35,27,-8330,0,9.084616128
119,36,36,-8317,21,9.085803552
119,37,22,-8322,15,9.086990976
119,38,6,-8325,2,9.088178400
119,39,2,-8326,23,9.089365824
119,40,3,-8314,11,9.090553248
119,41,6,-8310,16,9.091740672
119,42,27,-8317,-3,9.092928096
119,43,17,-8299,9,9.094115520
119,44,14,-8328,-2,9.095302944
119,45,13,-8318,-1,9.096490368
119,46,-2,-8302,31,9.097677792
119,47,-12,-8283,22,9.098865216
119,48,15,-8303,22,9.100052640
119,49,18,-8296,20,9.101240064
119,50,10,-8296,25,9.102427488
119,51,-13,-8280,6,9.103614912
119,52,-6,-8294,17,9.104802336
119,53,-20,-8271,-10,9.105989760
119,54,-17,-8252,20,9.107177184
119,55,-8,-8269,10,9.108364608
119,56,-6,-8275,1,9.109552032
119,57,-2,-8284,2,9.110739456
119,58,-15,-8277,-6,9.111926880
119,59,-19,-8276,19,9.113114304
119,60,-11,-8295,0,9.114301728
119,61,-21,-8267,28,9.115489152
119,62,-15,-8295,14,9.116676576
119,63,-33,-8284,1,9.117864000
119,64,-8,-8291,46,9.119051424
120,1,-2,-8295,21,9.120238848
120,2,4,-8306,34,9.121426272
120,3,3,-8286,19,9.122613696
120,4,-20,-8322,30,9.123801120
120,5,1,-8322,45,9.124988544
120,6,-11,-8314,30,9.126175968
120,7,19,-8315,45,9.127363392
120,8,22,-8289,1,9.128550816
120,9,12,-8336,35,9.129738240
120,10,14,-8318,11,9.130925664
120,11,6,-8350,42,9.132113088
120,12,-30,-8324,3,9.133300512
120,13,-19,-8327,40,9.134487936
120,14,19,-8345,17,9.135675360
120,15,-3,-8340,28,9.136862784
120,16,7,-8334,11,9.138050208
120,17,-5,-8352,2,9.139237632
120,18,4,-8360,34,9.140425056
120,19,4,-8345,5,9.141612480
120,20,-14,-8344,36,9.142799904
120,21,-7,-8322,-10,9.143987328
120,22,26,-8331,30,9.145174752
120,23,24,-8317,2,9.146362176
120,24,13,-8317,30,9.147549600
120,25,-20,-8306,11,9.148737024
120,26,-9,-8326,1,9.149924448
120,27,17,-8315,-1,9.151111872
120,28,-18,-8324,11,9.152299296
120,29,-22,-8311,19,9.153486720
120,30,-13,-8264,29,9.154674144
120,31,-9,-8290,39,9.155861568
120,32,-3,-8289,-6,9.157048992
120,33,8,-8307,33,9.158236416
120,34,-4,-8270,21,9.159423840
120,35,12,-8289,8,9.160611264
120,36,3,-8294,-7,9.161798688
120,37,-2,-8277,-8,9.162986112
120,38,-12,-8241,2,9.164173536
120,39,-8,-8285,-4,9.165360960
120,40,4,-8285,-11,9.166548384
120,41,5,-8291,-10,9.167735808
120,42,10,-8300,20,9.168923232
120,43,-14,-8277,-2,9.170110656
120,44,23,-8266,17,9.171298080
120,45,17,-8280,-30,9.172485504
120,46,14,-8275,-15,9.173672928
120,47,-6,-8274,7,9.174860352
120,48,-7,-8305,-29,9.176047776
120,49,-14,-8308,7,9.177235200
120,50,8,-8270,-23,9.178422624
120,51,32,-8292,12,9.179610048
120,52,11,-8288,-15,9.180797472
120,53,8,-8283,6,9.181984896
120,54,21,-8317,-23,9.183172320
120,55,20,-8305,5,9.184359744
120,56,11,-8322,-15,9.185547168
120,57,-11,-8326,-1,9.186734592
120,58,21,-8319,-7,9.187922016
120,59,22,-8309,-17,9.189109440
120,60,20,-8311,38,9.190296864
120,61,22,-8306,5,9.191484288
120,62,36,-8319,-4,9.192671712
120,63,35,-8320,3,9.193859136
120,64,18,-8334,-6,9.195046560
121,1,1,-8336,-6,9.196233984
121,2,27,-8330,-13,9.197421408
121,3,37,-8326,-6,9.198608832
121,4,20,-8331,-20,9.199796256
121,5,-1,-8312,-35,9.200983680
121,6,33,-8326,-20,9.202171104
121,7,10,-8328,-3,9.203358528
121,8,17,-8305,-31,9.204545952
121,9,17,-8309,-12,9.205733376
121,10,42,-8279,-17,9.206920800
121,11,-9,-8283,18,9.208108224
121,12,2,-8336,-10,9.209295648
121,13,10,-8311,-10,9.210483072
121,14,22,-8293,-16,9.211670496
121,15,2,-8312,-32,9.212857920
121,16,-16,-8303,-1,9.214045344
121,17,20,-8289,-5,9.215232768
121,18,50,-8296,-22,9.216420192
121,19,17,-8280,-16,9.217607616
121,20,21,-8281,-3,9.218795040
121,21,20,-8294,20,9.219982464
121,22,-6,-8264,-44,9.221169888
121,23,3,-8276,-3,9.222357312
121,24,10,-8265,-12,9.223544736
121,25,26,-8245,-23,9.224732160
121,26,36,-8271,-6,9.225919584
121,27,-1,-8294,-36,9.227107008
121,28,20,-8300,-17,9.228294432
121,29,-5,-8288,-13,9.229481856
121,30,21,-8322,-16,9.230669280
121,31,8,-8295,10,9.231856704
121,32,2,-8270,6,9.233044128
121,33,3,-8266,6,9.234231552
121,34,8,-8313,-2,9.235418976
121,35,0,-8290,7,9.236606400
121,36,9,-8284,9,9.237793824
121,37,28,-8289,23,9.238981248
121,38,31,-8290,-15,9.240168672
121,39,54,-8299,-11,9.241356096
121,40,42,-8322,9,9.242543520
121,41,21,-8287,8,9.243730944
121,42,11,-8293,27,9.244918368
121,43,20,-8304,2,9.246105792
121,44,19,-8321,49,9.247293216
121,45,55,-8309,-14,9.248480640
121,46,39,-8304,2,9.249668064
121,47,52,-8321,-16,9.250855488
121,48,35,-8312,8,9.252042912
121,49,32,-8308,13,9.253230336
121,50,20,-8321,18,9.254417760
121,51,32,-8331,33,9.255605184
121,52,17,-8324,5,9.256792608
121,53,34,-8334,8,9.257980032
121,54,17,-8336,-2,9.259167456
121,55,27,-8312,4,9.260354880
121,56,27,-8307,16,9.261542304
121,57,35,-8334,10,9.262729728
121,58,30,-8346,30,9.263917152
121,59,35,-8314,40,9.265104576
121,60,61,-8311,22,9.266292000
121,61,28,-8291,21,9.267479424
121,62,13,-8301,22,9.268666848
121,63,30,-8319,1,9.269854272
121,64,18,-8304,22,9.271041696
122,1,24,-8296,20,9.272229120
122,2,9,-8299,24,9.273416544
122,3,18,-8307,6,9.274603968
122,4,26,-8306,17,9.275791392
122,5,29,-8315,58,9.276978816
122,6,19,-8340,21,9.278166240
122,7,27,-8305,54,9.279353664
122,8,5,-8302,25,9.280541088
122,9,6,-8320,25,9.281728512
122,10,16,-8287,18,9.282915936
122,11,-4,-8294,29,9.284103360
122,12,17,-8282,15,9.285290784
122,13,37,-8268,33,9.286478208
122,14,19,-8311,49,9.287665632
122,15,10,-8281,11,9.288853056
122,16,28,-8294,40,9.290040480
122,17,31,-8273,17,9.291227904
122,18,5,-8264,39,9.292415328
122,19,9,-8279,17,9.293602752
122,20,-7,-8302,12,9.294790176
122,21,13,-8298,6,9.295977600
122,22,17,-8293,12,9.297165024
122,23,-21,-8303,28,9.298352448
122,24,4,-8331,43,9.299539872
122,25,11,-8298,27,9.300727296
122,26,18,-8300,13,9.301914720
122,27,35,-8328,21,9.303102144
122,28,27,-8316,21,9.304289568
122,29,7,-8318,21,9.305476992
122,30,-17,-8333,25,9.306664416
122,31,21,-8340,23,9.307851840
122,32,23,-8341,-1,9.309039264
122,33,24,-8323,-1,9.310226688
122,34,31,-8345,20,9.311414112
122,35,15,-8324,25,9.312601536
122,36,6,-8311,13,9.313788960
122,37,11,-8315,22,9.314976384
122,38,-6,-8322,24,9.316163808
122,39,-30,-8341,37,9.317351232
122,40,19,-8318,-5,9.318538656
122,41,8,-8310,22,9.319726080
122,42,15,-8289,4,9.320913504
122,43,8,-8312,31,9.322100928
122,44,-16,-8323,15,9.323288352
122,45,2,-8310,10,9.324475776
122,46,-6,-8316,12,9.325663200
122,47,-15,-8311,6,9.326850624
122,48,25,-8326,9,9.328038048
122,49,-12,-8303,14,9.329225472
122,50,-18,-8314,29,9.330412896
122,51,-14,-8308,-10,9.331600320
122,52,-4,-8284,14,9.332787744
122,53,6,-8297,-7,9.333975168
122,54,-11,-8298,39,9.335162592
122,55,-13,-8298,4,9.336350016
122,56,-17,-8288,11,9.337537440
122,57,-14,-8287,19,9.338724864
122,58,-34,-8300,-10,9.339912288
122,59,-32,-8288,19,9.341099712
122,60,-20,-8300,-20,9.342287136
122,61,-27,-8272,30,9.343474560
122,62,-32,-8290,-1,9.344661984
122,63,14,-8293,24,9.345849408
122,64,-21,-8276,4,9.347036832
123,1,-16,-8296,17,9.348224256
123,2,-6,-8285,14,9.349411680
123,3,-25,-8299,10,9.350599104
123,4,7,-8262,19,9.351786528
123,5,-6,-8275,-12,9.352973952
123,6,-14,-8292,25,9.354161376
123,7,-16,-8278,-3,9.355348800
123,8,-3,-8282,34,9.356536224
123,9,13,-8314,-4,9.357723648
123,10,-9,-8306,-16,9.358911072
123,11,12,-8307,1,9.360098496
123,12,-3,-8331,2,9.361285920
123,13,-32,-8323,7,9.362473344
123,14,-2,-8301,-6,9.363660768
123,15,-6,-8313,18,9.364848192
123,16,15,-8303,22,9.366035616
123,17,0,-8311,19,9.367223040
123,18,9,-8321,29,9.368410464
123,19,38,-8319,37,9.369597888
123,20,-30,-8310,-11,9.370785312
123,21,-18,-8320,-7,9.371972736
123,22,36,-8312,-19,9.373160160
123,23,47,-8318,17,9.374347584
123,24,13,-8328,28,9.375535008
123,25,10,-8310,18,9.376722432
123,26,22,-8310,32,9.377909856
123,27,-12,-8330,7,9.379097280
123,28,10,-8312,45,9.380284704
123,29,11,-8311,2,9.381472128
123,30,0,-8332,10,9.382659552
123,31,19,-8321,-37,9.383846976
123,32,26,-8319,-4,9.385034400
123,33,-13,-8329,13,9.386221824
123,34,35,-8324,11,9.387409248
123,35,11,-8303,30,9.388596672
123,36,12,-8300,16,9.389784096
123,37,5,-8305,-4,9.390971520
123,38,4,-8284,11,9.392158944
123,39,21,-8280,-10,9.393346368
123,40,26,-8270,16,9.394533792
123,41,34,-8301,7,9.395721216
123,42,13,-8274,-21,9.396908640
123,43,-4,-8335,12,9.398096064
123,44,38,-8293,14,9.399283488
123,45,34,-8285,32,9.400470912
123,46,31,-8301,19,9.401658336
123,47,13,-8289,2,9.402845760
123,48,7,-8281,-2,9.404033184
123,49,6,-8301,-3,9.405220608
123,50,25,-8294,-3,9.406408032
123,51,-23,-8284,20,9.407595456
123,52,23,-8282,2,9.408782880
123,53,2,-8291,25,9.409970304
123,54,17,-8287,2,9.411157728
123,55,27,-8295,-2,9.412345152
123,56,-2,-8297,-3,9.413532576
123,57,7,-8259,1,9.414720000
123,58,13,-8290,19,9.415907424
123,59,41,-8305,-3,9.417094848
123,60,23,-8282,17,9.418282272
123,61,16,-8290,-2,9.419469696
123,62,10,-8293,1,9.420657120
123,63,1,-8309,-28,9.421844544
123,64,-23,-8302,-10,9.423031968
124,1,32,-8318,-2,9.424219392
124,2,8,-8326,13,9.425406816
124,3,4,-8311,10,9.426594240
124,4,20,-8299,6,9.427781664
124,5,11,-8324,15,9.428969088
124,6,5,-8332,12,9.430156512
124,7,14,-8345,10,9.431343936
124,8,21,-8340,6,9.432531360
124,9,19,-8333,-1,9.433718784
124,10,42,-8314,5,9.434906208
124,11,25,-8305,14,9.436093632
124,12,22,-8318,19,9.437281056
124,13,28,-8323,28,9.438468480
124,14,40,-8336,17,9.439655904
124,15,2,-8318,31,9.440843328
124,16,34,-8322,9,9.442030752
124,17,28,-8317,-10,9.443218176
124,18,30,-8310,-4,9.444405600
124,19,15,-8300,16,9.445593024
124,20,20,-8295,-6,9.446780448
124,21,27,-8314,13,9.447967872
124,22,20,-8312,-23,9.449155296
124,23,29,-8339,9,9.450342720
124,24,13,-8316,-5,9.451530144
124,25,20,-8289,4,9.452717568
124,26,43,-8298,5,9.453904992
124,27,25,-8305,-7,9.455092416
124,28,0,-8309,17,9.456279840
124,29,17,-8303,7,9.457467264
124,30,11,-8297,34,9.458654688
124,31,47,-8291,-13,9.459842112
124,32,11,-8292,24,9.461029536
124,33,21,-8297,-22,9.462216960
124,34,17,-8288,14,9.463404384
124,35,9,-8300,20,9.464591808
124,36,11,-8296,6,9.465779232
124,37,5,-8284,-2,9.466966656
124,38,26,-8273,-13,9.468154080
124,39,16,-8303,5,9.469341504
124,40,34,-8320,-9,9.470528928
124,41,-20,-8293,-11,9.471716352
124,42,24,-8324,8,9.472903776
124,43,-4,-8320,17,9.474091200
124,44,2,-8298,21,9.475278624
124,45,5,-8332,31,9.476466048
124,46,7,-8304,-10,9.477653472
124,47,41,-8295,2,9.478840896
124,48,31,-8315,-1,9.480028320
124,49,12,-8328,0,9.481215744
124,50,18,-8320,7,9.482403168
124,51,11,-8324,10,9.483590592
124,52,-4,-8292,19,9.484778016
124,53,-5,-8320,2,9.485965440
124,54,21,-8328,25,9.487152864
124,55,-2,-8320,15,9.488340288
124,56,28,-8338,32,9.489527712
124,57,17,-8320,10,9.490715136
124,58,20,-8317,20,9.491902560
124,59,-3,-8310,-5,9.493089984
124,60,22,-8326,31,9.494277408
124,61,30,-8314,-4,9.495464832
124,62,29,-8327,12,9.496652256
124,63,25,-8330,11,9.497839680
124,64,19,-8327,18,9.499027104
125,1,-8,-8317,16,9.500214528
125,2,-1,-8318,-15,9.501401952
125,3,16,-8303,18,9.502589376
125,4,31,-8298,1,9.503776800
125,5,16,-8295,4,9.504964224
125,6,19,-8282,14,9.506151648
125,7,22,-8300,9,9.507339072
125,8,-28,-8302,28,9.508526496
125,9,-1,-8260,6,9.509713920
125,10,-27,-8327,13,9.510901344
125,11,3,-8311,26,9.512088768
125,12,19,-8301,14,9.513276192
125,13,26,-8296,42,9.514463616
125,14,-30,-8299,18,9.515651040
125,15,4,-8282,24,9.516838464
125,16,-11,-8304,19,9.518025888
125,17,9,-8293,10,9.519213312
125,18,7,-8297,31,9.520400736
125,19,11,-8278,-3,9.521588160
125,20,19,-8291,47,9.522775584
125,21,22,-8297,14,9.523963008
125,22,-10,-8297,15,9.525150432
125,23,-10,-8320,10,9.526337856
125,24,0,-8298,-5,9.527525280
125,25,-2,-8287,28,9.528712704
125,26,-21,-8278,-1,9.529900128
125,27,0,-8283,11,9.531087552
125,28,17,-8274,7,9.532274976
125,29,40,-8300,7,9.533462400
125,30,-4,-8299,20,9.534649824
125,31,-9,-8325,0,9.535837248
125,32,10,-8302,9,9.537024672
125,33,-4,-8309,18,9.538212096
125,34,-16,-8291,42,9.539399520
125,35,32,-8290,31,9.540586944
125,36,7,-8305,45,9.541774368
125,37,-3,-8306,23,9.542961792
125,38,-3,-8334,26,9.544149216
125,39,13,-8316,0,9.545336640
125,40,26,-8308,-1,9.546524064
125,41,1,-8297,1,9.547711488
125,42,14,-8310,24,9.548898912
125,43,-1,-8318,12,9.550086336
125,44,-14,-8347,41,9.551273760
125,45,-37,-8318,29,9.552461184
125,46,-9,-8318,33,9.553648608
125,47,36,-8323,8,9.554836032
125,48,14,-8289,18,9.556023456
125,49,7,-8313,31,9.557210880
125,50,8,-8319,24,9.558398304
125,51,-1,-8299,46,9.559585728
125,52,31,-8325,17,9.560773152
125,53,-6,-8345,17,9.561960576
125,54,15,-8313,6,9.563148000
125,55,10,-8322,-5,9.564335424
125,56,8,-8290,35,9.565522848
125,57,18,-8299,5,9.566710272
125,58,4,-8304,40,9.567897696
125,59,-9,-8315,-1,9.569085120
125,60,9,-8337,48,9.570272544
125,61,-2,-8313,24,9.571459968
125,62,-7,-8319,30,9.572647392
125,63,0,-8315,-1,9.573834816
125,64,-6,-8301,15,9.575022240
126,1,4,-8283,8,9.576209664
126,2,7,-8316,11,9.577397088
126,3,6,-8288,51,9.578584512
126,4,2,-8277,14,9.579771936
126,5,16,-8295,32,9.580959360
126,6,19,-8288,26,9.582146784
126,7,-18,-8282,25,9.583334208
126,8,0,-8303,9,9.584521632
126,9,-6,-8332,-9,9.585709056
126,10,9,-8297,24,9.586896480
126,11,1,-8290,26,9.588083904
126,12,20,-8282,37,9.589271328
126,13,25,-8295,17,9.590458752
126,14,16,-8278,5,9.591646176
126,15,-5,-8304,49,9.592833600
126,16,17,-8311,-1,9.594021024
126,17,-8,-8292,21,9.595208448
126,18,10,-8321,11,9.596395872
126,19,3,-8291,21,9.597583296
126,20,-2,-8314,38,9.598770720
126,21,33,-8303,17,9.599958144
126,22,34,-8296,30,9.601145568
126,23,-2,-8313,13,9.602332992
126,24,37,-8313,24,9.603520416
126,25,34,-8303,-14,9.604707840
126,26,29,-8297,19,9.605895264
126,27,18,-8322,9,9.607082688
126,28,28,-8304,22,9.608270112
126,29,13,-8318,9,9.609457536
126,30,7,-8316,34,9.610644960
126,31,4,-8314,5,9.611832384
126,32,20,-8311,20,9.613019808
126,33,-1,-8333,-4,9.614207232
126,34,35,-8325,21,9.615394656
126,35,2,-8311,0,9.616582080
126,36,40,-8317,22,9.617769504
126,37,31,-8321,37,9.618956928
126,38,8,-8308,4,9.620144352
126,39,-4,-8320,11,9.621331776
126,40,6,-8312,-11,9.622519200
126,41,29,-8295,33,9.623706624
126,42,36,-8319,23,9.624894048
126,43,4,-8309,14,9.626081472
126,44,43,-8336,1,9.627268896
126,45,-6,-8297,-20,9.628456320
126,46,4,-8305,-3,9.629643744
126,47,22,-8313,31,9.630831168
126,48,37,-8285,8,9.632018592
126,49,10,-8296,33,9.633206016
126,50,17,-8301,19,9.634393440
126,51,29,-8301,0,9.635580864
126,52,19,-8315,28,9.636768288
126,53,6,-8298,-16,9.637955712
126,54,12,-8303,9,9.639143136
126,55,22,-8289,4,9.640330560
126,56,-11,-8314,21,9.641517984
126,57,24,-8323,7,9.642705408
126,58,2,-8300,43,9.643892832
126,59,28,-8308,6,9.645080256
126,60,15,-8301,14,9.646267680
126,61,2,-8300,8,9.647455104
126,62,33,-8317,-6,9.648642528
126,63,-4,-8295,17,9.649829952
126,64,47,-8309,-5,9.651017376
127,1,32,-8310,40,9.652204800
127,2,13,-8317,15,9.653392224
127,3,40,-8302,6,9.654579648
127,4,7,-8314,13,9.655767072
127,5,-7,-8336,-5,9.656954496
127,6,15,-8306,10,9.658141920
127,7,3,-8280,5,9.659329344
127,8,10,-8281,22,9.660516768
127,9,14,-8290,26,9.661704192
127,10,3,-8315,-1,9.662891616
127,11,2,-8320,-17,9.664079040
127,12,22,-8317,15,9.665266464
127,13,19,-8310,12,9.666453888
127,14,23,-8302,4,9.667641312
127,15,20,-8321,-12,9.668828736
127,16,22,-8303,3,9.670016160
127,17,15,-8328,-6,9.671203584
127,18,-6,-8322,13,9.672391008
127,19,29,-8305,5,9.673578432
127,20,1,-8318,9,9.674765856
127,21,-1,-8315,-3,9.675953280
127,22,20,-8309,-21,9.677140704
127,23,17,-8347,3,9.678328128
127,24,49,-8300,0,9.679515552
127,25,14,-8317,-10,9.680702976
127,26,-6,-8325,23,9.681890400
127,27,-11,-8307,-4,9.683077824
127,28,4,-8285,5,9.684265248
127,29,3,-8283,3,9.685452672
127,30,9,-8326,-2,9.686640096
127,31,-9,-8311,15,9.687827520
127,32,52,-8325,-19,9.689014944
127,33,18,-8300,5,9.690202368
127,34,-3,-8294,2,9.691389792
127,35,1,-8303,5,9.692577216
127,36,-20,-8327,26,9.693764640
127,37,5,-8291,-10,9.694952064
127,38,-21,-8305,34,9.696139488
127,39,10,-8296,-13,9.697326912
127,40,6,-8311,17,9.698514336
127,41,4,-8305,-8,9.699701760
127,42,-14,-8298,41,9.700889184
127,43,-27,-8284,16,9.702076608
127,44,1,-8300,30,9.703264032
127,45,10,-8306,-5,9.704451456
127,46,8,-8307,0,9.705638880
127,47,10,-8296,11,9.706826304
127,48,32,-8306,18,9.708013728
127,49,-9,-8273,5,9.709201152
127,50,0,-8294,-18,9.710388576
127,51,2,-8312,31,9.711576000
127,52,-22,-8298,-6,9.712763424
127,53,-13,-8309,26,9.713950848
127,54,8,-8314,-5,9.715138272
127,55,-4,-8303,5,9.716325696
127,56,6,-8303,46,9.717513120
127,57,16,-8295,4,9.718700544
127,58,-5,-8307,36,9.719887968
127,59,25,-8309,23,9.721075392
127,60,12,-8312,18,9.722262816
127,61,11,-8323,20,9.723450240
127,62,7,-8333,2,9.724637664
127,63,6,-8334,55,9.725825088
127,64,28,-8311,20,9.727012512
128,1,10,-8335,22,9.728199936
128,2,17,-8326,15,9.729387360
128,3,15,-8290,15,9.730574784
128,4,22,-8315,4,9.731762208
128,5,9,-8320,-6,9.732949632
128,6,20,-8298,17,9.734137056
128,7,4,-8284,26,9.735324480
128,8,8,-8310,36,9.736511904
128,9,-7,-8312,44,9.737699328
128,10,-11,-8304,19,9.738886752
128,11,16,-8309,12,9.740074176
128,12,9,-8343,48,9.741261600
128,13,16,-8314,10,9.742449024
128,14,-34,-8299,25,9.743636448
128,15,-12,-8315,41,9.744823872
128,16,17,-8339,4,9.746011296
128,17,-2,-8292,38,9.747198720
128,18,30,-8315,-13,9.748386144
128,19,19,-8296,22,9.749573568
128,20,2,-8294,34,9.750760992
128,21,6,-8304,4,9.751948416
128,22,-15,-8299,27,9.753135840
128,23,2,-8302,17,9.754323264
128,24,10,-8316,25,9.755510688
128,25,48,-8298,-6,9.756698112
128,26,-1,-8305,16,9.757885536
128,27,-5,-8305,-1,9.759072960
128,28,23,-8317,16,9.760260384
128,29,-1,-8278,22,9.761447808
128,30,-14,-8301,20,9.762635232
128,31,-7,-8292,20,9.763822656
128,32,29,-8289,4,9.765010080
128,33,-4,-8303,5,9.766197504
128,34,49,-8318,-6,9.767384928
128,35,16,-8294,15,9.768572352
128,36,3,-8289,13,9.769759776
128,37,-1,-8270,22,9.770947200
128,38,20,-8329,-1,9.772134624
128,39,7,-8319,9,9.773322048
128,40,-12,-8327,1,9.774509472
128,41,15,-8337,-23,9.775696896
128,42,43,-8308,15,9.776884320
128,43,21,-8294,-17,9.778071744
128,44,33,-8324,28,9.779259168
128,45,11,-8299,16,9.780446592
128,46,13,-8313,10,9.781634016
128,47,-19,-8292,-6,9.782821440
128,48,24,-8301,-9,9.784008864
128,49,43,-8327,9,9.785196288
128,50,9,-8301,-20,9.786383712
128,51,12,-8307,35,9.787571136
128,52,-4,-8296,-25,9.788758560
128,53,3,-8293,23,9.789945984
128,54,2,-8300,12,9.791133408
128,55,0,-8328,21,9.792320832
128,56,22,-8296,1,9.793508256
128,57,-9,-8318,21,9.794695680
128,58,30,-8295,20,9.795883104
128,59,32,-8300,3,9.797070528
128,60,7,-8271,17,9.798257952
128,61,25,-8307,11,9.799445376
128,62,39,-8302,16,9.800632800
128,63,9,-8281,10,9.801820224
128,64,36,-8297,-13,9.803007648
129,1,34,-8288,-10,9.804195072
129,2,25,-8274,0,9.805382496
129,3,0,-8291,-2,9.806569920
129,4,-2,-8312,5,9.807757344
129,5,0,-8303,-6,9.808944768
129,6,26,-8291,4,9.810132192
129,7,35,-8290,-6,9.811319616
129,8,32,-8308,16,9.812507040
129,9,23,-8306,-2,9.813694464
129,10,52,-8284,-6,9.814881888
129,11,31,-8297,-21,9.816069312
129,12,-5,-8284,-23,9.817256736
129,13,20,-8319,-13,9.818444160
129,14,49,-8291,-27,9.819631584
129,15,29,-8322,3,9.820819008
129,16,35,-8287,9,9.822006432
129,17,-4,-8293,18,9.823193856
129,18,7,-8304,5,9.824381280
129,19,-5,-8320,18,9.825568704
129,20,19,-8290,2,9.826756128
129,21,30,-8301,9,9.827943552
129,22,5,-8281,-12,9.829130976
129,23,21,-8317,23,9.830318400
129,24,13,-8314,2,9.831505824
129,25,7,-8302,3,9.832693248
129,26,14,-8337,14,9.833880672
129,27,24,-8288,2,9.835068096
129,28,18,-8341,-12,9.836255520
129,29,21,-8308,-16,9.837442944
129,30,19,-8310,11,9.838630368
129,31,26,-8308,4,9.839817792
129,32,27,-8315,-7,9.841005216
129,33,38,-8300,-19,9.842192640
129,34,14,-8304,15,9.843380064
129,35,5,-8317,-7,9.844567488
129,36,18,-8304,9,9.845754912
129,37,17,-8295,-9,9.846942336
129,38,15,-8305,-9,9.848129760
129,39,27,-8306,16,9.849317184
129,40,-1,-8308,1,9.850504608
129,41,15,-8300,23,9.851692032
129,42,18,-8302,18,9.852879456
129,43,17,-8315,11,9.854066880
129,44,9,-8283,2,9.855254304
129,45,10,-8305,16,9.856441728
129,46,-3,-8303,29,9.857629152
129,47,13,-8294,5,9.858816576
129,48,8,-8315,27,9.860004000
129,49,31,-8316,21,9.861191424
129,50,2,-8305,6,9.862378848
129,51,20,-8299,12,9.863566272
129,52,16,-8267,-9,9.864753696
129,53,10,-8285,8,9.865941120
129,54,-6,-8297,11,9.867128544
129,55,27,-8302,-7,9.868315968
129,56,6,-8325,12,9.869503392
129,57,14,-8294,18,9.870690816
129,58,8,-8300,16,9.871878240
129,59,13,-8292,9,9.873065664
129,60,-29,-8305,24,9.874253088
129,61,-6,-8295,34,9.875440512
129,62,-6,-8300,23,9.876627936
129,63,-11,-8304,30,9.877815360
129,64,1,-8277,0,9.879002784
130,1,12,-8307,19,9.880190208
130,2,14,-8276,26,9.881377632
130,3,9,-8281,4,9.882565056
130,4,4,-8304,27,9.883752480
130,5,-1,-8295,24,9.884939904
130,6,15,-8309,26,9.886127328
130,7,6,-8312,9,9.887314752
130,8,12,-8287,24,9.888502176
130,9,41,-8310,5,9.889689600
130,10,33,-8287,32,9.890877024
130,11,37,-8324,6,9.892064448
130,12,4,-8290,32,9.893251872
130,13,6,-8289,7,9.894439296
130,14,22,-8313,-7,9.895626720
130,15,-3,-8329,14,9.896814144
130,16,35,-8307,2,9.898001568
130,17,-10,-8313,43,9.899188992
130,18,11,-8307,24,9.900376416
130,19,-20,-8313,30,9.901563840
130,20,6,-8320,7,9.902751264
130,21,35,-8301,33,9.903938688
130,22,3,-8301,24,9.905126112
130,23,-4,-8303,13,9.906313536
130,24,-5,-8296,28,9.907500960
130,25,15,-8315,16,9.908688384
130,26,28,-8325,14,9.909875808
130,27,-17,-8320,31,9.911063232
130,28,23,-8291,12,9.912250656
130,29,-5,-8307,18,9.913438080
130,30,8,-8310,28,9.914625504
130,31,-2,-8303,3,9.915812928
130,32,40,-8306,7,9.917000352
130,33,6,-8319,16,9.918187776
130,34,1,-8303,-3,9.919375200
130,35,-10,-8308,22,9.920562624
130,36,23,-8306,13,9.921750048
130,37,16,-8300,34,9.922937472
130,38,2,-8285,46,9.924124896
130,39,17,-8300,17,9.925312320
130,40,-17,-8302,11,9.926499744
130,41,14,-8324,6,9.927687168
130,42,6,-8317,9,9.928874592
130,43,10,-8302,12,9.930062016
130,44,11,-8285,-4,9.931249440
130,45,8,-8297,44,9.932436864
130,46,13,-8319,13,9.933624288
130,47,52,-8306,18,9.934811712
130,48,36,-8309,23,9.935999136
130,49,23,-8298,2,9.937186560
130,50,26,-8286,12,9.938373984
130,51,30,-8277,3,9.939561408
130,52,26,-8280,-12,9.940748832
130,53,7,-8306,17,9.941936256
130,54,5,-8286,7,9.943123680
130,55,15,-8298,42,9.944311104
130,56,8,-8307,16,9.945498528
130,57,7,-8306,18,9.946685952
130,58,0,-8311,-1,9.947873376
130,59,19,-8307,12,9.949060800
130,60,9,-8303,10,9.950248224
130,61,14,-8300,18,9.951435648
130,62,25,-8318,37,9.952623072
130,63,18,-8323,9,9.953810496
130,64,34,-8314,-13,9.954997920
131,1,17,-8307,7,9.956185344
131,2,22,-8317,27,9.957372768
131,3,25,-8273,2,9.958560192
131,4,35,-8304,5,9.959747616
131,5,8,-8301,7,9.960935040
131,6,22,-8321,1,9.962122464
131,7,8,-8320,9,9.963309888
131,8,30,-8303,11,9.964497312
131,9,15,-8316,11,9.965684736
131,10,20,-8321,-3,9.966872160
131,11,40,-8319,21,9.968059584
131,12,28,-8305,-17,9.969247008
131,13,-2,-8336,8,9.970434432
131,14,-12,-8303,11,9.971621856
131,15,18,-8294,-10,9.972809280
131,16,19,-8300,2,9.973996704
131,17,-31,-8307,-18,9.975184128
131,18,-1,-8298,8,9.976371552
131,19,5,-8301,0,9.977558976
131,20,40,-8336,20,9.978746400
131,21,37,-8304,7,9.979933824
131,22,27,-8282,5,9.981121248
131,23,31,-8299,11,9.982308672
131,24,33,-8283,-22,9.983496096
131,25,4,-8276,20,9.984683520
131,26,14,-8288,-3,9.985870944
131,27,3,-8303,8,9.987058368
131,28,0,-8301,-10,9.988245792
131,29,7,-8283,15,9.989433216
131,30,3,-8322,12,9.990620640
131,31,6,-8286,2,9.991808064
131,32,31,-8273,-2,9.992995488
131,33,40,-8279,-4,9.994182912
131,34,11,-8276,35,9.995370336
131,35,31,-8308,-21,9.996557760
131,36,3,-8287,-13,9.997745184
131,37,14,-8307,-12,9.998932608
131,38,25,-8298,19,10.000120032
131,39,47,-8316,-10,10.001307456
131,40,22,-8300,10,10.002494880
131,41,23,-8305,9,10.003682304
131,42,48,-8329,-8,10.004869728
131,43,13,-8324,2,10.006057152
131,44,25,-8307,-8,10.007244576
131,45,-12,-8312,28,10.008432000
131,46,-1,-8295,-11,10.009619424
131,47,10,-8298,-16,10.010806848
131,48,40,-8299,-9,10.011994272
131,49,26,-8330,20,10.013181696
131,50,4,-8304,-3,10.014369120
131,51,2,-8295,5,10.015556544
131,52,11,-8300,-6,10.016743968
131,53,17,-8299,9,10.017931392
131,54,5,-8302,-10,10.019118816
131,55,21,-8313,9,10.020306240
131,56,23,-8305,18,10.021493664
131,57,5,-8331,2,10.022681088
131,58,-20,-8327,-2,10.023868512
131,59,5,-8314,32,10.025055936
131,60,-11,-8297,-4,10.026243360
131,61,18,-8297,-1,10.027430784
131,62,36,-8317,1,10.028618208
131,63,27,-8326,23,10.029805632
131,64,22,-8323,12,10.030993056
132,1,-6,-8297,4,10.032180480
132,2,21,-8300,19,10.033367904
132,3,30,-8297,9,10.034555328
132,4,13,-8309,28,10.035742752
132,5,30,-8303,-9,10.036930176
132,6,38,-8313,15,10.038117600
132,7,11,-8325,6,10.039305024
132,8,5,-8322,-19,10.040492448
132,9,21,-8289,34,10.041679872
132,10,-13,-8304,4,10.042867296
132,11,14,-8308,17,10.044054720
132,12,4,-8295,9,10.045242144
132,13,11,-8297,20,10.046429568
132,14,19,-8318,19,10.047616992
132,15,27,-8299,-5,10.048804416
132,16,12,-8295,-2,10.049991840
132,17,-21,-8272,27,10.051179264
132,18,0,-8322,19,10.052366688
132,19,12,-8299,5,10.053554112
132,20,-4,-8304,5,10.054741536
132,21,21,-8314,19,10.055928960
132,22,-16,-8297,18,10.057116384
132,23,-2,-8284,-11,10.058303808
132,24,-2,-8305,29,10.059491232
132,25,2,-8291,-6,10.060678656
132,26,16,-8304,0,10.061866080
132,27,30,-8320,12,10.063053504
132,28,11,-8305,1,10.064240928
132,29,-22,-8292,10,10.065428352
132,30,-11,-8302,41,10.066615776
132,31,18,-8308,31,10.067803200
132,32,17,-8296,25,10.068990624
132,33,33,-8291,7,10.070178048
132,34,32,-8311,4,10.071365472
132,35,19,-8293,16,10.072552896
132,36,15,-8308,-15,10.073740320
132,37,-7,-8297,38,10.074927744
132,38,16,-8348,32,10.076115168
132,39,6,-8304,19,10.077302592
132,40,11,-8289,12,10.078490016
132,41,-11,-8314,21,10.079677440
132,42,36,-8325,16,10.080864864
132,43,3,-8298,11,10.082052288
132,44,0,-8331,-8,10.083239712
132,45,0,-8326,8,10.084427136
132,46,-6,-8283,6,10.085614560
132,47,36,-8307,7,10.086801984
132,48,18,-8308,4,10.087989408
132,49,-15,-8294,20,10.089176832
132,50,16,-8293,-2,10.090364256
132,51,-7,-8301,21,10.091551680
132,52,8,-8334,-8,10.092739104
132,53,-3,-8332,41,10.093926528
132,54,2,-8322,1,10.095113952
132,55,34,-8304,27,10.096301376
132,56,9,-8293,5,10.097488800
132,57,13,-8293,3,10.098676224
132,58,-13,-8293,17,10.099863648
132,59,17,-8319,-10,10.101051072
132,60,-1,-8317,-11,10.102238496
132,61,14,-8291,-10,10.103425920
132,62,-6,-8272,15,10.104613344
132,63,3,-8287,-5,10.105800768
132,64,31,-8319,30,10.106988192
133,1,-1,-8323,-1,10.108175616
133,2,-16,-8299,22,10.109363040
133,3,1,-8300,-14,10.110550464
133,4,-11,-8279,8,10.111737888
133,5,-10,-8285,12,10.112925312
133,6,2,-8285,11,10.114112736
133,7,39,-8302,12,10.115300160
133,8,0,-8285,-8,10.116487584
133,9,7,-8298,12,10.117675008
133,10,-2,-8295,-13,10.118862432
133,11,10,-8277,31,10.120049856
133,12,8,-8294,-43,10.121237280
133,13,19,-8320,1,10.122424704
133,14,0,-8314,0,10.123612128
133,15,-13,-8305,-6,10.124799552
133,16,24,-8304,37,10.125986976
133,17,-6,-8319,-3,10.127174400
133,18,3,-8322,35,10.128361824
133,19,29,-8314,-9,10.129549248
133,20,6,-8320,3,10.130736672
133,21,2,-8320,8,10.131924096
133,22,24,-8320,10,10.133111520
133,23,2,-8303,7,10.134298944
133,24,23,-8323,1,10.135486368
133,25,15,-8315,15,10.136673792
133,26,22,-8291,24,10.137861216
133,27,39,-8302,21,10.139048640
133,28,51,-8318,9,10.140236064
133,29,15,-8295,-21,10.141423488
133,30,16,-8316,24,10.142610912
133,31,1,-8310,13,10.143798336
133,32,11,-8308,1,10.144985760
133,33,21,-8307,5,10.146173184
133,34,30,-8303,1,10.147360608
133,35,18,-8323,-10,10.148548032
133,36,4,-8288,5,10.149735456
133,37,14,-8309,14,10.150922880
133,38,35,-8316,6,10.152110304
133,39,29,-8317,4,10.153297728
133,40,15,-8322,-7,10.154485152
133,41,15,-8332,14,10.155672576
133,42,29,-8321,-25,10.156860000
133,43,19,-8291,24,10.158047424
133,44,31,-8303,13,10.159234848
133,45,4,-8308,13,10.160422272
133,46,32,-8318,19,10.161609696
133,47,-39,-8306,1,10.162797120
133,48,27,-8283,23,10.163984544
133,49,-6,-8305,8,10.165171968
133,50,-10,-8307,32,10.166359392
133,51,4,-8294,13,10.167546816
133,52,12,-8293,16,10.168734240
133,53,1,-8329,20,10.169921664
133,54,25,-8293,18,10.171109088
133,55,15,-8297,2,10.172296512
133,56,-9,-8303,-3,10.173483936
133,57,14,-8291,18,10.174671360
133,58,25,-8311,19,10.175858784
133,59,22,-8285,11,10.177046208
133,60,4,-8310,14,10.178233632
133,61,16,-8314,6,10.179421056
133,62,38,-8297,25,10.180608480
133,63,5,-8313,26,10.181795904
133,64,28,-8302,15,10.182983328
134,1,24,-8326,20,10.184170752
134,2,1,-8311,0,10.185358176
134,3,16,-8298,5,10.186545600
134,4,-14,-8303,8,10.187733024
134,5,8,-8328,42,10.188920448
134,6,11,-8292,-7,10.190107872
134,7,6,-8291,24,10.191295296
134,8,34,-8316,18,10.192482720
134,9,7,-8325,-3,10.193670144
134,10,19,-8302,25,10.194857568
134,11,26,-8317,7,10.196044992
134,12,-23,-8335,44,10.197232416
134,13,8,-8288,34,10.198419840
134,14,14,-8302,27,10.199607264
134,15,-1,-8306,11,10.200794688
134,16,25,-8297,2,10.201982112
134,17,-12,-8301,2,10.203169536
134,18,6,-8328,19,10.204356960
134,19,3,-8330,14,10.205544384
134,20,23,-8314,39,10.206731808
134,21,16,-8309,24,10.207919232
134,22,-19,-8294,52,10.209106656
134,23,-14,-8319,38,10.210294080
134,24,10,-8320,12,10.211481504
134,25,5,-8293,17,10.212668928
134,26,-5,-8325,12,10.213856352
134,27,12,-8340,9,10.215043776
134,28,-1,-8318,8,10.216231200
134,29,7,-8323,35,10.217418624
134,30,1,-8295,21,10.218606048
134,31,7,-8327,12,10.219793472
134,32,9,-8334,24,10.220980896
134,33,17,-8300,26,10.222168320
134,34,-8,-8305,29,10.223355744
134,35,17,-8311,35,10.224543168
134,36,19,-8292,15,10.225730592
134,37,14,-8322,5,10.226918016
134,38,20,-8285,5,10.228105440
134,39,17,-8312,11,10.229292864
134,40,7,-8294,29,10.230480288
134,41,-12,-8296,0,10.231667712
134,42,-5,-8292,41,10.232855136
134,43,5,-8301,19,10.234042560
134,44,3,-8295,26,10.235229984
134,45,6,-8327,38,10.236417408
134,46,9,-8308,13,10.237604832
134,47,5,-8306,39,10.238792256
134,48,15,-8297,11,10.239979680
134,49,20,-8319,15,10.241167104
134,50,-1,-8295,39,10.242354528
134,51,10,-8309,17,10.243541952
134,52,6,-8326,54,10.244729376
134,53,4,-8300,22,10.245916800
134,54,12,-8307,26,10.247104224
134,55,3,-8288,13,10.248291648
134,56,34,-8305,39,10.249479072
134,57,22,-8287,8,10.250666496
134,58,5,-8310,45,10.251853920
134,59,18,-8298,27,10.253041344
134,60,5,-8296,16,10.254228768
134,61,3,-8300,-5,10.255416192
134,62,-12,-8325,1,10.256603616
134,63,15,-8312,46,10.257791040
134,64,34,-8305,27,10.258978464
135,1,9,-8306,28,10.260165888
135,2,17,-8321,6,10.261353312
135,3,15,-8325,15,10.262540736
135,4,1,-8330,-4,10.263728160
135,5,-1,-8320,28,10.264915584
135,6,0,-8315,16,10.266103008
135,7,-15,-8323,27,10.267290432
135,8,-16,-8304,-1,10.268477856
135,9,-21,-8300,2,10.269665280
135,10,5,-8298,18,10.270852704
135,11,20,-8293,18,10.272040128
135,12,7,-8294,12,10.273227552
135,13,23,-8297,-1,10.274414976
135,14,5,-8288,23,10.275602400
135,15,8,-8303,18,10.276789824
135,16,16,-8322,33,10.277977248
135,17,-13,-8343,-15,10.279164672
135,18,-22,-8321,25,10.280352096
135,19,-7,-8317,-14,10.281539520
135,20,34,-8324,15,10.282726944
135,21,29,-8289,23,10.283914368
135,22,21,-8297,12,10.285101792
135,23,15,-8317,9,10.286289216
135,24,14,-8318,-9,10.287476640
135,25,11,-8299,3,10.288664064
135,26,-7,-8301,-16,10.289851488
135,27,31,-8319,-13,10.291038912
135,28,37,-8296,13,10.292226336
135,29,17,-8315,-6,10.293413760
135,30,-9,-8305,35,10.294601184
135,31,26,-8312,8,10.295788608
135,32,42,-8328,5,10.296976032
135,33,15,-8295,-6,10.298163456
135,34,-4,-8293,-12,10.299350880
135,35,-2,-8319,6,10.300538304
135,36,0,-8295,-2,10.301725728
135,37,7,-8315,8,10.302913152
135,38,28,-8318,9,10.304100576
135,39,17,-8288,4,10.305288000
135,40,-1,-8300,-8,10.306475424
135,41,12,-8308,1,10.307662848
135,42,4,-8302,4,10.308850272
135,43,40,-8298,-27,10.310037696
135,44,47,-8313,4,10.311225120
135,45,7,-8285,-24,10.312412544
135,46,17,-8304,-3,10.313599968
135,47,9,-8318,-9,10.314787392
135,48,24,-8306,-1,10.315974816
135,49,49,-8289,15,10.317162240
135,50,24,-8314,-3,10.318349664
135,51,6,-8306,-2,10.319537088
135,52,15,-8316,-47,10.320724512
135,53,0,-8342,18,10.321911936
135,54,20,-8320,-32,10.323099360
135,55,23,-8276,-3,10.324286784
135,56,10,-8316,-8,10.325474208
135,57,30,-8308,-28,10.326661632
135,58,16,-8296,-18,10.327849056
135,59,9,-8307,-11,10.329036480
135,60,22,-8292,-6,10.330223904
135,61,-2,-8314,-10,10.331411328
135,62,13,-8306,-8,10.332598752
135,63,0,-8288,5,10.333786176
135,64,-1,-8297,5,10.334973600
136,1,1,-8309,-18,10.336161024
136,2,11,-8310,7,10.337348448
136,3,25,-8293,-14,10.338535872
136,4,12,-8301,4,10.339723296
136,5,-1,-8314,-9,10.340910720
136,6,25,-8317,-30,10.342098144
136,7,35,-8290,-18,10.343285568
136,8,9,-8274,-12,10.344472992
136,9,-10,-8295,13,10.345660416
136,10,-8,-8297,-11,10.346847840
136,11,-1,-8315,13,10.348035264
136,12,10,-8310,-8,10.349222688
136,13,12,-8317,-28,10.350410112
136,14,24,-8294,-8,10.351597536
136,15,12,-8306,11,10.352784960
136,16,26,-8317,-21,10.353972384
136,17,5,-8286,12,10.355159808
136,18,0,-8292,3,10.356347232
136,19,-2,-8315,24,10.357534656
136,20,25,-8304,13,10.358722080
136,21,36,-8320,-1,10.359909504
136,22,19,-8300,8,10.361096928
136,23,19,-8331,-11,10.362284352
136,24,5,-8310,-12,10.363471776
136,25,10,-8287,12,10.364659200
136,26,-4,-8296,-4,10.365846624
136,27,4,-8294,13,10.367034048
136,28,37,-8308,-1,10.368221472
136,29,33,-8319,29,10.369408896
136,30,6,-8297,-1,10.370596320
136,31,3,-8312,-2,10.371783744
136,32,-1,-8329,-7,10.372971168
136,33,4,-8304,1,10.374158592
136,34,35,-8318,-3,10.375346016
136,35,18,-8304,14,10.376533440
136,36,6,-8291,17,10.377720864
136,37,-1,-8287,11,10.378908288
136,38,-10,-8313,17,10.380095712
136,39,1,-8337,1,10.381283136
136,40,-5,-8294,-3,10.382470560
136,41,-3,-8313,1,10.383657984
136,42,8,-8291,27,10.384845408
136,43,36,-8312,-1,10.386032832
136,44,22,-8285,12,10.387220256
136,45,33,-8306,26,10.388407680
136,46,26,-8330,22,10.389595104
136,47,15,-8333,32,10.390782528
136,48,16,-8289,-10,10.391969952
136,49,-6,-8296,42,10.393157376
136,50,2,-8307,18,10.394344800
136,51,21,-8292,22,10.395532224
136,52,30,-8322,13,10.396719648
136,53,3,-8287,1,10.397907072
136,54,-22,-8286,24,10.399094496
136,55,5,-8291,-16,10.400281920
136,56,23,-8295,13,10.401469344
136,57,17,-8293,13,10.402656768
136,58,11,-8320,18,10.403844192
136,59,43,-8302,25,10.405031616
136,60,7,-8298,3,10.406219040
136,61,7,-8306,47,10.407406464
136,62,19,-8317,2,10.408593888
136,63,5,-8306,15,10.409781312
136,64,45,-8309,-3,10.410968736
137,1,27,-8312,48,10.412156160
137,2,42,-8295,20,10.413343584
137,3,19,-8296,29,10.414531008
137,4,14,-8315,14,10.415718432
137,5,10,-8292,29,10.416905856
137,6,-27,-8311,39,10.418093280
137,7,20,-8311,25,10.419280704
137,8,54,-8323,14,10.420468128
137,9,20,-8299,40,10.421655552
137,10,15,-8309,-17,10.422842976
137,11,13,-8306,1,10.424030400
137,12,-1,-8312,24,10.425217824
137,13,4,-8296,0,10.426405248
137,14,11,-8309,41,10.427592672
137,15,12,-8303,3,10.428780096
137,16,33,-8321,22,10.429967520
137,17,23,-8318,11,10.431154944
137,18,21,-8305,-4,10.432342368
137,19,14,-8307,33,10.433529792
137,20,-5,-8314,-12,10.434717216
137,21,1,-8292,20,10.435904640
137,22,8,-8279,14,10.437092064
137,23,-8,-8292,11,10.438279488
137,24,22,-8312,13,10.439466912
137,25,17,-8320,6,10.440654336
137,26,21,-8301,-6,10.441841760
137,27,2,-8296,-7,10.443029184
137,28,-1,-8291,22,10.444216608
137,29,9,-8291,-9,10.445404032
137,30,21,-8313,26,10.446591456
137,31,13,-8314,29,10.447778880
137,32,26,-8332,18,10.448966304
137,33,25,-8272,-14,10.450153728
137,34,-4,-8296,10,10.451341152
137,35,8,-8315,-38,10.452528576
137,36,8,-8293,3,10.453716000
137,37,-1,-8298,-23,10.454903424
137,38,30,-8279,8,10.456090848
137,39,15,-8314,-3,10.457278272
137,40,1,-8302,-6,10.458465696
137,41,-21,-8301,-8,10.459653120
137,42,24,-8310,-25,10.460840544
137,43,8,-8313,12,10.462027968
137,44,6,-8313,3,10.463215392
137,45,13,-8294,20,10.464402816
137,46,38,-8302,18,10.465590240
137,47,-20,-8317,-5,10.466777664
137,48,31,-8300,-8,10.467965088
137,49,4,-8296,-1,10.469152512
137,50,4,-8293,9,10.470339936
137,51,25,-8295,9,10.471527360
137,52,18,-8288,0,10.472714784
137,53,13,-8297,0,10.473902208
137,54,-3,-8289,18,10.475089632
137,55,10,-8310,-1,10.476277056
137,56,24,-8307,6,10.477464480
137,57,3,-8307,24,10.478651904
137,58,3,-8322,-28,10.479839328
137,59,11,-8318,7,10.481026752
137,60,-3,-8315,1,10.482214176
137,61,18,-8287,14,10.483401600
137,62,48,-8298,3,10.484589024
137,63,28,-8317,41,10.485776448
137,64,31,-8299,1,10.486963872
138,1,21,-8297,3,10.488151296
138,2,19,-8288,9,10.489338720
138,3,20,-8292,-11,10.490526144
138,4,10,-8293,16,10.491713568
138,5,2,-8312,-6,10.492900992
138,6,7,-8304,2,10.494088416
138,7,-4,-8311,5,10.495275840
138,8,2,-8296,20,10.496463264
138,9,23,-8314,28,10.497650688
138,10,31,-8295,32,10.498838112
138,11,28,-8328,7,10.500025536
138,12,18,-8316,13,10.501212960
138,13,13,-8317,15,10.502400384
138,14,9,-8323,18,10.503587808
138,15,-7,-8289,45,10.504775232
138,16,7,-8310,23,10.505962656
138,17,27,-8295,14,10.507150080
138,18,25,-8285,18,10.508337504
138,19,-18,-8296,1,10.509524928
138,20,-8,-8311,-9,10.510712352
138,21,20,-8305,5,10.511899776
138,22,-2,-8311,25,10.513087200
138,23,13,-8298,15,10.514274624
138,24,20,-8295,19,10.515462048
138,25,13,-8319,11,10.516649472
138,26,8,-8313,8,10.517836896
138,27,7,-8316,14,10.519024320
138,28,21,-8293,19,10.520211744
138,29,16,-8303,6,10.521399168
138,30,14,-8317,18,10.522586592
138,31,-5,-8277,12,10.523774016
138,32,11,-8288,26,10.524961440
138,33,21,-8296,-17,10.526148864
138,34,14,-8334,17,10.527336288
138,35,-4,-8308,11,10.528523712
138,36,14,-8307,37,10.529711136
138,37,-3,-8318,13,10.530898560
138,38,29,-8314,12,10.532085984
138,39,14,-8326,22,10.533273408
138,40,27,-8295,18,10.534460832
138,41,9,-8285,-2,10.535648256
138,42,17,-8305,-6,10.536835680
138,43,5,-8321,9,10.538023104
138,44,15,-8317,-13,10.539210528
138,45,16,-8280,24,10.540397952
138,46,14,-8286,27,10.541585376
138,47,5,-8297,26,10.542772800
138,48,19,-8308,21,10.543960224
138,49,10,-8307,-4,10.545147648
138,50,17,-8306,10,10.546335072
138,51,19,-8301,14,10.547522496
138,52,-2,-8308,6,10.548709920
138,53,33,-8310,25,10.549897344
138,54,18,-8316,3,10.551084768
138,55,-1,-8304,17,10.552272192
138,56,-5,-8301,13,10.553459616
138,57,9,-8316,16,10.554647040
138,58,-8,-8313,16,10.555834464
138,59,7,-8293,-7,10.557021888
138,60,-5,-8313,28,10.558209312
138,61,23,-8301,0,10.559396736
138,62,0,-8317,26,10.560584160
138,63,15,-8325,-5,10.561771584
138,64,9,-8311,-9,10.562959008
139,1,-19,-8302,35,10.564146432
139,2,-21,-8302,8,10.565333856
139,3,8,-8312,41,10.566521280
139,4,30,-8314,18,10.567708704
139,5,12,-8313,26,10.568896128
139,6,3,-8311,23,10.570083552
139,7,3,-8307,20,10.571270976
139,8,-8,-8309,-1,10.572458400
139,9,6,-8311,-11,10.573645824
139,10,-4,-8295,13,10.574833248
139,11,7,-8284,-6,10.576020672
139,12,28,-8317,1,10.577208096
139,13,-3,-8297,-5,10.578395520
139,14,-10,-8308,24,10.579582944
139,15,-9,-8313,-5,10.580770368
139,16,-12,-8299,12,10.581957792
139,17,18,-8319,8,10.583145216
139,18,22,-8341,-16,10.584332640
139,19,-8,-8314,33,10.585520064
139,20,49,-8302,-1,10.586707488
139,21,31,-8313,34,10.587894912
139,22,20,-8297,22,10.589082336
139,23,6,-8279,28,10.590269760
139,24,19,-8316,17,10.591457184
139,25,12,-8286,4,10.592644608
139,26,6,-8315,9,10.593832032
139,27,-15,-8316,21,10.595019456
139,28,9,-8299,12,10.596206880
139,29,5,-8299,25,10.597394304
139,30,-6,-8330,8,10.598581728
139,31,5,-8298,17,10.599769152
139,32,24,-8305,15,10.600956576
139,33,25,-8316,16,10.602144000
139,34,24,-8311,12,10.603331424
139,35,15,-8301,-6,10.604518848
139,36,6,-8305,1,10.605706272
139,37,35,-8333,2,10.606893696
139,38,6,-8302,16,10.608081120
139,39,-12,-8279,8,10.609268544
139,40,-2,-8292,18,10.610455968
139,41,21,-8287,-9,10.611643392
139,42,10,-8314,33,10.612830816
139,43,24,-8311,15,10.614018240
139,44,15,-8313,26,10.615205664
139,45,-3,-8311,12,10.616393088
139,46,-2,-8310,4,10.617580512
139,47,6,-8314,3,10.618767936
139,48,21,-8295,29,10.619955360
139,49,11,-8301,20,10.621142784
139,50,8,-8322,5,10.622330208
139,51,-8,-8310,15,10.623517632
139,52,28,-8293,6,10.624705056
139,53,28,-8303,25,10.625892480
139,54,4,-8291,25,10.627079904
139,55,24,-8296,0,10.628267328
139,56,-2,-8320,13,10.629454752
139,57,-10,-8338,12,10.630642176
139,58,-6,-8301,3,10.631829600
139,59,12,-8305,18,10.633017024
139,60,12,-8306,9,10.634204448
139,61,5,-8292,29,10.635391872
139,62,22,-8302,32,10.636579296
139,63,10,-8291,32,10.637766720
139,64,34,-8321,28,10.638954144
140,1,27,-8300,-7,10.640141568
140,2,18,-8291,20,10.641328992
140,3,5,-8288,9,10.642516416
140,4,17,-8305,32,10.643703840
140,5,22,-8297,9,10.644891264
140,6,2,-8309,2,10.646078688
140,7,28,-8333,-2,10.647266112
140,8,-5,-8302,-3,10.648453536
140,9,-11,-8304,18,10.649640960
140,10,18,-8306,14,10.650828384
140,11,20,-8300,18,10.652015808
140,12,30,-8312,6,10.653203232
140,13,-32,-8302,3,10.654390656
140,14,1,-8325,14,10.655578080
140,15,17,-8314,26,10.656765504
140,16,8,-8295,12,10.657952928
140,17,33,-8308,4,10.659140352
140,18,20,-8321,10,10.660327776
140,19,41,-8293,-11,10.661515200
140,20,28,-8300,10,10.662702624
140,21,-5,-8297,15,10.663890048
140,22,9,-8324,-3,10.665077472
140,23,26,-8302,18,10.666264896
140,24,35,-8337,34,10.667452320
140,25,12,-8275,-21,10.668639744
140,26,-6,-8318,16,10.669827168
140,27,11,-8314,-17,10.671014592
140,28,13,-8304,-4,10.672202016
140,29,45,-8324,26,10.673389440
140,30,28,-8339,4,10.674576864
140,31,26,-8305,5,10.675764288
140,32,16,-8308,-14,10.676951712
140,33,5,-8324,5,10.678139136
140,34,13,-8317,-23,10.679326560
140,35,10,-8346,-1,10.680513984
140,36,29,-8305,-13,10.681701408
140,37,11,-8312,-18,10.682888832
140,38,4,-8315,7,10.684076256
140,39,34,-8306,0,10.685263680
140,40,7,-8298,26,10.686451104
140,41,15,-8298,-19,10.687638528
140,42,15,-8289,-4,10.688825952
140,43,26,-8315,-8,10.690013376
140,44,41,-8296,-19,10.691200800
140,45,35,-8298,-5,10.692388224
140,46,19,-8294,14,10.693575648
140,47,38,-8301,-8,10.694763072
140,48,33,-8276,2,10.695950496
140,49,25,-8292,-22,10.697137920
140,50,10,-8291,-28,10.698325344
140,51,36,-8310,-11,10.699512768
140,52,27,-8320,-33,10.700700192
140,53,26,-8263,-24,10.701887616
140,54,31,-8292,-2,10.703075040
140,55,24,-8282,-17,10.704262464
140,56,2,-8298,-10,10.705449888
140,57,34,-8319,-16,10.706637312
140,58,28,-8305,-12,10.707824736
140,59,20,-8293,-15,10.709012160
140,60,20,-8307,-11,10.710199584
140,61,19,-8315,-30,10.711387008
140,62,14,-8282,-17,10.712574432
140,63,21,-8310,-29,10.713761856
140,64,16,-8311,-26,10.714949280
141,1,8,-8311,-13,10.716136704
141,2,30,-8316,-19,10.717324128
141,3,32,-8302,-23,10.718511552
141,4,19,-8308,-28,10.719698976
141,5,23,-8292,-32,10.720886400
141,6,8,-8286,-47,10.722073824
141,7,23,-8290,-22,10.723261248
141,8,60,-8326,-35,10.724448672
141,9,17,-8309,-26,10.725636096
141,10,36,-8292,-42,10.726823520
141,11,20,-8281,-44,10.728010944
141,12,43,-8306,-30,10.729198368
141,13,28,-8294,-23,10.730385792
141,14,25,-8311,-37,10.731573216
141,15,4,-8308,-14,10.732760640
141,16,26,-8281,-63,10.733948064
141,17,54,-8299,-42,10.735135488
141,18,21,-8290,-43,10.736322912
141,19,19,-8287,-46,10.737510336
141,20,26,-8308,-39,10.738697760
141,21,11,-8304,-67,10.739885184
141,22,10,-8304,-27,10.741072608
141,23,26,-8297,-33,10.742260032
141,24,26,-8304,-32,10.743447456
141,25,16,-8305,-29,10.744634880
141,26,7,-8301,-31,10.745822304
141,27,37,-8301,-4,10.747009728
141,28,22,-8296,-80,10.748197152
141,29,20,-8313,-32,10.749384576
141,30,29,-8301,-33,10.750572000
141,31,26,-8299,-19,10.751759424
141,32,18,-8281,-41,10.752946848
141,33,17,-8284,-41,10.754134272
141,34,6,-8309,-21,10.755321696
141,35,23,-8294,-55,10.756509120
141,36,10,-8291,-48,10.757696544
141,37,20,-8311,-36,10.758883968
141,38,-3,-8315,-30,10.760071392
141,39,-10,-8304,-21,10.761258816
141,40,2,-8286,-48,10.762446240
141,41,-6,-8315,-31,10.763633664
141,42,13,-8274,-9,10.764821088
141,43,9,-8281,-30,10.766008512
141,44,-13,-8291,-29,10.767195936
141,45,20,-8299,-16,10.768383360
141,46,13,-8316,-48,10.769570784
141,47,21,-8287,-20,10.770758208
141,48,23,-8298,-41,10.771945632
141,49,5,-8272,-13,10.773133056
141,50,4,-8297,-25,10.774320480
141,51,1,-8304,-17,10.775507904
141,52,-9,-8295,-1,10.776695328
141,53,4,-8311,-34,10.777882752
141,54,0,-8290,-18,10.779070176
141,55,-11,-8317,-1,10.780257600
141,56,20,-8323,11,10.781445024
141,57,-7,-8283,11,10.782632448
141,58,-9,-8313,4,10.783819872
141,59,19,-8286,-7,10.785007296
141,60,44,-8305,-18,10.786194720
141,61,18,-8290,-5,10.787382144
141,62,21,-8287,-20,10.788569568
141,63,-12,-8292,-17,10.789756992
141,64,16,-8317,6,10.790944416
142,1,-20,-8343,-19,10.792131840
142,2,20,-8299,27,10.793319264
142,3,2,-8301,-16,10.794506688
142,4,4,-8296,31,10.795694112
142,5,19,-8321,-4,10.796881536
142,6,7,-8305,17,10.798068960
142,7,18,-8312,-5,10.799256384
142,8,-11,-8321,14,10.800443808
142,9,21,-8291,-15,10.801631232
142,10,-14,-8314,-9,10.802818656
142,11,16,-8283,-1,10.804006080
142,12,8,-8308,3,10.805193504
142,13,-45,-8294,3,10.806380928
142,14,22,-8303,9,10.807568352
142,15,3,-8310,17,10.808755776
142,16,12,-8312,0,10.809943200
142,17,-3,-8319,18,10.811130624
142,18,-7,-8305,25,10.812318048
142,19,2,-8300,24,10.813505472
142,20,-12,-8322,29,10.814692896
142,21,-19,-8315,36,10.815880320
142,22,6,-8304,18,10.817067744
142,23,-14,-8305,27,10.818255168
142,24,22,-8290,35,10.819442592
142,25,-6,-8301,4,10.820630016
142,26,-20,-8283,33,10.821817440
142,27,1,-8297,17,10.823004864
142,28,4,-8314,51,10.824192288
142,29,14,-8315,21,10.825379712
142,30,-15,-8289,30,10.826567136
142,31,1,-8308,36,10.827754560
142,32,11,-8326,21,10.828941984
142,33,-7,-8301,16,10.830129408
142,34,-6,-8297,25,10.831316832
142,35,22,-8317,22,10.832504256
142,36,27,-8281,29,10.833691680
142,37,7,-8313,49,10.834879104
142,38,5,-8307,20,10.836066528
142,39,-8,-8296,5,10.837253952
142,40,13,-8304,34,10.838441376
142,41,7,-8291,32,10.839628800
142,42,5,-8289,22,10.840816224
142,43,6,-8336,48,10.842003648
142,44,-3,-8316,26,10.843191072
142,45,15,-8304,24,10.844378496
142,46,25,-8296,27,10.845565920
142,47,-27,-8302,33,10.846753344
142,48,7,-8307,52,10.847940768
142,49,14,-8307,55,10.849128192
142,50,8,-8307,64,10.850315616
142,51,-5,-8313,77,10.851503040
142,52,-7,-8316,70,10.852690464
142,53,-2,-8305,34,10.853877888
142,54,-10,-8307,34,10.855065312
142,55,-11,-8286,28,10.856252736
142,56,18,-8307,47,10.857440160
142,57,10,-8302,13,10.858627584
142,58,3,-8289,55,10.859815008
142,59,-31,-8295,36,10.861002432
142,60,-13,-8317,69,10.862189856
142,61,-14,-8297,71,10.863377280
142,62,9,-8294,50,10.864564704
142,63,-6,-8288,77,10.865752128
142,64,-3,-8317,43,10.866939552
143,1,-10,-8308,73,10.868126976
143,2,-22,-8316,46,10.869314400
143,3,-18,-8296,86,10.870501824
143,4,4,-8299,47,10.871689248
143,5,-9,-8290,62,10.872876672
143,6,10,-8283,62,10.874064096
143,7,7,-8309,92,10.875251520
143,8,3,-8310,65,10.876438944
143,9,-4,-8311,64,10.877626368
143,10,-4,-8312,77,10.878813792
143,11,-21,-8308,58,10.880001216
143,12,-3,-8305,65,10.881188640
143,13,21,-8318,46,10.882376064
143,14,11,-8303,95,10.883563488
143,15,-12,-8304,74,10.884750912
143,16,14,-8304,68,10.885938336
143,17,4,-8301,97,10.887125760
143,18,-3,-8308,40,10.888313184
143,19,-4,-8292,81,10.889500608
143,20,23,-8320,34,10.890688032
143,21,9,-8309,78,10.891875456
143,22,9,-8302,51,10.893062880
143,23,-15,-8299,93,10.894250304
143,24,13,-8298,83,10.895437728
143,25,4,-8280,47,10.896625152
143,26,9,-8327,85,10.897812576
143,27,3,-8315,53,10.899000000
143,28,18,-8302,80,10.900187424
143,29,11,-8290,79,10.901374848
143,30,41,-8312,92,10.902562272
143,31,20,-8312,78,10.903749696
143,32,28,-8305,75,10.904937120
143,33,12,-8290,82,10.906124544
143,34,6,-8309,86,10.907311968
143,35,23,-8289,68,10.908499392
143,36,18,-8318,69,10.909686816
143,37,39,-8327,54,10.910874240
143,38,36,-8292,45,10.912061664
143,39,21,-8303,79,10.913249088
143,40,21,-8318,63,10.914436512
143,41,16,-8316,71,10.915623936
143,42,34,-8295,90,10.916811360
143,43,19,-8309,75,10.917998784
143,44,-4,-8297,50,10.919186208
143,45,10,-8311,62,10.920373632
143,46,9,-8306,80,10.921561056
143,47,10,-8326,75,10.922748480
143,48,17,-8324,78,10.923935904
143,49,24,-8319,68,10.925123328
143,50,35,-8287,58,10.926310752
143,51,66,-8330,50,10.927498176
143,52,24,-8327,51,10.928685600
143,53,16,-8282,53,10.929873024
143,54,15,-8317,54,10.931060448
143,55,35,-8307,58,10.932247872
143,56,34,-8312,72,10.933435296
143,57,33,-8323,70,10.934622720
143,58,23,-8317,49,10.935810144
143,59,42,-8294,64,10.936997568
143,60,1,-8288,68,10.938184992
143,61,1,-8326,67,10.939372416
143,62,23,-8305,65,10.940559840
143,63,13,-8286,53,10.941747264
143,64,23,-8302,47,10.942934688
144,1,41,-8300,74,10.944122112
144,2,11,-8315,55,10.945309536
144,3,11,-8289,38,10.946496960
144,4,8,-8299,53,10.947684384
144,5,10,-8312,50,10.948871808
144,6,61,-8313,66,10.950059232
144,7,40,-8312,39,10.951246656
144,8,16,-8288,44,10.952434080
144,9,13,-8316,40,10.953621504
144,10,7,-8320,56,10.954808928
144,11,18,-8311,20,10.955996352
144,12,33,-8325,36,10.957183776
144,13,21,-8300,35,10.958371200
144,14,18,-8285,44,10.959558624
144,15,25,-8318,37,10.960746048
144,16,3,-8299,59,10.961933472
144,17,49,-8307,16,10.963120896
144,18,27,-8324,17,10.964308320
144,19,13,-8298,-14,10.965495744
144,20,21,-8285,40,10.966683168
144,21,-9,-8290,19,10.967870592
144,22,28,-8306,29,10.969058016
144,23,12,-8283,16,10.970245440
144,24,23,-8303,-10,10.971432864
144,25,20,-8291,34,10.972620288
144,26,11,-8277,12,10.973807712
144,27,20,-8296,12,10.974995136
144,28,-3,-8297,-3,10.976182560
144,29,13,-8296,18,10.977369984
144,30,13,-8303,5,10.978557408
144,31,-7,-8295,9,10.979744832
144,32,16,-8279,-6,10.980932256
144,33,-6,-8294,-8,10.982119680
144,34,12,-8302,-7,10.983307104
144,35,26,-8300,-6,10.984494528
144,36,-2,-8293,-20,10.985681952
144,37,-4,-8288,-17,10.986869376
144,38,6,-8291,3,10.988056800
144,39,5,-8302,-27,10.989244224
144,40,-2,-8303,-12,10.990431648
144,41,3,-8278,-39,10.991619072
144,42,12,-8298,-8,10.992806496
144,43,9,-8316,-43,10.993993920
144,44,19,-8309,-10,10.995181344
144,45,20,-8310,-2,10.996368768
144,46,9,-8320,-11,10.997556192
144,47,2,-8303,-21,10.998743616
144,48,26,-8319,-29,10.999931040
144,49,11,-8290,-21,11.001118464
144,50,4,-8287,-18,11.002305888
144,51,2,-8290,-38,11.003493312
144,52,7,-8304,-24,11.004680736
144,53,22,-8313,-22,11.005868160
144,54,4,-8286,-38,11.007055584
144,55,31,-8311,11,11.008243008
144,56,3,-8290,-37,11.009430432
144,57,12,-8291,-10,11.010617856
144,58,13,-8302,-21,11.011805280
144,59,7,-8304,13,11.012992704
144,60,20,-8314,-10,11.014180128
144,61,-15,-8324,-6,11.015367552
144,62,23,-8287,-21,11.016554976
144,63,0,-8312,-18,11.017742400
144,64,13,-8294,-34,11.018929824
145,1,7,-8300,-23,11.020117248
145,2,15,-8307,-6,11.021304672
145,3,16,-8311,-12,11.022492096
145,4,17,-8333,-19,11.023679520
145,5,-3,-8313,-20,11.024866944
145,6,-8,-8292,-23,11.026054368
145,7,1,-8317,-11,11.027241792
145,8,20,-8289,5,11.028429216
145,9,16,-8303,-23,11.029616640
145,10,12,-8296,-4,11.030804064
145,11,20,-8313,-27,11.031991488
145,12,22,-8320,6,11.033178912
145,13,22,-8324,-11,11.034366336
145,14,12,-8311,2,11.035553760
145,15,-10,-8306,-12,11.036741184
145,16,22,-8309,1,11.037928608
145,17,10,-8291,-10,11.039116032
145,18,-6,-8290,0,11.040303456
145,19,1,-8309,-11,11.041490880
145,20,-8,-8274,-11,11.042678304
145,21,-13,-8307,5,11.043865728
145,22,23,-8281,-25,11.045053152
145,23,-13,-8290,-10,11.046240576
145,24,-8,-8284,-9,11.047428000
145,25,8,-8308,-4,11.048615424
145,26,-5,-8312,5,11.049802848
145,27,-9,-8298,-1,11.050990272
145,28,-14,-8306,14,11.052177696
145,29,-7,-8301,-10,11.053365120
145,30,26,-8279,26,11.054552544
145,31,13,-8296,12,11.055739968
145,32,-7,-8291,25,11.056927392
145,33,8,-8314,1,11.058114816
145,34,10,-8328,9,11.059302240
145,35,-18,-8327,6,11.060489664
145,36,-5,-8331,-8,11.061677088
145,37,-20,-8323,-9,11.062864512
145,38,-4,-8299,-9,11.064051936
145,39,13,-8339,-11,11.065239360
145,40,30,-8316,1,11.066426784
145,41,14,-8334,12,11.067614208
145,42,5,-8345,5,11.068801632
145,43,6,-8312,27,11.069989056
145,44,-14,-8302,3,11.071176480
145,45,-1,-8318,5,11.072363904
145,46,20,-8298,9,11.073551328
145,47,-2,-8306,3,11.074738752
145,48,29,-8302,13,11.075926176
145,49,6,-8285,-17,11.077113600
145,50,5,-8325,4,11.078301024
145,51,8,-8302,5,11.079488448
145,52,1,-8303,43,11.080675872
145,53,9,-8314,19,11.081863296
145,54,3,-8287,44,11.083050720
145,55,9,-8282,-16,11.084238144
145,56,18,-8307,-18,11.085425568
145,57,-7,-8313,19,11.086612992
145,58,12,-8304,-6,11.087800416
145,59,-16,-8306,55,11.088987840
145,60,4,-8307,21,11.090175264
145,61,13,-8303,23,11.091362688
145,62,11,-8309,39,11.092550112
145,63,10,-8306,7,11.093737536
145,64,29,-8320,20,11.094924960
146,1,-1,-8335,13,11.096112384
146,2,18,-8308,29,11.097299808
146,3,34,-8309,22,11.098487232
146,4,33,-8294,37,11.099674656
146,5,41,-8303,21,11.100862080
146,6,25,-8307,21,11.102049504
146,7,35,-8298,7,11.103236928
146,8,18,-8289,31,11.104424352
146,9,27,-8294,30,11.105611776
146,10,21,-8294,-2,11.106799200
146,11,12,-8318,25,11.107986624
146,12,31,-8290,11,11.109174048
146,13,53,-8300,38,11.110361472
146,14,21,-8289,-5,11.111548896
146,15,11,-8315,23,11.112736320
146,16,24,-8298,30,11.113923744
146,17,5,-8292,8,11.115111168
146,18,26,-8316,43,11.116298592
146,19,19,-8316,5,11.117486016
146,20,44,-8305,43,11.118673440
146,21,38,-8286,17,11.119860864
146,22,50,-8293,12,11.121048288
146,23,21,-8286,39,11.122235712
146,24,30,-8294,10,11.123423136
146,25,7,-8278,40,11.124610560
146,26,44,-8317,18,11.125797984
146,27,46,-8311,10,11.126985408
146,28,24,-8293,21,11.128172832
146,29,62,-8314,11,11.129360256
146,30,30,-8303,26,11.130547680
146,31,14,-8303,35,11.131735104
146,32,60,-8320,23,11.132922528
146,33,26,-8293,14,11.134109952
146,34,55,-8298,4,11.135297376
146,35,19,-8328,21,11.136484800
146,36,26,-8304,18,11.137672224
146,37,47,-8309,9,11.138859648
146,38,33,-8305,33,11.140047072
146,39,35,-8299,14,11.141234496
146,40,12,-8305,15,11.142421920
146,41,6,-8299,9,11.143609344
146,42,34,-8330,29,11.144796768
146,43,14,-8293,-9,11.145984192
146,44,15,-8285,19,11.147171616
146,45,37,-8284,11,11.148359040
146,46,30,-8296,-14,11.149546464
146,47,37,-8312,13,11.150733888
146,48,41,-8311,2,11.151921312
146,49,34,-8320,19,11.153108736
146,50,59,-8307,-2,11.154296160
146,51,15,-8292,-9,11.155483584
146,52,31,-8303,0,11.156671008
146,53,8,-8304,-1,11.157858432
146,54,23,-8319,-5,11.159045856
146,55,37,-8300,-8,11.160233280
146,56,65,-8294,-33,11.161420704
146,57,33,-8293,-15,11.162608128
146,58,29,-8312,-10,11.163795552
146,59,44,-8284,-5,11.164982976
146,60,20,-8306,-19,11.166170400
146,61,35,-8319,0,11.167357824
146,62,14,-8310,4,11.168545248
146,63,6,-8310,-2,11.169732672
146,64,35,-8284,-14,11.170920096
147,1,13,-8302,-19,11.172107520
147,2,14,-8296,-16,11.173294944
147,3,14,-8305,-31,11.174482368
147,4,16,-8295,-15,11.175669792
147,5,5,-8310,-13,11.176857216
147,6,36,-8319,-28,11.178044640
147,7,29,-8301,-34,11.179232064
147,8,37,-8315,-20,11.180419488
147,9,21,-8315,-8,11.181606912
147,10,16,-8284,-33,11.182794336
147,11,35,-8292,-10,11.183981760
147,12,18,-8290,-6,11.185169184
147,13,16,-8303,-19,11.186356608
147,14,18,-8313,1,11.187544032
147,15,25,-8295,-43,11.188731456
147,16,26,-8348,-6,11.189918880
147,17,33,-8314,-10,11.191106304
147,18,21,-8319,-9,11.192293728
147,19,14,-8332,15,11.193481152
147,20,27,-8317,-16,11.194668576
147,21,14,-8325,-17,11.195856000
147,22,15,-8305,-20,11.197043424
147,23,25,-8321,-29,11.198230848
147,24,-3,-8301,25,11.199418272
147,25,14,-8290,10,11.200605696
147,26,-4,-8291,-7,11.201793120
147,27,27,-8322,-2,11.202980544
147,28,25,-8280,-15,11.204167968
147,29,25,-8317,-1,11.205355392
147,30,34,-8307,11,11.206542816
147,31,23,-8296,11,11.207730240
147,32,14,-8297,1,11.208917664
147,33,22,-8308,-2,11.210105088
147,34,4,-8324,-2,11.211292512
147,35,14,-8324,-10,11.212479936
147,36,22,-8321,-18,11.213667360
147,37,2,-8294,-2,11.214854784
147,38,6,-8298,6,11.216042208
147,39,21,-8301,-6,11.217229632
147,40,22,-8295,-3,11.218417056
147,41,-8,-8299,12,11.219604480
147,42,15,-8323,-12,11.220791904
147,43,37,-8305,7,11.221979328
147,44,16,-8304,5,11.223166752
147,45,59,-8290,5,11.224354176
147,46,4,-8311,-11,11.225541600
147,47,-27,-8300,10,11.226729024
147,48,7,-8293,-18,11.227916448
147,49,-11,-8294,-4,11.229103872
147,50,25,-8302,-8,11.230291296
147,51,10,-8281,5,11.231478720
147,52,-6,-8283,-15,11.232666144
147,53,4,-8298,-6,11.233853568
147,54,-22,-8290,29,11.235040992
147,55,-12,-8294,-6,11.236228416
147,56,-10,-8323,21,11.237415840
147,57,4,-8304,15,11.238603264
147,58,-3,-8286,19,11.239790688
147,59,-3,-8328,9,11.240978112
147,60,2,-8315,4,11.242165536
147,61,-23,-8311,-9,11.243352960
147,62,-18,-8306,18,11.244540384
147,63,16,-8312,3,11.245727808
147,64,2,-8299,6,11.246915232
148,1,18,-8283,22,11.248102656
148,2,-9,-8313,-8,11.249290080
148,3,-12,-8286,6,11.250477504
148,4,-5,-8310,9,11.251664928
148,5,-1,-8309,7,11.252852352
148,6,-16,-8294,-6,11.254039776
148,7,11,-8312,11,11.255227200
148,8,18,-8299,17,11.256414624
148,9,9,-8308,15,11.257602048
148,10,-25,-8306,33,11.258789472
148,11,-1,-8310,18,11.259976896
148,12,5,-8325,17,11.261164320
148,13,-4,-8309,31,11.262351744
148,14,-4,-8292,16,11.263539168
148,15,-20,-8283,23,11.264726592
148,16,0,-8314,21,11.265914016
148,17,27,-8299,16,11.267101440
148,18,-2,-8295,25,11.268288864
148,19,-9,-8292,6,11.269476288
148,20,-49,-8317,43,11.270663712
148,21,-16,-8305,34,11.271851136
148,22,-21,-8311,42,11.273038560
148,23,-7,-8311,31,11.274225984
148,24,5,-8283,36,11.275413408
148,25,-10,-8291,27,11.276600832
148,26,14,-8287,58,11.277788256
148,27,1,-8300,28,11.278975680
148,28,-17,-8329,35,11.280163104
148,29,-9,-8316,40,11.281350528
148,30,-5,-8318,27,11.282537952
148,31,-20,-8315,44,11.283725376
148,32,-10,-8324,51,11.284912800
148,33,3,-8318,58,11.286100224
148,34,-4,-8307,19,11.287287648
148,35,40,-8303,19,11.288475072
148,36,17,-8324,31,11.289662496
148,37,-19,-8303,35,11.290849920
148,38,-6,-8300,38,11.292037344
148,39,29,-8293,27,11.293224768
148,40,19,-8304,38,11.294412192
148,41,-19,-8316,57,11.295599616
148,42,-11,-8297,41,11.296787040
148,43,0,-8343,33,11.297974464
148,44,10,-8332,46,11.299161888
148,45,13,-8303,19,11.300349312
148,46,33,-8302,30,11.301536736
148,47,44,-8316,10,11.302724160
148,48,14,-8305,54,11.303911584
148,49,-4,-8304,30,11.305099008
148,50,31,-8311,10,11.306286432
148,51,29,-8309,18,11.307473856
148,52,2,-8300,19,11.308661280
148,53,34,-8298,37,11.309848704
148,54,40,-8286,32,11.311036128
148,55,4,-8307,23,11.312223552
148,56,-2,-8296,41,11.313410976
148,57,-7,-8305,6,11.314598400
148,58,28,-8289,57,11.315785824
148,59,24,-8284,29,11.316973248
148,60,49,-8303,15,11.318160672
148,61,36,-8303,17,11.319348096
148,62,29,-8309,39,11.320535520
148,63,26,-8298,30,11.321722944
148,64,39,-8307,11,11.322910368
149,1,3,-8289,25,11.324097792
149,2,15,-8307,-1,11.325285216
149,3,37,-8308,28,11.326472640
149,4,29,-8312,19,11.327660064
149,5,13,-8318,48,11.328847488
149,6,14,-8304,5,11.330034912
149,7,22,-8310,10,11.331222336
149,8,41,-8320,18,11.332409760
149,9,28,-8305,16,11.333597184
149,10,16,-8284,29,11.334784608
149,11,47,-8293,3,11.335972032
149,12,24,-8299,34,11.337159456
149,13,41,-8307,-4,11.338346880
149,14,23,-8325,14,11.339534304
149,15,-31,-8276,8,11.340721728
149,16,33,-8329,19,11.341909152
149,17,1,-8325,3,11.343096576
149,18,16,-8319,8,11.344284000
149,19,31,-8302,10,11.345471424
149,20,24,-8285,29,11.346658848
149,21,26,-8294,14,11.347846272
149,22,0,-8336,14,11.349033696
149,23,15,-8309,4,11.350221120
149,24,3,-8323,-3,11.351408544
149,25,7,-8297,27,11.352595968
149,26,10,-8295,34,11.353783392
149,27,5,-8284,17,11.354970816
149,28,18,-8301,20,11.356158240
149,29,8,-8283,-21,11.357345664
149,30,-5,-8299,21,11.358533088
149,31,-5,-8294,19,11.359720512
149,32,10,-8296,-5,11.360907936
149,33,10,-8264,6,11.362095360
149,34,9,-8297,18,11.363282784
149,35,26,-8298,49,11.364470208
149,36,-19,-8303,13,11.365657632
149,37,10,-8307,19,11.366845056
149,38,42,-8309,16,11.368032480
149,39,7,-8331,18,11.369219904
149,40,-1,-8290,23,11.370407328
149,41,9,-8331,35,11.371594752
149,42,20,-8292,-1,11.372782176
149,43,25,-8306,12,11.373969600
149,44,19,-8314,3,11.375157024
149,45,5,-8312,23,11.376344448
149,46,26,-8305,-14,11.377531872
149,47,13,-8321,22,11.378719296
149,48,39,-8299,1,11.379906720
149,49,40,-8298,3,11.381094144
149,50,11,-8318,2,11.382281568
149,51,26,-8326,4,11.383468992
149,52,8,-8309,26,11.384656416
149,53,25,-8301,4,11.385843840
149,54,34,-8307,8,11.387031264
149,55,36,-8306,-1,11.388218688
149,56,34,-8315,7,11.389406112
149,57,22,-8327,-20,11.390593536
149,58,27,-8298,1,11.391780960
149,59,23,-8305,-4,11.392968384
149,60,37,-8289,6,11.394155808
149,61,5,-8280,0,11.395343232
149,62,23,-8265,35,11.396530656
149,63,5,-8295,-2,11.397718080
149,64,22,-8324,16,11.398905504
150,1,12,-8301,11,11.400092928
150,2,7,-8315,5,11.401280352
150,3,35,-8313,10,11.402467776
150,4,-7,-8312,34,11.403655200
150,5,28,-8309,3,11.404842624
150,6,56,-8294,19,11.406030048
150,7,7,-8296,7,11.407217472
150,8,-9,-8305,15,11.408404896
150,9,-18,-8300,0,11.409592320
150,10,16,-8280,29,11.410779744
150,11,11,-8302,9,11.411967168
150,12,-18,-8282,5,11.413154592
150,13,3,-8315,24,11.414342016
150,14,-4,-8294,-10,11.415529440
150,15,8,-8305,4,11.416716864
150,16,9,-8312,15,11.417904288
150,17,6,-8323,2,11.419091712
150,18,-8,-8313,7,11.420279136
150,19,4,-8312,1,11.421466560
150,20,-16,-8328,-13,11.422653984
150,21,6,-8298,-11,11.423841408
150,22,47,-8310,-15,11.425028832
150,23,12,-8296,-5,11.426216256
150,24,14,-8291,0,11.427403680
150,25,-12,-8318,-16,11.428591104
150,26,16,-8338,7,11.429778528
150,27,7,-8281,14,11.430965952
150,28,22,-8296,27,11.432153376
150,29,14,-8311,16,11.433340800
150,30,-18,-8301,3,11.434528224
150,31,-11,-8301,3,11.435715648
150,32,5,-8313,-8,11.436903072
150,33,-8,-8328,20,11.438090496
150,34,-7,-8300,-22,11.439277920
150,35,-8,-8306,22,11.440465344
150,36,3,-8295,33,11.441652768
150,37,-12,-8314,11,11.442840192
150,38,-20,-8326,31,11.444027616
150,39,10,-8290,-5,11.445215040
150,40,-6,-8311,13,11.446402464
150,41,6,-8324,-5,11.447589888
150,42,4,-8295,10,11.448777312
150,43,-12,-8311,8,11.449964736
150,44,32,-8314,24,11.451152160
150,45,-7,-8301,14,11.452339584
150,46,-4,-8306,21,11.453527008
150,47,-5,-8298,-3,11.454714432
150,48,5,-8307,-10,11.455901856
150,49,4,-8284,-5,11.457089280
150,50,21,-8303,7,11.458276704
150,51,1,-8313,8,11.459464128
150,52,-6,-8319,-19,11.460651552
150,53,18,-8316,-10,11.461838976
150,54,18,-8311,-24,11.463026400
150,55,17,-8305,8,11.464213824
150,56,19,-8331,1,11.465401248
150,57,3,-8308,5,11.466588672
150,58,34,-8277,7,11.467776096
150,59,-2,-8287,0,11.468963520
150,60,14,-8303,14,11.470150944
150,61,24,-8293,-17,11.471338368
150,62,18,-8304,5,11.472525792
150,63,0,-8298,-26,11.473713216
150,64,21,-8312,-16,11.474900640
151,1,37,-8314,11,11.476088064
151,2,4,-8308,15,11.477275488
151,3,-7,-8309,7,11.478462912
151,4,19,-8287,-13,11.479650336
151,5,-4,-8297,0,11.480837760
151,6,16,-8301,-17,11.482025184
151,7,8,-8298,-8,11.483212608
151,8,22,-8299,1,11.484400032
151,9,9,-8303,-2,11.485587456
151,10,11,-8301,10,11.486774880
151,11,13,-8291,-9,11.487962304
151,12,1,-8316,9,11.489149728
151,13,21,-8298,-3,11.490337152
151,14,32,-8288,-9,11.491524576
151,15,16,-8297,-12,11.492712000
151,16,42,-8305,14,11.493899424
151,17,2,-8319,11,11.495086848
151,18,3,-8302,19,11.496274272
151,19,6,-8288,-18,11.497461696
151,20,21,-8320,18,11.498649120
151,21,8,-8300,5,11.499836544
151,22,30,-8310,-1,11.501023968
151,23,39,-8299,-5,11.502211392
151,24,33,-8334,-9,11.503398816
151,25,-6,-8312,27,11.504586240
151,26,-24,-8312,-11,11.505773664
151,27,7,-8324,17,11.506961088
151,28,25,-8302,15,11.508148512
151,29,17,-8284,4,11.509335936
151,30,36,-8303,27,11.510523360
151,31,0,-8327,-29,11.511710784
151,32,6,-8323,-2,11.512898208
151,33,13,-8309,-19,11.514085632
151,34,-6,-8318,4,11.515273056
151,35,-9,-8298,15,11.516460480
151,36,25,-8289,-10,11.517647904
151,37,-1,-8310,3,11.518835328
151,38,-4,-8292,-2,11.520022752
151,39,42,-8302,15,11.521210176
151,40,25,-8319,-10,11.522397600
151,41,14,-8298,-11,11.523585024
151,42,26,-8292,-8,11.524772448
151,43,46,-8282,2,11.525959872
151,44,45,-8292,1,11.527147296
151,45,7,-8295,24,11.528334720
151,46,4,-8297,27,11.529522144
151,47,4,-8303,17,11.530709568
151,48,0,-8301,-1,11.531896992
151,49,11,-8291,-10,11.533084416
151,50,4,-8294,-1,11.534271840
151,51,22,-8316,-12,11.535459264
151,52,6,-8287,3,11.536646688
151,53,9,-8314,9,11.537834112
151,54,25,-8309,14,11.539021536
151,55,21,-8278,4,11.540208960
151,56,26,-8292,17,11.541396384
151,57,31,-8297,-11,11.542583808
151,58,25,-8290,28,11.543771232
151,59,36,-8310,6,11.544958656
151,60,18,-8306,10,11.546146080
151,61,26,-8317,15,11.547333504
151,62,0,-8305,-4,11.548520928
151,63,-6,-8291,-3,11.549708352
151,64,20,-8297,2,11.550895776
152,1,26,-8307,24,11.552083200
152,2,25,-8286,35,11.553270624
152,3,-8,-8294,9,11.554458048
152,4,9,-8292,12,11.555645472
152,5,19,-8310,7,11.556832896
152,6,20,-8316,-21,11.558020320
152,7,-13,-8296,38,11.559207744
152,8,11,-8318,16,11.560395168
152,9,23,-8283,34,11.561582592
152,10,9,-8295,27,11.562770016
152,11,5,-8324,17,11.563957440
152,12,9,-8308,11,11.565144864
152,13,-8,-8309,24,11.566332288
152,14,16,-8329,30,11.567519712
152,15,2,-8319,43,11.568707136
152,16,33,-8306,35,11.569894560
152,17,22,-8298,-5,11.571081984
152,18,5,-8296,19,11.572269408
152,19,-1,-8305,18,11.573456832
152,20,-6,-8324,17,11.574644256
152,21,12,-8296,8,11.575831680
152,22,-11,-8299,17,11.577019104
152,23,8,-8305,12,11.578206528
152,24,-3,-8301,34,11.579393952
152,25,-10,-8313,8,11.580581376
152,26,10,-8325,9,11.581768800
152,27,10,-8301,14,11.582956224
152,28,-17,-8300,26,11.584143648
152,29,-30,-8314,7,11.585331072
152,30,13,-8341,32,11.586518496
152,31,-2,-8298,32,11.587705920
152,32,21,-8288,15,11.588893344
152,33,-2,-8308,-6,11.590080768
152,34,16,-8313,39,11.591268192
152,35,-10,-8282,29,11.592455616
152,36,14,-8286,17,11.593643040
152,37,-23,-8293,25,11.594830464
152,38,-6,-8293,24,11.596017888
152,39,3,-8295,45,11.597205312
152,40,-5,-8300,4,11.598392736
152,41,1,-8303,31,11.599580160
152,42,4,-8279,9,11.600767584
152,43,10,-8317,22,11.601955008
152,44,7,-8288,-12,11.603142432
152,45,-23,-8293,14,11.604329856
152,46,-11,-8323,21,11.605517280
152,47,-18,-8289,36,11.606704704
152,48,21,-8309,25,11.607892128
152,49,-17,-8313,19,11.609079552
152,50,-10,-8309,35,11.610266976
152,51,-13,-8320,40,11.611454400
152,52,23,-8294,29,11.612641824
152,53,9,-8308,6,11.613829248
152,54,-1,-8337,-5,11.615016672
152,55,4,-8305,6,11.616204096
152,56,-7,-8299,17,11.617391520
152,57,17,-8290,33,11.618578944
152,58,3,-8304,24,11.619766368
152,59,20,-8313,21,11.620953792
152,60,2,-8278,0,11.622141216
152,61,18,-8276,20,11.623328640
152,62,15,-8307,3,11.624516064
152,63,-5,-8284,19,11.625703488
152,64,22,-8294,-1,11.626890912
153,1,-1,-8266,30,11.628078336
153,2,5,-8298,13,11.629265760
153,3,17,-8303,18,11.630453184
153,4,19,-8302,7,11.631640608
153,5,14,-8304,9,11.632828032
153,6,13,-8305,14,11.634015456
153,7,-10,-8315,40,11.635202880
153,8,8,-8314,14,11.636390304
153,9,-5,-8300,26,11.637577728
153,10,-20,-8311,5,11.638765152
153,11,26,-8312,12,11.639952576
153,12,2,-8299,6,11.641140000
153,13,12,-8299,14,11.642327424
153,14,31,-8298,11,11.643514848
153,15,15,-8320,-7,11.644702272
153,16,43,-8295,29,11.645889696
153,17,6,-8305,39,11.647077120
153,18,3,-8281,19,11.648264544
153,19,-7,-8292,14,11.649451968
153,20,-2,-8293,27,11.650639392
153,21,32,-8305,-9,11.651826816
153,22,23,-8282,-1,11.653014240
153,23,-12,-8316,-11,11.654201664
153,24,14,-8328,-5,11.655389088
153,25,24,-8304,-5,11.656576512
153,26,38,-8304,11,11.657763936
153,27,28,-8313,-15,11.658951360
153,28,29,-8311,-19,11.660138784
153,29,13,-8313,-7,11.661326208
153,30,16,-8298,-2,11.662513632
153,31,7,-8323,35,11.663701056
153,32,52,-8319,-12,11.664888480
153,33,18,-8291,-6,11.666075904
153,34,35,-8337,-13,11.667263328
153,35,33,-8305,-17,11.668450752
153,36,61,-8300,-21,11.669638176
153,37,43,-8305,-24,11.670825600
153,38,33,-8321,8,11.672013024
153,39,28,-8313,-24,11.673200448
153,40,23,-8328,16,11.674387872
153,41,55,-8292,-32,11.675575296
153,42,46,-8316,-16,11.676762720
153,43,35,-8294,-12,11.677950144
153,44,34,-8291,-33,11.679137568
153,45,48,-8307,-26,11.680324992
153,46,44,-8306,-19,11.681512416
153,47,37,-8292,-24,11.682699840
153,48,51,-8311,-7,11.683887264
153,49,25,-8279,-34,11.685074688
153,50,48,-8293,-28,11.686262112
153,51,30,-8277,-33,11.687449536
153,52,38,-8296,-31,11.688636960
153,53,24,-8290,-23,11.689824384
153,54,58,-8313,-63,11.691011808
153,55,24,-8309,-21,11.692199232
153,56,35,-8307,-41,11.693386656
153,57,24,-8298,-34,11.694574080
153,58,16,-8316,-29,11.695761504
153,59,8,-8301,-4,11.696948928
153,60,22,-8338,-21,11.698136352
153,61,30,-8324,-2,11.699323776
153,62,21,-8290,-53,11.700511200
153,63,6,-8300,-23,11.701698624
153,64,14,-8296,-46,11.702886048
154,1,10,-8305,-30,11.704073472
154,2,24,-8303,-21,11.705260896
154,3,9,-8292,-43,11.706448320
154,4,-14,-8287,-12,11.707635744
154,5,2,-8309,-67,11.708823168
154,6,-1,-8288,-28,11.710010592
154,7,-1,-8310,-59,11.711198016
154,8,36,-8310,-20,11.712385440
154,9,13,-8287,-43,11.713572864
154,10,11,-8290,-52,11.714760288
154,11,8,-8296,-34,11.715947712
154,12,0,-8314,-23,11.717135136
154,13,-7,-8335,-31,11.718322560
154,14,27,-8300,-32,11.719509984
154,15,21,-8308,-21,11.720697408
154,16,18,-8287,-49,11.721884832
154,17,11,-8316,-28,11.723072256
154,18,25,-8309,-30,11.724259680
154,19,-10,-8300,-18,11.725447104
154,20,10,-8296,-50,11.726634528
154,21,20,-8316,-41,11.727821952
154,22,28,-8302,-11,11.729009376
154,23,-9,-8300,-25,11.730196800
154,24,7,-8306,13,11.731384224
154,25,17,-8310,-35,11.732571648
154,26,33,-8299,-30,11.733759072
154,27,13,-8297,-24,11.734946496
154,28,5,-8309,-43,11.736133920
154,29,14,-8299,-15,11.737321344
154,30,34,-8303,-33,11.738508768
154,31,7,-8321,-14,11.739696192
154,32,10,-8302,-13,11.740883616
154,33,12,-8320,-16,11.742071040
154,34,0,-8312,-27,11.743258464
154,35,5,-8298,-11,11.744445888
154,36,55,-8313,-20,11.745633312
154,37,26,-8289,-5,11.746820736
154,38,53,-8308,-44,11.748008160
154,39,-14,-8306,11,11.749195584
154,40,-2,-8290,20,11.750383008
154,41,-6,-8295,3,11.751570432
154,42,3,-8293,6,11.752757856
154,43,11,-8290,5,11.753945280
154,44,5,-8294,0,11.755132704
154,45,30,-8281,-33,11.756320128
154,46,13,-8305,27,11.757507552
154,47,-3,-8279,18,11.758694976
154,48,-13,-8303,5,11.759882400
154,49,3,-8300,15,11.761069824
154,50,-14,-8303,29,11.762257248
154,51,5,-8317,30,11.763444672
154,52,22,-8291,20,11.764632096
154,53,-12,-8282,15,11.765819520
154,54,1,-8308,-12,11.767006944
154,55,-35,-8310,24,11.768194368
154,56,-26,-8303,16,11.769381792
154,57,-27,-8309,27,11.770569216
154,58,3,-8296,20,11.771756640
154,59,-13,-8299,63,11.772944064
154,60,-10,-8318,44,11.774131488
154,61,-3,-8307,51,11.775318912
154,62,-27,-8323,38,11.776506336
154,63,-42,-8330,25,11.777693760
154,64,-8,-8340,51,11.778881184
155,1,-13,-8317,39,11.780068608
155,2,-21,-8336,56,11.781256032
155,3,26,-8288,49,11.782443456
155,4,-6,-8301,57,11.783630880
155,5,-18,-8289,41,11.784818304
155,6,-27,-8298,49,11.786005728
155,7,-29,-8311,63,11.787193152
155,8,-37,-8316,55,11.788380576
155,9,-20,-8282,55,11.789568000
155,10,-18,-8280,63,11.790755424
155,11,-57,-8304,67,11.791942848
155,12,-36,-8333,44,11.793130272
155,13,-9,-8332,75,11.794317696
155,14,-10,-8316,39,11.795505120
155,15,-21,-8296,79,11.796692544
155,16,-21,-8305,44,11.797879968
155,17,2,-8303,71,11.799067392
155,18,-38,-8287,64,11.800254816
155,19,13,-8287,78,11.801442240
155,20,-11,-8324,56,11.802629664
155,21,-6,-8311,67,11.803817088
155,22,28,-8313,61,11.805004512
155,23,-3,-8310,104,11.806191936
155,24,-13,-8301,80,11.807379360
155,25,6,-8305,73,11.808566784
155,26,31,-8323,68,11.809754208
155,27,11,-8320,74,11.810941632
155,28,-1,-8329,100,11.812129056
155,29,-3,-8291,42,11.813316480
155,30,15,-8294,76,11.814503904
155,31,-16,-8281,64,11.815691328
155,32,17,-8293,70,11.816878752
155,33,23,-8299,107,11.818066176
155,34,21,-8308,71,11.819253600
155,35,6,-8327,96,11.820441024
155,36,1,-8316,78,11.821628448
155,37,-1,-8292,72,11.822815872
155,38,-5,-8306,74,11.824003296
155,39,45,-8300,53,11.825190720
155,40,3,-8314,71,11.826378144
155,41,3,-8312,76,11.827565568
155,42,0,-8300,31,11.828752992
155,43,17,-8284,69,11.829940416
155,44,11,-8308,56,11.831127840
155,45,-8,-8307,61,11.832315264
155,46,23,-8323,52,11.833502688
155,47,18,-8290,37,11.834690112
155,48,28,-8301,71,11.835877536
155,49,34,-8305,60,11.837064960
155,50,-11,-8314,60,11.838252384
155,51,15,-8273,32,11.839439808
155,52,18,-8295,30,11.840627232
155,53,29,-8299,41,11.841814656
155,54,6,-8306,51,11.843002080
155,55,35,-8338,47,11.844189504
155,56,29,-8310,44,11.845376928
155,57,48,-8302,50,11.846564352
155,58,33,-8305,31,11.847751776
155,59,27,-8284,52,11.848939200
155,60,-7,-8310,23,11.850126624
155,61,29,-8301,45,11.851314048
155,62,13,-8319,21,11.852501472
155,63,-5,-8320,40,11.853688896
155,64,17,-8314,9,11.854876320
156,1,-5,-8299,16,11.856063744
156,2,1,-8282,12,11.857251168
156,3,26,-8302,17,11.858438592
156,4,31,-8328,14,11.859626016
156,5,53,-8300,-2,11.860813440
156,6,21,-8323,15,11.862000864
156,7,11,-8287,3,11.863188288
156,8,30,-8299,-3,11.864375712
156,9,-10,-8279,-18,11.865563136
156,10,26,-8274,-2,11.866750560
156,11,-6,-8297,-36,11.867937984
156,12,14,-8309,-14,11.869125408
156,13,39,-8304,-22,11.870312832
156,14,-17,-8307,-11,11.871500256
156,15,-7,-8304,-19,11.872687680
156,16,29,-8307,-39,11.873875104
156,17,-7,-8295,-6,11.875062528
156,18,29,-8300,-19,11.876249952
156,19,-13,-8285,-15,11.877437376
156,20,7,-8308,-35,11.878624800
156,21,-1,-8313,-35,11.879812224
156,22,-25,-8289,-30,11.880999648
156,23,-17,-8305,-32,11.882187072
156,24,-6,-8287,-47,11.883374496
156,25,-6,-8295,-13,11.884561920
156,26,2,-8277,-44,11.885749344
156,27,19,-8289,-21,11.886936768
156,28,10,-8280,-61,11.888124192
156,29,-34,-8327,-58,11.889311616
156,30,3,-8300,-64,11.890499040
156,31,-7,-8307,-39,11.891686464
156,32,-3,-8287,-38,11.892873888
156,33,8,-8305,-52,11.894061312
156,34,-15,-8282,3,11.895248736
156,35,23,-8297,-53,11.896436160
156,36,24,-8311,-31,11.897623584
156,37,14,-8292,-38,11.898811008
156,38,-2,-8299,-47,11.899998432
156,39,-20,-8302,-45,11.901185856
156,40,2,-8283,-54,11.902373280
156,41,-14,-8301,-65,11.903560704
156,42,6,-8306,-51,11.904748128
156,43,9,-8309,-45,11.905935552
156,44,3,-8308,-50,11.907122976
156,45,-4,-8333,-58,11.908310400
156,46,7,-8317,-56,11.909497824
156,47,-23,-8319,-33,11.910685248
156,48,35,-8318,-56,11.911872672
156,49,14,-8328,-48,11.913060096
156,50,7,-8299,-38,11.914247520
156,51,1,-8301,-40,11.915434944
156,52,3,-8303,1,11.916622368
156,53,9,-8311,-29,11.917809792
156,54,-5,-8303,-4,11.918997216
156,55,4,-8296,6,11.920184640
156,56,2,-8312,-21,11.921372064
156,57,-20,-8283,-8,11.922559488
156,58,-16,-8321,-20,11.923746912
156,59,-4,-8338,-13,11.924934336
156,60,-26,-8313,4,11.926121760
156,61,12,-8290,-19,11.927309184
156,62,27,-8281,10,11.928496608
156,63,14,-8290,16,11.929684032
156,64,37,-8287,14,11.930871456
157,1,21,-8305,3,11.932058880
157,2,-11,-8316,30,11.933246304
157,3,-27,-8307,38,11.934433728
157,4,-5,-8305,-20,11.935621152
157,5,24,-8290,39,11.936808576
157,6,4,-8284,27,11.937996000
157,7,2,-8311,35,11.939183424
157,8,-14,-8320,41,11.940370848
157,9,-21,-8287,25,11.941558272
157,10,22,-8271,37,11.942745696
157,11,-7,-8274,37,11.943933120
157,12,-5,-8281,14,11.945120544
157,13,0,-8307,32,11.946307968
157,14,23,-8282,29,11.947495392
157,15,23,-8286,27,11.948682816
157,16,17,-8298,23,11.949870240
157,17,15,-8309,61,11.951057664
157,18,-1,-8306,38,11.952245088
157,19,8,-8306,29,11.953432512
157,20,13,-8285,65,11.954619936
157,21,26,-8305,42,11.955807360
157,22,-3,-8340,52,11.956994784
157,23,12,-8324,39,11.958182208
157,24,21,-8296,45,11.959369632
157,25,18,-8302,71,11.960557056
157,26,38,-8308,46,11.961744480
157,27,22,-8317,63,11.962931904
157,28,10,-8302,58,11.964119328
157,29,19,-8332,63,11.965306752
157,30,9,-8298,78,11.966494176
157,31,-16,-8309,56,11.967681600
157,32,55,-8346,43,11.968869024
157,33,18,-8294,63,11.970056448
157,34,0,-8281,49,11.971243872
157,35,8,-8323,69,11.972431296
157,36,25,-8317,48,11.973618720
157,37,11,-8310,66,11.974806144
157,38,11,-8319,77,11.975993568
157,39,13,-8311,74,11.977180992
157,40,26,-8305,56,11.978368416
157,41,27,-8313,43,11.979555840
157,42,14,-8330,73,11.980743264
157,43,54,-8317,57,11.981930688
157,44,25,-8316,51,11.983118112
157,45,29,-8328,68,11.984305536
157,46,6,-8324,40,11.985492960
157,47,18,-8313,46,11.986680384
157,48,21,-8329,66,11.987867808
157,49,16,-8294,52,11.989055232
157,50,34,-8308,26,11.990242656
157,51,21,-8317,44,11.991430080
157,52,32,-8291,41,11.992617504
157,53,-1,-8310,36,11.993804928
157,54,61,-8302,52,11.994992352
157,55,8,-8306,41,11.996179776
157,56,-14,-8310,52,11.997367200
157,57,17,-8275,26,11.998554624
157,58,27,-8301,48,11.999742048
157,59,22,-8318,13,12.000929472
157,60,14,-8287,14,12.002116896
157,61,10,-8299,32,12.003304320
157,62,9,-8291,29,12.004491744
157,63,11,-8280,24,12.005679168
157,64,0,-8290,25,12.006866592
158,1,12,-8296,-5,12.008054016
158,2,21,-8310,44,12.009241440
158,3,-3,-8295,-28,12.010428864
158,4,7,-8316,2,12.011616288
158,5,11,-8302,-14,12.012803712
158,6,-19,-8330,-2,12.013991136
158,7,10,-8313,16,12.015178560
158,8,25,-8300,0,12.016365984
158,9,7,-8314,21,12.017553408
158,10,22,-8289,-7,12.018740832
158,11,8,-8299,43,12.019928256
158,12,25,-8313,12,12.021115680
158,13,4,-8301,-1,12.022303104
158,14,-14,-8304,-4,12.023490528
158,15,24,-8301,-33,12.024677952
158,16,-6,-8312,-27,12.025865376
158,17,2,-8320,-3,12.027052800
158,18,16,-8307,4,12.028240224
158,19,-19,-8332,15,12.029427648
158,20,11,-8324,1,12.030615072
158,21,21,-8280,4,12.031802496
158,22,23,-8299,-2,12.032989920
158,23,8,-8285,1,12.034177344
158,24,4,-8318,-6,12.035364768
158,25,12,-8294,11,12.036552192
158,26,-9,-8296,-32,12.037739616
158,27,-13,-8288,-13,12.038927040
158,28,-17,-8319,-31,12.040114464
158,29,19,-8298,-21,12.041301888
158,30,0,-8297,1,12.042489312
158,31,-3,-8296,-8,12.043676736
158,32,-1,-8302,-13,12.044864160
158,33,18,-8297,-35,12.046051584
158,34,32,-8310,-7,12.047239008
158,35,8,-8307,-12,12.048426432
158,36,-2,-8301,-16,12.049613856
158,37,15,-8282,-16,12.050801280
158,38,7,-8271,-11,12.051988704
158,39,-4,-8294,-17,12.053176128
158,40,-19,-8288,-20,12.054363552
158,41,-4,-8293,-18,12.055550976
158,42,17,-8292,5,12.056738400
158,43,43,-8294,-29,12.057925824
158,44,-10,-8309,-6,12.059113248
158,45,11,-8277,-36,12.060300672
158,46,23,-8282,10,12.061488096
158,47,2,-8274,8,12.062675520
158,48,36,-8319,-17,12.063862944
158,49,24,-8296,6,12.065050368
158,50,19,-8295,-10,12.066237792
158,51,28,-8320,11,12.067425216
158,52,13,-8307,-5,12.068612640
158,53,20,-8304,-12,12.069800064
158,54,25,-8299,-13,12.070987488
158,55,-6,-8292,0,12.072174912
158,56,6,-8305,-4,12.073362336
158,57,11,-8296,6,12.074549760
158,58,3,-8311,3,12.075737184
158,59,11,-8298,-21,12.076924608
158,60,22,-8290,-15,12.078112032
158,61,10,-8284,-17,12.079299456
158,62,-6,-8290,1,12.080486880
158,63,21,-8314,12,12.081674304
158,64,21,-8327,-13,12.082861728
159,1,14,-8321,5,12.084049152
159,2,29,-8309,-8,12.085236576
159,3,-7,-8316,-25,12.086424000
159,4,40,-8318,14,12.087611424
159,5,49,-8326,-1,12.088798848
159,6,22,-8302,-16,12.089986272
159,7,19,-8323,-1,12.091173696
159,8,38,-8296,15,12.092361120
159,9,26,-8299,3,12.093548544
159,10,28,-8304,-25,12.094735968
159,11,2,-8312,-18,12.095923392
159,12,42,-8284,-26,12.097110816
159,13,19,-8307,16,12.098298240
159,14,4,-8297,10,12.099485664
159,15,27,-8312,3,12.100673088
159,16,-11,-8319,0,12.101860512
159,17,2,-8291,-17,12.103047936
159,18,32,-8307,-3,12.104235360
159,19,13,-8312,-27,12.105422784
159,20,34,-8301,-30,12.106610208
159,21,13,-8305,-23,12.107797632
159,22,16,-8290,-8,12.108985056
159,23,3,-8313,-1,12.110172480
159,24,18,-8291,-42,12.111359904
159,25,-3,-8292,-1,12.112547328
159,26,-2,-8289,-27,12.113734752
159,27,18,-8284,10,12.114922176
159,28,14,-8281,3,12.116109600
159,29,17,-8286,-17,12.117297024
159,30,2,-8298,-4,12.118484448
159,31,-46,-8307,-24,12.119671872
159,32,14,-8299,-18,12.120859296
159,33,-6,-8282,-10,12.122046720
159,34,-12,-8276,5,12.123234144
159,35,-5,-8326,-10,12.124421568
159,36,-10,-8300,7,12.125608992
159,37,-2,-8293,-17,12.126796416
159,38,-15,-8293,-19,12.127983840
159,39,-11,-8309,-19,12.129171264
159,40,-4,-8298,1,12.130358688
159,41,-20,-8292,-16,12.131546112
159,42,-18,-8298,-1,12.132733536
159,43,-6,-8294,7,12.133920960
159,44,-35,-8271,-7,12.135108384
159,45,-43,-8315,-3,12.136295808
159,46,-22,-8297,4,12.137483232
159,47,-1,-8307,-10,12.138670656
159,48,-27,-8302,-12,12.139858080
159,49,-12,-8305,-28,12.141045504
159,50,4,-8300,-5,12.142232928
159,51,0,-8306,23,12.143420352
159,52,-28,-8303,11,12.144607776
159,53,-12,-8329,9,12.145795200
159,54,-19,-8295,-16,12.146982624
159,55,11,-8324,19,12.148170048
159,56,-3,-8297,4,12.149357472
159,57,29,-8292,-8,12.150544896
159,58,-3,-8326,26,12.151732320
159,59,-13,-8299,2,12.152919744
159,60,-15,-8306,30,12.154107168
159,61,-21,-8320,-5,12.155294592
159,62,-23,-8302,7,12.156482016
159,63,-1,-8322,21,12.157669440
159,64,9,-8277,-1,12.158856864
160,1,2,-8307,33,12.160044288
160,2,-27,-8302,25,12.161231712
160,3,-10,-8320,39,12.162419136
160,4,-16,-8336,43,12.163606560
160,5,12,-8310,8,12.164793984
160,6,20,-8314,30,12.165981408
160,7,20,-8297,47,12.167168832
160,8,9,-8317,26,12.168356256
160,9,-2,-8338,57,12.169543680
160,10,20,-8306,33,12.170731104
160,11,5,-8311,23,12.171918528
160,12,23,-8293,32,12.173105952
160,13,32,-8301,47,12.174293376
160,14,45,-8333,35,12.175480800
160,15,28,-8289,14,12.176668224
160,16,43,-8283,30,12.177855648
160,17,6,-8313,56,12.179043072
160,18,29,-8294,29,12.180230496
160,19,39,-8296,9,12.181417920
160,20,27,-8294,42,12.182605344
160,21,12,-8323,33,12.183792768
160,22,49,-8293,30,12.184980192
160,23,54,-8327,25,12.186167616
160,24,23,-8305,49,12.187355040
160,25,19,-8301,28,12.188542464
160,26,16,-8314,9,12.189729888
160,27,19,-8313,41,12.190917312
160,28,35,-8290,36,12.192104736
160,29,39,-8266,42,12.193292160
160,30,31,-8303,35,12.194479584
160,31,22,-8295,25,12.195667008
160,32,23,-8320,13,12.196854432
160,33,63,-8327,28,12.198041856
160,34,27,-8320,23,12.199229280
160,35,44,-8295,25,12.200416704
160,36,54,-8301,-1,12.201604128
160,37,16,-8315,-4,12.202791552
160,38,37,-8316,-5,12.203978976
160,39,22,-8310,28,12.205166400
160,40,43,-8291,23,12.206353824
160,41,41,-8328,9,12.207541248
160,42,28,-8320,14,12.208728672
160,43,16,-8300,-8,12.209916096
160,44,13,-8308,13,12.211103520
160,45,15,-8322,-14,12.212290944
160,46,17,-8297,1,12.213478368
160,47,30,-8326,-8,12.214665792
160,48,44,-8304,-13,12.215853216
160,49,35,-8307,11,12.217040640
160,50,30,-8298,10,12.218228064
160,51,40,-8293,-17,12.219415488
160,52,24,-8308,-10,12.220602912
160,53,6,-8289,-21,12.221790336
160,54,6,-8294,-13,12.222977760
160,55,-7,-8302,-29,12.224165184
160,56,27,-8310,-16,12.225352608
160,57,0,-8289,1,12.226540032
160,58,27,-8298,-25,12.227727456
160,59,25,-8320,-44,12.228914880
160,60,15,-8318,-22,12.230102304
160,61,17,-8318,-29,12.231289728
160,62,-4,-8305,-15,12.232477152
160,63,17,-8302,-48,12.233664576
160,64,13,-8317,-29,12.234852000
161,1,11,-8294,-34,12.236039424
161,2,47,-8291,-35,12.237226848
161,3,3,-8276,-13,12.238414272
161,4,21,-8301,-29,12.239601696
161,5,27,-8297,-23,12.240789120
161,6,42,-8310,-46,12.241976544
161,7,30,-8300,-42,12.243163968
161,8,40,-8288,-28,12.244351392
161,9,32,-8298,-43,12.245538816
161,10,47,-8305,-31,12.246726240
161,11,-17,-8306,-22,12.247913664
161,12,9,-8308,-30,12.249101088
161,13,-18,-8278,-23,12.250288512
161,14,42,-8317,-38,12.251475936
161,15,29,-8287,-12,12.252663360
161,16,36,-8290,-5,12.253850784
161,17,2,-8301,-54,12.255038208
161,18,6,-8288,-33,12.256225632
161,19,-12,-8300,-40,12.257413056
161,20,38,-8282,-38,12.258600480
161,21,27,-8292,-20,12.259787904
161,22,22,-8291,-19,12.260975328
161,23,18,-8321,-18,12.262162752
161,24,22,-8315,-30,12.263350176
161,25,30,-8332,-21,12.264537600
161,26,1,-8290,-7,12.265725024
161,27,-1,-8290,-5,12.266912448
161,28,21,-8283,-18,12.268099872
161,29,3,-8301,-10,12.269287296
161,30,20,-8292,-1,12.270474720
161,31,35,-8304,-8,12.271662144
161,32,22,-8337,-17,12.272849568
161,33,-9,-8334,-13,12.274036992
161,34,1,-8308,-9,12.275224416
161,35,-17,-8313,-4,12.276411840
161,36,18,-8308,-19,12.277599264
161,37,6,-8301,-5,12.278786688
161,38,31,-8289,14,12.279974112
161,39,15,-8290,22,12.281161536
161,40,17,-8333,-7,12.282348960
161,41,-1,-8326,12,12.283536384
161,42,-2,-8321,-11,12.284723808
161,43,11,-8313,-13,12.285911232
161,44,23,-8296,16,12.287098656
161,45,43,-8305,22,12.288286080
161,46,22,-8294,34,12.289473504
161,47,-3,-8325,14,12.290660928
161,48,7,-8311,18,12.291848352
161,49,11,-8301,17,12.293035776
161,50,9,-8338,17,12.294223200
161,51,-10,-8282,1,12.295410624
161,52,15,-8292,24,12.296598048
161,53,9,-8299,14,12.297785472
161,54,-2,-8297,27,12.298972896
161,55,0,-8298,41,12.300160320
161,56,25,-8284,12,12.301347744
161,57,9,-8302,2,12.302535168
161,58,26,-8295,26,12.303722592
161,59,15,-8330,31,12.304910016
161,60,22,-8331,29,12.306097440
161,61,29,-8305,16,12.307284864
161,62,30,-8314,38,12.308472288
161,63,11,-8316,33,12.309659712
161,64,18,-8311,23,12.310847136
162,1,31,-8305,31,12.312034560
162,2,36,-8290,27,12.313221984
162,3,32,-8296,23,12.314409408
162,4,25,-8312,7,12.315596832
162,5,2,-8344,23,12.316784256
162,6,-8,-8297,15,12.317971680
162,7,-14,-8296,9,12.319159104
162,8,-1,-8315,38,12.320346528
162,9,1,-8303,3,12.321533952
162,10,17,-8295,9,12.322721376
162,11,39,-8328,28,12.323908800
162,12,22,-8319,37,12.325096224
162,13,15,-8314,34,12.326283648
162,14,-9,-8303,35,12.327471072
162,15,2,-8284,45,12.328658496
162,16,8,-8306,27,12.329845920
162,17,-1,-8302,-2,12.331033344
162,18,24,-8309,-4,12.332220768
162,19,5,-8311,38,12.333408192
162,20,33,-8281,8,12.334595616
162,21,25,-8317,32,12.335783040
162,22,23,-8314,26,12.336970464
162,23,-9,-8315,23,12.338157888
162,24,12,-8297,43,12.339345312
162,25,27,-8282,19,12.340532736
162,26,13,-8307,3,12.341720160
162,27,-2,-8312,15,12.342907584
162,28,-21,-8297,33,12.344095008
162,29,-49,-8327,13,12.345282432
162,30,-10,-8309,33,12.346469856
162,31,14,-8307,8,12.347657280
162,32,-5,-8318,35,12.348844704
162,33,32,-8323,-8,12.350032128
162,34,1,-8326,-3,12.351219552
162,35,-18,-8320,16,12.352406976
162,36,13,-8316,-7,12.353594400
162,37,11,-8304,4,12.354781824
162,38,6,-8332,-13,12.355969248
162,39,10,-8305,18,12.357156672
162,40,-4,-8314,10,12.358344096
162,41,-1,-8304,-17,12.359531520
162,42,-33,-8291,24,12.360718944
162,43,-2,-8302,-16,12.361906368
162,44,-17,-8326,25,12.363093792
162,45,-15,-8279,-10,12.364281216
162,46,7,-8284,-1,12.365468640
162,47,16,-8293,25,12.366656064
162,48,23,-8313,-11,12.367843488
162,49,-6,-8321,13,12.369030912
162,50,-10,-8314,-4,12.370218336
162,51,4,-8334,-5,12.371405760
162,52,-5,-8299,3,12.372593184
162,53,11,-8292,5,12.373780608
162,54,11,-8300,11,12.374968032
162,55,-15,-8320,-20,12.376155456
162,56,15,-8306,14,12.377342880
162,57,7,-8315,-11,12.378530304
162,58,-13,-8313,-6,12.379717728
162,59,22,-8290,4,12.380905152
162,60,22,-8292,-9,12.382092576
162,61,26,-8294,-7,12.383280000
162,62,39,-8289,-5,12.384467424
162,63,29,-8288,6,12.385654848
162,64,21,-8316,1,12.386842272
163,1,29,-8321,15,12.388029696
163,2,36,-8281,-23,12.389217120
163,3,33,-8298,-2,12.390404544
163,4,47,-8286,-29,12.391591968
163,5,44,-8313,-2,12.392779392
163,6,19,-8313,-32,12.393966816
163,7,28,-8326,-15,12.395154240
163,8,1,-8303,-6,12.396341664
163,9,39,-8324,-23,12.397529088
163,10,39,-8315,-14,12.398716512
163,11,60,-8295,-15,12.399903936
163,12,51,-8311,-18,12.401091360
163,13,30,-8323,-19,12.402278784
163,14,37,-8300,-19,12.403466208
163,15,12,-8329,-32,12.404653632
163,16,29,-8313,-10,12.405841056
163,17,35,-8312,-39,12.407028480
163,18,24,-8285,-2,12.408215904
163,19,28,-8299,-30,12.409403328
163,20,56,-8301,-21,12.410590752
163,21,34,-8286,-24,12.411778176
163,22,44,-8308,-45,12.412965600
163,23,31,-8298,8,12.414153024
163,24,12,-8288,-33,12.415340448
163,25,52,-8304,-20,12.416527872
163,26,20,-8296,-22,12.417715296
163,27,17,-8315,-18,12.418902720
163,28,29,-8316,-4,12.420090144
163,29,52,-8275,-27,12.421277568
163,30,61,-8301,-17,12.422464992
163,31,33,-8310,-39,12.423652416
163,32,42,-8313,-20,12.424839840
163,33,39,-8312,-13,12.426027264
163,34,1,-8319,-18,12.427214688
163,35,18,-8296,-19,12.428402112
163,36,9,-8292,4,12.429589536
163,37,51,-8301,-16,12.430776960
163,38,35,-8300,-6,12.431964384
163,39,14,-8300,-2,12.433151808
163,40,12,-8301,-13,12.434339232
163,41,-14,-8297,-16,12.435526656
163,42,0,-8282,-16,12.436714080
163,43,22,-8295,-6,12.437901504
163,44,16,-8332,-9,12.439088928
163,45,-3,-8324,-3,12.440276352
163,46,3,-8297,12,12.441463776
163,47,-6,-8281,-40,12.442651200
163,48,0,-8293,-5,12.443838624
163,49,13,-8292,-3,12.445026048
163,50,24,-8306,-16,12.446213472
163,51,10,-8312,1,12.447400896
163,52,10,-8291,-23,12.448588320
163,53,16,-8313,20,12.449775744
163,54,1,-8309,-1,12.450963168
163,55,4,-8314,16,12.452150592
163,56,3,-8288,-33,12.453338016
163,57,9,-8284,-6,12.454525440
163,58,-6,-8296,0,12.455712864
163,59,5,-8277,-13,12.456900288
163,60,12,-8302,-5,12.458087712
163,61,-2,-8310,10,12.459275136
163,62,-8,-8318,-4,12.460462560
163,63,-6,-8311,32,12.461649984
163,64,-4,-8299,5,12.462837408
164,1,11,-8325,-11,12.464024832
164,2,-4,-8307,-9,12.465212256
164,3,-29,-8296,12,12.466399680
164,4,14,-8281,21,12.467587104
164,5,19,-8297,17,12.468774528
164,6,-10,-8301,-5,12.469961952
164,7,-1,-8311,16,12.471149376
164,8,-14,-8328,1,12.472336800
164,9,2,-8304,14,12.473524224
164,10,-14,-8293,29,12.474711648
164,11,6,-8318,21,12.475899072
164,12,-19,-8286,35,12.477086496
164,13,8,-8298,-14,12.478273920
164,14,9,-8324,20,12.479461344
164,15,0,-8296,15,12.480648768
164,16,5,-8297,42,12.481836192
164,17,20,-8288,38,12.483023616
164,18,5,-8311,61,12.484211040
164,19,5,-8292,24,12.485398464
164,20,4,-8296,34,12.486585888
164,21,21,-8295,44,12.487773312
164,22,-3,-8329,40,12.488960736
164,23,6,-8291,22,12.490148160
164,24,-9,-8302,40,12.491335584
164,25,-14,-8287,59,12.492523008
164,26,8,-8304,50,12.493710432
164,27,-2,-8299,66,12.494897856
164,28,-5,-8328,59,12.496085280
164,29,6,-8283,73,12.497272704
164,30,-2,-8295,27,12.498460128
164,31,-6,-8309,57,12.499647552
164,32,37,-8294,23,12.500834976
164,33,25,-8297,39,12.502022400
164,34,2,-8302,63,12.503209824
164,35,26,-8281,62,12.504397248
164,36,11,-8269,47,12.505584672
164,37,15,-8278,34,12.506772096
164,38,-39,-8292,41,12.507959520
164,39,-31,-8295,49,12.509146944
164,40,-14,-8293,67,12.510334368
164,41,-6,-8329,93,12.511521792
164,42,-28,-8287,51,12.512709216
164,43,-20,-8299,59,12.513896640
164,44,-34,-8316,77,12.515084064
164,45,7,-8328,59,12.516271488
164,46,-30,-8320,67,12.517458912
164,47,10,-8337,74,12.518646336
164,48,34,-8306,63,12.519833760
164,49,31,-8325,103,12.521021184
164,50,42,-8324,49,12.522208608
164,51,20,-8301,51,12.523396032
164,52,27,-8282,57,12.524583456
164,53,-10,-8282,40,12.525770880
164,54,-4,-8297,64,12.526958304
164,55,-13,-8278,58,12.528145728
164,56,2,-8313,65,12.529333152
164,57,-23,-8297,60,12.530520576
164,58,-29,-8312,68,12.531708000
164,59,-22,-8298,50,12.532895424
164,60,-24,-8321,65,12.534082848
164,61,17,-8303,50,12.535270272
164,62,-18,-8302,88,12.536457696
164,63,16,-8291,60,12.537645120
164,64,-7,-8321,81,12.538832544
165,1,-11,-8309,82,12.540019968
165,2,-2,-8327,59,12.541207392
165,3,22,-8312,56,12.542394816
165,4,0,-8300,44,12.543582240
165,5,12,-8315,58,12.544769664
165,6,-3,-8287,49,12.545957088
165,7,42,-8293,75,12.547144512
165,8,-18,-8278,35,12.548331936
165,9,-11,-8289,80,12.549519360
165,10,13,-8277,78,12.550706784
165,11,-16,-8288,83,12.551894208
165,12,-38,-8306,58,12.553081632
165,13,-25,-8296,74,12.554269056
165,14,-17,-8300,40,12.555456480
165,15,-14,-8308,55,12.556643904
165,16,-23,-8297,78,12.557831328
165,17,-9,-8323,26,12.559018752
165,18,-20,-8328,64,12.560206176
165,19,-16,-8331,42,12.561393600
165,20,-16,-8337,67,12.562581024
165,21,-21,-8315,66,12.563768448
165,22,21,-8297,45,12.564955872
165,23,12,-8317,83,12.566143296
165,24,21,-8296,60,12.567330720
165,25,10,-8299,68,12.568518144
165,26,19,-8279,48,12.569705568
165,27,12,-8287,62,12.570892992
165,28,-6,-8304,53,12.572080416
165,29,-3,-8292,53,12.573267840
165,30,-9,-8280,34,12.574455264
165,31,3,-8274,72,12.575642688
165,32,-16,-8305,56,12.576830112
165,33,11,-8296,68,12.578017536
165,34,20,-8316,45,12.579204960
165,35,-7,-8332,49,12.580392384
165,36,-7,-8319,52,12.581579808
165,37,20,-8302,46,12.582767232
165,38,42,-8299,30,12.583954656
165,39,17,-8321,55,12.585142080
165,40,34,-8304,39,12.586329504
165,41,41,-8303,43,12.587516928
165,42,53,-8305,68,12.588704352
165,43,28,-8317,31,12.589891776
165,44,7,-8315,66,12.591079200
165,45,11,-8317,19,12.592266624
165,46,11,-8305,27,12.593454048
165,47,24,-8333,37,12.594641472
165,48,36,-8324,38,12.595828896
165,49,48,-8313,35,12.597016320
165,50,41,-8312,15,12.598203744
165,51,49,-8300,27,12.599391168
165,52,39,-8291,-14,12.600578592
165,53,37,-8312,11,12.601766016
165,54,56,-8310,-6,12.602953440
165,55,48,-8300,2,12.604140864
165,56,71,-8315,11,12.605328288
165,57,40,-8326,-4,12.606515712
165,58,54,-8298,-31,12.607703136
165,59,50,-8316,-5,12.608890560
165,60,61,-8312,4,12.610077984
165,61,68,-8318,-18,12.611265408
165,62,53,-8336,-15,12.612452832
165,63,64,-8331,-19,12.613640256
165,64,65,-8314,-28,12.614827680
166,1,49,-8318,-11,12.616015104
166,2,56,-8290,-19,12.617202528
166,3,40,-8290,-12,12.618389952
166,4,48,-8297,-28,12.619577376
166,5,33,-8301,-31,12.620764800
166,6,68,-8277,-70,12.621952224
166,7,60,-8297,-33,12.623139648
166,8,32,-8298,-58,12.624327072
166,9,31,-8293,-35,12.625514496
166,10,43,-8313,-58,12.626701920
166,11,59,-8284,-47,12.627889344
166,12,55,-8302,-54,12.629076768
166,13,42,-8291,-51,12.630264192
166,14,35,-8294,-61,12.631451616
166,15,23,-8293,-69,12.632639040
166,16,43,-8293,-76,12.633826464
166,17,41,-8299,-88,12.635013888
166,18,23,-8311,-56,12.636201312
166,19,14,-8276,-88,12.637388736
166,20,46,-8278,-61,12.638576160
166,21,11,-8317,-68,12.639763584
166,22,2,-8302,-59,12.640951008
166,23,-20,-8289,-54,12.642138432
166,24,-2,-8312,-88,12.643325856
166,25,15,-8288,-72,12.644513280
166,26,17,-8297,-64,12.645700704
166,27,21,-8281,-51,12.646888128
166,28,33,-8309,-71,12.648075552
166,29,16,-8327,-51,12.649262976
166,30,0,-8291,-77,12.650450400
166,31,-20,-8288,-70,12.651637824
166,32,-4,-8312,-81,12.652825248
166,33,-13,-8290,-62,12.654012672
166,34,8,-8317,-18,12.655200096
166,35,7,-8293,-32,12.656387520
166,36,-32,-8306,-46,12.657574944
166,37,-43,-8312,-47,12.658762368
166,38,-22,-8338,-41,12.659949792
166,39,-40,-8337,-49,12.661137216
166,40,-22,-8301,-38,12.662324640
166,41,-16,-8305,-52,12.663512064
166,42,-36,-8315,-49,12.664699488
166,43,-4,-8318,-32,12.665886912
166,44,4,-8314,-33,12.667074336
166,45,-21,-8316,-26,12.668261760
166,46,-23,-8324,-47,12.669449184
166,47,-31,-8318,-29,12.670636608
166,48,-16,-8299,-43,12.671824032
166,49,20,-8311,-8,12.673011456
166,50,-4,-8310,-34,12.674198880
166,51,0,-8318,-31,12.675386304
166,52,-10,-8307,-3,12.676573728
166,53,-15,-8306,-17,12.677761152
166,54,-35,-8328,2,12.678948576
166,55,6,-8302,-13,12.680136000
166,56,29,-8311,-5,12.681323424
166,57,1,-8304,0,12.682510848
166,58,21,-8302,4,12.683698272
166,59,1,-8320,15,12.684885696
166,60,18,-8296,-18,12.686073120
166,61,30,-8285,5,12.687260544
166,62,20,-8288,-17,12.688447968
166,63,22,-8293,7,12.689635392
166,64,58,-8286,12,12.690822816
167,1,28,-8305,38,12.692010240
167,2,26,-8298,23,12.693197664
167,3,-14,-8317,18,12.694385088
167,4,34,-8306,34,12.695572512
167,5,46,-8281,27,12.696759936
167,6,5,-8297,33,12.697947360
167,7,46,-8299,38,12.699134784
167,8,37,-8320,33,12.700322208
167,9,57,-8301,33,12.701509632
167,10,23,-8295,46,12.702697056
167,11,23,-8312,24,12.703884480
167,12,36,-8311,36,12.705071904
167,13,28,-8289,35,12.706259328
167,14,40,-8289,35,12.707446752
167,15,36,-8333,22,12.708634176
167,16,54,-8311,32,12.709821600
167,17,30,-8324,12,12.711009024
167,18,22,-8320,36,12.712196448
167,19,37,-8313,40,12.713383872
167,20,34,-8320,38,12.714571296
167,21,32,-8306,46,12.715758720
167,22,39,-8323,19,12.716946144
167,23,20,-8322,46,12.718133568
167,24,29,-8334,31,12.719320992
167,25,16,-8317,30,12.720508416
167,26,18,-8290,28,12.721695840
167,27,4,-8308,11,12.722883264
167,28,8,-8324,46,12.724070688
167,29,4,-8309,28,12.725258112
167,30,1,-8333,31,12.726445536
167,31,7,-8343,33,12.727632960
167,32,-12,-8324,51,12.728820384
167,33,-8,-8291,18,12.730007808
167,34,-10,-8299,42,12.731195232
167,35,18,-8323,11,12.732382656
167,36,-21,-8297,36,12.733570080
167,37,18,-8312,41,12.734757504
167,38,-13,-8293,11,12.735944928
167,39,-1,-8281,40,12.737132352
167,40,-5,-8295,-13,12.738319776
167,41,-37,-8297,50,12.739507200
167,42,-48,-8277,-5,12.740694624
167,43,-24,-8266,28,12.741882048
167,44,-37,-8282,34,12.743069472
167,45,-21,-8295,10,12.744256896
167,46,-38,-8294,17,12.745444320
167,47,-27,-8286,13,12.746631744
167,48,6,-8319,29,12.747819168
167,49,-4,-8298,32,12.749006592
167,50,-24,-8305,31,12.750194016
167,51,3,-8303,54,12.751381440
167,52,0,-8300,37,12.752568864
167,53,4,-8301,35,12.753756288
167,54,-21,-8305,9,12.754943712
167,55,-19,-8297,15,12.756131136
167,56,10,-8277,20,12.757318560
167,57,-25,-8285,25,12.758505984
167,58,-3,-8305,27,12.759693408
167,59,-6,-8289,30,12.760880832
167,60,-29,-8319,18,12.762068256
167,61,-11,-8325,23,12.763255680
167,62,-10,-8305,-3,12.764443104
167,63,-7,-8300,41,12.765630528
167,64,23,-8290,-7,12.766817952
168,1,21,-8284,25,12.768005376
168,2,-1,-8281,28,12.769192800
168,3,22,-8311,34,12.770380224
168,4,2,-8310,18,12.771567648
168,5,-15,-8303,31,12.772755072
168,6,-12,-8301,45,12.773942496
168,7,13,-8293,33,12.775129920
168,8,5,-8306,41,12.776317344
168,9,3,-8305,13,12.777504768
168,10,18,-8339,31,12.778692192
168,11,1,-8315,7,12.779879616
168,12,-1,-8303,28,12.781067040
168,13,22,-8309,35,12.782254464
168,14,3,-8302,33,12.783441888
168,15,-2,-8300,13,12.784629312
168,16,41,-8309,51,12.785816736
168,17,32,-8314,25,12.787004160
168,18,21,-8322,43,12.788191584
168,19,13,-8285,28,12.789379008
168,20,11,-8294,38,12.790566432
168,21,19,-8288,35,12.791753856
168,22,15,-8303,40,12.792941280
168,23,16,-8291,37,12.794128704
168,24,29,-8310,45,12.795316128
168,25,23,-8309,25,12.796503552
168,26,28,-8296,40,12.797690976
168,27,14,-8294,44,12.798878400
168,28,21,-8312,58,12.800065824
168,29,24,-8315,59,12.801253248
168,30,-12,-8303,75,12.802440672
168,31,11,-8326,38,12.803628096
168,32,17,-8314,34,12.804815520
168,33,28,-8302,48,12.806002944
168,34,37,-8300,32,12.807190368
168,35,12,-8316,41,12.808377792
168,36,36,-8294,51,12.809565216
168,37,5,-8297,40,12.810752640
168,38,20,-8287,31,12.811940064
168,39,41,-8311,50,12.813127488
168,40,23,-8315,24,12.814314912
168,41,4,-8351,25,12.815502336
168,42,-24,-8312,14,12.816689760
168,43,14,-8307,47,12.817877184
168,44,20,-8297,48,12.819064608
168,45,2,-8307,36,12.820252032
168,46,24,-8321,27,12.821439456
168,47,5,-8308,13,12.822626880
168,48,35,-8320,16,12.823814304
168,49,16,-8333,24,12.825001728
168,50,-2,-8301,45,12.826189152
168,51,7,-8293,14,12.827376576
168,52,17,-8324,51,12.828564000
168,53,21,-8319,28,12.829751424
168,54,-8,-8324,29,12.830938848
168,55,18,-8316,17,12.832126272
168,56,7,-8289,13,12.833313696
168,57,11,-8311,20,12.834501120
168,58,27,-8296,22,12.835688544
168,59,2,-8302,15,12.836875968
168,60,24,-8307,29,12.838063392
168,61,13,-8312,21,12.839250816
168,62,11,-8295,1,12.840438240
168,63,-2,-8296,27,12.841625664
168,64,10,-8322,-6,12.842813088
169,1,17,-8298,15,12.844000512
169,2,14,-8287,9,12.845187936
169,3,20,-8298,27,12.846375360
169,4,3,-8291,-1,12.847562784
169,5,20,-8322,6,12.848750208
169,6,0,-8314,13,12.849937632
169,7,22,-8302,23,12.851125056
169,8,10,-8297,35,12.852312480
169,9,10,-8280,24,12.853499904
169,10,20,-8299,23,12.854687328
169,11,18,-8287,8,12.855874752
169,12,-16,-8277,10,12.857062176
169,13,-6,-8307,9,12.858249600
169,14,-7,-8299,-5,12.859437024
169,15,13,-8285,20,12.860624448
169,16,12,-8295,28,12.861811872
169,17,25,-8295,10,12.862999296
169,18,1,-8316,21,12.864186720
169,19,11,-8306,-4,12.865374144
169,20,-5,-8304,2,12.866561568
169,21,-15,-8299,20,12.867748992
169,22,7,-8294,21,12.868936416
169,23,-29,-8324,4,12.870123840
169,24,14,-8305,12,12.871311264
169,25,3,-8287,8,12.872498688
169,26,-32,-8318,37,12.873686112
169,27,-7,-8305,-11,12.874873536
169,28,-1,-8310,21,12.876060960
169,29,10,-8305,24,12.877248384
169,30,9,-8316,28,12.878435808
169,31,-21,-8291,3,12.879623232
169,32,27,-8308,25,12.880810656
169,33,28,-8322,28,12.881998080
169,34,0,-8293,19,12.883185504
169,35,12,-8301,-9,12.884372928
169,36,7,-8284,10,12.885560352
169,37,5,-8305,27,12.886747776
169,38,28,-8289,9,12.887935200
169,39,19,-8274,10,12.889122624
169,40,-34,-8293,-9,12.890310048
169,41,-11,-8320,45,12.891497472
169,42,7,-8312,6,12.892684896
169,43,17,-8308,40,12.893872320
169,44,-4,-8297,9,12.895059744
169,45,-3,-8310,16,12.896247168
169,46,-7,-8309,25,12.897434592
169,47,38,-8292,-5,12.898622016
169,48,10,-8306,-5,12.899809440
169,49,-4,-8292,-9,12.900996864
169,50,17,-8301,16,12.902184288
169,51,23,-8295,6,12.903371712
169,52,16,-8312,28,12.904559136
169,53,8,-8298,-2,12.905746560
169,54,20,-8284,-9,12.906933984
169,55,18,-8315,-10,12.908121408
169,56,-9,-8294,-1,12.909308832
169,57,17,-8312,-3,12.910496256
169,58,4,-8315,9,12.911683680
169,59,10,-8301,8,12.912871104
169,60,11,-8314,13,12.914058528
169,61,13,-8310,14,12.915245952
169,62,12,-8300,-13,12.916433376
169,63,11,-8306,26,12.917620800
169,64,-1,-8300,1,12.918808224
170,1,-12,-8316,3,12.919995648
170,2,-5,-8307,14,12.921183072
170,3,-2,-8272,-2,12.922370496
170,4,-10,-8292,-13,12.923557920
170,5,4,-8322,4,12.924745344
170,6,4,-8315,-21,12.925932768
170,7,13,-8292,8,12.927120192
170,8,-13,-8304,21,12.928307616
170,9,5,-8318,8,12.929495040
170,10,-2,-8302,22,12.930682464
170,11,13,-8302,-5,12.931869888
170,12,-2,-8324,21,12.933057312
170,13,-3,-8321,-15,12.934244736
170,14,19,-8307,7,12.935432160
170,15,-4,-8295,-1,12.936619584
170,16,1,-8313,27,12.937807008
170,17,-12,-8288,11,12.938994432
170,18,-10,-8299,9,12.940181856
170,19,9,-8300,39,12.941369280
170,20,4,-8306,25,12.942556704
170,21,-12,-8329,37,12.943744128
170,22,-3,-8304,29,12.944931552
170,23,-8,-8290,6,12.946118976
170,24,-15,-8306,24,12.947306400
170,25,-5,-8298,28,12.948493824
170,26,19,-8311,22,12.949681248
170,27,-10,-8320,49,12.950868672
170,28,0,-8294,42,12.952056096
170,29,30,-8295,35,12.953243520
170,30,-8,-8299,23,12.954430944
170,31,-9,-8319,15,12.955618368
170,32,-1,-8286,6,12.956805792
170,33,13,-8307,31,12.957993216
170,34,10,-8308,27,12.959180640
170,35,10,-8309,8,12.960368064
170,36,19,-8312,17,12.961555488
170,37,18,-8292,28,12.962742912
170,38,2,-8301,-21,12.963930336
170,39,3,-8296,4,12.965117760
170,40,13,-8303,10,12.966305184
170,41,33,-8318,20,12.967492608
170,42,21,-8302,51,12.968680032
170,43,16,-8291,12,12.969867456
170,44,27,-8325,49,12.971054880
170,45,40,-8304,28,12.972242304
170,46,28,-8305,33,12.973429728
170,47,22,-8310,-4,12.974617152
170,48,35,-8311,9,12.975804576
170,49,48,-8296,-1,12.976992000
170,50,31,-8283,15,12.978179424
170,51,25,-8300,25,12.979366848
170,52,32,-8296,13,12.980554272
170,53,15,-8299,21,12.981741696
170,54,5,-8306,54,12.982929120
170,55,32,-8305,25,12.984116544
170,56,48,-8306,19,12.985303968
170,57,27,-8300,3,12.986491392
170,58,35,-8286,39,12.987678816
170,59,6,-8314,20,12.988866240
170,60,26,-8288,20,12.990053664
170,61,-1,-8306,11,12.991241088
170,62,38,-8294,18,12.992428512
170,63,44,-8286,16,12.993615936
170,64,70,-8299,20,12.994803360
171,1,68,-8284,5,12.995990784
171,2,17,-8301,-4,12.997178208
171,3,32,-8319,29,12.998365632
171,4,11,-8288,19,12.999553056
171,5,2,-8290,16,13.000740480
171,6,-12,-8294,-17,13.001927904
171,7,28,-8318,26,13.003115328
171,8,35,-8297,-11,13.004302752
171,9,44,-8295,10,13.005490176
171,10,11,-8327,-11,13.006677600
171,11,28,-8296,20,13.007865024
171,12,27,-8295,-5,13.009052448
171,13,27,-8299,9,13.010239872
171,14,11,-8293,12,13.011427296
171,15,26,-8297,-13,13.012614720
171,16,24,-8283,12,13.013802144
171,17,2,-8312,-40,13.014989568
171,18,26,-8307,7,13.016176992
171,19,33,-8286,-5,13.017364416
171,20,13,-8299,2,13.018551840
171,21,31,-8311,-17,13.019739264
171,22,14,-8318,-11,13.020926688
171,23,11,-8311,12,13.022114112
171,24,40,-8310,-13,13.023301536
171,25,39,-8315,-9,13.024488960
171,26,35,-8304,-22,13.025676384
171,27,33,-8310,-16,13.026863808
171,28,25,-8280,-25,13.028051232
171,29,21,-8291,-25,13.029238656
171,30,29,-8303,-27,13.030426080
171,31,17,-8304,5,13.031613504
171,32,59,-8313,-19,13.032800928
171,33,10,-8284,-24,13.033988352
171,34,8,-8290,-18,13.035175776
171,35,25,-8312,-8,13.036363200
171,36,3,-8312,-36,13.037550624
171,37,-8,-8283,-17,13.038738048
171,38,10,-8304,-10,13.039925472
171,39,-4,-8290,-22,13.041112896
171,40,-7,-8287,-11,13.042300320
171,41,-5,-8314,-47,13.043487744
171,42,7,-8297,-26,13.044675168
171,43,32,-8300,-35,13.045862592
171,44,27,-8288,7,13.047050016
171,45,30,-8301,-37,13.048237440
171,46,8,-8301,-8,13.049424864
171,47,28,-8300,-17,13.050612288
171,48,1,-8292,-4,13.051799712
171,49,4,-8301,-14,13.052987136
171,50,-21,-8302,-30,13.054174560
171,51,31,-8307,-4,13.055361984
171,52,28,-8298,-8,13.056549408
171,53,5,-8286,18,13.057736832
171,54,-2,-8315,-4,13.058924256
171,55,2,-8325,4,13.060111680
171,56,-14,-8291,-25,13.061299104
171,57,15,-8309,2,13.062486528
171,58,-15,-8300,-10,13.063673952
171,59,3,-8291,-6,13.064861376
171,60,-11,-8314,-1,13.066048800
171,61,16,-8308,25,13.067236224
171,62,9,-8286,4,13.068423648
171,63,-45,-8326,1,13.069611072
171,64,-10,-8309,12,13.070798496
172,1,-10,-8326,-4,13.071985920
172,2,-11,-8329,19,13.073173344
172,3,0,-8296,9,13.074360768
172,4,-19,-8318,36,13.075548192
172,5,-19,-8314,21,13.076735616
172,6,0,-8294,38,13.077923040
172,7,-11,-8315,32,13.079110464
172,8,-14,-8303,38,13.080297888
172,9,-39,-8310,35,13.081485312
172,10,-6,-8307,28,13.082672736
172,11,7,-8336,4,13.083860160
172,12,0,-8332,47,13.085047584
172,13,29,-8340,33,13.086235008
172,14,-8,-8318,32,13.087422432
172,15,-16,-8314,52,13.088609856
172,16,15,-8290,32,13.089797280
172,17,3,-8314,53,13.090984704
172,18,16,-8292,11,13.092172128
172,19,1,-8302,53,13.093359552
172,20,-10,-8302,1,13.094546976
172,21,-10,-8314,36,13.095734400
172,22,10,-8301,44,13.096921824
172,23,12,-8335,34,13.098109248
172,24,16,-8321,47,13.099296672
172,25,-1,-8288,44,13.100484096
172,26,2,-8313,84,13.101671520
172,27,-3,-8310,68,13.102858944
172,28,3,-8311,66,13.104046368
172,29,3,-8314,48,13.105233792
172,30,11,-8300,19,13.106421216
172,31,-4,-8310,26,13.107608640
172,32,1,-8298,56,13.108796064
172,33,2,-8302,58,13.109983488
172,34,7,-8303,68,13.111170912
172,35,-20,-8330,56,13.112358336
172,36,0,-8314,46,13.113545760
172,37,-5,-8297,30,13.114733184
172,38,19,-8310,0,13.115920608
172,39,-1,-8285,51,13.117108032
172,40,0,-8284,38,13.118295456
172,41,1,-8311,34,13.119482880
172,42,3,-8304,49,13.120670304
172,43,-15,-8312,42,13.121857728
172,44,2,-8298,62,13.123045152
172,45,16,-8329,51,13.124232576
172,46,5,-8308,62,13.125420000
172,47,-5,-8301,46,13.126607424
172,48,21,-8292,21,13.127794848
172,49,-17,-8317,19,13.128982272
172,50,-15,-8302,15,13.130169696
172,51,22,-8301,50,13.131357120
172,52,-19,-8279,48,13.132544544
172,53,20,-8309,56,13.133731968
172,54,-7,-8302,46,13.134919392
172,55,11,-8301,40,13.136106816
172,56,1,-8310,20,13.137294240
172,57,-6,-8299,22,13.138481664
172,58,4,-8297,27,13.139669088
172,59,-13,-8322,42,13.140856512
172,60,-8,-8274,39,13.142043936
172,61,1,-8300,35,13.143231360
172,62,-3,-8310,44,13.144418784
172,63,-11,-8333,18,13.145606208
172,64,-20,-8317,37,13.146793632
173,1,9,-8289,-3,13.147981056
173,2,-13,-8293,-1,13.149168480
173,3,-7,-8286,19,13.150355904
173,4,12,-8305,16,13.151543328
173,5,-10,-8295,29,13.152730752
173,6,28,-8316,5,13.153918176
173,7,15,-8319,13,13.155105600
173,8,-10,-8311,26,13.156293024
173,9,-14,-8291,-19,13.157480448
173,10,-4,-8311,21,13.158667872
173,11,25,-8309,-17,13.159855296
173,12,13,-8312,2,13.161042720
173,13,-3,-8290,-11,13.162230144
173,14,-2,-8304,-15,13.163417568
173,15,-11,-8302,1,13.164604992
173,16,16,-8311,11,13.165792416
173,17,26,-8286,-1,13.166979840
173,18,4,-8288,-20,13.168167264
173,19,31,-8306,3,13.169354688
173,20,36,-8288,-7,13.170542112
173,21,3,-8287,-25,13.171729536
173,22,16,-8275,5,13.172916960
173,23,16,-8278,-25,13.174104384
173,24,16,-8289,-3,13.175291808
173,25,21,-8329,-10,13.176479232
173,26,46,-8284,-15,13.177666656
173,27,15,-8300,-6,13.178854080
173,28,-7,-8327,-28,13.180041504
173,29,46,-8288,-18,13.181228928
173,30,1,-8296,-39,13.182416352
173,31,20,-8272,-17,13.183603776
173,32,29,-8292,-9,13.184791200
173,33,44,-8292,-12,13.185978624
173,34,52,-8294,3,13.187166048
173,35,40,-8297,-27,13.188353472
173,36,23,-8333,-29,13.189540896
173,37,25,-8319,-25,13.190728320
173,38,5,-8294,-19,13.191915744
173,39,1,-8303,-17,13.193103168
173,40,-13,-8309,-47,13.194290592
173,41,16,-8290,-1,13.195478016
173,42,16,-8312,-49,13.196665440
173,43,0,-8325,-3,13.197852864
173,44,2,-8305,-37,13.199040288
173,45,12,-8313,-29,13.200227712
173,46,-5,-8314,-4,13.201415136
173,47,-11,-8308,-16,13.202602560
173,48,18,-8279,17,13.203789984
173,49,13,-8310,-21,13.204977408
173,50,1,-8306,0,13.206164832
173,51,26,-8306,-13,13.207352256
173,52,14,-8296,-17,13.208539680
173,53,-5,-8306,-20,13.209727104
173,54,20,-8308,3,13.210914528
173,55,21,-8306,5,13.212101952
173,56,21,-8303,-7,13.213289376
173,57,12,-8307,7,13.214476800
173,58,12,-8298,-18,13.215664224
173,59,7,-8299,-23,13.216851648
173,60,-11,-8309,-37,13.218039072
173,61,1,-8306,11,13.219226496
173,62,31,-8302,-34,13.220413920
173,63,3,-8285,8,13.221601344
173,64,14,-8285,-6,13.222788768
174,1,6,-8299,4,13.223976192
174,2,5,-8326,7,13.225163616
174,3,27,-8291,-29,13.226351040
174,4,13,-8275,-2,13.227538464
174,5,37,-8301,-34,13.228725888
174,6,15,-8289,-7,13.229913312
174,7,-2,-8288,6,13.231100736
174,8,25,-8304,0,13.232288160
174,9,-21,-8293,0,13.233475584
174,10,31,-8303,2,13.234663008
174,11,26,-8302,-19,13.235850432
174,12,17,-8303,9,13.237037856
174,13,28,-8340,-13,13.238225280
174,14,32,-8324,13,13.239412704
174,15,17,-8307,-32,13.240600128
174,16,15,-8320,12,13.241787552
174,17,5,-8321,19,13.242974976
174,18,22,-8321,5,13.244162400
174,19,24,-8325,25,13.245349824
174,20,23,-8324,-1,13.246537248
174,21,20,-8304,28,13.247724672
174,22,24,-8311,8,13.248912096
174,23,42,-8323,9,13.250099520
174,24,19,-8312,20,13.251286944
174,25,15,-8323,36,13.252474368
174,26,10,-8311,-15,13.253661792
174,27,31,-8303,29,13.254849216
174,28,34,-8310,4,13.256036640
174,29,-2,-8297,29,13.257224064
174,30,52,-8316,39,13.258411488
174,31,11,-8314,26,13.259598912
174,32,16,-8327,54,13.260786336
174,33,26,-8302,0,13.261973760
174,34,34,-8302,19,13.263161184
174,35,8,-8294,-3,13.264348608
174,36,6,-8291,15,13.265536032
174,37,22,-8320,0,13.266723456
174,38,-10,-8320,24,13.267910880
174,39,-26,-8308,28,13.269098304
174,40,-28,-8300,34,13.270285728
174,41,11,-8318,15,13.271473152
174,42,18,-8304,-3,13.272660576
174,43,-28,-8311,21,13.273848000
174,44,0,-8296,26,13.275035424
174,45,-13,-8311,41,13.276222848
174,46,27,-8303,1,13.277410272
174,47,9,-8310,2,13.278597696
174,48,11,-8313,-1,13.279785120
174,49,14,-8304,28,13.280972544
174,50,9,-8284,26,13.282159968
174,51,12,-8324,49,13.283347392
174,52,-15,-8320,46,13.284534816
174,53,11,-8298,17,13.285722240
174,54,-3,-8309,2,13.286909664
174,55,5,-8303,17,13.288097088
174,56,3,-8315,27,13.289284512
174,57,9,-8310,18,13.290471936
174,58,7,-8316,-7,13.291659360
174,59,5,-8302,32,13.292846784
174,60,7,-8309,19,13.294034208
174,61,-28,-8290,11,13.295221632
174,62,0,-8305,43,13.296409056
174,63,-2,-8304,12,13.297596480
174,64,19,-8310,7,13.298783904
175,1,15,-8298,-12,13.299971328
175,2,-8,-8328,22,13.301158752
175,3,-15,-8298,8,13.302346176
175,4,20,-8311,-6,13.303533600
175,5,6,-8295,18,13.304721024
175,6,35,-8337,13,13.305908448
175,7,39,-8314,11,13.307095872
175,8,28,-8294,15,13.308283296
175,9,30,-8314,-4,13.309470720
175,10,37,-8312,0,13.310658144
175,11,10,-8291,-10,13.311845568
175,12,-1,-8283,-3,13.313032992
175,13,-26,-8292,4,13.314220416
175,14,-15,-8304,24,13.315407840
175,15,-12,-8284,21,13.316595264
175,16,4,-8279,3,13.317782688
175,17,20,-8300,14,13.318970112
175,18,3,-8292,-9,13.320157536
175,19,14,-8284,2,13.321344960
175,20,2,-8325,14,13.322532384
175,21,-10,-8284,4,13.323719808
175,22,11,-8292,-3,13.324907232
175,23,-2,-8308,2,13.326094656
175,24,38,-8285,-25,13.327282080
175,25,12,-8277,3,13.328469504
175,26,28,-8293,-15,13.329656928
175,27,-14,-8324,13,13.330844352
175,28,-10,-8305,-8,13.332031776
175,29,-2,-8277,2,13.333219200
175,30,5,-8302,2,13.334406624
175,31,11,-8284,-10,13.335594048
175,32,8,-8304,1,13.336781472
175,33,17,-8301,5,13.337968896
175,34,34,-8322,15,13.339156320
175,35,2,-8278,5,13.340343744
175,36,0,-8313,17,13.341531168
175,37,17,-8304,6,13.342718592
175,38,2,-8327,10,13.343906016
175,39,22,-8287,-14,13.345093440
175,40,6,-8319,4,13.346280864
175,41,2,-8289,-4,13.347468288
175,42,0,-8305,6,13.348655712
175,43,-29,-8303,27,13.349843136
175,44,-7,-8322,-10,13.351030560
175,45,-3,-8313,13,13.352217984
175,46,5,-8293,-9,13.353405408
175,47,13,-8299,-3,13.354592832
175,48,20,-8303,19,13.355780256
175,49,6,-8312,5,13.356967680
175,50,-5,-8315,41,13.358155104
175,51,6,-8303,-35,13.359342528
175,52,43,-8303,0,13.360529952
175,53,-2,-8313,10,13.361717376
175,54,23,-8313,20,13.362904800
175,55,27,-8315,-3,13.364092224
175,56,0,-8309,6,13.365279648
175,57,0,-8318,7,13.366467072
175,58,33,-8311,7,13.367654496
175,59,26,-8307,-7,13.368841920
175,60,17,-8297,1,13.370029344
175,61,-2,-8306,-10,13.371216768
175,62,21,-8298,-11,13.372404192
175,63,13,-8314,36,13.373591616
175,64,10,-8304,-14,13.374779040
176,1,10,-8311,-7,13.375966464
176,2,67,-8278,7,13.377153888
176,3,25,-8303,7,13.378341312
176,4,29,-8318,16,13.379528736
176,5,22,-8302,-9,13.380716160
176,6,46,-8292,6,13.381903584
176,7,47,-8313,26,13.383091008
176,8,27,-8310,-1,13.384278432
176,9,9,-8317,11,13.385465856
176,10,14,-8305,1,13.386653280
176,11,9,-8305,17,13.387840704
176,12,20,-8290,18,13.389028128
176,13,42,-8300,3,13.390215552
176,14,16,-8308,40,13.391402976
176,15,-6,-8292,6,13.392590400
176,16,-1,-8301,12,13.393777824
176,17,21,-8311,18,13.394965248
176,18,27,-8316,17,13.396152672
176,19,19,-8302,-6,13.397340096
176,20,24,-8293,2,13.398527520
176,21,15,-8320,14,13.399714944
176,22,7,-8322,24,13.400902368
176,23,-6,-8300,24,13.402089792
176,24,-9,-8290,-8,13.403277216
176,25,-4,-8310,21,13.404464640
176,26,-3,-8332,16,13.405652064
176,27,-5,-8275,37,13.406839488
176,28,-7,-8326,23,13.408026912
176,29,31,-8301,57,13.409214336
176,30,-4,-8314,13,13.410401760
176,31,-10,-8309,30,13.411589184
176,32,12,-8291,11,13.412776608
176,33,11,-8311,15,13.413964032
176,34,16,-8292,35,13.415151456
176,35,15,-8289,-41,13.416338880
176,36,4,-8325,49,13.417526304
176,37,-4,-8298,29,13.418713728
176,38,10,-8347,45,13.419901152
176,39,11,-8312,23,13.421088576
176,40,26,-8329,5,13.422276000
176,41,-2,-8313,5,13.423463424
176,42,-18,-8316,28,13.424650848
176,43,2,-8321,35,13.425838272
176,44,-17,-8290,61,13.427025696
176,45,-5,-8306,31,13.428213120
176,46,2,-8315,-2,13.429400544
176,47,7,-8304,18,13.430587968
176,48,21,-8307,19,13.431775392
176,49,17,-8310,26,13.432962816
176,50,1,-8286,7,13.434150240
176,51,-26,-8309,28,13.435337664
176,52,5,-8304,19,13.436525088
176,53,19,-8294,46,13.437712512
176,54,20,-8288,34,13.438899936
176,55,32,-8283,33,13.440087360
176,56,27,-8311,25,13.441274784
176,57,17,-8317,-1,13.442462208
176,58,7,-8329,30,13.443649632
176,59,6,-8321,22,13.444837056
176,60,37,-8309,15,13.446024480
176,61,12,-8306,12,13.447211904
176,62,19,-8311,37,13.448399328
176,63,14,-8316,23,13.449586752
176,64,8,-8299,25,13.450774176
177,1,-1,-8319,13,13.451961600
177,2,-10,-8313,19,13.453149024
177,3,14,-8297,17,13.454336448
177,4,7,-8291,-7,13.455523872
177,5,25,-8301,22,13.456711296
177,6,38,-8314,-10,13.457898720
177,7,-1,-8336,23,13.459086144
177,8,2,-8304,8,13.460273568
177,9,-1,-8307,21,13.461460992
177,10,13,-8306,19,13.462648416
177,11,16,-8311,16,13.463835840
177,12,-18,-8299,2,13.465023264
177,13,-12,-8301,3,13.466210688
177,14,20,-8304,3,13.467398112
177,15,15,-8283,14,13.468585536
177,16,25,-8304,34,13.469772960
177,17,14,-8325,13,13.470960384
177,18,17,-8303,30,13.472147808
177,19,29,-8321,-2,13.473335232
177,20,18,-8310,45,13.474522656
177,21,-1,-8336,-5,13.475710080
177,22,1,-8318,-17,13.476897504
177,23,-8,-8321,9,13.478084928
177,24,-13,-8314,-13,13.479272352
177,25,-16,-8307,2,13.480459776
177,26,-14,-8307,-11,13.481647200
177,27,-7,-8321,7,13.482834624
177,28,47,-8297,1,13.484022048
177,29,-6,-8318,-20,13.485209472
177,30,19,-8297,34,13.486396896
177,31,15,-8295,-5,13.487584320
177,32,0,-8297,5,13.488771744
177,33,-12,-8309,9,13.489959168
177,34,14,-8297,-14,13.491146592
177,35,-22,-8324,13,13.492334016
177,36,-6,-8308,-22,13.493521440
177,37,-18,-8308,31,13.494708864
177,38,-5,-8319,-7,13.495896288
177,39,4,-8312,21,13.497083712
177,40,-10,-8309,6,13.498271136
177,41,26,-8291,8,13.499458560
177,42,19,-8313,-4,13.500645984
177,43,4,-8307,-14,13.501833408
177,44,3,-8311,20,13.503020832
177,45,11,-8287,-35,13.504208256
177,46,-6,-8309,8,13.505395680
177,47,-15,-8310,-39,13.506583104
177,48,3,-8290,6,13.507770528
177,49,46,-8288,4,13.508957952
177,50,-6,-8275,13,13.510145376
177,51,21,-8302,17,13.511332800
177,52,5,-8304,-22,13.512520224
177,53,-13,-8325,-19,13.513707648
177,54,18,-8295,-24,13.514895072
177,55,0,-8276,-14,13.516082496
177,56,25,-8279,-8,13.517269920
177,57,23,-8281,-15,13.518457344
177,58,15,-8294,-9,13.519644768
177,59,11,-8285,-5,13.520832192
177,60,0,-8309,10,13.522019616
177,61,-6,-8322,-11,13.523207040
177,62,23,-8323,-21,13.524394464
177,63,-9,-8282,3,13.525581888
177,64,7,-8311,-10,13.526769312
178,1,23,-8340,-15,13.527956736
178,2,43,-8310,8,13.529144160
178,3,14,-8298,-24,13.530331584
178,4,21,-8304,0,13.531519008
178,5,16,-8303,-29,13.532706432
178,6,17,-8277,-16,13.533893856
178,7,32,-8285,7,13.535081280
178,8,21,-8287,-3,13.536268704
178,9,5,-8305,32,13.537456128
178,10,36,-8296,-7,13.538643552
178,11,-2,-8298,3,13.539830976
178,12,-8,-8295,13,13.541018400
178,13,3,-8309,-28,13.542205824
178,14,29,-8322,21,13.543393248
178,15,27,-8318,-16,13.544580672
178,16,25,-8326,18,13.545768096
178,17,7,-8312,7,13.546955520
178,18,25,-8315,23,13.548142944
178,19,4,-8301,0,13.549330368
178,20,11,-8301,-13,13.550517792
178,21,9,-8312,20,13.551705216
178,22,23,-8316,-18,13.552892640
178,23,22,-8303,16,13.554080064
178,24,-16,-8318,3,13.555267488
178,25,30,-8306,52,13.556454912
178,26,-3,-8303,-6,13.557642336
178,27,-6,-8290,23,13.558829760
178,28,39,-8302,22,13.560017184
178,29,25,-8286,13,13.561204608
178,30,-11,-8292,30,13.562392032
178,31,8,-8302,9,13.563579456
178,32,1,-8294,5,13.564766880
178,33,-13,-8313,-8,13.565954304
178,34,22,-8289,-5,13.567141728
178,35,4,-8306,-26,13.568329152
178,36,22,-8310,7,13.569516576
178,37,30,-8270,-4,13.570704000
178,38,6,-8314,25,13.571891424
178,39,-3,-8310,9,13.573078848
178,40,22,-8317,-8,13.574266272
178,41,-9,-8276,-11,13.575453696
178,42,22,-8307,22,13.576641120
178,43,15,-8307,3,13.577828544
178,44,30,-8294,10,13.579015968
178,45,2,-8282,-7,13.580203392
178,46,13,-8314,14,13.581390816
178,47,1,-8296,5,13.582578240
178,48,-8,-8288,8,13.583765664
178,49,0,-8291,6,13.584953088
178,50,17,-8287,11,13.586140512
178,51,3,-8304,-9,13.587327936
178,52,17,-8301,5,13.588515360
178,53,6,-8337,14,13.589702784
178,54,-13,-8313,44,13.590890208
178,55,28,-8306,20,13.592077632
178,56,0,-8332,-2,13.593265056
178,57,15,-8303,32,13.594452480
178,58,26,-8313,-24,13.595639904
178,59,34,-8340,17,13.596827328
178,60,16,-8324,20,13.598014752
178,61,5,-8334,18,13.599202176
178,62,18,-8303,32,13.600389600
178,63,-5,-8330,13,13.601577024
178,64,29,-8289,58,13.602764448
179,1,10,-8311,16,13.603951872
179,2,-9,-8299,39,13.605139296
179,3,7,-8288,10,13.606326720
179,4,-14,-8338,13,13.607514144
179,5,7,-8330,31,13.608701568
179,6,-11,-8298,17,13.609888992
179,7,10,-8298,13,13.611076416
179,8,12,-8294,37,13.612263840
179,9,17,-8302,-2,13.613451264
179,10,16,-8292,22,13.614638688
179,11,1,-8316,-15,13.615826112
179,12,-4,-8314,20,13.617013536
179,13,-26,-8296,26,13.618200960
179,14,18,-8298,16,13.619388384
179,15,9,-8295,40,13.620575808
179,16,41,-8283,15,13.621763232
179,17,27,-8312,43,13.622950656
179,18,19,-8315,22,13.624138080
179,19,-2,-8288,37,13.625325504
179,20,-13,-8309,10,13.626512928
179,21,21,-8317,15,13.627700352
179,22,39,-8305,12,13.628887776
179,23,29,-8296,52,13.630075200
179,24,19,-8289,-2,13.631262624
179,25,22,-8297,44,13.632450048
179,26,26,-8310,7,13.633637472
179,27,-11,-8315,6,13.634824896
179,28,14,-8312,27,13.636012320
179,29,14,-8313,-3,13.637199744
179,30,10,-8296,34,13.638387168
179,31,22,-8292,-16,13.639574592
179,32,40,-8283,25,13.640762016
179,33,11,-8303,14,13.641949440
179,34,9,-8298,21,13.643136864
179,35,11,-8315,17,13.644324288
179,36,3,-8287,11,13.645511712
179,37,33,-8304,-5,13.646699136
179,38,5,-8299,1,13.647886560
179,39,13,-8311,8,13.649073984
179,40,19,-8316,-2,13.650261408
179,41,-8,-8300,6,13.651448832
179,42,0,-8315,7,13.652636256
179,43,19,-8325,24,13.653823680
179,44,10,-8297,2,13.655011104
179,45,34,-8309,18,13.656198528
179,46,19,-8305,-5,13.657385952
179,47,-8,-8311,14,13.658573376
179,48,26,-8325,10,13.659760800
179,49,16,-8316,-5,13.660948224
179,50,2,-8318,40,13.662135648
179,51,37,-8298,15,13.663323072
179,52,13,-8301,24,13.664510496
179,53,15,-8299,2,13.665697920
179,54,10,-8270,-3,13.666885344
179,55,-4,-8315,23,13.668072768
179,56,-17,-8302,2,13.669260192
179,57,-8,-8302,12,13.670447616
179,58,3,-8303,39,13.671635040
179,59,10,-8309,-9,13.672822464
179,60,1,-8313,44,13.674009888
179,61,-8,-8311,12,13.675197312
179,62,-2,-8311,37,13.676384736
179,63,-7,-8309,11,13.677572160
179,64,12,-8287,10,13.678759584
180,1,-16,-8285,41,13.679947008
180,2,-1,-8296,2,13.681134432
180,3,-1,-8312,14,13.682321856
180,4,-12,-8299,3,13.683509280
180,5,21,-8306,10,13.684696704
180,6,5,-8299,26,13.685884128
180,7,6,-8320,23,13.687071552
180,8,2,-8325,12,13.688258976
180,9,16,-8325,7,13.689446400
180,10,24,-8302,14,13.690633824
180,11,22,-8299,-10,13.691821248
180,12,-17,-8305,-5,13.693008672
180,13,11,-8314,44,13.694196096
180,14,11,-8310,11,13.695383520
180,15,13,-8309,44,13.696570944
180,16,13,-8296,10,13.697758368
180,17,16,-8306,22,13.698945792
180,18,16,-8305,18,13.700133216
180,19,19,-8320,14,13.701320640
180,20,5,-8305,8,13.702508064
180,21,12,-8325,2,13.703695488
180,22,9,-8304,4,13.704882912
180,23,9,-8305,28,13.706070336
180,24,8,-8304,24,13.707257760
180,25,-8,-8311,2,13.708445184
180,26,-4,-8296,-1,13.709632608
180,27,26,-8303,5,13.710820032
180,28,4,-8308,12,13.712007456
180,29,5,-8319,7,13.713194880
180,30,18,-8306,9,13.714382304
180,31,-7,-8301,20,13.715569728
180,32,17,-8315,14,13.716757152
180,33,-2,-8306,8,13.717944576
180,34,24,-8314,15,13.719132000
180,35,-4,-8288,2,13.720319424
180,36,-11,-8271,13,13.721506848
180,37,13,-8268,18,13.722694272
180,38,13,-8317,19,13.723881696
180,39,-8,-8314,27,13.725069120
180,40,19,-8299,28,13.726256544
180,41,27,-8309,16,13.727443968
180,42,-1,-8303,22,13.728631392
180,43,5,-8325,-15,13.729818816
180,44,5,-8296,-20,13.731006240
180,45,-13,-8297,11,13.732193664
180,46,-2,-8304,-4,13.733381088
180,47,18,-8296,15,13.734568512
180,48,4,-8288,-21,13.735755936
180,49,7,-8273,20,13.736943360
180,50,-6,-8316,-13,13.738130784
180,51,1,-8308,1,13.739318208
180,52,16,-8282,7,13.740505632
180,53,10,-8308,4,13.741693056
180,54,-6,-8308,9,13.742880480
180,55,-15,-8297,-18,13.744067904
180,56,16,-8319,-7,13.745255328
180,57,33,-8302,-13,13.746442752
180,58,25,-8287,9,13.747630176
180,59,5,-8310,-5,13.748817600
180,60,8,-8305,18,13.750005024
180,61,15,-8316,-2,13.751192448
180,62,-12,-8288,9,13.752379872
180,63,3,-8303,-4,13.753567296
180,64,-13,-8304,-7,13.754754720
181,1,3,-8290,-26,13.755942144
181,2,20,-8290,2,13.757129568
181,3,10,-8286,25,13.758316992
181,4,-4,-8287,12,13.759504416
181,5,28,-8288,29,13.760691840
181,6,23,-8299,-11,13.761879264
181,7,25,-8334,-5,13.763066688
181,8,-14,-8299,13,13.764254112
181,9,2,-8294,-13,13.765441536
181,10,30,-8308,9,13.766628960
181,11,-12,-8308,-13,13.767816384
181,12,-4,-8314,32,13.769003808
181,13,14,-8313,-13,13.770191232
181,14,34,-8305,16,13.771378656
181,15,22,-8314,9,13.772566080
181,16,13,-8312,1,13.773753504
181,17,24,-8306,7,13.774940928
181,18,25,-8324,-2,13.776128352
181,19,25,-8287,11,13.777315776
181,20,-5,-8329,-3,13.778503200
181,21,49,-8304,29,13.779690624
181,22,28,-8291,19,13.780878048
181,23,0,-8292,18,13.782065472
181,24,4,-8305,-17,13.783252896
181,25,0,-8304,5,13.784440320
181,26,16,-8310,-4,13.785627744
181,27,8,-8305,-4,13.786815168
181,28,24,-8312,-13,13.788002592
181,29,33,-8305,8,13.789190016
181,30,23,-8294,-6,13.790377440
181,31,19,-8314,1,13.791564864
181,32,7,-8313,34,13.792752288
181,33,-1,-8308,12,13.793939712
181,34,10,-8321,13,13.795127136
181,35,-6,-8323,14,13.796314560
181,36,40,-8307,17,13.797501984
181,37,26,-8303,12,13.798689408
181,38,12,-8292,20,13.799876832
181,39,8,-8282,21,13.801064256
181,40,18,-8292,4,13.802251680
181,41,14,-8317,-12,13.803439104
181,42,13,-8310,-2,13.804626528
181,43,8,-8310,-12,13.805813952
181,44,19,-8295,-11,13.807001376
181,45,4,-8314,22,13.808188800
181,46,33,-8281,-18,13.809376224
181,47,-15,-8312,52,13.810563648
181,48,26,-8291,-16,13.811751072
181,49,7,-8314,-7,13.812938496
181,50,12,-8306,9,13.814125920
181,51,11,-8314,-13,13.815313344
181,52,-13,-8307,38,13.816500768
181,53,-3,-8307,5,13.817688192
181,54,-5,-8302,34,13.818875616
181,55,2,-8317,2,13.820063040
181,56,1,-8300,21,13.821250464
181,57,41,-8317,8,13.822437888
181,58,15,-8299,2,13.823625312
181,59,20,-8310,23,13.824812736
181,60,14,-8309,7,13.826000160
181,61,6,-8301,52,13.827187584
181,62,4,-8308,36,13.828375008
181,63,1,-8319,25,13.829562432
181,64,26,-8318,14,13.830749856
182,1,-7,-8295,-5,13.831937280
182,2,1,-8291,23,13.833124704
182,3,-12,-8315,-4,13.834312128
182,4,47,-8305,27,13.835499552
182,5,-8,-8300,26,13.836686976
182,6,5,-8297,36,13.837874400
182,7,-3,-8316,33,13.839061824
182,8,23,-8336,-5,13.840249248
182,9,14,-8300,-3,13.841436672
182,10,33,-8291,0,13.842624096
182,11,22,-8277,8,13.843811520
182,12,16,-8299,8,13.844998944
182,13,13,-8286,3,13.846186368
182,14,28,-8304,19,13.847373792
182,15,6,-8304,0,13.848561216
182,16,11,-8300,15,13.849748640
182,17,14,-8298,-19,13.850936064
182,18,5,-8330,10,13.852123488
182,19,21,-8280,18,13.853310912
182,20,-4,-8303,14,13.854498336
182,21,-2,-8323,-4,13.855685760
182,22,16,-8300,1,13.856873184
182,23,-3,-8298,-18,13.858060608
182,24,22,-8300,16,13.859248032
182,25,34,-8286,-27,13.860435456
182,26,14,-8313,13,13.861622880
182,27,7,-8304,16,13.862810304
182,28,68,-8310,29,13.863997728
182,29,15,-8299,27,13.865185152
182,30,14,-8279,13,13.866372576
182,31,-3,-8291,20,13.867560000
182,32,1,-8293,13,13.868747424
182,33,30,-8283,11,13.869934848
182,34,1,-8271,9,13.871122272
182,35,3,-8294,20,13.872309696
182,36,22,-8286,-29,13.873497120
182,37,4,-8292,4,13.874684544
182,38,34,-8286,16,13.875871968
182,39,3,-8311,14,13.877059392
182,40,7,-8305,29,13.878246816
182,41,0,-8308,4,13.879434240
182,42,-8,-8332,16,13.880621664
182,43,17,-8291,-11,13.881809088
182,44,27,-8306,14,13.882996512
182,45,8,-8302,-9,13.884183936
182,46,20,-8297,11,13.885371360
182,47,12,-8315,23,13.886558784
182,48,4,-8320,30,13.887746208
182,49,29,-8315,25,13.888933632
182,50,-13,-8292,19,13.890121056
182,51,3,-8328,13,13.891308480
182,52,5,-8309,25,13.892495904
182,53,-2,-8313,0,13.893683328
182,54,33,-8313,40,13.894870752
182,55,-5,-8318,1,13.896058176
182,56,-32,-8303,21,13.897245600
182,57,-10,-8308,48,13.898433024
182,58,-12,-8302,28,13.899620448
182,59,14,-8350,20,13.900807872
182,60,17,-8319,26,13.901995296
182,61,11,-8322,16,13.903182720
182,62,10,-8322,18,13.904370144
182,63,2,-8307,23,13.905557568
182,64,31,-8319,18,13.906744992
183,1,-26,-8312,40,13.907932416
183,2,10,-8325,40,13.909119840
183,3,-8,-8313,44,13.910307264
183,4,18,-8301,12,13.911494688
183,5,24,-8307,13,13.912682112
183,6,26,-8306,19,13.913869536
183,7,2,-8312,27,13.915056960
183,8,-23,-8280,19,13.916244384
183,9,13,-8335,12,13.917431808
183,10,4,-8288,12,13.918619232
183,11,7,-8288,15,13.919806656
183,12,28,-8307,8,13.920994080
183,13,4,-8289,-8,13.922181504
183,14,6,-8325,26,13.923368928
183,15,-18,-8293,-3,13.924556352
183,16,9,-8302,24,13.925743776
183,17,32,-8297,9,13.926931200
183,18,30,-8295,25,13.928118624
183,19,5,-8285,5,13.929306048
183,20,16,-8312,28,13.930493472
183,21,1,-8305,17,13.931680896
183,22,-2,-8292,9,13.932868320
183,23,9,-8301,3,13.934055744
183,24,6,-8322,36,13.935243168
183,25,12,-8316,38,13.936430592
183,26,-10,-8286,3,13.937618016
183,27,16,-8304,23,13.938805440
183,28,-1,-8306,10,13.939992864
183,29,-13,-8289,22,13.941180288
183,30,19,-8307,14,13.942367712
183,31,-18,-8299,3,13.943555136
183,32,6,-8279,11,13.944742560
183,33,28,-8305,12,13.945929984
183,34,15,-8286,22,13.947117408
183,35,-1,-8297,1,13.948304832
183,36,-3,-8311,12,13.949492256
183,37,6,-8330,26,13.950679680
183,38,-11,-8323,27,13.951867104
183,39,12,-8296,3,13.953054528
183,40,19,-8307,12,13.954241952
183,41,17,-8317,37,13.955429376
183,42,24,-8319,34,13.956616800
183,43,-11,-8305,26,13.957804224
183,44,-8,-8307,-8,13.958991648
183,45,19,-8314,-1,13.960179072
183,46,0,-8299,37,13.961366496
183,47,2,-8314,11,13.962553920
183,48,23,-8273,17,13.963741344
183,49,11,-8311,-5,13.964928768
183,50,13,-8327,20,13.966116192
183,51,27,-8336,29,13.967303616
183,52,-3,-8314,19,13.968491040
183,53,1,-8313,13,13.969678464
183,54,20,-8312,-15,13.970865888
183,55,9,-8294,16,13.972053312
183,56,16,-8307,14,13.973240736
183,57,7,-8309,-2,13.974428160
183,58,3,-8303,29,13.975615584
183,59,6,-8302,-24,13.976803008
183,60,17,-8309,-9,13.977990432
183,61,15,-8303,13,13.979177856
183,62,5,-8271,6,13.980365280
183,63,31,-8292,23,13.981552704
183,64,31,-8297,-5,13.982740128
184,1,16,-8295,31,13.983927552
184,2,11,-8298,25,13.985114976
184,3,-6,-8325,8,13.986302400
184,4,-1,-8292,12,13.987489824
184,5,31,-8291,11,13.988677248
184,6,56,-8313,0,13.989864672
184,7,-9,-8314,2,13.991052096
184,8,1,-8317,-5,13.992239520
184,9,0,-8313,31,13.993426944
184,10,11,-8294,3,13.994614368
184,11,8,-8310,24,13.995801792
184,12,30,-8308,-11,13.996989216
184,13,40,-8319,-6,13.998176640
184,14,33,-8322,10,13.999364064
184,15,44,-8309,-27,14.000551488
184,16,36,-8321,-1,14.001738912
184,17,25,-8302,3,14.002926336
184,18,17,-8302,5,14.004113760
184,19,22,-8283,-2,14.005301184
184,20,30,-8299,3,14.006488608
184,21,38,-8292,-4,14.007676032
184,22,-6,-8309,2,14.008863456
184,23,8,-8318,-13,14.010050880
184,24,2,-8333,-31,14.011238304
184,25,12,-8293,-15,14.012425728
184,26,11,-8302,2,14.013613152
184,27,16,-8288,0,14.014800576
184,28,-5,-8302,3,14.015988000
184,29,17,-8328,9,14.017175424
184,30,3,-8293,13,14.018362848
184,31,-5,-8317,-6,14.019550272
184,32,-5,-8304,-9,14.020737696
184,33,21,-8305,-4,14.021925120
184,34,2,-8308,-8,14.023112544
184,35,14,-8305,24,14.024299968
184,36,16,-8299,6,14.025487392
184,37,24,-8330,-16,14.026674816
184,38,-1,-8303,-20,14.027862240
184,39,18,-8307,3,14.029049664
184,40,-12,-8283,-5,14.030237088
184,41,-2,-8295,20,14.031424512
184,42,-8,-8303,14,14.032611936
184,43,31,-8315,-8,14.033799360
184,44,15,-8329,9,14.034986784
184,45,9,-8332,-28,14.036174208
184,46,-20,-8279,6,14.037361632
184,47,-1,-8268,-19,14.038549056
184,48,31,-8317,3,14.039736480
184,49,4,-8322,-10,14.040923904
184,50,-2,-8298,15,14.042111328
184,51,-1,-8292,-8,14.043298752
184,52,9,-8304,-3,14.044486176
184,53,3,-8328,10,14.045673600
184,54,14,-8301,5,14.046861024
184,55,12,-8290,16,14.048048448
184,56,6,-8320,-21,14.049235872
184,57,9,-8306,0,14.050423296
184,58,22,-8303,5,14.051610720
184,59,17,-8317,1,14.052798144
184,60,2,-8318,0,14.053985568
184,61,-1,-8290,-22,14.055172992
184,62,25,-8298,-10,14.056360416
184,63,-3,-8298,4,14.057547840
184,64,26,-8287,7,14.058735264
185,1,12,-8288,22,14.059922688
185,2,-3,-8333,3,14.061110112
185,3,37,-8298,-7,14.062297536
185,4,46,-8304,16,14.063484960
185,5,27,-8319,0,14.064672384
185,6,-3,-8305,1,14.065859808
185,7,11,-8276,-12,14.067047232
185,8,-5,-8308,6,14.068234656
185,9,30,-8317,10,14.069422080
185,10,9,-8309,7,14.070609504
185,11,8,-8306,24,14.071796928
185,12,3,-8297,25,14.072984352
185,13,8,-8313,29,14.074171776
185,14,24,-8317,13,14.075359200
185,15,33,-8307,20,14.076546624
185,16,38,-8318,1,14.077734048
185,17,30,-8318,30,14.078921472
185,18,-1,-8325,-6,14.080108896
185,19,20,-8304,6,14.081296320
185,20,26,-8309,15,14.082483744
185,21,22,-8316,5,14.083671168
185,22,33,-8308,38,14.084858592
185,23,28,-8301,-16,14.086046016
185,24,-12,-8313,23,14.087233440
185,25,19,-8312,-11,14.088420864
185,26,19,-8286,23,14.089608288
185,27,23,-8297,-19,14.090795712
185,28,18,-8299,24,14.091983136
185,29,23,-8308,2,14.093170560
185,30,15,-8314,28,14.094357984
185,31,-2,-8312,-16,14.095545408
185,32,5,-8308,-5,14.096732832
185,33,24,-8309,19,14.097920256
185,34,20,-8298,-8,14.099107680
185,35,14,-8315,23,14.100295104
185,36,10,-8305,-18,14.101482528
185,37,21,-8315,34,14.102669952
185,38,8,-8339,-19,14.103857376
185,39,12,-8331,30,14.105044800
185,40,-9,-8350,10,14.106232224
185,41,-6,-8301,27,14.107419648
185,42,11,-8300,14,14.108607072
185,43,12,-8320,25,14.109794496
185,44,40,-8318,5,14.110981920
185,45,12,-8302,11,14.112169344
185,46,4,-8313,-13,14.113356768
185,47,-11,-8309,-12,14.114544192
185,48,6,-8282,32,14.115731616
185,49,-32,-8269,-36,14.116919040
185,50,28,-8313,22,14.118106464
185,51,32,-8333,-11,14.119293888
185,52,20,-8321,21,14.120481312
185,53,66,-8322,12,14.121668736
185,54,13,-8319,2,14.122856160
185,55,18,-8321,16,14.124043584
185,56,23,-8307,-17,14.125231008
185,57,7,-8290,0,14.126418432
185,58,16,-8288,-16,14.127605856
185,59,21,-8301,-21,14.128793280
185,60,3,-8299,5,14.129980704
185,61,20,-8308,3,14.131168128
185,62,-9,-8321,14,14.132355552
185,63,-15,-8314,8,14.133542976
185,64,46,-8296,23,14.134730400
186,1,38,-8299,8,14.135917824
186,2,25,-8303,16,14.137105248
186,3,10,-8307,-16,14.138292672
186,4,10,-8322,7,14.139480096
186,5,33,-8300,-9,14.140667520
186,6,-6,-8315,5,14.141854944
186,7,25,-8314,-1,14.143042368
186,8,23,-8314,9,14.144229792
186,9,-18,-8322,13,14.145417216
186,10,17,-8313,23,14.146604640
186,11,-17,-8322,11,14.147792064
186,12,-1,-8298,-4,14.148979488
186,13,-15,-8301,-9,14.150166912
186,14,11,-8304,1,14.151354336
186,15,5,-8316,10,14.152541760
186,16,0,-8299,-24,14.153729184
186,17,26,-8303,-5,14.154916608
186,18,22,-8319,-7,14.156104032
186,19,8,-8312,9,14.157291456
186,20,-5,-8310,5,14.158478880
186,21,2,-8302,15,14.159666304
186,22,11,-8314,6,14.160853728
186,23,-1,-8302,-2,14.162041152
186,24,16,-8298,11,14.163228576
186,25,9,-8308,-22,14.164416000
186,26,-27,-8312,1,14.165603424
186,27,19,-8323,-11,14.166790848
186,28,-6,-8294,-10,14.167978272
186,29,34,-8312,19,14.169165696
186,30,14,-8309,4,14.170353120
186,31,29,-8316,7,14.171540544
186,32,26,-8306,12,14.172727968
186,33,4,-8286,5,14.173915392
186,34,13,-8299,22,14.175102816
186,35,14,-8311,-12,14.176290240
186,36,20,-8327,4,14.177477664
186,37,-1,-8298,3,14.178665088
186,38,-5,-8322,4,14.179852512
186,39,-1,-8311,26,14.181039936
186,40,19,-8295,-7,14.182227360
186,41,8,-8333,11,14.183414784
186,42,-1,-8304,11,14.184602208
186,43,-10,-8305,17,14.185789632
186,44,-8,-8313,-8,14.186977056
186,45,2,-8335,28,14.188164480
186,46,-4,-8283,-2,14.189351904
186,47,26,-8287,15,14.190539328
186,48,9,-8294,12,14.191726752
186,49,14,-8293,19,14.192914176
186,50,17,-8305,42,14.194101600
186,51,-13,-8270,13,14.195289024
186,52,-6,-8298,23,14.196476448
186,53,23,-8327,9,14.197663872
186,54,-2,-8287,25,14.198851296
186,55,12,-8308,17,14.200038720
186,56,-14,-8310,19,14.201226144
186,57,-2,-8298,62,14.202413568
186,58,2,-8333,9,14.203600992
186,59,-6,-8303,62,14.204788416
186,60,1,-8323,9,14.205975840
186,61,-17,-8329,-2,14.207163264
186,62,-16,-8321,14,14.208350688
186,63,-1,-8296,48,14.209538112
186,64,3,-8301,25,14.210725536
187,1,-1,-8295,37,14.211912960
187,2,-4,-8314,37,14.213100384
187,3,14,-8311,-6,14.214287808
187,4,-7,-8309,37,14.215475232
187,5,24,-8304,10,14.216662656
187,6,14,-8308,35,14.217850080
187,7,-7,-8291,24,14.219037504
187,8,-36,-8294,69,14.220224928
187,9,-18,-8309,38,14.221412352
187,10,-11,-8310,26,14.222599776
187,11,21,-8349,25,14.223787200
187,12,33,-8323,26,14.224974624
187,13,3,-8308,64,14.226162048
187,14,6,-8294,30,14.227349472
187,15,-16,-8309,48,14.228536896
187,16,-9,-8316,36,14.229724320
187,17,18,-8317,46,14.230911744
187,18,-3,-8308,27,14.232099168
187,19,3,-8291,59,14.233286592
187,20,21,-8302,25,14.234474016
187,21,23,-8316,43,14.235661440
187,22,-11,-8315,37,14.236848864
187,23,5,-8308,34,14.238036288
187,24,4,-8315,33,14.239223712
187,25,20,-8312,20,14.240411136
187,26,1,-8303,43,14.241598560
187,27,14,-8317,34,14.242785984
187,28,22,-8302,23,14.243973408
187,29,24,-8310,35,14.245160832
187,30,6,-8292,29,14.246348256
187,31,20,-8294,25,14.247535680
187,32,17,-8288,32,14.248723104
187,33,-7,-8303,42,14.249910528
187,34,-13,-8312,25,14.251097952
187,35,2,-8319,58,14.252285376
187,36,20,-8288,17,14.253472800
187,37,18,-8331,29,14.254660224
187,38,18,-8288,40,14.255847648
187,39,14,-8307,30,14.257035072
187,40,-4,-8306,27,14.258222496
187,41,22,-8312,6,14.259409920
187,42,19,-8292,0,14.260597344
187,43,20,-8289,45,14.261784768
187,44,12,-8302,8,14.262972192
187,45,-7,-8302,45,14.264159616
187,46,6,-8316,9,14.265347040
187,47,11,-8310,-1,14.266534464
187,48,14,-8291,31,14.267721888
187,49,23,-8306,-2,14.268909312
187,50,17,-8296,-10,14.270096736
187,51,13,-8311,-4,14.271284160
187,52,8,-8313,13,14.272471584
187,53,10,-8299,26,14.273659008
187,54,-12,-8283,15,14.274846432
187,55,16,-8292,1,14.276033856
187,56,19,-8314,23,14.277221280
187,57,12,-8306,4,14.278408704
187,58,-3,-8301,19,14.279596128
187,59,28,-8315,-5,14.280783552
187,60,17,-8314,47,14.281970976
187,61,10,-8311,9,14.283158400
187,62,9,-8317,-3,14.284345824
187,63,4,-8325,-9,14.285533248
187,64,41,-8322,8,14.286720672
188,1,-14,-8303,19,14.287908096
188,2,12,-8308,-10,14.289095520
188,3,22,-8329,-6,14.290282944
188,4,7,-8299,2,14.291470368
188,5,2,-8295,15,14.292657792
188,6,-5,-8313,-2,14.293845216
188,7,-3,-8303,13,14.295032640
188,8,13,-8296,-15,14.296220064
188,9,6,-8319,14,14.297407488
188,10,-3,-8308,4,14.298594912
188,11,3,-8322,15,14.299782336
188,12,10,-8287,0,14.300969760
188,13,5,-8295,0,14.302157184
188,14,3,-8305,-11,14.303344608
188,15,12,-8288,1,14.304532032
188,16,4,-8315,33,14.305719456
188,17,13,-8302,30,14.306906880
188,18,-10,-8313,16,14.308094304
188,19,7,-8286,8,14.309281728
188,20,15,-8326,-9,14.310469152
188,21,8,-8297,-7,14.311656576
188,22,20,-8307,7,14.312844000
188,23,0,-8317,-4,14.314031424
188,24,1,-8301,6,14.315218848
188,25,11,-8315,10,14.316406272
188,26,-6,-8314,23,14.317593696
188,27,10,-8283,15,14.318781120
188,28,16,-8284,14,14.319968544
188,29,22,-8308,-2,14.321155968
188,30,25,-8292,-1,14.322343392
188,31,10,-8312,15,14.323530816
188,32,7,-8290,2,14.324718240
188,33,38,-8314,1,14.325905664
188,34,24,-8284,7,14.327093088
188,35,19,-8264,6,14.328280512
188,36,8,-8307,-7,14.329467936
188,37,3,-8294,14,14.330655360
188,38,22,-8270,-17,14.331842784
188,39,4,-8289,-17,14.333030208
188,40,20,-8288,5,14.334217632
188,41,23,-8302,0,14.335405056
188,42,27,-8322,14,14.336592480
188,43,29,-8293,5,14.337779904
188,44,-2,-8276,33,14.338967328
188,45,17,-8292,18,14.340154752
188,46,-8,-8309,12,14.341342176
188,47,-20,-8298,-23,14.342529600
188,48,24,-8294,-17,14.343717024
188,49,15,-8318,2,14.344904448
188,50,4,-8298,-6,14.346091872
188,51,5,-8273,28,14.347279296
188,52,8,-8296,8,14.348466720
188,53,-1,-8297,15,14.349654144
188,54,-15,-8309,14,14.350841568
188,55,10,-8300,0,14.352028992
188,56,6,-8294,-7,14.353216416
188,57,14,-8287,2,14.354403840
188,58,54,-8291,-3,14.355591264
188,59,1,-8291,14,14.356778688
188,60,17,-8302,-8,14.357966112
188,61,-26,-8311,34,14.359153536
188,62,-15,-8301,-7,14.360340960
188,63,19,-8303,-6,14.361528384
188,64,10,-8274,6,14.362715808
189,1,31,-8299,19,14.363903232
189,2,13,-8305,-24,14.365090656
189,3,23,-8312,20,14.366278080
189,4,24,-8306,-1,14.367465504
189,5,9,-8309,19,14.368652928
189,6,35,-8326,-10,14.369840352
189,7,24,-8310,6,14.371027776
189,8,38,-8306,14,14.372215200
189,9,39,-8312,-5,14.373402624
189,10,22,-8310,34,14.374590048
189,11,3,-8293,-6,14.375777472
189,12,8,-8302,-5,14.376964896
189,13,-11,-8299,11,14.378152320
189,14,13,-8329,1,14.379339744
189,15,16,-8298,13,14.380527168
189,16,3,-8305,-15,14.381714592
189,17,41,-8312,21,14.382902016
189,18,37,-8310,8,14.384089440
189,19,6,-8313,17,14.385276864
189,20,-15,-8290,20,14.386464288
189,21,3,-8289,-3,14.387651712
189,22,18,-8305,-5,14.388839136
189,23,23,-8298,-4,14.390026560
189,24,21,-8304,-6,14.391213984
189,25,-1,-8297,8,14.392401408
189,26,26,-8338,-32,14.393588832
189,27,-16,-8325,19,14.394776256
189,28,6,-8300,7,14.395963680
189,29,43,-8305,17,14.397151104
189,30,35,-8284,30,14.398338528
189,31,54,-8291,12,14.399525952
189,32,35,-8302,7,14.400713376
189,33,-1,-8305,11,14.401900800
189,34,21,-8319,-6,14.403088224
189,35,11,-8294,17,14.404275648
189,36,-9,-8291,-34,14.405463072
189,37,35,-8289,-11,14.406650496
189,38,22,-8297,7,14.407837920
189,39,44,-8308,5,14.409025344
189,40,9,-8322,7,14.410212768
189,41,2,-8295,-23,14.411400192
189,42,9,-8311,-15,14.412587616
189,43,-4,-8275,-26,14.413775040
189,44,9,-8290,-5,14.414962464
189,45,43,-8290,19,14.416149888
189,46,35,-8309,7,14.417337312
189,47,29,-8302,20,14.418524736
189,48,25,-8297,5,14.419712160
189,49,-30,-8301,4,14.420899584
189,50,-8,-8296,-18,14.422087008
189,51,27,-8265,3,14.423274432
189,52,40,-8282,-2,14.424461856
189,53,14,-8271,-5,14.425649280
189,54,15,-8299,-11,14.426836704
189,55,9,-8305,2,14.428024128
189,56,-3,-8306,-1,14.429211552
189,57,-11,-8300,5,14.430398976
189,58,20,-8305,9,14.431586400
189,59,-21,-8298,-6,14.432773824
189,60,10,-8305,-3,14.433961248
189,61,22,-8308,-24,14.435148672
189,62,0,-8307,-2,14.436336096
189,63,-5,-8312,7,14.437523520
189,64,-22,-8320,2,14.438710944
190,1,15,-8286,-8,14.439898368
190,2,28,-8303,19,14.441085792
190,3,15,-8284,-1,14.442273216
190,4,-21,-8297,-10,14.443460640
190,5,-4,-8303,1,14.444648064
190,6,-9,-8300,3,14.445835488
190,7,24,-8298,14,14.447022912
190,8,16,-8333,4,14.448210336
190,9,36,-8297,28,14.449397760
190,10,16,-8294,-7,14.450585184
190,11,17,-8314,39,14.451772608
190,12,44,-8321,-10,14.452960032
190,13,1,-8315,22,14.454147456
190,14,-9,-8311,0,14.455334880
190,15,-9,-8308,0,14.456522304
190,16,12,-8309,4,14.457709728
190,17,18,-8304,25,14.458897152
190,18,21,-8294,20,14.460084576
190,19,28,-8296,18,14.461272000
190,20,27,-8331,3,14.462459424
190,21,35,-8332,4,14.463646848
190,22,32,-8294,2,14.464834272
190,23,12,-8311,11,14.466021696
190,24,29,-8293,22,14.467209120
190,25,20,-8303,3,14.468396544
190,26,-3,-8319,20,14.469583968
190,27,22,-8314,21,14.470771392
190,28,21,-8312,19,14.471958816
190,29,20,-8288,3,14.473146240
190,30,11,-8301,3,14.474333664
190,31,9,-8309,10,14.475521088
190,32,21,-8291,27,14.476708512
190,33,41,-8310,11,14.477895936
190,34,26,-8317,23,14.479083360
190,35,32,-8314,13,14.480270784
190,36,-10,-8324,-12,14.481458208
190,37,-21,-8303,49,14.482645632
190,38,19,-8300,10,14.483833056
190,39,7,-8289,34,14.485020480
190,40,29,-8334,12,14.486207904
190,41,27,-8305,36,14.487395328
190,42,13,-8318,27,14.488582752
190,43,-14,-8293,16,14.489770176
190,44,5,-8298,46,14.490957600
190,45,-1,-8300,19,14.492145024
190,46,-5,-8320,23,14.493332448
190,47,2,-8305,12,14.494519872
190,48,5,-8300,49,14.495707296
190,49,6,-8299,21,14.496894720
190,50,-15,-8326,30,14.498082144
190,51,20,-8309,14,14.499269568
190,52,20,-8335,12,14.500456992
190,53,7,-8326,47,14.501644416
190,54,28,-8286,23,14.502831840
190,55,25,-8310,35,14.504019264
190,56,-31,-8314,30,14.505206688
190,57,9,-8332,26,14.506394112
190,58,-4,-8309,35,14.507581536
190,59,13,-8282,31,14.508768960
190,60,14,-8301,30,14.509956384
190,61,16,-8294,33,14.511143808
190,62,40,-8321,41,14.512331232
190,63,-1,-8314,53,14.513518656
190,64,5,-8300,44,14.514706080
191,1,15,-8315,38,14.515893504
191,2,3,-8306,51,14.517080928
191,3,-8,-8301,38,14.518268352
191,4,-12,-8305,19,14.519455776
191,5,14,-8331,30,14.520643200
191,6,7,-8313,23,14.521830624
191,7,24,-8310,41,14.523018048
191,8,6,-8277,12,14.524205472
191,9,35,-8307,38,14.525392896
191,10,10,-8282,12,14.526580320
191,11,5,-8276,45,14.527767744
191,12,25,-8314,18,14.528955168
191,13,12,-8320,22,14.530142592
191,14,-3,-8297,22,14.531330016
191,15,-17,-8317,37,14.532517440
191,16,27,-8328,26,14.533704864
191,17,24,-8306,4,14.534892288
191,18,1,-8309,20,14.536079712
191,19,13,-8283,47,14.537267136
191,20,7,-8317,34,14.538454560
191,21,3,-8311,33,14.539641984
191,22,36,-8304,22,14.540829408
191,23,1,-8283,22,14.542016832
191,24,-6,-8306,39,14.543204256
191,25,-14,-8308,48,14.544391680
191,26,14,-8311,30,14.545579104
191,27,1,-8304,42,14.546766528
191,28,10,-8317,9,14.547953952
191,29,13,-8323,23,14.549141376
191,30,18,-8305,-8,14.550328800
191,31,10,-8309,38,14.551516224
191,32,28,-8299,10,14.552703648
191,33,18,-8320,38,14.553891072
191,34,20,-8301,12,14.555078496
191,35,13,-8322,-2,14.556265920
191,36,24,-8322,-14,14.557453344
191,37,10,-8328,-16,14.558640768
191,38,15,-8306,-7,14.559828192
191,39,3,-8301,16,14.561015616
191,40,12,-8307,18,14.562203040
191,41,8,-8309,-1,14.563390464
191,42,20,-8316,12,14.564577888
191,43,9,-8292,20,14.565765312
191,44,12,-8312,19,14.566952736
191,45,1,-8320,11,14.568140160
191,46,7,-8305,-4,14.569327584
191,47,25,-8292,18,14.570515008
191,48,1,-8308,2,14.571702432
191,49,38,-8320,-9,14.572889856
191,50,42,-8318,-5,14.574077280
191,51,37,-8305,22,14.575264704
191,52,22,-8333,8,14.576452128
191,53,13,-8296,-37,14.577639552
191,54,4,-8291,-4,14.578826976
191,55,40,-8315,13,14.580014400
191,56,23,-8309,-5,14.581201824
191,57,1,-8317,-9,14.582389248
191,58,38,-8301,-10,14.583576672
191,59,0,-8312,2,14.584764096
191,60,6,-8343,-21,14.585951520
191,61,-11,-8319,-16,14.587138944
191,62,5,-8319,0,14.588326368
191,63,2,-8294,-8,14.589513792
191,64,11,-8314,-28,14.590701216
192,1,21,-8298,-14,14.591888640
192,2,13,-8308,-14,14.593076064
192,3,11,-8297,-13,14.594263488
192,4,11,-8304,-5,14.595450912
192,5,-4,-8276,-29,14.596638336
192,6,0,-8317,-19,14.597825760
192,7,15,-8293,-28,14.599013184
192,8,12,-8316,-1,14.600200608
192,9,12,-8298,-21,14.601388032
192,10,13,-8310,-23,14.602575456
192,11,-6,-8307,-13,14.603762880
192,12,-1,-8295,-18,14.604950304
192,13,-1,-8295,-15,14.606137728
192,14,12,-8303,-50,14.607325152
192,15,4,-8286,-19,14.608512576
192,16,33,-8295,-34,14.609700000
192,17,6,-8297,-25,14.610887424
192,18,7,-8285,-16,14.612074848
192,19,22,-8305,9,14.613262272
192,20,21,-8294,-17,14.614449696
192,21,17,-8325,-26,14.615637120
192,22,21,-8296,-28,14.616824544
192,23,26,-8292,-22,14.618011968
192,24,20,-8316,-14,14.619199392
192,25,24,-8288,-29,14.620386816
192,26,15,-8275,22,14.621574240
192,27,17,-8294,-19,14.622761664
192,28,17,-8314,3,14.623949088
192,29,-25,-8320,-14,14.625136512
192,30,19,-8293,-25,14.626323936
192,31,11,-8298,0,14.627511360
192,32,23,-8298,0,14.628698784
192,33,14,-8307,-4,14.629886208
192,34,-4,-8300,21,14.631073632
192,35,20,-8304,-12,14.632261056
192,36,20,-8327,1,14.633448480
192,37,10,-8292,-23,14.634635904
192,38,29,-8315,-5,14.635823328
192,39,24,-8309,-20,14.637010752
192,40,18,-8310,-19,14.638198176
192,41,16,-8305,23,14.639385600
192,42,17,-8329,-25,14.640573024
192,43,0,-8312,-17,14.641760448
192,44,37,-8338,-12,14.642947872
192,45,29,-8310,-5,14.644135296
192,46,19,-8321,23,14.645322720
192,47,13,-8296,-23,14.646510144
192,48,48,-8314,2,14.647697568
192,49,27,-8284,10,14.648884992
192,50,25,-8320,0,14.650072416
192,51,45,-8314,-6,14.651259840
192,52,4,-8310,-13,14.652447264
192,53,16,-8291,0,14.653634688
192,54,23,-8316,-5,14.654822112
192,55,41,-8304,-35,14.656009536
192,56,17,-8312,30,14.657196960
192,57,22,-8294,-7,14.658384384
192,58,26,-8286,11,14.659571808
192,59,14,-8314,-11,14.660759232
192,60,18,-8297,-4,14.661946656
192,61,13,-8288,18,14.663134080
192,62,8,-8304,-6,14.664321504
192,63,3,-8292,6,14.665508928
192,64,30,-8297,-2,14.666696352
193,1,9,-8313,-5,14.667883776
193,2,-13,-8309,-14,14.669071200
193,3,-1,-8304,-2,14.670258624
193,4,34,-8291,0,14.671446048
193,5,15,-8264,0,14.672633472
193,6,34,-8319,1,14.673820896
193,7,19,-8309,-19,14.675008320
193,8,1,-8295,5,14.676195744
193,9,48,-8282,7,14.677383168
193,10,24,-8295,15,14.678570592
193,11,27,-8302,0,14.679758016
193,12,27,-8299,18,14.680945440
193,13,-1,-8305,19,14.682132864
193,14,17,-8302,5,14.683320288
193,15,0,-8300,18,14.684507712
193,16,32,-8311,11,14.685695136
193,17,-1,-8318,-6,14.686882560
193,18,41,-8270,8,14.688069984
193,19,38,-8299,6,14.689257408
193,20,17,-8331,17,14.690444832
193,21,12,-8289,-2,14.691632256
193,22,6,-8306,7,14.692819680
193,23,-21,-8296,33,14.694007104
193,24,37,-8319,-7,14.695194528
193,25,15,-8293,29,14.696381952
193,26,30,-8294,-1,14.697569376
193,27,12,-8319,11,14.698756800
193,28,-5,-8307,32,14.699944224
193,29,31,-8312,4,14.701131648
193,30,3,-8303,-4,14.702319072
193,31,-10,-8308,8,14.703506496
193,32,15,-8310,24,14.704693920
193,33,-9,-8311,0,14.705881344
193,34,23,-8318,27,14.707068768
193,35,17,-8294,15,14.708256192
193,36,-1,-8318,12,14.709443616
193,37,5,-8321,-9,14.710631040
193,38,10,-8294,0,14.711818464
193,39,20,-8307,-5,14.713005888
193,40,8,-8320,33,14.714193312
193,41,7,-8310,9,14.715380736
193,42,13,-8311,4,14.716568160
193,43,6,-8324,28,14.717755584
193,44,-5,-8321,38,14.718943008
193,45,22,-8291,30,14.720130432
193,46,29,-8302,24,14.721317856
193,47,29,-8297,7,14.722505280
193,48,5,-8299,37,14.723692704
193,49,52,-8315,-12,14.724880128
193,50,5,-8344,17,14.726067552
193,51,5,-8344,9,14.727254976
193,52,5,-8313,-16,14.728442400
193,53,6,-8283,1,14.729629824
193,54,11,-8315,2,14.730817248
193,55,16,-8305,24,14.732004672
193,56,11,-8310,11,14.733192096
193,57,29,-8304,19,14.734379520
193,58,24,-8315,21,14.735566944
193,59,16,-8310,-5,14.736754368
193,60,28,-8314,5,14.737941792
193,61,52,-8307,5,14.739129216
193,62,21,-8334,-10,14.740316640
193,63,33,-8329,9,14.741504064
193,64,19,-8300,-21,14.742691488
194,1,6,-8319,9,14.743878912
194,2,18,-8283,18,14.745066336
194,3,26,-8292,-18,14.746253760
194,4,22,-8275,-1,14.747441184
194,5,22,-8311,1,14.748628608
194,6,12,-8296,-15,14.749816032
194,7,14,-8322,18,14.751003456
194,8,34,-8299,8,14.752190880
194,9,12,-8287,24,14.753378304
194,10,9,-8315,-1,14.754565728
194,11,22,-8297,-2,14.755753152
194,12,-13,-8322,17,14.756940576
194,13,18,-8326,49,14.758128000
194,14,-7,-8309,28,14.759315424
194,15,2,-8303,14,14.760502848
194,16,2,-8292,2,14.761690272
194,17,-21,-8300,20,14.762877696
194,18,30,-8289,-9,14.764065120
194,19,31,-8305,3,14.765252544
194,20,0,-8287,-6,14.766439968
194,21,20,-8314,4,14.767627392
194,22,27,-8292,21,14.768814816
194,23,-27,-8320,0,14.770002240
194,24,-13,-8304,4,14.771189664
194,25,31,-8327,-39,14.772377088
194,26,20,-8315,3,14.773564512
194,27,7,-8289,6,14.774751936
194,28,4,-8298,3,14.775939360
194,29,2,-8303,0,14.777126784
194,30,24,-8313,3,14.778314208
194,31,-29,-8324,20,14.779501632
194,32,-7,-8281,-12,14.780689056
194,33,2,-8315,7,14.781876480
194,34,0,-8289,6,14.783063904
194,35,-10,-8308,6,14.784251328
194,36,2,-8334,15,14.785438752
194,37,16,-8279,-6,14.786626176
194,38,-1,-8314,5,14.787813600
194,39,13,-8294,0,14.789001024
194,40,4,-8287,-5,14.790188448
194,41,-5,-8268,23,14.791375872
194,42,28,-8280,-11,14.792563296
194,43,20,-8316,9,14.793750720
194,44,22,-8319,-24,14.794938144
194,45,12,-8305,-26,14.796125568
194,46,9,-8313,1,14.797312992
194,47,9,-8285,-2,14.798500416
194,48,36,-8281,21,14.799687840
194,49,-4,-8304,5,14.800875264
194,50,9,-8288,11,14.802062688
194,51,-11,-8294,13,14.803250112
194,52,6,-8289,-2,14.804437536
194,53,-3,-8306,10,14.805624960
194,54,29,-8299,-8,14.806812384
194,55,6,-8324,-9,14.807999808
194,56,21,-8326,-16,14.809187232
194,57,19,-8316,-11,14.810374656
194,58,11,-8286,7,14.811562080
194,59,-5,-8318,16,14.812749504
194,60,-18,-8306,19,14.813936928
194,61,10,-8301,-16,14.815124352
194,62,23,-8310,39,14.816311776
194,63,37,-8298,7,14.817499200
194,64,36,-8322,8,14.818686624
195,1,31,-8300,-18,14.819874048
195,2,22,-8319,-1,14.821061472
195,3,7,-8318,42,14.822248896
195,4,10,-8314,-2,14.823436320
195,5,-26,-8323,21,14.824623744
195,6,20,-8306,-5,14.825811168
195,7,5,-8296,32,14.826998592
195,8,7,-8311,11,14.828186016
195,9,19,-8296,31,14.829373440
195,10,2,-8309,29,14.830560864
195,11,-2,-8311,44,14.831748288
195,12,1,-8310,20,14.832935712
195,13,2,-8298,24,14.834123136
195,14,-11,-8276,22,14.835310560
195,15,-19,-8311,1,14.836497984
195,16,-4,-8322,22,14.837685408
195,17,-32,-8312,-7,14.838872832
195,18,-16,-8311,17,14.840060256
195,19,-13,-8314,-15,14.841247680
195,20,-20,-8291,22,14.842435104
195,21,-5,-8311,24,14.843622528
195,22,-6,-8297,5,14.844809952
195,23,7,-8288,28,14.845997376
195,24,11,-8298,7,14.847184800
195,25,-15,-8304,43,14.848372224
195,26,5,-8327,10,14.849559648
195,27,-3,-8304,21,14.850747072
195,28,10,-8305,16,14.851934496
195,29,42,-8293,10,14.853121920
195,30,-1,-8314,18,14.854309344
195,31,5,-8295,6,14.855496768
195,32,24,-8298,12,14.856684192
195,33,-25,-8318,44,14.857871616
195,34,21,-8276,24,14.859059040
195,35,11,-8287,37,14.860246464
195,36,16,-8306,32,14.861433888
195,37,26,-8299,58,14.862621312
195,38,2,-8316,49,14.863808736
195,39,-3,-8303,18,14.864996160
195,40,-4,-8339,34,14.866183584
195,41,-4,-8308,39,14.867371008
195,42,15,-8315,34,14.868558432
195,43,12,-8303,50,14.869745856
195,44,13,-8282,32,14.870933280
195,45,12,-8297,20,14.872120704
195,46,30,-8313,16,14.873308128
195,47,21,-8318,23,14.874495552
195,48,16,-8286,38,14.875682976
195,49,26,-8297,30,14.876870400
195,50,7,-8295,33,14.878057824
195,51,9,-8304,33,14.879245248
195,52,6,-8289,56,14.880432672
195,53,-12,-8325,14,14.881620096
195,54,-13,-8341,59,14.882807520
195,55,-16,-8315,41,14.883994944
195,56,-5,-8312,9,14.885182368
195,57,35,-8318,63,14.886369792
195,58,22,-8284,41,14.887557216
195,59,25,-8301,63,14.888744640
195,60,3,-8305,37,14.889932064
195,61,17,-8308,57,14.891119488
195,62,8,-8308,38,14.892306912
195,63,2,-8299,53,14.893494336
195,64,6,-8300,30,14.894681760
196,1,-13,-8292,19,14.895869184
196,2,13,-8292,34,14.897056608
196,3,-12,-8306,32,14.898244032
196,4,1,-8324,33,14.899431456
196,5,-4,-8311,46,14.900618880
196,6,1,-8303,72,14.901806304
196,7,-12,-8305,35,14.902993728
196,8,10,-8309,40,14.904181152
196,9,31,-8302,31,14.905368576
196,10,20,-8310,34,14.906556000
196,11,1,-8312,15,14.907743424
196,12,-20,-8301,43,14.908930848
196,13,11,-8325,37,14.910118272
196,14,10,-8307,27,14.911305696
196,15,47,-8326,62,14.912493120
196,16,42,-8316,10,14.913680544
196,17,29,-8316,20,14.914867968
196,18,42,-8331,8,14.916055392
196,19,30,-8300,16,14.917242816
196,20,8,-8303,29,14.918430240
196,21,-2,-8302,16,14.919617664
196,22,5,-8297,15,14.920805088
196,23,19,-8300,6,14.921992512
196,24,27,-8309,37,14.923179936
196,25,12,-8290,15,14.924367360
196,26,23,-8314,16,14.925554784
196,27,33,-8299,-14,14.926742208
196,28,4,-8299,5,14.927929632
196,29,18,-8283,14,14.929117056
196,30,22,-8303,43,14.930304480
196,31,19,-8313,15,14.931491904
196,32,55,-8313,-9,14.932679328
196,33,39,-8316,-23,14.933866752
196,34,38,-8313,0,14.935054176
196,35,37,-8298,14,14.936241600
196,36,28,-8278,-13,14.937429024
196,37,-6,-8281,-2,14.938616448
196,38,25,-8317,-13,14.939803872
196,39,31,-8310,10,14.940991296
196,40,33,-8309,-15,14.942178720
196,41,25,-8313,-12,14.943366144
196,42,15,-8290,-27,14.944553568
196,43,43,-8307,-14,14.945740992
196,44,9,-8314,-6,14.946928416
196,45,48,-8297,-24,14.948115840
196,46,26,-8274,7,14.949303264
196,47,14,-8293,-17,14.950490688
196,48,15,-8290,-16,14.951678112
196,49,18,-8306,-41,14.952865536
196,50,-4,-8316,-3,14.954052960
196,51,15,-8308,-19,14.955240384
196,52,12,-8302,-29,14.956427808
196,53,38,-8274,-3,14.957615232
196,54,24,-8319,-52,14.958802656
196,55,11,-8314,2,14.959990080
196,56,15,-8290,-6,14.961177504
196,57,-7,-8299,-13,14.962364928
196,58,34,-8299,-10,14.963552352
196,59,31,-8291,-23,14.964739776
196,60,0,-8322,-32,14.965927200
196,61,-6,-8316,-8,14.967114624
196,62,-7,-8312,-12,14.968302048
196,63,-11,-8308,-29,14.969489472
196,64,2,-8315,-29,14.970676896
197,1,1,-8301,-49,14.971864320
197,2,27,-8309,-21,14.973051744
197,3,20,-8285,-1,14.974239168
197,4,0,-8318,6,14.975426592
197,5,-8,-8331,-17,14.976614016
197,6,7,-8298,-19,14.977801440
197,7,22,-8281,-7,14.978988864
197,8,-8,-8310,-49,14.980176288
197,9,9,-8308,-38,14.981363712
197,10,18,-8300,-42,14.982551136
197,11,-15,-8304,-9,14.983738560
197,12,-2,-8299,-25,14.984925984
197,13,17,-8302,3,14.986113408
197,14,-2,-8307,0,14.987300832
197,15,-5,-8312,-15,14.988488256
197,16,-19,-8291,-13,14.989675680
197,17,-7,-8296,-19,14.990863104
197,18,15,-8315,-9,14.992050528
197,19,35,-8292,-11,14.993237952
197,20,16,-8321,-35,14.994425376
197,21,-1,-8291,-24,14.995612800
197,22,-1,-8311,16,14.996800224
197,23,-17,-8293,14,14.997987648
197,24,14,-8283,25,14.999175072
197,25,12,-8319,10,15.000362496
197,26,22,-8276,19,15.001549920
197,27,13,-8297,-18,15.002737344
197,28,-7,-8342,1,15.003924768
197,29,-16,-8306,11,15.005112192
197,30,18,-8307,-1,15.006299616
197,31,2,-8281,28,15.007487040
197,32,16,-8296,-1,15.008674464
197,33,8,-8320,14,15.009861888
197,34,14,-8310,4,15.011049312
197,35,5,-8301,19,15.012236736
197,36,-8,-8300,53,15.013424160
197,37,17,-8270,-9,15.014611584
197,38,-21,-8293,37,15.015799008
197,39,9,-8305,12,15.016986432
197,40,14,-8292,-6,15.018173856
197,41,2,-8282,26,15.019361280
197,42,10,-8296,-11,15.020548704
197,43,5,-8311,32,15.021736128
197,44,-21,-8307,5,15.022923552
197,45,12,-8297,37,15.024110976
197,46,-17,-8322,0,15.025298400
197,47,1,-8317,24,15.026485824
197,48,-2,-8318,25,15.027673248
197,49,1,-8307,22,15.028860672
197,50,-18,-8292,3,15.030048096
197,51,-36,-8303,29,15.031235520
197,52,2,-8322,6,15.032422944
197,53,-10,-8324,47,15.033610368
197,54,-12,-8291,43,15.034797792
197,55,19,-8303,45,15.035985216
197,56,-5,-8305,40,15.037172640
197,57,-1,-8302,25,15.038360064
197,58,19,-8314,34,15.039547488
197,59,2,-8334,18,15.040734912
197,60,-19,-8306,43,15.041922336
197,61,-24,-8321,30,15.043109760
197,62,-3,-8318,56,15.044297184
197,63,24,-8337,49,15.045484608
197,64,5,-8312,40,15.046672032
198,1,-14,-8292,45,15.047859456
198,2,-34,-8298,44,15.049046880
198,3,23,-8301,17,15.050234304
198,4,17,-8303,60,15.051421728
198,5,-3,-8297,47,15.052609152
198,6,3,-8302,29,15.053796576
198,7,-29,-8337,59,15.054984000
198,8,-4,-8305,37,15.056171424
198,9,-4,-8307,42,15.057358848
198,10,4,-8316,46,15.058546272
198,11,-18,-8316,53,15.059733696
198,12,-24,-8315,27,15.060921120
198,13,1,-8311,48,15.062108544
198,14,-24,-8295,31,15.063295968
198,15,-23,-8346,58,15.064483392
198,16,3,-8304,40,15.065670816
198,17,4,-8306,61,15.066858240
198,18,-13,-8311,56,15.068045664
198,19,11,-8284,42,15.069233088
198,20,12,-8308,56,15.070420512
198,21,31,-8327,54,15.071607936
198,22,13,-8339,52,15.072795360
198,23,7,-8305,32,15.073982784
198,24,8,-8292,17,15.075170208
198,25,6,-8304,38,15.076357632
198,26,8,-8298,62,15.077545056
198,27,8,-8333,34,15.078732480
198,28,10,-8287,62,15.079919904
198,29,7,-8308,43,15.081107328
198,30,13,-8312,64,15.082294752
198,31,11,-8304,32,15.083482176
198,32,18,-8289,43,15.084669600
198,33,-11,-8309,46,15.085857024
198,34,1,-8314,41,15.087044448
198,35,10,-8265,51,15.088231872
198,36,0,-8298,61,15.089419296
198,37,20,-8299,20,15.090606720
198,38,-1,-8310,57,15.091794144
198,39,30,-8312,38,15.092981568
198,40,8,-8276,22,15.094168992
198,41,12,-8301,31,15.095356416
198,42,6,-8288,43,15.096543840
198,43,19,-8318,29,15.097731264
198,44,3,-8320,54,15.098918688
198,45,4,-8309,45,15.100106112
198,46,16,-8315,22,15.101293536
198,47,37,-8339,29,15.102480960
198,48,22,-8330,10,15.103668384
198,49,28,-8299,45,15.104855808
198,50,15,-8297,35,15.106043232
198,51,17,-8326,37,15.107230656
198,52,8,-8303,53,15.108418080
198,53,28,-8307,32,15.109605504
198,54,2,-8320,11,15.110792928
198,55,12,-8330,9,15.111980352
198,56,21,-8296,11,15.113167776
198,57,1,-8311,5,15.114355200
198,58,18,-8305,27,15.115542624
198,59,30,-8305,26,15.116730048
198,60,13,-8308,23,15.117917472
198,61,31,-8286,30,15.119104896
198,62,8,-8296,-5,15.120292320
198,63,2,-8302,14,15.121479744
198,64,37,-8297,1,15.122667168
199,1,9,-8289,18,15.123854592
199,2,24,-8302,-2,15.125042016
199,3,37,-8286,5,15.126229440
199,4,19,-8306,16,15.127416864
199,5,37,-8333,9,15.128604288
199,6,17,-8317,47,15.129791712
199,7,14,-8323,15,15.130979136
199,8,52,-8304,12,15.132166560
199,9,20,-8339,-15,15.133353984
199,10,2,-8327,-2,15.134541408
199,11,21,-8311,-36,15.135728832
199,12,24,-8317,20,15.136916256
199,13,14,-8289,-16,15.138103680
199,14,29,-8308,-20,15.139291104
199,15,21,-8316,5,15.140478528
199,16,35,-8296,-15,15.141665952
199,17,16,-8299,-12,15.142853376
199,18,57,-8306,-35,15.144040800
199,19,22,-8331,-6,15.145228224
199,20,5,-8290,-17,15.146415648
199,21,39,-8315,0,15.147603072
199,22,-6,-8313,0,15.148790496
199,23,31,-8313,-3,15.149977920
199,24,22,-8309,-23,15.151165344
199,25,28,-8319,-19,15.152352768
199,26,21,-8321,-41,15.153540192
199,27,11,-8300,-8,15.154727616
199,28,14,-8294,-25,15.155915040
199,29,34,-8312,-35,15.157102464
199,30,9,-8304,-10,15.158289888
199,31,29,-8303,-41,15.159477312
199,32,24,-8301,-15,15.160664736
199,33,37,-8297,-29,15.161852160
199,34,22,-8292,-5,15.163039584
199,35,2,-8291,-31,15.164227008
199,36,62,-8290,-20,15.165414432
199,37,23,-8303,-20,15.166601856
199,38,27,-8302,-20,15.167789280
199,39,15,-8330,3,15.168976704
199,40,10,-8328,-17,15.170164128
199,41,13,-8288,-40,15.171351552
199,42,3,-8326,-42,15.172538976
199,43,26,-8316,-45,15.173726400
199,44,13,-8303,-8,15.174913824
199,45,3,-8308,-23,15.176101248
199,46,0,-8313,-40,15.177288672
199,47,-18,-8296,-31,15.178476096
199,48,44,-8320,-16,15.179663520
199,49,12,-8303,-33,15.180850944
199,50,31,-8289,-20,15.182038368
199,51,44,-8319,-16,15.183225792
199,52,31,-8293,-22,15.184413216
199,53,6,-8281,-14,15.185600640
199,54,23,-8313,-24,15.186788064
199,55,-19,-8305,-14,15.187975488
199,56,-18,-8323,-31,15.189162912
199,57,31,-8302,-22,15.190350336
199,58,14,-8295,-8,15.191537760
199,59,20,-8291,-10,15.192725184
199,60,20,-8306,-31,15.193912608
199,61,43,-8304,-24,15.195100032
199,62,19,-8296,-14,15.196287456
199,63,-1,-8291,-7,15.197474880
199,64,34,-8304,-20,15.198662304
200,1,0,-8286,-11,15.199849728
200,2,9,-8297,-15,15.201037152
200,3,25,-8304,-25,15.202224576
200,4,-15,-8281,-19,15.203412000
200,5,-1,-8302,-19,15.204599424
200,6,8,-8308,-22,15.205786848
200,7,18,-8296,3,15.206974272
200,8,13,-8311,-12,15.208161696
200,9,20,-8297,22,15.209349120
200,10,37,-8296,-36,15.210536544
200,11,31,-8265,-10,15.211723968
200,12,3,-8282,10,15.212911392
200,13,-8,-8293,-1,15.214098816
200,14,9,-8298,-11,15.215286240
200,15,20,-8296,-23,15.216473664
200,16,19,-8306,1,15.217661088
200,17,1,-8288,-32,15.218848512
200,18,2,-8299,-5,15.220035936
200,19,3,-8286,-8,15.221223360
200,20,34,-8308,8,15.222410784
200,21,13,-8298,14,15.223598208
200,22,-6,-8279,-2,15.224785632
200,23,15,-8298,14,15.225973056
200,24,-1,-8299,-16,15.227160480
200,25,-11,-8309,8,15.228347904
200,26,14,-8304,5,15.229535328
200,27,37,-8313,-12,15.230722752
200,28,26,-8300,12,15.231910176
200,29,-37,-8321,14,15.233097600
200,30,-18,-8333,0,15.234285024
200,31,-13,-8305,14,15.235472448
200,32,13,-8327,-2,15.236659872
200,33,3,-8299,-20,15.237847296
200,34,-3,-8290,9,15.239034720
200,35,-4,-8323,23,15.240222144
200,36,-19,-8299,28,15.241409568
200,37,-15,-8316,25,15.242596992
200,38,0,-8316,16,15.243784416
200,39,25,-8318,26,15.244971840
200,40,2,-8310,18,15.246159264
200,41,13,-8300,-15,15.247346688
200,42,1,-8286,-1,15.248534112
200,43,3,-8297,25,15.249721536
200,44,16,-8292,42,15.250908960
200,45,-14,-8310,12,15.252096384
200,46,3,-8308,26,15.253283808
200,47,1,-8317,12,15.254471232
200,48,-12,-8289,33,15.255658656
200,49,11,-8285,3,15.256846080
200,50,15,-8299,8,15.258033504
200,51,16,-8313,30,15.259220928
200,52,13,-8309,0,15.260408352
200,53,9,-8298,26,15.261595776
200,54,21,-8309,-13,15.262783200
200,55,-1,-8264,39,15.263970624
200,56,8,-8298,41,15.265158048
200,57,25,-8294,31,15.266345472
200,58,30,-8332,32,15.267532896
200,59,21,-8292,20,15.268720320
200,60,6,-8319,18,15.269907744
200,61,0,-8314,14,15.271095168
200,62,29,-8310,25,15.272282592
200,63,32,-8290,35,15.273470016
200,64,40,-8274,44,15.274657440
201,1,13,-8304,17,15.275844864
201,2,0,-8299,36,15.277032288
201,3,7,-8288,20,15.278219712
201,4,28,-8304,15,15.279407136
201,5,38,-8312,21,15.280594560
201,6,8,-8303,29,15.281781984
201,7,8,-8315,7,15.282969408
201,8,11,-8325,30,15.284156832
201,9,-12,-8305,5,15.285344256
201,10,17,-8334,10,15.286531680
201,11,15,-8311,16,15.287719104
201,12,14,-8333,24,15.288906528
201,13,46,-8299,33,15.290093952
201,14,28,-8297,39,15.291281376
201,15,-14,-8294,34,15.292468800
201,16,39,-8334,25,15.293656224
201,17,18,-8322,23,15.294843648
201,18,31,-8290,27,15.296031072
201,19,37,-8295,8,15.297218496
201,20,27,-8288,28,15.298405920
201,21,15,-8296,23,15.299593344
201,22,-2,-8304,13,15.300780768
201,23,21,-8309,35,15.301968192
201,24,-6,-8333,14,15.303155616
201,25,8,-8282,41,15.304343040
201,26,5,-8297,1,15.305530464
201,27,26,-8304,45,15.306717888
201,28,14,-8289,22,15.307905312
201,29,7,-8314,15,15.309092736
201,30,15,-8330,29,15.310280160
201,31,-10,-8277,38,15.311467584
201,32,3,-8315,19,15.312655008
201,33,16,-8307,30,15.313842432
201,34,13,-8292,30,15.315029856
201,35,32,-8304,27,15.316217280
201,36,17,-8309,13,15.317404704
201,37,-18,-8309,-7,15.318592128
201,38,-4,-8285,11,15.319779552
201,39,1,-8306,12,15.320966976
201,40,-1,-8293,37,15.322154400
201,41,35,-8298,12,15.323341824
201,42,26,-8297,-4,15.324529248
201,43,39,-8289,3,15.325716672
201,44,4,-8273,-10,15.326904096
201,45,-2,-8309,24,15.328091520
201,46,-2,-8310,7,15.329278944
201,47,-4,-8310,-14,15.330466368
201,48,17,-8310,5,15.331653792
201,49,30,-8314,13,15.332841216
201,50,24,-8299,28,15.334028640
201,51,27,-8301,8,15.335216064
201,52,15,-8295,18,15.336403488
201,53,26,-8313,8,15.337590912
201,54,-8,-8297,5,15.338778336
201,55,0,-8287,-13,15.339965760
201,56,8,-8305,4,15.341153184
201,57,43,-8282,-3,15.342340608
201,58,10,-8320,21,15.343528032
201,59,-9,-8302,26,15.344715456
201,60,-6,-8318,5,15.345902880
201,61,20,-8304,3,15.347090304
201,62,11,-8298,17,15.348277728
201,63,-8,-8315,30,15.349465152
201,64,17,-8303,-9,15.350652576
202,1,11,-8309,7,15.351840000
202,2,29,-8318,4,15.353027424
202,3,21,-8319,-12,15.354214848
202,4,6,-8313,-6,15.355402272
202,5,21,-8308,-3,15.356589696
202,6,36,-8314,10,15.357777120
202,7,23,-8285,23,15.358964544
202,8,25,-8288,17,15.360151968
202,9,-12,-8313,11,15.361339392
202,10,-11,-8313,-11,15.362526816
202,11,-14,-8323,4,15.363714240
202,12,9,-8312,-2,15.364901664
202,13,7,-8311,7,15.366089088
202,14,1,-8312,12,15.367276512
202,15,19,-8289,31,15.368463936
202,16,13,-8290,24,15.369651360
202,17,-3,-8311,45,15.370838784
202,18,-28,-8289,0,15.372026208
202,19,0,-8314,23,15.373213632
202,20,20,-8331,-6,15.374401056
202,21,2,-8312,27,15.375588480
202,22,0,-8309,29,15.376775904
202,23,18,-8312,-13,15.377963328
202,24,-2,-8324,24,15.379150752
202,25,27,-8303,-3,15.380338176
202,26,-2,-8299,8,15.381525600
202,27,-15,-8318,13,15.382713024
202,28,9,-8301,15,15.383900448
202,29,-13,-8321,18,15.385087872
202,30,4,-8293,3,15.386275296
202,31,-7,-8300,3,15.387462720
202,32,20,-8293,24,15.388650144
202,33,19,-8292,8,15.389837568
202,34,2,-8327,40,15.391024992
202,35,-10,-8294,23,15.392212416
202,36,1,-8294,21,15.393399840
202,37,11,-8310,20,15.394587264
202,38,5,-8308,6,15.395774688
202,39,-37,-8328,37,15.396962112
202,40,-14,-8316,8,15.398149536
202,41,-5,-8297,48,15.399336960
202,42,-16,-8279,-5,15.400524384
202,43,-9,-8297,33,15.401711808
202,44,14,-8315,17,15.402899232
202,45,-1,-8286,-3,15.404086656
202,46,9,-8311,14,15.405274080
202,47,11,-8321,39,15.406461504
202,48,39,-8315,21,15.407648928
202,49,-12,-8327,31,15.408836352
202,50,-5,-8303,39,15.410023776
202,51,8,-8311,8,15.411211200
202,52,8,-8297,33,15.412398624
202,53,-9,-8286,20,15.413586048
202,54,5,-8297,24,15.414773472
202,55,-20,-8320,17,15.415960896
202,56,-12,-8300,29,15.417148320
202,57,-1,-8300,-4,15.418335744
202,58,19,-8302,31,15.419523168
202,59,4,-8310,3,15.420710592
202,60,-14,-8300,25,15.421898016
202,61,1,-8320,12,15.423085440
202,62,5,-8324,-4,15.424272864
202,63,-6,-8303,9,15.425460288
202,64,21,-8294,3,15.426647712
203,1,28,-8305,45,15.427835136
203,2,30,-8289,38,15.429022560
203,3,26,-8315,32,15.430209984
203,4,24,-8310,-1,15.431397408
203,5,-16,-8272,18,15.432584832
203,6,7,-8296,22,15.433772256
203,7,10,-8291,3,15.434959680
203,8,-7,-8310,22,15.436147104
203,9,18,-8324,26,15.437334528
203,10,5,-8291,17,15.438521952
203,11,-5,-8311,-1,15.439709376
203,12,3,-8327,18,15.440896800
203,13,3,-8296,26,15.442084224
203,14,31,-8314,35,15.443271648
203,15,32,-8284,11,15.444459072
203,16,18,-8280,35,15.445646496
203,17,20,-8289,7,15.446833920
203,18,3,-8315,14,15.448021344
203,19,19,-8321,22,15.449208768
203,20,24,-8313,18,15.450396192
203,21,14,-8299,24,15.451583616
203,22,12,-8292,21,15.452771040
203,23,12,-8288,18,15.453958464
203,24,1,-8293,20,15.455145888
203,25,-3,-8300,-3,15.456333312
203,26,19,-8307,15,15.457520736
203,27,15,-8317,13,15.458708160
203,28,3,-8322,28,15.459895584
203,29,-21,-8290,24,15.461083008
203,30,14,-8297,17,15.462270432
203,31,26,-8291,4,15.463457856
203,32,34,-8286,1,15.464645280
203,33,16,-8332,17,15.465832704
203,34,16,-8325,-10,15.467020128
203,35,25,-8344,16,15.468207552
203,36,-7,-8305,0,15.469394976
203,37,20,-8292,-29,15.470582400
203,38,36,-8294,8,15.471769824
203,39,40,-8328,5,15.472957248
203,40,25,-8316,2,15.474144672
203,41,9,-8303,21,15.475332096
203,42,16,-8293,11,15.476519520
203,43,-5,-8306,11,15.477706944
203,44,4,-8299,-7,15.478894368
203,45,41,-8306,24,15.480081792
203,46,26,-8315,-13,15.481269216
203,47,26,-8305,25,15.482456640
203,48,17,-8328,-16,15.483644064
203,49,-25,-8326,11,15.484831488
203,50,38,-8313,-34,15.486018912
203,51,24,-8299,4,15.487206336
203,52,29,-8301,-14,15.488393760
203,53,28,-8309,-10,15.489581184
203,54,26,-8300,-10,15.490768608
203,55,18,-8299,-3,15.491956032
203,56,18,-8289,4,15.493143456
203,57,21,-8299,-14,15.494330880
203,58,0,-8285,-5,15.495518304
203,59,5,-8275,-13,15.496705728
203,60,12,-8286,5,15.497893152
203,61,17,-8302,-8,15.499080576
203,62,14,-8278,-20,15.500268000
203,63,-14,-8309,8,15.501455424
203,64,32,-8307,-10,15.502642848
204,1,-2,-8291,-11,15.503830272
204,2,8,-8287,-2,15.505017696
204,3,-6,-8289,-2,15.506205120
204,4,22,-8304,19,15.507392544
204,5,40,-8315,-20,15.508579968
204,6,19,-8296,-9,15.509767392
204,7,22,-8317,7,15.510954816
204,8,-8,-8305,13,15.512142240
204,9,27,-8316,-7,15.513329664
204,10,-4,-8291,6,15.514517088
204,11,17,-8318,1,15.515704512
204,12,33,-8323,15,15.516891936
204,13,26,-8312,2,15.518079360
204,14,14,-8323,-7,15.519266784
204,15,23,-8292,18,15.520454208
204,16,37,-8296,14,15.521641632
204,17,24,-8303,0,15.522829056
204,18,39,-8286,9,15.524016480
204,19,23,-8316,8,15.525203904
204,20,28,-8312,14,15.526391328
204,21,31,-8286,-33,15.527578752
204,22,-20,-8347,5,15.528766176
204,23,11,-8305,6,15.529953600
204,24,-11,-8292,-18,15.531141024
204,25,22,-8321,30,15.532328448
204,26,23,-8291,17,15.533515872
204,27,32,-8337,14,15.534703296
204,28,9,-8326,10,15.535890720
204,29,49,-8332,16,15.537078144
204,30,-31,-8314,-4,15.538265568
204,31,-2,-8306,-10,15.539452992
204,32,35,-8298,3,15.540640416
204,33,14,-8292,4,15.541827840
204,34,11,-8304,1,15.543015264
204,35,6,-8302,1,15.544202688
204,36,10,-8306,28,15.545390112
204,37,-12,-8295,13,15.546577536
204,38,5,-8290,27,15.547764960
204,39,13,-8301,7,15.548952384
204,40,3,-8293,32,15.550139808
204,41,16,-8285,7,15.551327232
204,42,24,-8312,10,15.552514656
204,43,25,-8313,-9,15.553702080
204,44,3,-8293,-8,15.554889504
204,45,11,-8318,27,15.556076928
204,46,17,-8312,-6,15.557264352
204,47,3,-8314,37,15.558451776
204,48,15,-8292,3,15.559639200
204,49,37,-8299,15,15.560826624
204,50,-8,-8304,19,15.562014048
204,51,10,-8283,36,15.563201472
204,52,25,-8314,0,15.564388896
204,53,18,-8333,12,15.565576320
204,54,19,-8314,-18,15.566763744
204,55,9,-8290,5,15.567951168
204,56,-10,-8310,23,15.569138592
204,57,3,-8297,2,15.570326016
204,58,16,-8289,-4,15.571513440
204,59,-10,-8291,-8,15.572700864
204,60,22,-8302,-6,15.573888288
204,61,-4,-8284,39,15.575075712
204,62,18,-8302,15,15.576263136
204,63,7,-8291,12,15.577450560
204,64,37,-8310,-2,15.578637984
205,1,-5,-8313,4,15.579825408
205,2,-5,-8309,4,15.581012832
205,3,1,-8296,-4,15.582200256
205,4,0,-8267,31,15.583387680
205,5,14,-8295,-2,15.584575104
205,6,16,-8302,29,15.585762528
205,7,8,-8305,-12,15.586949952
205,8,-25,-8312,6,15.588137376
205,9,-16,-8317,5,15.589324800
205,10,-19,-8284,9,15.590512224
205,11,9,-8291,10,15.591699648
205,12,-15,-8273,1,15.592887072
205,13,27,-8296,13,15.594074496
205,14,15,-8310,4,15.595261920
205,15,16,-8330,25,15.596449344
205,16,13,-8324,-4,15.597636768
205,17,20,-8327,16,15.598824192
205,18,5,-8296,4,15.600011616
205,19,-10,-8297,14,15.601199040
205,20,26,-8295,21,15.602386464
205,21,-9,-8316,24,15.603573888
205,22,13,-8310,24,15.604761312
205,23,-8,-8336,13,15.605948736
205,24,-27,-8316,36,15.607136160
205,25,-23,-8284,7,15.608323584
205,26,14,-8315,7,15.609511008
205,27,16,-8288,-7,15.610698432
205,28,38,-8286,21,15.611885856
205,29,12,-8320,10,15.613073280
205,30,-17,-8298,23,15.614260704
205,31,-5,-8292,45,15.615448128
205,32,0,-8303,39,15.616635552
205,33,10,-8287,15,15.617822976
205,34,32,-8302,21,15.619010400
205,35,22,-8282,24,15.620197824
205,36,27,-8312,-13,15.621385248
205,37,-4,-8317,8,15.622572672
205,38,-1,-8299,10,15.623760096
205,39,13,-8290,29,15.624947520
205,40,-6,-8289,7,15.626134944
205,41,7,-8315,3,15.627322368
205,42,17,-8288,12,15.628509792
205,43,29,-8285,4,15.629697216
205,44,8,-8341,1,15.630884640
205,45,-23,-8298,-4,15.632072064
205,46,0,-8301,30,15.633259488
205,47,9,-8299,14,15.634446912
205,48,24,-8281,42,15.635634336
205,49,-4,-8306,0,15.636821760
205,50,8,-8304,44,15.638009184
205,51,3,-8301,0,15.639196608
205,52,34,-8312,6,15.640384032
205,53,14,-8284,12,15.641571456
205,54,12,-8311,6,15.642758880
205,55,30,-8287,18,15.643946304
205,56,25,-8294,-31,15.645133728
205,57,0,-8297,18,15.646321152
205,58,11,-8280,7,15.647508576
205,59,16,-8299,28,15.648696000
205,60,8,-8323,15,15.649883424
205,61,17,-8303,5,15.651070848
205,62,19,-8292,-6,15.652258272
205,63,26,-8276,16,15.653445696
205,64,20,-8319,19,15.654633120
206,1,9,-8312,7,15.655820544
206,2,55,-8281,12,15.657007968
206,3,29,-8301,8,15.658195392
206,4,9,-8281,11,15.659382816
206,5,17,-8287,5,15.660570240
206,6,27,-8297,12,15.661757664
206,7,28,-8324,14,15.662945088
206,8,16,-8293,18,15.664132512
206,9,0,-8295,16,15.665319936
206,10,-21,-8306,-2,15.666507360
206,11,-1,-8294,8,15.667694784
206,12,8,-8298,11,15.668882208
206,13,5,-8308,21,15.670069632
206,14,23,-8311,20,15.671257056
206,15,49,-8274,11,15.672444480
206,16,31,-8289,15,15.673631904
206,17,10,-8307,6,15.674819328
206,18,-1,-8317,-38,15.676006752
206,19,-11,-8292,14,15.677194176
206,20,19,-8303,-17,15.678381600
206,21,-1,-8310,24,15.679569024
206,22,27,-8317,2,15.680756448
206,23,9,-8332,15,15.681943872
206,24,4,-8311,34,15.683131296
206,25,15,-8297,1,15.684318720
206,26,-3,-8311,25,15.685506144
206,27,26,-8298,8,15.686693568
206,28,11,-8297,-5,15.687880992
206,29,3,-8282,-3,15.689068416
206,30,14,-8313,28,15.690255840
206,31,12,-8307,6,15.691443264
206,32,13,-8302,4,15.692630688
206,33,13,-8285,-15,15.693818112
206,34,2,-8309,27,15.695005536
206,35,14,-8311,19,15.696192960
206,36,-14,-8301,19,15.697380384
206,37,23,-8298,-6,15.698567808
206,38,19,-8309,10,15.699755232
206,39,25,-8298,25,15.700942656
206,40,25,-8312,-7,15.702130080
206,41,6,-8307,29,15.703317504
206,42,26,-8305,13,15.704504928
206,43,6,-8313,26,15.705692352
206,44,17,-8284,17,15.706879776
206,45,17,-8312,12,15.708067200
206,46,21,-8305,22,15.709254624
206,47,9,-8304,27,15.710442048
206,48,55,-8300,5,15.711629472
206,49,2,-8313,2,15.712816896
206,50,27,-8295,19,15.714004320
206,51,9,-8283,0,15.715191744
206,52,11,-8281,16,15.716379168
206,53,27,-8312,5,15.717566592
206,54,0,-8296,16,15.718754016
206,55,4,-8312,3,15.719941440
206,56,3,-8317,2,15.721128864
206,57,19,-8300,26,15.722316288
206,58,32,-8308,-1,15.723503712
206,59,8,-8326,47,15.724691136
206,60,11,-8300,7,15.725878560
206,61,2,-8302,20,15.727065984
206,62,12,-8322,-7,15.728253408
206,63,1,-8315,18,15.729440832
206,64,38,-8312,14,15.730628256
207,1,7,-8288,20,15.731815680
207,2,8,-8304,22,15.733003104
207,3,1,-8295,9,15.734190528
207,4,11,-8330,1,15.735377952
207,5,-5,-8312,-2,15.736565376
207,6,0,-8300,22,15.737752800
207,7,10,-8280,-7,15.738940224
207,8,-8,-8296,11,15.740127648
207,9,26,-8326,20,15.741315072
207,10,33,-8334,-2,15.742502496
207,11,18,-8325,3,15.743689920
207,12,9,-8294,6,15.744877344
207,13,18,-8307,23,15.746064768
207,14,4,-8326,2,15.747252192
207,15,1,-8319,-1,15.748439616
207,16,27,-8316,24,15.749627040
207,17,-13,-8312,24,15.750814464
207,18,-18,-8299,-13,15.752001888
207,19,28,-8307,24,15.753189312
207,20,-17,-8316,18,15.754376736
207,21,0,-8297,17,15.755564160
207,22,1,-8301,1,15.756751584
207,23,2,-8280,27,15.757939008
207,24,20,-8306,18,15.759126432
207,25,1,-8290,10,15.760313856
207,26,20,-8325,0,15.761501280
207,27,34,-8311,-20,15.762688704
207,28,-9,-8313,21,15.763876128
207,29,29,-8314,12,15.765063552
207,30,11,-8292,4,15.766250976
207,31,-17,-8301,16,15.767438400
207,32,36,-8295,-8,15.768625824
207,33,-9,-8310,-6,15.769813248
207,34,14,-8285,25,15.771000672
207,35,19,-8314,-1,15.772188096
207,36,-3,-8302,22,15.773375520
207,37,16,-8308,-9,15.774562944
207,38,-8,-8323,35,15.775750368
207,39,29,-8302,9,15.776937792
207,40,-6,-8310,-4,15.778125216
207,41,-6,-8315,19,15.779312640
207,42,20,-8319,3,15.780500064
207,43,7,-8271,-2,15.781687488
207,44,-18,-8297,6,15.782874912
207,45,-3,-8307,0,15.784062336
207,46,27,-8312,2,15.785249760
207,47,27,-8305,33,15.786437184
207,48,8,-8309,4,15.787624608
207,49,5,-8314,4,15.788812032
207,50,38,-8322,-8,15.789999456
207,51,7,-8299,3,15.791186880
207,52,-2,-8313,-1,15.792374304
207,53,27,-8322,1,15.793561728
207,54,15,-8273,-1,15.794749152
207,55,24,-8292,-2,15.795936576
207,56,-11,-8296,27,15.797124000
207,57,31,-8290,-25,15.798311424
207,58,19,-8295,16,15.799498848
207,59,21,-8314,-10,15.800686272
207,60,20,-8316,24,15.801873696
207,61,8,-8288,3,15.803061120
207,62,-13,-8285,1,15.804248544
207,63,-6,-8312,-7,15.805435968
207,64,9,-8321,4,15.806623392
208,1,7,-8313,15,15.807810816
208,2,26,-8300,-11,15.808998240
208,3,-9,-8275,24,15.810185664
208,4,8,-8310,-2,15.811373088
208,5,-4,-8323,1,15.812560512
208,6,15,-8306,2,15.813747936
208,7,5,-8337,-1,15.814935360
208,8,10,-8294,18,15.816122784
208,9,36,-8305,13,15.817310208
208,10,11,-8311,17,15.818497632
208,11,20,-8333,16,15.819685056
208,12,-14,-8296,-17,15.820872480
208,13,12,-8294,-21,15.822059904
208,14,4,-8300,-13,15.823247328
208,15,-1,-8266,-13,15.824434752
208,16,33,-8304,17,15.825622176
208,17,6,-8310,7,15.826809600
208,18,16,-8304,24,15.827997024
208,19,0,-8278,2,15.829184448
208,20,19,-8314,25,15.830371872
208,21,-6,-8347,34,15.831559296
208,22,7,-8320,-1,15.832746720
208,23,44,-8326,17,15.833934144
208,24,4,-8308,-2,15.835121568
208,25,12,-8298,5,15.836308992
208,26,19,-8291,-5,15.837496416
208,27,14,-8305,20,15.838683840
208,28,-15,-8327,19,15.839871264
208,29,-2,-8308,13,15.841058688
208,30,-5,-8291,0,15.842246112
208,31,11,-8308,-9,15.843433536
208,32,12,-8296,29,15.844620960
208,33,22,-8298,11,15.845808384
208,34,13,-8301,14,15.846995808
208,35,49,-8289,34,15.848183232
208,36,19,-8325,15,15.849370656
208,37,29,-8318,12,15.850558080
208,38,23,-8309,14,15.851745504
208,39,-25,-8298,4,15.852932928
208,40,-8,-8312,22,15.854120352
208,41,5,-8285,8,15.855307776
208,42,9,-8313,18,15.856495200
208,43,19,-8315,23,15.857682624
208,44,-5,-8308,-8,15.858870048
208,45,-9,-8271,15,15.860057472
208,46,11,-8296,-12,15.861244896
208,47,-6,-8278,10,15.862432320
208,48,18,-8314,0,15.863619744
208,49,31,-8332,37,15.864807168
208,50,31,-8309,8,15.865994592
208,51,14,-8290,38,15.867182016
208,52,-8,-8330,33,15.868369440
208,53,1,-8316,13,15.869556864
208,54,13,-8299,8,15.870744288
208,55,33,-8301,3,15.871931712
208,56,17,-8306,-12,15.873119136
208,57,18,-8324,23,15.874306560
208,58,-7,-8313,7,15.875493984
208,59,18,-8294,36,15.876681408
208,60,37,-8320,33,15.877868832
208,61,6,-8297,9,15.879056256
208,62,14,-8326,9,15.880243680
208,63,0,-8290,27,15.881431104
208,64,10,-8301,19,15.882618528
209,1,37,-8297,18,15.883805952
209,2,17,-8304,10,15.884993376
209,3,16,-8309,52,15.886180800
209,4,23,-8329,20,15.887368224
209,5,0,-8286,37,15.888555648
209,6,30,-8313,15,15.889743072
209,7,29,-8329,-1,15.890930496
209,8,5,-8295,17,15.892117920
209,9,21,-8317,26,15.893305344
209,10,22,-8306,35,15.894492768
209,11,19,-8319,15,15.895680192
209,12,24,-8282,2,15.896867616
209,13,-25,-8295,17,15.898055040
209,14,7,-8319,20,15.899242464
209,15,10,-8305,18,15.900429888
209,16,-13,-8312,8,15.901617312
209,17,11,-8283,22,15.902804736
209,18,11,-8322,33,15.903992160
209,19,7,-8305,26,15.905179584
209,20,9,-8264,36,15.906367008
209,21,11,-8320,-6,15.907554432
209,22,8,-8326,12,15.908741856
209,23,-12,-8313,-4,15.909929280
209,24,31,-8310,35,15.911116704
209,25,24,-8310,28,15.912304128
209,26,22,-8301,30,15.913491552
209,27,1,-8298,19,15.914678976
209,28,12,-8312,10,15.915866400
209,29,12,-8304,12,15.917053824
209,30,22,-8293,15,15.918241248
209,31,8,-8308,32,15.919428672
209,32,14,-8294,30,15.920616096
209,33,5,-8295,10,15.921803520
209,34,5,-8307,26,15.922990944
209,35,12,-8290,0,15.924178368
209,36,18,-8333,12,15.925365792
209,37,24,-8297,8,15.926553216
209,38,0,-8304,10,15.927740640
209,39,-13,-8329,24,15.928928064
209,40,7,-8293,-5,15.930115488
209,41,8,-8296,5,15.931302912
209,42,13,-8308,6,15.932490336
209,43,15,-8326,-15,15.933677760
209,44,8,-8314,1,15.934865184
209,45,32,-8284,12,15.936052608
209,46,11,-8306,-11,15.937240032
209,47,16,-8318,17,15.938427456
209,48,9,-8320,-7,15.939614880
209,49,10,-8285,10,15.940802304
209,50,39,-8302,19,15.941989728
209,51,17,-8297,12,15.943177152
209,52,29,-8284,4,15.944364576
209,53,9,-8311,-16,15.945552000
209,54,16,-8312,21,15.946739424
209,55,31,-8294,-16,15.947926848
209,56,17,-8316,-5,15.949114272
209,57,9,-8311,10,15.950301696
209,58,15,-8297,-25,15.951489120
209,59,32,-8322,-23,15.952676544
209,60,35,-8304,-24,15.953863968
209,61,14,-8322,14,15.955051392
209,62,25,-8350,-17,15.956238816
209,63,22,-8311,-7,15.957426240
209,64,13,-8280,-18,15.958613664
210,1,32,-8299,-29,15.959801088
210,2,2,-8300,-15,15.960988512
210,3,-8,-8311,0,15.962175936
210,4,7,-8300,9,15.963363360
210,5,5,-8294,17,15.964550784
210,6,26,-8325,-17,15.965738208
210,7,0,-8295,-18,15.966925632
210,8,15,-8301,2,15.968113056
210,9,52,-8307,-28,15.969300480
210,10,23,-8279,9,15.970487904
210,11,28,-8290,-22,15.971675328
210,12,8,-8279,2,15.972862752
210,13,23,-8307,-1,15.974050176
210,14,9,-8290,-24,15.975237600
210,15,1,-8280,17,15.976425024
210,16,4,-8292,-1,15.977612448
210,17,16,-8309,-6,15.978799872
210,18,25,-8327,13,15.979987296
210,19,30,-8309,-10,15.981174720
210,20,15,-8296,14,15.982362144
210,21,19,-8285,26,15.983549568
210,22,30,-8287,-9,15.984736992
210,23,18,-8293,10,15.985924416
210,24,-3,-8291,4,15.987111840
210,25,7,-8295,-3,15.988299264
210,26,23,-8298,7,15.989486688
210,27,-15,-8302,-16,15.990674112
210,28,-8,-8311,19,15.991861536
210,29,24,-8301,-10,15.993048960
210,30,14,-8298,-13,15.994236384
210,31,-1,-8278,16,15.995423808
210,32,21,-8286,5,15.996611232
210,33,5,-8301,-14,15.997798656
210,34,20,-8334,7,15.998986080
210,35,-6,-8312,-14,16.000173504
210,36,-10,-8323,39,16.001360928
210,37,8,-8316,-14,16.002548352
210,38,8,-8296,42,16.003735776
210,39,34,-8305,-5,16.004923200
210,40,36,-8295,-1,16.006110624
210,41,25,-8315,16,16.007298048
210,42,27,-8299,-6,16.008485472
210,43,12,-8330,20,16.009672896
210,44,5,-8298,-17,16.010860320
210,45,31,-8308,31,16.012047744
210,46,1,-8319,-6,16.013235168
210,47,11,-8314,13,16.014422592
210,48,5,-8298,19,16.015610016
210,49,0,-8293,-4,16.016797440
210,50,12,-8288,12,16.017984864
210,51,16,-8313,14,16.019172288
210,52,14,-8292,12,16.020359712
210,53,0,-8296,18,16.021547136
210,54,34,-8292,26,16.022734560
210,55,26,-8298,45,16.023921984
210,56,-1,-8297,25,16.025109408
210,57,31,-8289,-5,16.026296832
210,58,-19,-8300,30,16.027484256
210,59,24,-8302,19,16.028671680
210,60,22,-8313,19,16.029859104
210,61,31,-8324,25,16.031046528
210,62,35,-8300,24,16.032233952
210,63,7,-8311,21,16.033421376
210,64,24,-8317,47,16.034608800
211,1,1,-8311,26,16.035796224
211,2,-27,-8286,14,16.036983648
211,3,18,-8305,24,16.038171072
211,4,-13,-8303,34,16.039358496
211,5,4,-8297,29,16.040545920
211,6,21,-8321,34,16.041733344
211,7,5,-8325,55,16.042920768
211,8,6,-8293,39,16.044108192
211,9,4,-8310,28,16.045295616
211,10,12,-8328,14,16.046483040
211,11,20,-8313,10,16.047670464
211,12,4,-8299,34,16.048857888
211,13,7,-8322,36,16.050045312
211,14,5,-8320,11,16.051232736
211,15,-11,-8324,56,16.052420160
211,16,12,-8321,18,16.053607584
211,17,-3,-8333,30,16.054795008
211,18,13,-8305,44,16.055982432
211,19,22,-8323,61,16.057169856
211,20,9,-8295,69,16.058357280
211,21,25,-8351,29,16.059544704
211,22,-5,-8309,12,16.060732128
211,23,-14,-8335,35,16.061919552
211,24,-7,-8326,20,16.063106976
211,25,17,-8310,25,16.064294400
211,26,10,-8304,32,16.065481824
211,27,-7,-8299,37,16.066669248
211,28,22,-8309,28,16.067856672
211,29,12,-8294,22,16.069044096
211,30,5,-8295,57,16.070231520
211,31,13,-8309,30,16.071418944
211,32,11,-8308,32,16.072606368
211,33,10,-8304,21,16.073793792
211,34,13,-8310,32,16.074981216
211,35,4,-8302,21,16.076168640
211,36,-1,-8305,43,16.077356064
211,37,31,-8285,25,16.078543488
211,38,19,-8290,30,16.079730912
211,39,17,-8330,17,16.080918336
211,40,-2,-8309,30,16.082105760
211,41,27,-8306,17,16.083293184
211,42,15,-8307,26,16.084480608
211,43,16,-8302,34,16.085668032
211,44,16,-8316,17,16.086855456
211,45,-3,-8316,12,16.088042880
211,46,0,-8297,-1,16.089230304
211,47,16,-8300,27,16.090417728
211,48,24,-8298,12,16.091605152
211,49,21,-8308,11,16.092792576
211,50,28,-8307,13,16.093980000
211,51,23,-8317,23,16.095167424
211,52,-11,-8318,12,16.096354848
211,53,-21,-8300,5,16.097542272
211,54,17,-8312,-16,16.098729696
211,55,19,-8311,-1,16.099917120
211,56,44,-8311,9,16.101104544
211,57,18,-8318,1,16.102291968
211,58,-17,-8317,3,16.103479392
211,59,-2,-8288,-10,16.104666816
211,60,21,-8287,10,16.105854240
211,61,6,-8321,-7,16.107041664
211,62,32,-8285,-6,16.108229088
211,63,9,-8298,8,16.109416512
211,64,13,-8315,7,16.110603936
212,1,0,-8323,-14,16.111791360
212,2,-37,-8319,-2,16.112978784
212,3,4,-8338,-8,16.114166208
212,4,-5,-8303,-11,16.115353632
212,5,30,-8310,16,16.116541056
212,6,-10,-8297,7,16.117728480
212,7,17,-8320,-21,16.118915904
212,8,14,-8307,-10,16.120103328
212,9,9,-8285,-18,16.121290752
212,10,19,-8303,12,16.122478176
212,11,17,-8305,-15,16.123665600
212,12,21,-8289,-17,16.124853024
212,13,40,-8297,-16,16.126040448
212,14,43,-8304,9,16.127227872
212,15,19,-8317,-15,16.128415296
212,16,-4,-8290,-15,16.129602720
212,17,-2,-8324,6,16.130790144
212,18,0,-8332,-38,16.131977568
212,19,20,-8297,8,16.133164992
212,20,19,-8321,-14,16.134352416
212,21,30,-8332,20,16.135539840
212,22,15,-8313,-15,16.136727264
212,23,20,-8311,-22,16.137914688
212,24,-8,-8319,-12,16.139102112
212,25,8,-8289,-29,16.140289536
212,26,-2,-8288,10,16.141476960
212,27,1,-8253,12,16.142664384
212,28,8,-8292,29,16.143851808
212,29,25,-8296,-4,16.145039232
212,30,5,-8313,-36,16.146226656
212,31,-15,-8321,-17,16.147414080
212,32,8,-8315,10,16.148601504
212,33,-18,-8306,0,16.149788928
212,34,-19,-8305,6,16.150976352
212,35,19,-8305,-20,16.152163776
212,36,5,-8301,4,16.153351200
212,37,10,-8283,-3,16.154538624
212,38,22,-8310,-19,16.155726048
212,39,49,-8323,5,16.156913472
212,40,18,-8306,-14,16.158100896
212,41,20,-8298,6,16.159288320
212,42,31,-8298,-19,16.160475744
212,43,22,-8294,7,16.161663168
212,44,11,-8316,-18,16.162850592
212,45,1,-8326,7,16.164038016
212,46,10,-8279,-8,16.165225440
212,47,-29,-8299,-13,16.166412864
212,48,31,-8290,9,16.167600288
212,49,17,-8297,-31,16.168787712
212,50,36,-8339,-2,16.169975136
212,51,5,-8328,-8,16.171162560
212,52,-9,-8324,5,16.172349984
212,53,-6,-8309,15,16.173537408
212,54,11,-8312,5,16.174724832
212,55,12,-8291,10,16.175912256
212,56,2,-8285,0,16.177099680
212,57,14,-8285,7,16.178287104
212,58,47,-8303,4,16.179474528
212,59,9,-8310,5,16.180661952
212,60,22,-8329,28,16.181849376
212,61,11,-8320,10,16.183036800
212,62,7,-8293,28,16.184224224
212,63,6,-8297,5,16.185411648
212,64,-8,-8271,30,16.186599072
213,1,-3,-8296,22,16.187786496
213,2,-4,-8308,15,16.188973920
213,3,10,-8275,24,16.190161344
213,4,-2,-8321,10,16.191348768
213,5,18,-8322,8,16.192536192
213,6,-16,-8298,8,16.193723616
213,7,-6,-8317,17,16.194911040
213,8,26,-8308,8,16.196098464
213,9,25,-8317,42,16.197285888
213,10,-22,-8311,15,16.198473312
213,11,11,-8319,25,16.199660736
213,12,6,-8294,-14,16.200848160
213,13,-4,-8289,30,16.202035584
213,14,16,-8298,1,16.203223008
213,15,-15,-8295,47,16.204410432
213,16,4,-8285,21,16.205597856
213,17,24,-8296,19,16.206785280
213,18,6,-8319,32,16.207972704
213,19,16,-8305,-4,16.209160128
213,20,4,-8301,29,16.210347552
213,21,17,-8295,25,16.211534976
213,22,30,-8289,26,16.212722400
213,23,12,-8342,40,16.213909824
213,24,4,-8318,36,16.215097248
213,25,-10,-8333,31,16.216284672
213,26,-13,-8311,8,16.217472096
213,27,4,-8291,31,16.218659520
213,28,2,-8296,25,16.219846944
213,29,12,-8306,14,16.221034368
213,30,-7,-8294,13,16.222221792
213,31,-5,-8294,34,16.223409216
213,32,43,-8314,17,16.224596640
213,33,21,-8287,58,16.225784064
213,34,12,-8304,11,16.226971488
213,35,22,-8302,30,16.228158912
213,36,20,-8296,36,16.229346336
213,37,20,-8303,25,16.230533760
213,38,45,-8320,40,16.231721184
213,39,27,-8318,29,16.232908608
213,40,3,-8313,65,16.234096032
213,41,-11,-8323,24,16.235283456
213,42,13,-8327,16,16.236470880
213,43,20,-8288,32,16.237658304
213,44,33,-8293,32,16.238845728
213,45,19,-8290,31,16.240033152
213,46,5,-8292,26,16.241220576
213,47,-22,-8282,14,16.242408000
213,48,-2,-8343,8,16.243595424
213,49,15,-8293,1,16.244782848
213,50,26,-8296,14,16.245970272
213,51,40,-8299,31,16.247157696
213,52,33,-8314,26,16.248345120
213,53,1,-8312,30,16.249532544
213,54,-11,-8319,9,16.250719968
213,55,1,-8309,20,16.251907392
213,56,19,-8308,0,16.253094816
213,57,39,-8299,18,16.254282240
213,58,8,-8319,19,16.255469664
213,59,30,-8310,16,16.256657088
213,60,17,-8286,12,16.257844512
213,61,3,-8304,18,16.259031936
213,62,17,-8315,4,16.260219360
213,63,-1,-8309,-16,16.261406784
213,64,33,-8303,9,16.262594208
214,1,0,-8300,-13,16.263781632
214,2,5,-8314,31,16.264969056
214,3,30,-8298,7,16.266156480
214,4,24,-8311,23,16.267343904
214,5,-5,-8323,33,16.268531328
214,6,0,-8310,4,16.269718752
214,7,5,-8289,-4,16.270906176
214,8,14,-8281,21,16.272093600
214,9,20,-8292,-1,16.273281024
214,10,3,-8293,7,16.274468448
214,11,16,-8291,-23,16.275655872
214,12,-2,-8290,8,16.276843296
214,13,32,-8315,-5,16.278030720
214,14,-4,-8314,18,16.279218144
214,15,13,-8289,17,16.280405568
214,16,18,-8306,-14,16.281592992
214,17,17,-8292,3,16.282780416
214,18,8,-8302,-12,16.283967840
214,19,16,-8308,-5,16.285155264
214,20,32,-8309,-11,16.286342688
214,21,9,-8293,5,16.287530112
214,22,8,-8302,5,16.288717536
214,23,2,-8308,-7,16.289904960
214,24,47,-8307,-8,16.291092384
214,25,14,-8319,1,16.292279808
214,26,3,-8319,-21,16.293467232
214,27,2,-8296,-6,16.294654656
214,28,3,-8286,-13,16.295842080
214,29,-8,-8298,-13,16.297029504
214,30,27,-8292,-27,16.298216928
214,31,31,-8313,-3,16.299404352
214,32,7,-8317,-2,16.300591776
214,33,4,-8324,5,16.301779200
214,34,-8,-8310,-15,16.302966624
214,35,12,-8303,-12,16.304154048
214,36,22,-8318,-39,16.305341472
214,37,20,-8295,-6,16.306528896
214,38,23,-8298,-4,16.307716320
214,39,-3,-8308,-12,16.308903744
214,40,25,-8295,-14,16.310091168
214,41,6,-8297,-16,16.311278592
214,42,-6,-8303,4,16.312466016
214,43,-8,-8319,16,16.313653440
214,44,-1,-8304,-15,16.314840864
214,45,5,-8302,-15,16.316028288
214,46,15,-8305,2,16.317215712
214,47,-6,-8316,-32,16.318403136
214,48,15,-8325,-15,16.319590560
214,49,7,-8335,-27,16.320777984
214,50,17,-8297,17,16.321965408
214,51,10,-8316,-6,16.323152832
214,52,4,-8295,12,16.324340256
214,53,31,-8288,26,16.325527680
214,54,-2,-8299,-18,16.326715104
214,55,3,-8315,20,16.327902528
214,56,11,-8310,3,16.329089952
214,57,-23,-8319,0,16.330277376
214,58,-1,-8305,7,16.331464800
214,59,5,-8315,-16,16.332652224
214,60,27,-8290,9,16.333839648
214,61,36,-8306,8,16.335027072
214,62,35,-8303,3,16.336214496
214,63,16,-8300,1,16.337401920
214,64,32,-8329,11,16.338589344
215,1,19,-8301,-14,16.339776768
215,2,15,-8299,15,16.340964192
215,3,22,-8301,1,16.342151616
215,4,16,-8314,-2,16.343339040
215,5,7,-8322,20,16.344526464
215,6,9,-8305,5,16.345713888
215,7,-4,-8304,-4,16.346901312
215,8,0,-8300,15,16.348088736
215,9,11,-8292,19,16.349276160
215,10,2,-8298,-11,16.350463584
215,11,35,-8309,18,16.351651008
215,12,13,-8310,15,16.352838432
215,13,20,-8320,31,16.354025856
215,14,7,-8326,4,16.355213280
215,15,10,-8297,14,16.356400704
215,16,9,-8318,-2,16.357588128
215,17,-2,-8307,20,16.358775552
215,18,4,-8288,32,16.359962976
215,19,21,-8313,16,16.361150400
215,20,21,-8322,23,16.362337824
215,21,22,-8299,46,16.363525248
215,22,24,-8312,13,16.364712672
215,23,21,-8307,-2,16.365900096
215,24,6,-8290,43,16.367087520
215,25,29,-8270,-26,16.368274944
215,26,-6,-8292,29,16.369462368
215,27,2,-8304,10,16.370649792
215,28,2,-8298,24,16.371837216
215,29,-15,-8322,20,16.373024640
215,30,-11,-8332,26,16.374212064
215,31,16,-8289,9,16.375399488
215,32,21,-8256,-9,16.376586912
215,33,19,-8297,17,16.377774336
215,34,31,-8295,3,16.378961760
215,35,-9,-8308,35,16.380149184
215,36,29,-8291,2,16.381336608
215,37,8,-8289,39,16.382524032
215,38,4,-8314,8,16.383711456
215,39,4,-8294,12,16.384898880
215,40,-14,-8305,-4,16.386086304
215,41,-5,-8311,8,16.387273728
215,42,5,-8308,47,16.388461152
215,43,11,-8285,-15,16.389648576
215,44,26,-8318,44,16.390836000
215,45,17,-8297,8,16.392023424
215,46,18,-8286,36,16.393210848
215,47,7,-8296,28,16.394398272
215,48,-13,-8310,25,16.395585696
215,49,17,-8296,35,16.396773120
215,50,9,-8278,25,16.397960544
215,51,14,-8315,40,16.399147968
215,52,11,-8307,34,16.400335392
215,53,26,-8332,36,16.401522816
215,54,34,-8317,36,16.402710240
215,55,17,-8287,42,16.403897664
215,56,11,-8329,18,16.405085088
215,57,5,-8297,15,16.406272512
215,58,3,-8307,27,16.407459936
215,59,15,-8305,3,16.408647360
215,60,22,-8296,34,16.409834784
215,61,-19,-8319,7,16.411022208
215,62,3,-8324,18,16.412209632
215,63,5,-8306,12,16.413397056
215,64,-5,-8318,30,16.414584480
216,1,0,-8295,25,16.415771904
216,2,3,-8313,56,16.416959328
216,3,21,-8295,25,16.418146752
216,4,11,-8309,-5,16.419334176
216,5,-8,-8311,33,16.420521600
216,6,8,-8302,18,16.421709024
216,7,1,-8340,39,16.422896448
216,8,-2,-8291,31,16.424083872
216,9,1,-8280,26,16.425271296
216,10,-6,-8308,31,16.426458720
216,11,-6,-8292,10,16.427646144
216,12,-9,-8329,25,16.428833568
216,13,6,-8296,42,16.430020992
216,14,22,-8313,18,16.431208416
216,15,-8,-8303,8,16.432395840
216,16,15,-8304,35,16.433583264
216,17,15,-8272,18,16.434770688
216,18,20,-8274,32,16.435958112
216,19,-8,-8286,21,16.437145536
216,20,20,-8331,28,16.438332960
216,21,9,-8310,6,16.439520384
216,22,-3,-8319,12,16.440707808
216,23,23,-8331,10,16.441895232
216,24,15,-8319,-4,16.443082656
216,25,2,-8287,21,16.444270080
216,26,11,-8307,-1,16.445457504
216,27,-9,-8294,-5,16.446644928
216,28,20,-8305,18,16.447832352
216,29,20,-8301,31,16.449019776
216,30,-2,-8321,-2,16.450207200
216,31,15,-8291,7,16.451394624
216,32,23,-8301,8,16.452582048
216,33,16,-8281,-15,16.453769472
216,34,7,-8305,-4,16.454956896
216,35,22,-8295,7,16.456144320
216,36,14,-8302,19,16.457331744
216,37,19,-8313,8,16.458519168
216,38,-5,-8314,14,16.459706592
216,39,24,-8312,8,16.460894016
216,40,10,-8336,0,16.462081440
216,41,16,-8328,12,16.463268864
216,42,-14,-8322,-10,16.464456288
216,43,10,-8302,25,16.465643712
216,44,11,-8320,-7,16.466831136
216,45,-18,-8319,6,16.468018560
216,46,13,-8299,-9,16.469205984
216,47,4,-8307,11,16.470393408
216,48,22,-8316,7,16.471580832
216,49,-6,-8301,-14,16.472768256
216,50,16,-8291,3,16.473955680
216,51,21,-8299,-6,16.475143104
216,52,-4,-8303,12,16.476330528
216,53,16,-8304,-13,16.477517952
216,54,-13,-8301,-16,16.478705376
216,55,-26,-8302,11,16.479892800
216,56,-10,-8289,12,16.481080224
216,57,15,-8308,-10,16.482267648
216,58,19,-8296,22,16.483455072
216,59,30,-8297,-12,16.484642496
216,60,3,-8301,6,16.485829920
216,61,-4,-8299,-5,16.487017344
216,62,0,-8287,-36,16.488204768
216,63,8,-8299,-7,16.489392192
216,64,22,-8313,-13,16.490579616
217,1,29,-8295,-6,16.491767040
217,2,8,-8292,-22,16.492954464
217,3,30,-8334,24,16.494141888
217,4,13,-8286,9,16.495329312
217,5,11,-8307,15,16.496516736
217,6,-15,-8288,-1,16.497704160
217,7,27,-8298,-1,16.498891584
217,8,-5,-8301,-5,16.500079008
217,9,0,-8308,-8,16.501266432
217,10,19,-8336,8,16.502453856
217,11,7,-8326,-28,16.503641280
217,12,15,-8314,19,16.504828704
217,13,20,-8307,-20,16.506016128
217,14,8,-8293,32,16.507203552
217,15,21,-8300,-28,16.508390976
217,16,31,-8307,6,16.509578400
217,17,-1,-8302,7,16.510765824
217,18,-7,-8290,-9,16.511953248
217,19,17,-8298,-3,16.513140672
217,20,24,-8306,-28,16.514328096
217,21,10,-8302,17,16.515515520
217,22,40,-8314,-5,16.516702944
217,23,4,-8307,-8,16.517890368
217,24,33,-8309,22,16.519077792
217,25,35,-8313,-11,16.520265216
217,26,0,-8309,-7,16.521452640
217,27,32,-8303,-26,16.522640064
217,28,0,-8282,20,16.523827488
217,29,2,-8296,7,16.525014912
217,30,41,-8313,22,16.526202336
217,31,-5,-8306,10,16.527389760
217,32,31,-8304,0,16.528577184
217,33,35,-8308,2,16.529764608
217,34,20,-8286,-1,16.530952032
217,35,-16,-8319,16,16.532139456
217,36,17,-8302,-6,16.533326880
217,37,13,-8294,36,16.534514304
217,38,42,-8295,8,16.535701728
217,39,47,-8296,-5,16.536889152
217,40,17,-8315,4,16.538076576
217,41,29,-8298,9,16.539264000
217,42,4,-8315,6,16.540451424
217,43,31,-8318,5,16.541638848
217,44,22,-8294,-6,16.542826272
217,45,23,-8309,-2,16.544013696
217,46,41,-8319,-1,16.545201120
217,47,-3,-8303,14,16.546388544
217,48,12,-8324,-9,16.547575968
217,49,14,-8324,19,16.548763392
217,50,11,-8294,-5,16.549950816
217,51,8,-8302,8,16.551138240
217,52,1,-8311,-1,16.552325664
217,53,-12,-8310,-4,16.553513088
217,54,4,-8295,6,16.554700512
217,55,29,-8288,12,16.555887936
217,56,0,-8312,14,16.557075360
217,57,-11,-8304,9,16.558262784
217,58,5,-8294,-21,16.559450208
217,59,-14,-8298,9,16.560637632
217,60,2,-8317,32,16.561825056
217,61,11,-8321,-7,16.563012480
217,62,7,-8290,16,16.564199904
217,63,15,-8302,-7,16.565387328
217,64,-12,-8293,13,16.566574752
218,1,0,-8294,21,16.567762176
218,2,2,-8307,6,16.568949600
218,3,15,-8294,14,16.570137024
218,4,-6,-8307,9,16.571324448
218,5,29,-8292,15,16.572511872
218,6,5,-8294,-12,16.573699296
218,7,9,-8315,19,16.574886720
218,8,-9,-8295,8,16.576074144
218,9,2,-8295,9,16.577261568
218,10,14,-8321,44,16.578448992
218,11,23,-8296,6,16.579636416
218,12,49,-8323,28,16.580823840
218,13,19,-8292,16,16.582011264
218,14,14,-8312,7,16.583198688
218,15,-1,-8318,28,16.584386112
218,16,14,-8285,3,16.585573536
218,17,6,-8320,1,16.586760960
218,18,30,-8314,11,16.587948384
218,19,26,-8314,24,16.589135808
218,20,23,-8311,10,16.590323232
218,21,19,-8311,21,16.591510656
218,22,16,-8298,34,16.592698080
218,23,17,-8299,38,16.593885504
218,24,-10,-8300,13,16.595072928
218,25,2,-8298,13,16.596260352
218,26,23,-8334,15,16.597447776
218,27,20,-8294,3,16.598635200
218,28,5,-8310,17,16.599822624
218,29,8,-8309,12,16.601010048
218,30,-5,-8296,16,16.602197472
218,31,-7,-8315,-5,16.603384896
218,32,25,-8302,7,16.604572320
218,33,11,-8297,-10,16.605759744
218,34,21,-8288,15,16.606947168
218,35,40,-8305,-1,16.608134592
218,36,9,-8307,2,16.609322016
218,37,22,-8321,5,16.610509440
218,38,-7,-8308,14,16.611696864
218,39,7,-8280,-6,16.612884288
218,40,9,-8306,3,16.614071712
218,41,17,-8300,3,16.615259136
218,42,15,-8310,25,16.616446560
218,43,31,-8305,30,16.617633984
218,44,20,-8301,13,16.618821408
218,45,-2,-8321,10,16.620008832
218,46,8,-8298,19,16.621196256
218,47,-32,-8303,32,16.622383680
218,48,13,-8323,13,16.623571104
218,49,11,-8287,24,16.624758528
218,50,3,-8304,11,16.625945952
218,51,21,-8294,25,16.627133376
218,52,-15,-8315,-8,16.628320800
218,53,1,-8311,22,16.629508224
218,54,-1,-8315,-43,16.630695648
218,55,14,-8289,3,16.631883072
218,56,18,-8294,-19,16.633070496
218,57,0,-8293,25,16.634257920
218,58,13,-8301,16,16.635445344
218,59,23,-8298,0,16.636632768
218,60,1,-8318,14,16.637820192
218,61,7,-8316,3,16.639007616
218,62,13,-8300,0,16.640195040
218,63,32,-8307,-9,16.641382464
218,64,-5,-8280,6,16.642569888
219,1,8,-8311,0,16.643757312
219,2,2,-8300,12,16.644944736
219,3,10,-8309,-33,16.646132160
219,4,4,-8316,0,16.647319584
219,5,17,-8290,1,16.648507008
219,6,4,-8319,15,16.649694432
219,7,43,-8321,32,16.650881856
219,8,-21,-8307,-9,16.652069280
219,9,-1,-8297,18,16.653256704
219,10,9,-8288,-14,16.654444128
219,11,3,-8304,12,16.655631552
219,12,13,-8306,11,16.656818976
219,13,21,-8285,8,16.658006400
219,14,14,-8317,3,16.659193824
219,15,40,-8302,12,16.660381248
219,16,24,-8319,-1,16.661568672
219,17,-5,-8299,10,16.662756096
219,18,11,-8307,14,16.663943520
219,19,41,-8300,5,16.665130944
219,20,39,-8312,16,16.666318368
219,21,4,-8289,1,16.667505792
219,22,6,-8312,31,16.668693216
219,23,17,-8324,-15,16.669880640
219,24,8,-8324,11,16.671068064
219,25,-24,-8318,1,16.672255488
219,26,-10,-8297,-2,16.673442912
219,27,11,-8306,10,16.674630336
219,28,16,-8279,20,16.675817760
219,29,18,-8298,10,16.677005184
219,30,4,-8284,-2,16.678192608
219,31,6,-8295,-2,16.679380032
219,32,17,-8317,24,16.680567456
219,33,9,-8301,-31,16.681754880
219,34,16,-8296,16,16.682942304
219,35,25,-8310,-15,16.684129728
219,36,6,-8314,6,16.685317152
219,37,17,-8308,25,16.686504576
219,38,29,-8312,4,16.687692000
219,39,10,-8298,32,16.688879424
219,40,9,-8286,20,16.690066848
219,41,8,-8308,16,16.691254272
219,42,19,-8311,4,16.692441696
219,43,38,-8301,22,16.693629120
219,44,11,-8297,20,16.694816544
219,45,-8,-8313,21,16.696003968
219,46,-16,-8299,6,16.697191392
219,47,-20,-8324,-8,16.698378816
219,48,4,-8317,19,16.699566240
219,49,6,-8281,1,16.700753664
219,50,6,-8272,25,16.701941088
219,51,14,-8285,15,16.703128512
219,52,14,-8334,39,16.704315936
219,53,20,-8319,4,16.705503360
219,54,23,-8301,-12,16.706690784
219,55,26,-8305,10,16.707878208
219,56,-8,-8295,12,16.709065632
219,57,11,-8297,-10,16.710253056
219,58,10,-8310,3,16.711440480
219,59,15,-8331,14,16.712627904
219,60,-8,-8325,9,16.713815328
219,61,-2,-8290,-2,16.715002752
219,62,12,-8286,-24,16.716190176
219,63,1,-8308,31,16.717377600
219,64,30,-8309,11,16.718565024
220,1,15,-8304,26,16.719752448
220,2,31,-8314,21,16.720939872
220,3,3,-8317,-4,16.722127296
220,4,22,-8301,12,16.723314720
220,5,-8,-8319,-15,16.724502144
220,6,-4,-8307,55,16.725689568
220,7,27,-8310,0,16.726876992
220,8,16,-8312,35,16.728064416
220,9,20,-8317,5,16.729251840
220,10,21,-8301,30,16.730439264
220,11,18,-8294,1,16.731626688
220,12,34,-8286,23,16.732814112
220,13,1,-8287,29,16.734001536
220,14,37,-8313,2,16.735188960
220,15,-3,-8316,57,16.736376384
220,16,17,-8297,18,16.737563808
220,17,1,-8314,13,16.738751232
220,18,13,-8323,-5,16.739938656
220,19,4,-8313,17,16.741126080
220,20,23,-8303,14,16.742313504
220,21,23,-8306,18,16.743500928
220,22,34,-8299,-5,16.744688352
220,23,-6,-8301,28,16.745875776
220,24,22,-8305,18,16.747063200
220,25,-5,-8318,-4,16.748250624
220,26,4,-8314,28,16.749438048
220,27,10,-8316,-14,16.750625472
220,28,28,-8314,31,16.751812896
220,29,9,-8310,16,16.753000320
220,30,24,-8312,11,16.754187744
220,31,26,-8320,21,16.755375168
220,32,13,-8304,18,16.756562592
220,33,-11,-8313,11,16.757750016
220,34,45,-8295,-5,16.758937440
220,35,4,-8318,7,16.760124864
220,36,2,-8289,36,16.761312288
220,37,15,-8293,24,16.762499712
220,38,43,-8283,26,16.763687136
220,39,15,-8310,13,16.764874560
220,40,5,-8311,7,16.766061984
220,41,4,-8290,-7,16.767249408
220,42,-15,-8287,-11,16.768436832
220,43,9,-8300,20,16.769624256
220,44,25,-8297,2,16.770811680
220,45,5,-8315,29,16.771999104
220,46,1,-8317,33,16.773186528
220,47,18,-8302,23,16.774373952
220,48,24,-8314,9,16.775561376
220,49,-6,-8312,29,16.776748800
220,50,-6,-8302,3,16.777936224
220,51,14,-8297,35,16.779123648
220,52,11,-8310,6,16.780311072
220,53,17,-8322,17,16.781498496
220,54,26,-8326,15,16.782685920
220,55,41,-8314,33,16.783873344
220,56,43,-8305,3,16.785060768
220,57,23,-8281,-13,16.786248192
220,58,28,-8297,16,16.787435616
220,59,21,-8313,22,16.788623040
220,60,10,-8319,27,16.789810464
220,61,11,-8312,11,16.790997888
220,62,20,-8315,-4,16.792185312
220,63,13,-8313,36,16.793372736
220,64,12,-8312,10,16.794560160
221,1,-2,-8296,0,16.795747584
221,2,-1,-8285,14,16.796935008
221,3,4,-8283,17,16.798122432
221,4,-2,-8313,50,16.799309856
221,5,-7,-8304,-14,16.800497280
221,6,9,-8284,24,16.801684704
221,7,0,-8309,0,16.802872128
221,8,29,-8301,19,16.804059552
221,9,37,-8304,-17,16.805246976
221,10,-20,-8318,8,16.806434400
221,11,32,-8326,4,16.807621824
221,12,23,-8307,2,16.808809248
221,13,3,-8305,19,16.809996672
221,14,-2,-8335,-2,16.811184096
221,15,-2,-8270,16,16.812371520
221,16,25,-8273,-21,16.813558944
221,17,36,-8295,35,16.814746368
221,18,35,-8314,-3,16.815933792
221,19,6,-8296,9,16.817121216
221,20,-5,-8308,-5,16.818308640
221,21,3,-8299,-19,16.819496064
221,22,23,-8305,16,16.820683488
221,23,25,-8299,24,16.821870912
221,24,16,-8320,3,16.823058336
221,25,6,-8321,19,16.824245760
221,26,16,-8316,8,16.825433184
221,27,-3,-8315,1,16.826620608
221,28,11,-8302,-8,16.827808032
221,29,12,-8296,1,16.828995456
221,30,29,-8295,8,16.830182880
221,31,4,-8306,-21,16.831370304
221,32,35,-8313,38,16.832557728
221,33,28,-8287,-11,16.833745152
221,34,8,-8306,5,16.834932576
221,35,-23,-8332,2,16.836120000
221,36,9,-8336,-4,16.837307424
221,37,29,-8308,-12,16.838494848
221,38,45,-8282,12,16.839682272
221,39,22,-8304,-17,16.840869696
221,40,6,-8291,5,16.842057120
221,41,-1,-8287,13,16.843244544
221,42,27,-8299,9,16.844431968
221,43,0,-8283,17,16.845619392
221,44,25,-8293,-5,16.846806816
221,45,24,-8275,16,16.847994240
221,46,-1,-8289,13,16.849181664
221,47,-13,-8307,35,16.850369088
221,48,18,-8290,-1,16.851556512
221,49,-4,-8314,6,16.852743936
221,50,18,-8291,-1,16.853931360
221,51,13,-8306,6,16.855118784
221,52,34,-8296,13,16.856306208
221,53,23,-8309,-5,16.857493632
221,54,38,-8298,12,16.858681056
221,55,27,-8323,27,16.859868480
221,56,22,-8295,9,16.861055904
221,57,2,-8296,12,16.862243328
221,58,19,-8300,35,16.863430752
221,59,44,-8290,-11,16.864618176
221,60,37,-8291,19,16.865805600
221,61,30,-8290,-20,16.866993024
221,62,10,-8308,-11,16.868180448
221,63,-12,-8300,10,16.869367872
221,64,23,-8297,0,16.870555296
222,1,19,-8318,7,16.871742720
222,2,6,-8292,13,16.872930144
222,3,6,-8301,16,16.874117568
222,4,5,-8304,15,16.875304992
222,5,27,-8310,0,16.876492416
222,6,17,-8318,7,16.877679840
222,7,27,-8327,4,16.878867264
222,8,-2,-8319,9,16.880054688
222,9,9,-8322,5,16.881242112
222,10,26,-8297,2,16.882429536
222,11,6,-8292,18,16.883616960
222,12,6,-8318,-1,16.884804384
222,13,-7,-8318,1,16.885991808
222,14,-11,-8291,15,16.887179232
222,15,18,-8314,21,16.888366656
222,16,16,-8291,28,16.889554080
222,17,8,-8283,41,16.890741504
222,18,29,-8274,10,16.891928928
222,19,18,-8321,35,16.893116352
222,20,27,-8320,21,16.894303776
222,21,16,-8330,6,16.895491200
222,22,-16,-8303,50,16.896678624
222,23,4,-8285,15,16.897866048
222,24,-2,-8309,32,16.899053472
222,25,9,-8299,-7,16.900240896
222,26,12,-8278,18,16.901428320
222,27,14,-8285,15,16.902615744
222,28,-8,-8308,-3,16.903803168
222,29,7,-8306,3,16.904990592
222,30,-2,-8306,24,16.906178016
222,31,3,-8287,10,16.907365440
222,32,-5,-8281,24,16.908552864
222,33,-1,-8290,23,16.909740288
222,34,35,-8288,12,16.910927712
222,35,13,-8317,6,16.912115136
222,36,-6,-8327,-10,16.913302560
222,37,-5,-8317,27,16.914489984
222,38,-13,-8300,-14,16.915677408
222,39,-10,-8287,12,16.916864832
222,40,9,-8282,-24,16.918052256
222,41,16,-8287,0,16.919239680
222,42,19,-8295,28,16.920427104
222,43,-10,-8322,-2,16.921614528
222,44,9,-8317,25,16.922801952
222,45,20,-8301,23,16.923989376
222,46,16,-8300,21,16.925176800
222,47,-7,-8282,17,16.926364224
222,48,19,-8290,14,16.927551648
222,49,15,-8276,29,16.928739072
222,50,36,-8299,0,16.929926496
222,51,27,-8326,23,16.931113920
222,52,3,-8312,27,16.932301344
222,53,-17,-8307,11,16.933488768
222,54,-1,-8292,34,16.934676192
222,55,9,-8293,-1,16.935863616
222,56,28,-8319,13,16.937051040
222,57,-7,-8312,-14,16.938238464
222,58,13,-8325,11,16.939425888
222,59,0,-8311,-11,16.940613312
222,60,10,-8307,16,16.941800736
222,61,31,-8312,13,16.942988160
222,62,-7,-8309,8,16.944175584
222,63,52,-8325,7,16.945363008
222,64,21,-8306,-8,16.946550432
223,1,-3,-8327,-10,16.947737856
223,2,10,-8308,-3,16.948925280
223,3,-25,-8302,19,16.950112704
223,4,4,-8311,0,16.951300128
223,5,8,-8301,30,16.952487552
223,6,6,-8300,-2,16.953674976
223,7,34,-8314,22,16.954862400
223,8,-8,-8275,17,16.956049824
223,9,36,-8285,2,16.957237248
223,10,9,-8300,16,16.958424672
223,11,31,-8308,18,16.959612096
223,12,22,-8288,-8,16.960799520
223,13,18,-8309,9,16.961986944
223,14,46,-8318,6,16.963174368
223,15,19,-8322,2,16.964361792
223,16,19,-8313,-8,16.965549216
223,17,9,-8302,-42,16.966736640
223,18,19,-8284,30,16.967924064
223,19,30,-8323,-6,16.969111488
223,20,18,-8295,18,16.970298912
223,21,26,-8306,1,16.971486336
223,22,24,-8308,21,16.972673760
223,23,34,-8303,10,16.973861184
223,24,15,-8296,-1,16.975048608
223,25,46,-8314,-6,16.976236032
223,26,25,-8309,7,16.977423456
223,27,20,-8310,16,16.978610880
223,28,14,-8310,-19,16.979798304
223,29,16,-8313,5,16.980985728
223,30,17,-8308,-15,16.982173152
223,31,12,-8323,4,16.983360576
223,32,16,-8301,13,16.984548000
223,33,14,-8311,22,16.985735424
223,34,8,-8292,15,16.986922848
223,35,30,-8286,-14,16.988110272
223,36,19,-8316,23,16.989297696
223,37,18,-8315,-10,16.990485120
223,38,21,-8298,7,16.991672544
223,39,14,-8298,-7,16.992859968
223,40,36,-8306,-8,16.994047392
223,41,10,-8328,-2,16.995234816
223,42,-9,-8315,25,16.996422240
223,43,-5,-8297,8,16.997609664
223,44,5,-8290,17,16.998797088
223,45,22,-8305,8,16.999984512
223,46,18,-8313,-6,17.001171936
223,47,20,-8305,6,17.002359360
223,48,39,-8297,-23,17.003546784
223,49,13,-8313,12,17.004734208
223,50,11,-8285,-19,17.005921632
223,51,-2,-8278,19,17.007109056
223,52,6,-8300,5,17.008296480
223,53,-2,-8294,1,17.009483904
223,54,-1,-8310,31,17.010671328
223,55,25,-8315,15,17.011858752
223,56,20,-8301,-7,17.013046176
223,57,23,-8277,-6,17.014233600
223,58,12,-8287,17,17.015421024
223,59,21,-8298,-10,17.016608448
223,60,19,-8302,30,17.017795872
223,61,9,-8301,-7,17.018983296
223,62,9,-8313,9,17.020170720
223,63,22,-8297,15,17.021358144
223,64,18,-8292,-1,17.022545568
224,1,19,-8328,13,17.023732992
224,2,40,-8316,-31,17.024920416
224,3,19,-8317,24,17.026107840
224,4,1,-8313,12,17.027295264
224,5,-13,-8308,-5,17.028482688
224,6,13,-8315,26,17.029670112
224,7,25,-8287,10,17.030857536
224,8,2,-8323,0,17.032044960
224,9,4,-8304,-3,17.033232384
224,10,29,-8286,30,17.034419808
224,11,27,-8281,-11,17.035607232
224,12,7,-8289,29,17.036794656
224,13,33,-8288,7,17.037982080
224,14,10,-8310,6,17.039169504
224,15,11,-8320,8,17.040356928
224,16,17,-8303,25,17.041544352
224,17,34,-8299,13,17.042731776
224,18,5,-8297,-1,17.043919200
224,19,-15,-8307,2,17.045106624
224,20,12,-8305,7,17.046294048
224,21,1,-8301,19,17.047481472
224,22,-1,-8313,8,17.048668896
224,23,20,-8293,12,17.049856320
224,24,4,-8304,-1,17.051043744
224,25,7,-8300,32,17.052231168
224,26,36,-8314,18,17.053418592
224,27,12,-8313,9,17.054606016
224,28,11,-8303,13,17.055793440
224,29,2,-8290,-15,17.056980864
224,30,18,-8298,34,17.058168288
224,31,15,-8293,13,17.059355712
224,32,28,-8330,38,17.060543136
224,33,24,-8318,-2,17.061730560
224,34,17,-8297,-4,17.062917984
224,35,23,-8284,24,17.064105408
224,36,26,-8321,12,17.065292832
224,37,-15,-8341,22,17.066480256
224,38,-6,-8290,5,17.067667680
224,39,33,-8304,22,17.068855104
224,40,22,-8305,47,17.070042528
224,41,35,-8306,37,17.071229952
224,42,27,-8321,8,17.072417376
224,43,-6,-8309,9,17.073604800
224,44,8,-8313,24,17.074792224
224,45,14,-8304,24,17.075979648
224,46,11,-8308,5,17.077167072
224,47,9,-8304,16,17.078354496
224,48,21,-8313,4,17.079541920
224,49,2,-8323,32,17.080729344
224,50,6,-8311,25,17.081916768
224,51,6,-8327,16,17.083104192
224,52,-4,-8267,7,17.084291616
224,53,15,-8297,1,17.085479040
224,54,3,-8299,12,17.086666464
224,55,10,-8308,32,17.087853888
224,56,10,-8293,15,17.089041312
224,57,6,-8304,11,17.090228736
224,58,-4,-8277,20,17.091416160
224,59,34,-8306,24,17.092603584
224,60,-9,-8315,15,17.093791008
224,61,3,-8291,4,17.094978432
224,62,18,-8296,26,17.096165856
224,63,7,-8287,11,17.097353280
224,64,6,-8318,44,17.098540704
225,1,-29,-8300,27,17.099728128
225,2,3,-8302,14,17.100915552
225,3,21,-8320,33,17.102102976
225,4,2,-8284,10,17.103290400
225,5,19,-8303,17,17.104477824
225,6,2,-8305,31,17.105665248
225,7,22,-8291,20,17.106852672
225,8,-1,-8290,12,17.108040096
225,9,5,-8303,26,17.109227520
225,10,4,-8300,2,17.110414944
225,11,37,-8306,34,17.111602368
225,12,14,-8299,4,17.112789792
225,13,17,-8293,20,17.113977216
225,14,27,-8292,26,17.115164640
225,15,15,-8302,-1,17.116352064
225,16,15,-8294,19,17.117539488
225,17,12,-8296,1,17.118726912
225,18,17,-8290,12,17.119914336
225,19,-2,-8284,25,17.121101760
225,20,12,-8314,33,17.122289184
225,21,4,-8292,26,17.123476608
225,22,-7,-8319,-7,17.124664032
225,23,-25,-8298,27,17.125851456
225,24,36,-8335,0,17.127038880
225,25,40,-8314,13,17.128226304
225,26,13,-8314,11,17.129413728
225,27,43,-8302,14,17.130601152
225,28,16,-8302,19,17.131788576
225,29,-10,-8306,43,17.132976000
225,30,16,-8292,2,17.134163424
225,31,2,-8284,14,17.135350848
225,32,11,-8299,12,17.136538272
225,33,8,-8312,1,17.137725696
225,34,18,-8300,-11,17.138913120
225,35,36,-8297,22,17.140100544
225,36,27,-8306,27,17.141287968
225,37,4,-8289,3,17.142475392
225,38,-32,-8304,14,17.143662816
225,39,3,-8293,20,17.144850240
225,40,43,-8303,-1,17.146037664
225,41,19,-8299,-9,17.147225088
225,42,22,-8300,-2,17.148412512
225,43,32,-8308,25,17.149599936
225,44,13,-8304,13,17.150787360
225,45,23,-8293,-2,17.151974784
225,46,6,-8322,0,17.153162208
225,47,13,-8316,-2,17.154349632
225,48,29,-8281,9,17.155537056
225,49,31,-8289,19,17.156724480
225,50,40,-8310,28,17.157911904
225,51,29,-8323,-12,17.159099328
225,52,-23,-8315,-3,17.160286752
225,53,8,-8308,-6,17.161474176
225,54,19,-8322,1,17.162661600
225,55,0,-8297,16,17.163849024
225,56,33,-8290,-2,17.165036448
225,57,40,-8289,29,17.166223872
225,58,18,-8334,-20,17.167411296
225,59,-5,-8329,3,17.168598720
225,60,-6,-8308,4,17.169786144
225,61,7,-8313,16,17.170973568
225,62,6,-8282,37,17.172160992
225,63,10,-8296,-14,17.173348416
225,64,23,-8314,14,17.174535840
226,1,13,-8308,0,17.175723264
226,2,35,-8318,11,17.176910688
226,3,15,-8308,-11,17.178098112
226,4,29,-8315,-17,17.179285536
226,5,24,-8293,-4,17.180472960
226,6,34,-8308,-16,17.181660384
226,7,8,-8274,1,17.182847808
226,8,18,-8288,-13,17.184035232
226,9,19,-8307,22,17.185222656
226,10,5,-8317,-9,17.186410080
226,11,-30,-8314,3,17.187597504
226,12,9,-8297,-18,17.188784928
226,13,3,-8299,-4,17.189972352
226,14,29,-8312,11,17.191159776
226,15,-8,-8308,-8,17.192347200
226,16,-7,-8304,20,17.193534624
226,17,-15,-8286,-9,17.194722048
226,18,12,-8291,16,17.195909472
226,19,12,-8311,-28,17.197096896
226,20,1,-8304,-12,17.198284320
226,21,15,-8305,9,17.199471744
226,22,-4,-8302,24,17.200659168
226,23,7,-8313,8,17.201846592
226,24,17,-8308,7,17.203034016
226,25,-3,-8320,21,17.204221440
226,26,5,-8305,-26,17.205408864
226,27,19,-8291,28,17.206596288
226,28,12,-8292,3,17.207783712
226,29,-6,-8303,7,17.208971136
226,30,-6,-8305,-8,17.210158560
226,31,-3,-8313,34,17.211345984
226,32,14,-8316,11,17.212533408
226,33,-6,-8306,-25,17.213720832
226,34,-26,-8314,6,17.214908256
226,35,-19,-8290,-10,17.216095680
226,36,-18,-8292,23,17.217283104
226,37,16,-8325,-24,17.218470528
226,38,10,-8322,30,17.219657952
226,39,-8,-8308,2,17.220845376
226,40,19,-8290,16,17.222032800
226,41,32,-8303,4,17.223220224
226,42,24,-8273,18,17.224407648
226,43,13,-8286,15,17.225595072
226,44,-7,-8310,3,17.226782496
226,45,12,-8304,31,17.227969920
226,46,-8,-8314,8,17.229157344
226,47,21,-8309,5,17.230344768
226,48,1,-8299,20,17.231532192
226,49,14,-8326,17,17.232719616
226,50,28,-8305,15,17.233907040
226,51,23,-8318,5,17.235094464
226,52,13,-8327,47,17.236281888
226,53,26,-8288,39,17.237469312
226,54,6,-8302,17,17.238656736
226,55,23,-8314,33,17.239844160
226,56,30,-8301,14,17.241031584
226,57,22,-8291,20,17.242219008
226,58,17,-8303,7,17.243406432
226,59,4,-8298,3,17.244593856
226,60,4,-8297,-7,17.245781280
226,61,10,-8326,22,17.246968704
226,62,9,-8313,-8,17.248156128
226,63,-11,-8283,30,17.249343552
226,64,15,-8290,20,17.250530976
227,1,13,-8296,27,17.251718400
227,2,33,-8281,17,17.252905824
227,3,25,-8311,32,17.254093248
227,4,-10,-8281,27,17.255280672
227,5,-15,-8312,7,17.256468096
227,6,23,-8305,24,17.257655520
227,7,15,-8305,-4,17.258842944
227,8,38,-8314,25,17.260030368
227,9,35,-8288,33,17.261217792
227,10,-3,-8303,18,17.262405216
227,11,17,-8303,36,17.263592640
227,12,8,-8313,-5,17.264780064
227,13,19,-8284,37,17.265967488
227,14,13,-8295,21,17.267154912
227,15,0,-8294,52,17.268342336
227,16,26,-8299,10,17.269529760
227,17,-8,-8299,30,17.270717184
227,18,0,-8296,6,17.271904608
227,19,20,-8294,13,17.273092032
227,20,20,-8312,10,17.274279456
227,21,39,-8302,3,17.275466880
227,22,32,-8283,7,17.276654304
227,23,18,-8285,0,17.277841728
227,24,22,-8299,20,17.279029152
227,25,10,-8333,8,17.280216576
227,26,-14,-8320,21,17.281404000
227,27,6,-8306,15,17.282591424
227,28,39,-8295,18,17.283778848
227,29,29,-8304,0,17.284966272
227,30,9,-8282,12,17.286153696
227,31,15,-8300,-10,17.287341120
227,32,42,-8306,4,17.288528544
227,33,38,-8297,-6,17.289715968
227,34,12,-8317,-19,17.290903392
227,35,-9,-8309,-7,17.292090816
227,36,5,-8296,16,17.293278240
227,37,27,-8294,28,17.294465664
227,38,9,-8306,-13,17.295653088
227,39,-9,-8322,11,17.296840512
227,40,27,-8348,0,17.298027936
227,41,-6,-8328,-1,17.299215360
227,42,21,-8309,9,17.300402784
227,43,32,-8298,-5,17.301590208
227,44,24,-8303,31,17.302777632
227,45,23,-8308,6,17.303965056
227,46,22,-8320,10,17.305152480
227,47,26,-8283,1,17.306339904
227,48,10,-8323,0,17.307527328
227,49,15,-8311,-18,17.308714752
227,50,-12,-8301,-2,17.309902176
227,51,39,-8308,0,17.311089600
227,52,20,-8301,-11,17.312277024
227,53,16,-8293,-5,17.313464448
227,54,4,-8297,-1,17.314651872
227,55,21,-8298,25,17.315839296
227,56,32,-8337,-9,17.317026720
227,57,15,-8311,27,17.318214144
227,58,15,-8291,0,17.319401568
227,59,16,-8308,14,17.320588992
227,60,-3,-8297,-3,17.321776416
227,61,23,-8297,-3,17.322963840
227,62,8,-8322,6,17.324151264
227,63,-11,-8305,14,17.325338688
227,64,20,-8301,-1,17.326526112
228,1,11,-8265,2,17.327713536
228,2,42,-8303,-4,17.328900960
228,3,49,-8283,-2,17.330088384
228,4,22,-8299,-20,17.331275808
228,5,3,-8318,-11,17.332463232
228,6,-3,-8321,6,17.333650656
228,7,13,-8300,-16,17.334838080
228,8,12,-8307,14,17.336025504
228,9,28,-8266,-4,17.337212928
228,10,35,-8294,6,17.338400352
228,11,15,-8299,-18,17.339587776
228,12,19,-8294,-7,17.340775200
228,13,14,-8289,22,17.341962624
228,14,22,-8342,-15,17.343150048
228,15,6,-8301,38,17.344337472
228,16,19,-8305,-3,17.345524896
228,17,-13,-8302,9,17.346712320
228,18,20,-8318,-2,17.347899744
228,19,14,-8329,25,17.349087168
228,20,-7,-8297,-9,17.350274592
228,21,-14,-8312,-15,17.351462016
228,22,6,-8295,-1,17.352649440
228,23,12,-8318,8,17.353836864
228,24,19,-8297,-11,17.355024288
228,25,13,-8292,15,17.356211712
228,26,10,-8315,-7,17.357399136
228,27,30,-8301,-16,17.358586560
228,28,40,-8308,5,17.359773984
228,29,6,-8298,-5,17.360961408
228,30,-4,-8315,-9,17.362148832
228,31,4,-8282,16,17.363336256
228,32,34,-8310,4,17.364523680
228,33,4,-8305,16,17.365711104
228,34,2,-8306,1,17.366898528
228,35,7,-8298,4,17.368085952
228,36,-18,-8299,3,17.369273376
228,37,28,-8307,19,17.370460800
228,38,19,-8297,3,17.371648224
228,39,18,-8288,-5,17.372835648
228,40,14,-8303,9,17.374023072
228,41,6,-8318,16,17.375210496
228,42,19,-8318,16,17.376397920
228,43,5,-8307,25,17.377585344
228,44,-16,-8270,-4,17.378772768
228,45,13,-8296,23,17.379960192
228,46,22,-8309,4,17.381147616
228,47,19,-8329,17,17.382335040
228,48,21,-8319,13,17.383522464
228,49,-4,-8299,20,17.384709888
228,50,9,-8301,27,17.385897312
228,51,2,-8316,1,17.387084736
228,52,-5,-8316,25,17.388272160
228,53,4,-8311,2,17.389459584
228,54,-11,-8302,46,17.390647008
228,55,-8,-8274,12,17.391834432
228,56,-16,-8292,43,17.393021856
228,57,15,-8330,11,17.394209280
228,58,6,-8309,-3,17.395396704
228,59,12,-8321,29,17.396584128
228,60,-4,-8294,18,17.397771552
228,61,1,-8300,48,17.398958976
228,62,40,-8311,22,17.400146400
228,63,10,-8314,34,17.401333824
228,64,5,-8307,38,17.402521248
229,1,8,-8303,15,17.403708672
229,2,13,-8311,18,17.404896096
229,3,10,-8313,33,17.406083520
229,4,43,-8305,16,17.407270944
229,5,19,-8297,35,17.408458368
229,6,18,-8311,15,17.409645792
229,7,2,-8309,27,17.410833216
229,8,7,-8318,1,17.412020640
229,9,14,-8318,38,17.413208064
229,10,6,-8313,17,17.414395488
229,11,13,-8301,46,17.415582912
229,12,-7,-8307,14,17.416770336
229,13,5,-8331,20,17.417957760
229,14,10,-8330,24,17.419145184
229,15,-2,-8311,15,17.420332608
229,16,15,-8319,49,17.421520032
229,17,0,-8283,-7,17.422707456
229,18,21,-8323,25,17.423894880
229,19,1,-8300,9,17.425082304
229,20,6,-8291,36,17.426269728
229,21,28,-8303,15,17.427457152
229,22,-22,-8266,20,17.428644576
229,23,2,-8283,17,17.429832000
229,24,34,-8289,33,17.431019424
229,25,1,-8292,62,17.432206848
229,26,32,-8320,9,17.433394272
229,27,12,-8319,21,17.434581696
229,28,-10,-8306,33,17.435769120
229,29,-12,-8296,-9,17.436956544
229,30,1,-8306,22,17.438143968
229,31,25,-8278,18,17.439331392
229,32,17,-8280,30,17.440518816
229,33,19,-8309,39,17.441706240
229,34,23,-8281,-9,17.442893664
229,35,-17,-8299,15,17.444081088
229,36,19,-8295,17,17.445268512
229,37,-1,-8311,-9,17.446455936
229,38,-11,-8291,34,17.447643360
229,39,19,-8295,11,17.448830784
229,40,19,-8304,20,17.450018208
229,41,22,-8292,3,17.451205632
229,42,27,-8334,19,17.452393056
229,43,10,-8329,21,17.453580480
229,44,12,-8320,5,17.454767904
229,45,-4,-8314,10,17.455955328
229,46,-2,-8292,8,17.457142752
229,47,6,-8295,-10,17.458330176
229,48,14,-8294,31,17.459517600
229,49,0,-8288,21,17.460705024
229,50,18,-8305,21,17.461892448
229,51,3,-8307,5,17.463079872
229,52,22,-8310,23,17.464267296
229,53,15,-8316,24,17.465454720
229,54,13,-8316,9,17.466642144
229,55,30,-8293,23,17.467829568
229,56,11,-8294,6,17.469016992
229,57,14,-8327,-15,17.470204416
229,58,11,-8310,14,17.471391840
229,59,-11,-8290,11,17.472579264
229,60,18,-8302,10,17.473766688
229,61,11,-8294,11,17.474954112
229,62,11,-8281,36,17.476141536
229,63,14,-8313,20,17.477328960
229,64,42,-8291,-15,17.478516384
230,1,41,-8315,-5,17.479703808
230,2,-5,-8297,2,17.480891232
230,3,22,-8293,19,17.482078656
230,4,21,-8293,-11,17.483266080
230,5,40,-8321,8,17.484453504
230,6,38,-8308,25,17.485640928
230,7,28,-8291,7,17.486828352
230,8,12,-8285,23,17.488015776
230,9,12,-8311,21,17.489203200
230,10,12,-8304,31,17.490390624
230,11,35,-8296,11,17.491578048
230,12,18,-8311,22,17.492765472
230,13,21,-8297,13,17.493952896
230,14,19,-8308,-6,17.495140320
230,15,15,-8304,9,17.496327744
230,16,33,-8295,8,17.497515168
230,17,23,-8290,3,17.498702592
230,18,12,-8291,9,17.499890016
230,19,11,-8308,-15,17.501077440
230,20,1,-8314,18,17.502264864
230,21,23,-8322,-1,17.503452288
230,22,9,-8313,-2,17.504639712
230,23,3,-8277,-4,17.505827136
230,24,5,-8277,8,17.507014560
230,25,16,-8251,13,17.508201984
230,26,29,-8300,-8,17.509389408
230,27,27,-8289,38,17.510576832
230,28,24,-8288,-4,17.511764256
230,29,27,-8304,9,17.512951680
230,30,24,-8340,-3,17.514139104
230,31,5,-8314,6,17.515326528
230,32,8,-8314,-4,17.516513952
230,33,-1,-8307,-22,17.517701376
230,34,-7,-8307,-4,17.518888800
230,35,12,-8299,23,17.520076224
230,36,35,-8301,-13,17.521263648
230,37,9,-8321,3,17.522451072
230,38,16,-8300,7,17.523638496
230,39,20,-8289,12,17.524825920
230,40,18,-8298,27,17.526013344
230,41,15,-8293,-11,17.527200768
230,42,-1,-8279,20,17.528388192
230,43,27,-8300,-9,17.529575616
230,44,25,-8304,-10,17.530763040
230,45,30,-8286,-2,17.531950464
230,46,15,-8282,-10,17.533137888
230,47,17,-8294,8,17.534325312
230,48,35,-8319,-9,17.535512736
230,49,27,-8299,22,17.536700160
230,50,10,-8308,4,17.537887584
230,51,4,-8291,-13,17.539075008
230,52,1,-8310,9,17.540262432
230,53,12,-8296,-6,17.541449856
230,54,4,-8287,3,17.542637280
230,55,14,-8283,26,17.543824704
230,56,16,-8314,-2,17.545012128
230,57,8,-8309,12,17.546199552
230,58,3,-8293,-7,17.547386976
230,59,-18,-8313,-7,17.548574400
230,60,22,-8294,4,17.549761824
230,61,37,-8304,-6,17.550949248
230,62,23,-8315,21,17.552136672
230,63,1,-8291,22,17.553324096
230,64,17,-8321,31,17.554511520
231,1,25,-8291,-9,17.555698944
231,2,1,-8313,13,17.556886368
231,3,8,-8316,-11,17.558073792
231,4,14,-8322,4,17.559261216
231,5,9,-8307,18,17.560448640
231,6,7,-8310,-1,17.561636064
231,7,8,-8290,-11,17.562823488
231,8,-3,-8282,-16,17.564010912
231,9,10,-8311,34,17.565198336
231,10,1,-8311,-7,17.566385760
231,11,25,-8314,16,17.567573184
231,12,3,-8319,-5,17.568760608
231,13,14,-8296,10,17.569948032
231,14,-4,-8313,5,17.571135456
231,15,1,-8318,2,17.572322880
231,16,18,-8305,33,17.573510304
231,17,-3,-8307,10,17.574697728
231,18,6,-8338,4,17.575885152
231,19,23,-8290,-6,17.577072576
231,20,6,-8303,17,17.578260000
231,21,21,-8296,15,17.579447424
231,22,24,-8293,16,17.580634848
231,23,2,-8303,37,17.581822272
231,24,7,-8321,2,17.583009696
231,25,2,-8314,14,17.584197120
231,26,-17,-8295,7,17.585384544
231,27,-12,-8299,-12,17.586571968
231,28,1,-8322,-5,17.587759392
231,29,5,-8264,0,17.588946816
231,30,21,-8286,-2,17.590134240
231,31,13,-8309,-3,17.591321664
231,32,20,-8301,-21,17.592509088
231,33,-8,-8310,40,17.593696512
231,34,-1,-8301,42,17.594883936
231,35,-7,-8314,31,17.596071360
231,36,31,-8292,0,17.597258784
231,37,20,-8311,6,17.598446208
231,38,14,-8274,32,17.599633632
231,39,9,-8280,-5,17.600821056
231,40,12,-8299,25,17.602008480
231,41,13,-8287,0,17.603195904
231,42,-8,-8289,30,17.604383328
231,43,17,-8294,20,17.605570752
231,44,3,-8331,15,17.606758176
231,45,-14,-8305,14,17.607945600
231,46,17,-8301,25,17.609133024
231,47,-26,-8276,12,17.610320448
231,48,7,-8310,14,17.611507872
231,49,15,-8284,-3,17.612695296
231,50,18,-8324,13,17.613882720
231,51,15,-8315,25,17.615070144
231,52,31,-8292,-5,17.616257568
231,53,45,-8278,13,17.617444992
231,54,14,-8282,18,17.618632416
231,55,25,-8320,22,17.619819840
231,56,8,-8312,18,17.621007264
231,57,37,-8284,25,17.622194688
231,58,9,-8305,69,17.623382112
231,59,12,-8287,6,17.624569536
231,60,18,-8314,22,17.625756960
231,61,8,-8316,-18,17.626944384
231,62,7,-8299,27,17.628131808
231,63,16,-8312,15,17.629319232
231,64,1,-8295,-8,17.630506656
232,1,14,-8311,29,17.631694080
232,2,7,-8296,-3,17.632881504
232,3,27,-8310,2,17.634068928
232,4,9,-8321,14,17.635256352
232,5,7,-8303,9,17.636443776
232,6,13,-8299,25,17.637631200
232,7,-17,-8327,45,17.638818624
232,8,9,-8294,-9,17.640006048
232,9,20,-8308,24,17.641193472
232,10,19,-8293,13,17.642380896
232,11,17,-8321,13,17.643568320
232,12,-6,-8332,19,17.644755744
232,13,12,-8280,27,17.645943168
232,14,28,-8288,10,17.647130592
232,15,2,-8322,30,17.648318016
232,16,28,-8290,13,17.649505440
232,17,24,-8286,42,17.650692864
232,18,21,-8330,31,17.651880288
232,19,18,-8317,5,17.653067712
232,20,14,-8311,22,17.654255136
232,21,15,-8310,6,17.655442560
232,22,-2,-8307,26,17.656629984
232,23,4,-8281,32,17.657817408
232,24,13,-8292,22,17.659004832
232,25,47,-8304,31,17.660192256
232,26,21,-8305,19,17.661379680
232,27,6,-8309,14,17.662567104
232,28,42,-8313,4,17.663754528
232,29,28,-8300,22,17.664941952
232,30,8,-8277,31,17.666129376
232,31,9,-8306,23,17.667316800
232,32,18,-8302,40,17.668504224
232,33,21,-8277,28,17.669691648
232,34,6,-8286,32,17.670879072
232,35,-10,-8297,21,17.672066496
232,36,29,-8296,7,17.673253920
232,37,7,-8299,9,17.674441344
232,38,25,-8308,18,17.675628768
232,39,4,-8296,24,17.676816192
232,40,4,-8297,17,17.678003616
232,41,13,-8292,10,17.679191040
232,42,17,-8312,16,17.680378464
232,43,37,-8302,19,17.681565888
232,44,3,-8305,4,17.682753312
232,45,16,-8309,19,17.683940736
232,46,19,-8295,2,17.685128160
232,47,22,-8306,14,17.686315584
232,48,14,-8288,27,17.687503008
232,49,21,-8293,-22,17.688690432
232,50,-6,-8302,44,17.689877856
232,51,2,-8304,24,17.691065280
232,52,15,-8307,33,17.692252704
232,53,-12,-8305,40,17.693440128
232,54,15,-8285,17,17.694627552
232,55,27,-8321,3,17.695814976
232,56,29,-8300,-4,17.697002400
232,57,2,-8319,1,17.698189824
232,58,-3,-8298,19,17.699377248
232,59,40,-8318,5,17.700564672
232,60,-8,-8294,31,17.701752096
232,61,15,-8307,25,17.702939520
232,62,5,-8312,29,17.704126944
232,63,5,-8308,28,17.705314368
232,64,17,-8318,16,17.706501792
233,1,12,-8284,14,17.707689216
233,2,34,-8294,25,17.708876640
233,3,-25,-8313,14,17.710064064
233,4,21,-8325,32,17.711251488
233,5,46,-8301,-1,17.712438912
233,6,7,-8318,23,17.713626336
233,7,28,-8297,10,17.714813760
233,8,25,-8297,0,17.716001184
233,9,3,-8304,6,17.717188608
233,10,20,-8277,-11,17.718376032
233,11,35,-8312,-2,17.719563456
233,12,9,-8288,-3,17.720750880
233,13,26,-8289,27,17.721938304
233,14,37,-8322,16,17.723125728
233,15,15,-8326,9,17.724313152
233,16,41,-8328,29,17.725500576
233,17,-19,-8301,13,17.726688000
233,18,30,-8296,2,17.727875424
233,19,12,-8309,4,17.729062848
233,20,6,-8300,-10,17.730250272
233,21,32,-8319,18,17.731437696
233,22,2,-8288,17,17.732625120
233,23,35,-8308,22,17.733812544
233,24,16,-8312,2,17.734999968
233,25,0,-8313,-1,17.736187392
233,26,10,-8308,10,17.737374816
233,27,3,-8314,5,17.738562240
233,28,33,-8309,-3,17.739749664
233,29,12,-8296,-13,17.740937088
233,30,22,-8309,-1,17.742124512
233,31,-16,-8310,3,17.743311936
233,32,27,-8314,12,17.744499360
233,33,22,-8309,8,17.745686784
233,34,8,-8304,13,17.746874208
233,35,-2,-8301,11,17.748061632
233,36,28,-8305,8,17.749249056
233,37,15,-8297,15,17.750436480
233,38,18,-8301,37,17.751623904
233,39,-11,-8304,-4,17.752811328
233,40,14,-8301,14,17.753998752
233,41,21,-8317,-13,17.755186176
233,42,24,-8304,3,17.756373600
233,43,8,-8306,-14,17.757561024
233,44,-3,-8293,-18,17.758748448
233,45,1,-8314,-7,17.759935872
233,46,-4,-8297,-4,17.761123296
233,47,-12,-8318,8,17.762310720
233,48,9,-8310,-16,17.763498144
233,49,3,-8304,-6,17.764685568
233,50,26,-8317,16,17.765872992
233,51,27,-8303,-21,17.767060416
233,52,13,-8310,20,17.768247840
233,53,3,-8314,-10,17.769435264
233,54,11,-8293,17,17.770622688
233,55,5,-8300,-5,17.771810112
233,56,19,-8300,7,17.772997536
233,57,-13,-8318,28,17.774184960
233,58,-9,-8336,-20,17.775372384
233,59,16,-8301,34,17.776559808
233,60,19,-8306,-27,17.777747232
233,61,26,-8316,1,17.778934656
233,62,22,-8284,-1,17.780122080
233,63,-15,-8301,-13,17.781309504
233,64,31,-8296,8,17.782496928
234,1,11,-8273,-4,17.783684352
234,2,1,-8313,3,17.784871776
234,3,17,-8312,-1,17.786059200
234,4,-6,-8322,18,17.787246624
234,5,-11,-8311,14,17.788434048
234,6,3,-8321,6,17.789621472
234,7,28,-8295,-12,17.790808896
234,8,-2,-8314,13,17.791996320
234,9,1,-8299,-18,17.793183744
234,10,13,-8308,29,17.794371168
234,11,5,-8324,-29,17.795558592
234,12,22,-8313,23,17.796746016
234,13,10,-8312,1,17.797933440
234,14,6,-8287,5,17.799120864
234,15,27,-8295,4,17.800308288
234,16,28,-8304,1,17.801495712
234,17,4,-8330,16,17.802683136
234,18,27,-8301,-20,17.803870560
234,19,15,-8315,21,17.805057984
234,20,-13,-8322,2,17.806245408
234,21,6,-8299,21,17.807432832
234,22,11,-8295,-1,17.808620256
234,23,5,-8281,13,17.809807680
234,24,13,-8305,-10,17.810995104
234,25,16,-8321,3,17.812182528
234,26,21,-8323,1,17.813369952
234,27,19,-8316,-16,17.814557376
234,28,10,-8304,-17,17.815744800
234,29,15,-8291,16,17.816932224
234,30,38,-8279,-11,17.818119648
234,31,0,-8287,-7,17.819307072
234,32,19,-8312,2,17.820494496
234,33,18,-8291,29,17.821681920
234,34,16,-8290,17,17.822869344
234,35,20,-8304,-20,17.824056768
234,36,-1,-8324,30,17.825244192
234,37,0,-8291,7,17.826431616
234,38,14,-8302,32,17.827619040
234,39,0,-8302,21,17.828806464
234,40,0,-8309,4,17.829993888
234,41,4,-8306,27,17.831181312
234,42,-11,-8300,14,17.832368736
234,43,2,-8284,0,17.833556160
234,44,31,-8304,6,17.834743584
234,45,0,-8290,-23,17.835931008
234,46,8,-8287,3,17.837118432
234,47,-2,-8324,-2,17.838305856
234,48,20,-8315,17,17.839493280
234,49,7,-8328,35,17.840680704
234,50,-1,-8314,1,17.841868128
234,51,19,-8315,26,17.843055552
234,52,22,-8297,12,17.844242976
234,53,28,-8309,8,17.845430400
234,54,36,-8292,1,17.846617824
234,55,-13,-8303,2,17.847805248
234,56,20,-8290,17,17.848992672
234,57,7,-8300,-9,17.850180096
234,58,15,-8307,15,17.851367520
234,59,9,-8303,12,17.852554944
234,60,3,-8323,26,17.853742368
234,61,-17,-8311,21,17.854929792
234,62,-12,-8310,35,17.856117216
234,63,0,-8297,19,17.857304640
234,64,28,-8285,19,17.858492064
235,1,-1,-8294,-4,17.859679488
235,2,-12,-8311,36,17.860866912
235,3,31,-8287,37,17.862054336
235,4,25,-8304,41,17.863241760
235,5,25,-8299,7,17.864429184
235,6,24,-8315,8,17.865616608
235,7,18,-8313,22,17.866804032
235,8,11,-8318,19,17.867991456
235,9,0,-8303,37,17.869178880
235,10,32,-8291,5,17.870366304
235,11,13,-8311,42,17.871553728
235,12,-2,-8313,27,17.872741152
235,13,8,-8310,31,17.873928576
235,14,1,-8306,14,17.875116000
235,15,23,-8316,29,17.876303424
235,16,41,-8295,14,17.877490848
235,17,40,-8292,15,17.878678272
235,18,28,-8306,13,17.879865696
235,19,-8,-8308,26,17.881053120
235,20,21,-8306,28,17.882240544
235,21,12,-8296,10,17.883427968
235,22,-6,-8291,26,17.884615392
235,23,40,-8304,-5,17.885802816
235,24,0,-8301,25,17.886990240
235,25,25,-8275,13,17.888177664
235,26,-7,-8301,9,17.889365088
235,27,-5,-8353,49,17.890552512
235,28,0,-8292,7,17.891739936
235,29,10,-8316,25,17.892927360
235,30,22,-8301,1,17.894114784
235,31,0,-8312,8,17.895302208
235,32,5,-8286,11,17.896489632
235,33,18,-8300,0,17.897677056
235,34,-17,-8299,31,17.898864480
235,35,-6,-8299,-13,17.900051904
235,36,-2,-8298,56,17.901239328
235,37,-10,-8304,25,17.902426752
235,38,30,-8290,11,17.903614176
235,39,12,-8304,22,17.904801600
235,40,22,-8305,14,17.905989024
235,41,14,-8290,20,17.907176448
235,42,-24,-8313,26,17.908363872
235,43,12,-8314,-8,17.909551296
235,44,-5,-8301,3,17.910738720
235,45,-1,-8296,20,17.911926144
235,46,22,-8304,-6,17.913113568
235,47,12,-8323,21,17.914300992
235,48,23,-8323,3,17.915488416
235,49,-7,-8312,20,17.916675840
235,50,12,-8314,18,17.917863264
235,51,3,-8296,29,17.919050688
235,52,4,-8300,11,17.920238112
235,53,4,-8298,-8,17.921425536
235,54,22,-8303,14,17.922612960
235,55,-2,-8301,35,17.923800384
235,56,30,-8305,4,17.924987808
235,57,27,-8321,23,17.926175232
235,58,-11,-8290,25,17.927362656
235,59,17,-8327,29,17.928550080
235,60,14,-8316,12,17.929737504
235,61,18,-8306,16,17.930924928
235,62,12,-8300,16,17.932112352
235,63,12,-8307,-5,17.933299776
235,64,21,-8327,13,17.934487200
236,1,3,-8311,-20,17.935674624
236,2,24,-8288,16,17.936862048
236,3,7,-8275,6,17.938049472
236,4,25,-8272,33,17.939236896
236,5,11,-8320,-1,17.940424320
236,6,-1,-8311,37,17.941611744
236,7,25,-8286,6,17.942799168
236,8,-19,-8298,4,17.943986592
236,9,11,-8303,41,17.945174016
236,10,8,-8323,-26,17.946361440
236,11,-8,-8311,15,17.947548864
236,12,23,-8291,-11,17.948736288
236,13,10,-8299,24,17.949923712
236,14,1,-8285,15,17.951111136
236,15,-24,-8312,23,17.952298560
236,16,7,-8304,-10,17.953485984
236,17,2,-8303,-7,17.954673408
236,18,4,-8305,7,17.955860832
236,19,14,-8291,-8,17.957048256
236,20,15,-8303,1,17.958235680
236,21,-2,-8324,-5,17.959423104
236,22,-6,-8311,12,17.960610528
236,23,-15,-8306,15,17.961797952
236,24,12,-8298,-3,17.962985376
236,25,17,-8302,-14,17.964172800
236,26,8,-8307,16,17.965360224
236,27,28,-8318,-26,17.966547648
236,28,16,-8321,12,17.967735072
236,29,-5,-8303,-5,17.968922496
236,30,6,-8323,16,17.970109920
236,31,14,-8296,13,17.971297344
236,32,19,-8306,-11,17.972484768
236,33,25,-8290,-1,17.973672192
236,34,7,-8292,-13,17.974859616
236,35,32,-8294,-23,17.976047040
236,36,-8,-8289,-30,17.977234464
236,37,16,-8289,9,17.978421888
236,38,0,-8314,0,17.979609312
236,39,3,-8308,24,17.980796736
236,40,10,-8264,-5,17.981984160
236,41,15,-8300,42,17.983171584
236,42,14,-8289,10,17.984359008
236,43,-2,-8297,8,17.985546432
236,44,-13,-8286,9,17.986733856
236,45,8,-8306,2,17.987921280
236,46,25,-8291,1,17.989108704
236,47,21,-8316,30,17.990296128
236,48,34,-8300,16,17.991483552
236,49,11,-8293,11,17.992670976
236,50,3,-8314,3,17.993858400
236,51,-10,-8318,-4,17.995045824
236,52,9,-8304,10,17.996233248
236,53,22,-8293,-7,17.997420672
236,54,20,-8324,10,17.998608096
236,55,18,-8283,20,17.999795520
236,56,25,-8307,11,18.000982944
236,57,22,-8302,31,18.002170368
236,58,17,-8293,-10,18.003357792
236,59,-11,-8298,11,18.004545216
236,60,0,-8288,-11,18.005732640
236,61,-15,-8298,12,18.006920064
236,62,8,-8315,22,18.008107488
236,63,14,-8311,17,18.009294912
236,64,11,-8304,17,18.010482336
237,1,30,-8320,7,18.011669760
237,2,-9,-8311,1,18.012857184
237,3,35,-8276,1,18.014044608
237,4,32,-8285,6,18.015232032
237,5,-4,-8290,26,18.016419456
237,6,25,-8295,26,18.017606880
237,7,10,-8286,30,18.018794304
237,8,-5,-8306,20,18.019981728
237,9,18,-8317,-15,18.021169152
237,10,-7,-8294,-2,18.022356576
237,11,25,-8303,14,18.023544000
237,12,15,-8292,-8,18.024731424
237,13,8,-8289,16,18.025918848
237,14,6,-8286,-6,18.027106272
237,15,0,-8306,20,18.028293696
237,16,21,-8302,25,18.029481120
237,17,16,-8312,9,18.030668544
237,18,-12,-8295,17,18.031855968
237,19,31,-8274,26,18.033043392
237,20,20,-8295,23,18.034230816
237,21,28,-8289,0,18.035418240
237,22,16,-8313,10,18.036605664
237,23,-1,-8328,13,18.037793088
237,24,18,-8316,-4,18.038980512
237,25,-8,-8304,1,18.040167936
237,26,27,-8307,-7,18.041355360
237,27,39,-8311,30,18.042542784
237,28,47,-8299,33,18.043730208
237,29,31,-8295,11,18.044917632
237,30,14,-8290,-6,18.046105056
237,31,19,-8273,-29,18.047292480
237,32,33,-8314,5,18.048479904
237,33,-2,-8313,20,18.049667328
237,34,17,-8289,13,18.050854752
237,35,-12,-8284,33,18.052042176
237,36,10,-8283,5,18.053229600
237,37,20,-8316,-9,18.054417024
237,38,7,-8324,-9,18.055604448
237,39,9,-8268,1,18.056791872
237,40,10,-8299,-30,18.057979296
237,41,23,-8281,12,18.059166720
237,42,19,-8318,4,18.060354144
237,43,-1,-8308,17,18.061541568
237,44,19,-8308,7,18.062728992
237,45,-15,-8309,7,18.063916416
237,46,-14,-8308,31,18.065103840
237,47,10,-8335,-2,18.066291264
237,48,-11,-8289,22,18.067478688
237,49,22,-8294,15,18.068666112
237,50,39,-8293,21,18.069853536
237,51,5,-8313,11,18.071040960
237,52,16,-8294,6,18.072228384
237,53,3,-8303,-9,18.073415808
237,54,11,-8316,9,18.074603232
237,55,-6,-8294,20,18.075790656
237,56,5,-8293,8,18.076978080
237,57,20,-8300,8,18.078165504
237,58,-5,-8311,21,18.079352928
237,59,3,-8298,16,18.080540352
237,60,10,-8317,17,18.081727776
237,61,-41,-8318,-3,18.082915200
237,62,-14,-8318,14,18.084102624
237,63,-9,-8273,31,18.085290048
237,64,39,-8307,21,18.086477472
238,1,22,-8304,22,18.087664896
238,2,18,-8279,2,18.088852320
238,3,7,-8299,20,18.090039744
238,4,-9,-8299,-10,18.091227168
238,5,15,-8284,23,18.092414592
238,6,24,-8299,17,18.093602016
238,7,16,-8299,4,18.094789440
238,8,20,-8298,-2,18.095976864
238,9,40,-8289,-10,18.097164288
238,10,20,-8302,14,18.098351712
238,11,6,-8310,-12,18.099539136
238,12,12,-8296,25,18.100726560
238,13,4,-8293,12,18.101913984
238,14,-4,-8280,10,18.103101408
238,15,15,-8317,-13,18.104288832
238,16,10,-8318,18,18.105476256
238,17,-8,-8314,18,18.106663680
238,18,-3,-8345,9,18.107851104
238,19,22,-8309,22,18.109038528
238,20,14,-8295,7,18.110225952
238,21,17,-8286,13,18.111413376
238,22,19,-8285,16,18.112600800
238,23,25,-8321,2,18.113788224
238,24,5,-8316,32,18.114975648
238,25,-4,-8309,8,18.116163072
238,26,0,-8321,14,18.117350496
238,27,6,-8297,21,18.118537920
238,28,21,-8322,22,18.119725344
238,29,4,-8311,20,18.120912768
238,30,7,-8314,2,18.122100192
238,31,11,-8314,18,18.123287616
238,32,23,-8316,15,18.124475040
238,33,18,-8295,36,18.125662464
238,34,9,-8316,12,18.126849888
238,35,8,-8294,7,18.128037312
238,36,-2,-8300,18,18.129224736
238,37,20,-8300,24,18.130412160
238,38,34,-8300,33,18.131599584
238,39,22,-8313,28,18.132787008
238,40,7,-8307,7,18.133974432
238,41,13,-8289,23,18.135161856
238,42,10,-8287,2,18.136349280
238,43,16,-8278,0,18.137536704
238,44,13,-8319,33,18.138724128
238,45,0,-8310,24,18.139911552
238,46,6,-8329,5,18.141098976
238,47,-2,-8315,-3,18.142286400
238,48,0,-8309,2,18.143473824
238,49,-2,-8307,48,18.144661248
238,50,-6,-8279,22,18.145848672
238,51,-3,-8297,36,18.147036096
238,52,6,-8318,4,18.148223520
238,53,17,-8316,18,18.149410944
238,54,3,-8314,30,18.150598368
238,55,1,-8318,10,18.151785792
238,56,29,-8312,33,18.152973216
238,57,59,-8306,11,18.154160640
238,58,25,-8311,7,18.155348064
238,59,-15,-8312,-4,18.156535488
238,60,-12,-8315,5,18.157722912
238,61,7,-8331,4,18.158910336
238,62,10,-8286,12,18.160097760
238,63,-16,-8314,26,18.161285184
238,64,15,-8314,45,18.162472608
239,1,14,-8291,-2,18.163660032
239,2,11,-8322,31,18.164847456
239,3,-8,-8283,-12,18.166034880
239,4,1,-8306,12,18.167222304
239,5,-8,-8299,24,18.168409728
239,6,-18,-8316,23,18.169597152
239,7,-8,-8300,39,18.170784576
239,8,16,-8309,25,18.171972000
239,9,2,-8313,27,18.173159424
239,10,39,-8303,15,18.174346848
239,11,4,-8320,30,18.175534272
239,12,-2,-8313,-7,18.176721696
239,13,15,-8283,6,18.177909120
239,14,-2,-8288,-2,18.179096544
239,15,1,-8328,13,18.180283968
239,16,45,-8300,1,18.181471392
239,17,15,-8290,27,18.182658816
239,18,23,-8329,8,18.183846240
239,19,19,-8311,-5,18.185033664
239,20,-21,-8304,-12,18.186221088
239,21,-11,-8305,-10,18.187408512
239,22,-5,-8292,0,18.188595936
239,23,-5,-8286,-13,18.189783360
239,24,23,-8300,7,18.190970784
239,25,15,-8301,12,18.192158208
239,26,-8,-8296,7,18.193345632
239,27,31,-8296,11,18.194533056
239,28,-1,-8306,-2,18.195720480
239,29,19,-8293,-14,18.196907904
239,30,36,-8292,-8,18.198095328
239,31,12,-8305,24,18.199282752
239,32,37,-8295,-19,18.200470176
239,33,4,-8304,10,18.201657600
239,34,-2,-8292,-8,18.202845024
239,35,-1,-8304,-1,18.204032448
239,36,23,-8312,5,18.205219872
239,37,18,-8324,-12,18.206407296
239,38,28,-8310,27,18.207594720
239,39,26,-8317,0,18.208782144
239,40,5,-8319,-9,18.209969568
239,41,19,-8317,8,18.211156992
239,42,15,-8314,5,18.212344416
239,43,13,-8321,10,18.213531840
239,44,30,-8294,3,18.214719264
239,45,20,-8302,10,18.215906688
239,46,38,-8314,17,18.217094112
239,47,27,-8295,17,18.218281536
239,48,23,-8295,3,18.219468960
239,49,-18,-8295,28,18.220656384
239,50,19,-8309,11,18.221843808
239,51,3,-8285,-8,18.223031232
239,52,50,-8293,-31,18.224218656
239,53,42,-8290,-18,18.225406080
239,54,46,-8295,2,18.226593504
239,55,-4,-8307,-2,18.227780928
239,56,-23,-8298,8,18.228968352
239,57,23,-8297,-15,18.230155776
239,58,4,-8308,20,18.231343200
239,59,13,-8313,-14,18.232530624
239,60,5,-8285,6,18.233718048
239,61,14,-8298,27,18.234905472
239,62,15,-8320,-8,18.236092896
239,63,15,-8307,-10,18.237280320
239,64,-19,-8283,-16,18.238467744
