sequence,sample,x,y,z,time_s
7800,1,-3,-520,250,0.000000000
7800,2,-309,-1476,1177,0.001187424
7800,3,-138,-1282,101,0.002374848
7800,4,-171,-280,-334,0.003562272
7800,5,-697,-283,-1741,0.004749696
7800,6,110,-5936,-3091,0.005937120
7800,7,-644,-10061,-3296,0.007124544
7800,8,-255,-4190,-508,0.008311968
7800,9,-250,-1485,-2336,0.009499392
7800,10,-189,-5554,-2736,0.010686816
7800,11,26,-10394,-3756,0.011874240
7800,12,355,-11955,-2496,0.013061664
7800,13,528,-7722,-301,0.014249088
7800,14,646,-1217,-602,0.015436512
7800,15,614,-7968,-1665,0.016623936
7800,16,975,-11767,-1664,0.017811360
7800,17,811,-6768,-221,0.018998784
7800,18,581,-2912,693,0.020186208
7800,19,503,-1952,1141,0.021373632
7800,20,24,-1513,-388,0.022561056
7800,21,73,-1878,-278,0.023748480
7800,22,-28,-2671,50,0.024935904
7800,23,-264,-7386,30,0.026123328
7800,24,-35,-11601,-947,0.027310752
7800,25,-70,-4660,308,0.028498176
7800,26,15,928,1195,0.029685600
7800,27,106,-226,2453,0.030873024
7800,28,161,-1977,2475,0.032060448
7800,29,348,-316,1534,0.033247872
7800,30,418,-290,1698,0.034435296
7800,31,612,86,3135,0.035622720
7800,32,612,2102,4394,0.036810144
7800,33,250,1966,3880,0.037997568
7800,34,170,98,2333,0.039184992
7800,35,-382,919,1418,0.040372416
7800,36,-654,-1235,1437,0.041559840
7800,37,-167,-6834,-713,0.042747264
7800,38,-573,-12910,1423,0.043934688
7800,39,-667,-9427,-630,0.045122112
7800,40,-892,-3612,-418,0.046309536
7800,41,-741,-544,-1057,0.047496960
7800,42,-279,-228,-436,0.048684384
7800,43,-205,-3609,-506,0.049871808
7800,44,72,-1298,170,0.051059232
7800,45,51,-3084,-273,0.052246656
7800,46,527,-8943,552,0.053434080
7800,47,135,-4408,312,0.054621504
7800,48,176,-4581,-1299,0.055808928
7800,49,8,-13079,-1555,0.056996352
7800,50,-16,-6008,-3245,0.058183776
7800,51,-301,-2740,-2517,0.059371200
7800,52,-290,-12209,-3196,0.060558624
7800,53,-489,-9324,-3037,0.061746048
7800,54,-338,-2026,-2768,0.062933472
7800,55,-302,-2086,-2620,0.064120896
7800,56,15,-1648,-3089,0.065308320
7800,57,240,299,-1575,0.066495744
7800,58,619,-1775,-452,0.067683168
7800,59,907,-2332,92,0.068870592
7800,60,776,499,198,0.070058016
7800,61,786,611,497,0.071245440
7800,62,897,1066,880,0.072432864
7800,63,554,1128,1032,0.073620288
7800,64,455,1681,1686,0.074807712
7801,1,-194,2240,1836,0.075995136
7801,2,-190,293,709,0.077182560
7801,3,-440,-776,1133,0.078369984
7801,4,-1037,-1782,136,0.079557408
7801,5,-38,-12226,-2482,0.080744832
7801,6,-157,-14963,-881,0.081932256
7801,7,-133,-5554,1558,0.083119680
7801,8,-191,-1924,2796,0.084307104
7801,9,54,-4278,2850,0.085494528
7801,10,466,-11307,2621,0.086681952
7801,11,635,-8337,1708,0.087869376
7801,12,492,-3642,1481,0.089056800
7801,13,549,-5315,1910,0.090244224
7801,14,263,-7683,1633,0.091431648
7801,15,282,-5901,2052,0.092619072
7801,16,-515,-4261,218,0.093806496
7801,17,-689,-7915,-553,0.094993920
7801,18,-621,-5919,-898,0.096181344
7801,19,-743,-3600,-861,0.097368768
7801,20,-771,-3460,-481,0.098556192
7801,21,-835,-5354,-2390,0.099743616
7801,22,-498,-10131,-2261,0.100931040
7801,23,225,-7562,-895,0.102118464
7801,24,443,-1814,-1499,0.103305888
7801,25,483,-6649,-526,0.104493312
7801,26,618,-10513,-3,0.105680736
7801,27,790,-5998,-68,0.106868160
7801,28,667,-4990,684,0.108055584
7801,29,489,-4685,-267,0.109243008
7801,30,128,-3548,-93,0.110430432
7801,31,83,-7013,-1070,0.111617856
7801,32,-180,-9296,-777,0.112805280
7801,33,-555,-6821,-597,0.113992704
7801,34,-523,-8133,-1277,0.115180128
7801,35,-87,-11237,43,0.116367552
7801,36,-12,-3631,-241,0.117554976
7801,37,-55,1257,529,0.118742400
7801,38,214,-2000,1203,0.119929824
7801,39,177,-149,571,0.121117248
7801,40,869,1057,2268,0.122304672
7801,41,691,1615,2531,0.123492096
7801,42,706,1529,1860,0.124679520
7801,43,609,1537,1953,0.125866944
7801,44,-50,1886,1591,0.127054368
7801,45,88,-390,842,0.128241792
7801,46,-767,-214,384,0.129429216
7801,47,-497,-2571,-786,0.130616640
7801,48,-378,-6487,-948,0.131804064
7801,49,-828,-4125,-983,0.132991488
7801,50,-618,-4694,-1245,0.134178912
7801,51,-435,-4415,-709,0.135366336
7801,52,-178,-770,-1011,0.136553760
7801,53,140,-5922,-996,0.137741184
7801,54,321,-12307,-605,0.138928608
7801,55,393,-3909,318,0.140116032
7801,56,406,593,1063,0.141303456
7801,57,586,-3837,87,0.142490880
7801,58,248,-3850,-281,0.143678304
7801,59,295,934,-495,0.144865728
7801,60,-366,-1370,488,0.146053152
7801,61,-816,-4240,-1021,0.147240576
7801,62,-690,-2551,-1323,0.148428000
7801,63,-1015,-4026,-1842,0.149615424
7801,64,-394,-7805,-1000,0.150802848
7802,1,-757,-4231,-1370,0.151990272
7802,2,-432,-2496,-683,0.153177696
7802,3,204,-4665,-650,0.154365120
7802,4,141,-5053,-244,0.155552544
7802,5,693,-5620,-86,0.156739968
7802,6,513,-8953,1710,0.157927392
7802,7,1048,-4390,1046,0.159114816
7802,8,664,-3342,1351,0.160302240
7802,9,484,-6913,815,0.161489664
7802,10,220,-8343,1450,0.162677088
7802,11,256,-4146,2026,0.163864512
7802,12,46,-573,1914,0.165051936
7802,13,-490,-1623,1493,0.166239360
7802,14,-682,-1315,478,0.167426784
7802,15,-111,-5696,-1267,0.168614208
7802,16,22,-7154,434,0.169801632
7802,17,-159,-6406,1930,0.170989056
7802,18,173,-6371,619,0.172176480
7802,19,284,-4695,1040,0.173363904
7802,20,396,-6788,-92,0.174551328
7802,21,600,-13313,264,0.175738752
7802,22,622,-10876,273,0.176926176
7802,23,495,-1699,723,0.178113600
7802,24,300,-4835,19,0.179301024
7802,25,282,-11098,-988,0.180488448
7802,26,-61,-6377,-763,0.181675872
7802,27,-54,-1255,-735,0.182863296
7802,28,-360,-2610,-616,0.184050720
7802,29,-538,-2940,-2589,0.185238144
7802,30,-341,-1409,-2416,0.186425568
7802,31,-35,-7467,-1815,0.187612992
7802,32,19,-7586,-1714,0.188800416
7802,33,-158,-2005,-1180,0.189987840
7802,34,184,-1934,-920,0.191175264
7802,35,265,-678,-782,0.192362688
7802,36,134,677,515,0.193550112
7802,37,0,-535,1113,0.194737536
7802,38,34,-2121,-351,0.195924960
7802,39,-43,-1552,459,0.197112384
7802,40,-412,-2737,946,0.198299808
7802,41,-186,-7874,337,0.199487232
7802,42,-367,-6542,1348,0.200674656
7802,43,-406,-1495,74,0.201862080
7802,44,-327,-1451,306,0.203049504
7802,45,-327,-979,122,0.204236928
7802,46,-373,569,697,0.205424352
7802,47,177,-164,1469,0.206611776
7802,48,-104,250,87,0.207799200
7802,49,-16,924,1114,0.208986624
7802,50,61,307,1292,0.210174048
7802,51,124,73,1730,0.211361472
7802,52,228,752,2538,0.212548896
7802,53,-127,-8201,-2616,0.213736320
7802,54,262,-17554,43,0.214923744
7802,55,156,-7069,1028,0.216111168
7802,56,-130,-785,2029,0.217298592
7802,57,291,-8416,877,0.218486016
7802,58,229,-9990,-938,0.219673440
7802,59,275,-5463,-1679,0.220860864
7802,60,452,-6647,-1262,0.222048288
7802,61,400,-7070,-1343,0.223235712
7802,62,508,-9030,-1992,0.224423136
7802,63,752,-13442,-2345,0.225610560
7802,64,519,-10034,-2402,0.226797984
7803,1,366,-1571,-1214,0.227985408
7803,2,-78,-900,-627,0.229172832
7803,3,325,-9931,-3010,0.230360256
7803,4,293,-11058,-2165,0.231547680
7803,5,-69,-2350,-185,0.232735104
7803,6,-121,-4886,-197,0.233922528
7803,7,65,-11363,315,0.235109952
7803,8,-129,-5546,145,0.236297376
7803,9,-25,-2312,-492,0.237484800
7803,10,-69,-12732,-480,0.238672224
7803,11,261,-12088,115,0.239859648
7803,12,262,-871,595,0.241047072
7803,13,151,-877,2272,0.242234496
7803,14,-1,-4758,-543,0.243421920
7803,15,15,-6963,591,0.244609344
7803,16,235,-3735,1781,0.245796768
7803,17,71,-182,1475,0.246984192
7803,18,-502,-709,2563,0.248171616
7803,19,-792,66,2763,0.249359040
7803,20,-399,1786,2270,0.250546464
7803,21,-440,1920,3861,0.251733888
7803,22,-443,4125,2806,0.252921312
7803,23,-259,2687,2904,0.254108736
7803,24,-94,475,3007,0.255296160
7803,25,-123,720,2292,0.256483584
7803,26,-151,115,2218,0.257671008
7803,27,130,-320,1122,0.258858432
7803,28,338,-2710,-967,0.260045856
7803,29,307,-13183,76,0.261233280
7803,30,104,-7718,-653,0.262420704
7803,31,-172,-3796,-1492,0.263608128
7803,32,129,-5801,-507,0.264795552
7803,33,-306,-756,-2808,0.265982976
7803,34,-287,-1801,-2211,0.267170400
7803,35,-278,-7845,-1799,0.268357824
7803,36,-180,-4283,-2009,0.269545248
7803,37,-186,488,-567,0.270732672
7803,38,-145,-519,-433,0.271920096
7803,39,34,-983,-2437,0.273107520
7803,40,110,506,-1594,0.274294944
7803,41,514,-47,-2763,0.275482368
7803,42,362,-263,-2464,0.276669792
7803,43,408,264,-1853,0.277857216
7803,44,512,550,-2241,0.279044640
7803,45,391,236,-1437,0.280232064
7803,46,262,-206,-2231,0.281419488
7803,47,107,-99,-2178,0.282606912
7803,48,87,-1998,-2210,0.283794336
7803,49,62,-4437,-1450,0.284981760
7803,50,-71,-4665,-963,0.286169184
7803,51,-214,-6338,1115,0.287356608
7803,52,44,-5124,1512,0.288544032
7803,53,-258,-1832,423,0.289731456
7803,54,17,-7864,928,0.290918880
7803,55,13,-8360,675,0.292106304
7803,56,-148,-8581,1859,0.293293728
7803,57,106,-15824,2710,0.294481152
7803,58,-86,-16669,1689,0.295668576
7803,59,134,-8922,2168,0.296856000
7803,60,-115,-3953,2722,0.298043424
7803,61,-128,-2764,2307,0.299230848
7803,62,-306,-3411,3120,0.300418272
7803,63,-346,-6172,1568,0.301605696
7803,64,-181,-11326,1958,0.302793120
7804,1,-190,-12875,1790,0.303980544
7804,2,-290,-5532,1738,0.305167968
7804,3,-340,-5056,934,0.306355392
7804,4,-231,-13479,-1028,0.307542816
7804,5,-100,-14074,-373,0.308730240
7804,6,4,-6345,484,0.309917664
7804,7,108,-5183,1358,0.311105088
7804,8,64,-4357,841,0.312292512
7804,9,49,-300,-811,0.313479936
7804,10,150,-1046,-859,0.314667360
7804,11,358,-4568,-1305,0.315854784
7804,12,330,-4411,398,0.317042208
7804,13,326,-2415,-831,0.318229632
7804,14,299,-4926,-356,0.319417056
7804,15,314,-6158,-492,0.320604480
7804,16,217,-3377,-898,0.321791904
7804,17,354,-2253,-598,0.322979328
7804,18,311,-1247,-1067,0.324166752
7804,19,132,-123,-714,0.325354176
7804,20,47,-594,466,0.326541600
7804,21,-89,-17,498,0.327729024
7804,22,-116,1068,785,0.328916448
7804,23,-15,1757,-163,0.330103872
7804,24,-94,2117,-875,0.331291296
7804,25,-62,2207,19,0.332478720
7804,26,-197,2006,629,0.333666144
7804,27,-111,496,577,0.334853568
7804,28,194,-350,-186,0.336040992
7804,29,138,39,-652,0.337228416
7804,30,194,-5398,-2161,0.338415840
7804,31,203,-6646,-934,0.339603264
7804,32,25,-2530,-617,0.340790688
7804,33,168,-4310,-269,0.341978112
7804,34,151,-4829,-771,0.343165536
7804,35,-12,85,-725,0.344352960
7804,36,-79,-1748,-1086,0.345540384
7804,37,-9,-11366,-1501,0.346727808
7804,38,-145,-6922,-984,0.347915232
7804,39,-312,-1912,-1127,0.349102656
7804,40,-96,-7358,-231,0.350290080
7804,41,-122,-5137,-1027,0.351477504
7804,42,-217,-4024,-1552,0.352664928
7804,43,-36,-12518,-1345,0.353852352
7804,44,0,-7676,-1381,0.355039776
7804,45,2,-2686,-468,0.356227200
7804,46,176,-9843,128,0.357414624
7804,47,134,-7170,-301,0.358602048
7804,48,-175,-9735,-1261,0.359789472
7804,49,208,-18360,-1285,0.360976896
7804,50,13,-7198,397,0.362164320
7804,51,104,1944,989,0.363351744
7804,52,-300,-3164,2679,0.364539168
7804,53,44,-6057,-150,0.365726592
7804,54,-92,-104,2286,0.366914016
7804,55,200,-3681,774,0.368101440
7804,56,213,-13447,3227,0.369288864
7804,57,243,-9614,2676,0.370476288
7804,58,230,-4523,3456,0.371663712
7804,59,116,-6391,3652,0.372851136
7804,60,27,-6562,1848,0.374038560
7804,61,118,-7309,2416,0.375225984
7804,62,146,-5906,2075,0.376413408
7804,63,45,-3191,3040,0.377600832
7804,64,-220,-3437,2821,0.378788256
7805,1,-238,-5194,2270,0.379975680
7805,2,-104,-3823,1667,0.381163104
7805,3,-350,-2253,1060,0.382350528
7805,4,-35,-2281,669,0.383537952
7805,5,-99,-1137,59,0.384725376
7805,6,63,-133,7,0.385912800
7805,7,98,975,1076,0.387100224
7805,8,-30,39,-1462,0.388287648
7805,9,324,-8877,-3416,0.389475072
7805,10,576,-9736,-3271,0.390662496
7805,11,156,-6024,-1965,0.391849920
7805,12,214,-1104,-1785,0.393037344
7805,13,-171,927,-2124,0.394224768
7805,14,-131,-206,-2244,0.395412192
7805,15,32,-1530,-4317,0.396599616
7805,16,-73,-220,-2717,0.397787040
7805,17,-83,759,-1705,0.398974464
7805,18,-136,282,-2802,0.400161888
7805,19,-10,-180,-1790,0.401349312
7805,20,-86,1721,-3083,0.402536736
7805,21,66,1135,-2681,0.403724160
7805,22,220,-1932,-2000,0.404911584
7805,23,122,-4087,-2702,0.406099008
7805,24,233,-9883,-1851,0.407286432
7805,25,-157,-8165,53,0.408473856
7805,26,-23,486,-987,0.409661280
7805,27,-158,-705,650,0.410848704
7805,28,-141,-1848,-205,0.412036128
7805,29,-151,-581,-652,0.413223552
7805,30,-374,-1106,2699,0.414410976
7805,31,-189,-3742,3727,0.415598400
7805,32,30,-8851,2037,0.416785824
7805,33,82,-9652,2488,0.417973248
7805,34,-36,-10610,1249,0.419160672
7805,35,263,-12812,1271,0.420348096
7805,36,215,-9826,3020,0.421535520
7805,37,323,-3245,2290,0.422722944
7805,38,232,-5943,2912,0.423910368
7805,39,85,-10190,1992,0.425097792
7805,40,125,-5706,2480,0.426285216
7805,41,92,-1924,3113,0.427472640
7805,42,-45,-1003,2601,0.428660064
7805,43,-154,-1942,1620,0.429847488
7805,44,-88,-3254,1653,0.431034912
7805,45,31,-10934,1293,0.432222336
7805,46,321,-13121,872,0.433409760
7805,47,-25,-1815,1179,0.434597184
7805,48,115,396,1237,0.435784608
7805,49,217,-4005,-1882,0.436972032
7805,50,256,-7265,-427,0.438159456
7805,51,356,-7664,-1172,0.439346880
7805,52,168,-11635,-1638,0.440534304
7805,53,152,-10203,-801,0.441721728
7805,54,-38,-3900,-2127,0.442909152
7805,55,-110,-6804,-1960,0.444096576
7805,56,-73,-10559,-2338,0.445284000
7805,57,-219,-5350,-1974,0.446471424
7805,58,-120,-935,-71,0.447658848
7805,59,-143,53,-240,0.448846272
7805,60,-19,724,283,0.450033696
7805,61,-2,2219,292,0.451221120
7805,62,31,1368,-383,0.452408544
7805,63,185,972,-1005,0.453595968
7805,64,105,455,-834,0.454783392
7806,1,22,1029,-704,0.455970816
7806,2,-126,1670,-129,0.457158240
7806,3,-327,1847,-233,0.458345664
7806,4,-145,1437,-1850,0.459533088
7806,5,-297,500,-1298,0.460720512
7806,6,-398,1930,-1326,0.461907936
7806,7,-344,-450,478,0.463095360
7806,8,-263,-5813,-887,0.464282784
7806,9,-121,-11429,-529,0.465470208
7806,10,42,-16009,-1387,0.466657632
7806,11,174,-10876,343,0.467845056
7806,12,322,363,549,0.469032480
7806,13,212,497,1948,0.470219904
7806,14,380,-1265,1545,0.471407328
7806,15,201,848,-395,0.472594752
7806,16,300,-862,1541,0.473782176
7806,17,136,332,395,0.474969600
7806,18,-94,291,571,0.476157024
7806,19,-308,10,-127,0.477344448
7806,20,-525,-511,-1322,0.478531872
7806,21,-689,-3167,-1343,0.479719296
7806,22,-4,-19751,-942,0.480906720
7806,23,389,-19219,763,0.482094144
7806,24,-136,-5247,-332,0.483281568
7806,25,-90,-1861,2574,0.484468992
7806,26,181,-2408,-376,0.485656416
7806,27,412,-5725,658,0.486843840
7806,28,656,-15088,675,0.488031264
7806,29,903,-14659,-446,0.489218688
7806,30,362,-1977,1396,0.490406112
7806,31,305,-2525,2801,0.491593536
7806,32,224,-7800,-185,0.492780960
7806,33,-85,-7714,-339,0.493968384
7806,34,216,-4816,154,0.495155808
7806,35,41,-3239,566,0.496343232
7806,36,-100,-4797,718,0.497530656
7806,37,-143,-13166,595,0.498718080
7806,38,-280,-12805,277,0.499905504
7806,39,-297,-9870,1015,0.501092928
7806,40,195,-7673,673,0.502280352
7806,41,68,-4479,1109,0.503467776
7806,42,123,-392,2211,0.504655200
7806,43,-130,-491,3084,0.505842624
7806,44,242,-4190,1667,0.507030048
7806,45,395,-5686,1537,0.508217472
7806,46,421,-2422,-679,0.509404896
7806,47,242,100,-572,0.510592320
7806,48,-108,-1286,-1192,0.511779744
7806,49,15,-1841,-1124,0.512967168
7806,50,-211,-32,-1443,0.514154592
7806,51,-543,919,-2136,0.515342016
7806,52,-375,250,-1502,0.516529440
7806,53,-307,613,-2154,0.517716864
7806,54,-321,1247,-693,0.518904288
7806,55,-389,907,-931,0.520091712
7806,56,-261,821,-445,0.521279136
7806,57,105,1115,439,0.522466560
7806,58,437,2392,410,0.523653984
7806,59,250,2380,1099,0.524841408
7806,60,210,2219,-785,0.526028832
7806,61,159,2197,-421,0.527216256
7806,62,138,1720,-566,0.528403680
7806,63,260,138,-254,0.529591104
7806,64,118,155,-1084,0.530778528
7807,1,-1768,-5438,-4839,0.531965952
7807,2,673,-22979,-289,0.533153376
7807,3,-1034,-17970,-426,0.534340800
7807,4,-502,-947,-1227,0.535528224
7807,5,-440,-1843,1543,0.536715648
7807,6,-389,-7632,-4023,0.537903072
7807,7,134,-13194,-1115,0.539090496
7807,8,-85,-8960,780,0.540277920
7807,9,308,-3907,2274,0.541465344
7807,10,589,-5136,3982,0.542652768
7807,11,637,-5163,3119,0.543840192
7807,12,1091,-6189,1963,0.545027616
7807,13,464,-6058,1378,0.546215040
7807,14,321,626,-672,0.547402464
7807,15,196,-770,433,0.548589888
7807,16,-116,-2638,-143,0.549777312
7807,17,49,-118,-994,0.550964736
7807,18,-316,-1828,600,0.552152160
7807,19,-907,-6071,-637,0.553339584
7807,20,88,-13617,-525,0.554527008
7807,21,-18,-10340,33,0.555714432
7807,22,166,-1402,1335,0.556901856
7807,23,574,-1485,4304,0.558089280
7807,24,257,-6348,812,0.559276704
7807,25,812,-14183,1378,0.560464128
7807,26,370,-15724,-79,0.561651552
7807,27,848,-10876,701,0.562838976
7807,28,843,-8812,2416,0.564026400
7807,29,284,-11533,1495,0.565213824
7807,30,41,-13126,554,0.566401248
7807,31,-431,-4203,-609,0.567588672
7807,32,-727,491,-507,0.568776096
7807,33,-446,-2772,-363,0.569963520
7807,34,-441,-473,-645,0.571150944
7807,35,-926,1265,297,0.572338368
7807,36,-918,-1771,-495,0.573525792
7807,37,-266,-7622,-1342,0.574713216
7807,38,102,-10023,-818,0.575900640
7807,39,289,-8149,644,0.577088064
7807,40,8,-786,888,0.578275488
7807,41,133,-54,973,0.579462912
7807,42,255,-1559,983,0.580650336
7807,43,238,-5,128,0.581837760
7807,44,267,1444,-698,0.583025184
7807,45,18,-720,-565,0.584212608
7807,46,237,-1404,-2237,0.585400032
7807,47,-254,-1467,-1462,0.586587456
7807,48,-158,-2664,-1865,0.587774880
7807,49,-279,-2166,-1910,0.588962304
7807,50,-289,154,-1757,0.590149728
7807,51,-49,-384,-1209,0.591337152
7807,52,214,-1074,-688,0.592524576
7807,53,-343,-1717,767,0.593712000
7807,54,60,-2156,1342,0.594899424
7807,55,161,-4082,1176,0.596086848
7807,56,472,-2034,1225,0.597274272
7807,57,177,-998,672,0.598461696
7807,58,224,-5775,529,0.599649120
7807,59,260,-4191,870,0.600836544
7807,60,138,932,-5,0.602023968
7807,61,149,-179,716,0.603211392
7807,62,157,-585,-1537,0.604398816
7807,63,-303,-1249,-1544,0.605586240
7807,64,353,-5591,-2021,0.606773664
7808,1,-140,-5339,-1234,0.607961088
7808,2,-150,-1112,-783,0.609148512
7808,3,-143,-4073,-622,0.610335936
7808,4,-44,-5879,569,0.611523360
7808,5,49,-192,813,0.612710784
7808,6,-96,241,1668,0.613898208
7808,7,-67,-4181,667,0.615085632
7808,8,118,-3469,1279,0.616273056
7808,9,31,-5689,1086,0.617460480
7808,10,221,-13043,1097,0.618647904
7808,11,5,-14607,713,0.619835328
7808,12,-172,-8580,-341,0.621022752
7808,13,-39,-9673,-329,0.622210176
7808,14,76,-11010,-730,0.623397600
7808,15,-138,-6490,-103,0.624585024
7808,16,-107,-4850,13,0.625772448
7808,17,-177,-9015,-529,0.626959872
7808,18,-59,-13924,-842,0.628147296
7808,19,138,-12486,-470,0.629334720
7808,20,34,-10585,647,0.630522144
7808,21,-7,-8537,1201,0.631709568
7808,22,6,-5009,1176,0.632896992
7808,23,-24,-4668,630,0.634084416
7808,24,151,-3348,1227,0.635271840
7808,25,-19,-1185,1160,0.636459264
7808,26,263,-1634,1226,0.637646688
7808,27,224,-6284,137,0.638834112
7808,28,247,-5704,-819,0.640021536
7808,29,73,-3592,-52,0.641208960
7808,30,127,-5542,-582,0.642396384
7808,31,355,-4959,-637,0.643583808
7808,32,292,-5158,-1263,0.644771232
7808,33,314,-5126,-717,0.645958656
7808,34,120,-431,113,0.647146080
7808,35,-75,96,1207,0.648333504
7808,36,123,-668,1306,0.649520928
7808,37,-82,722,-451,0.650708352
7808,38,-148,948,1514,0.651895776
7808,39,-123,-43,1080,0.653083200
7808,40,-86,230,1100,0.654270624
7808,41,71,1482,1647,0.655458048
7808,42,-315,2475,245,0.656645472
7808,43,-132,-453,-172,0.657832896
7808,44,78,268,-1241,0.659020320
7808,45,191,1075,190,0.660207744
7808,46,106,-1338,-1204,0.661395168
7808,47,-173,-5010,-1924,0.662582592
7808,48,-169,-4049,-2156,0.663770016
7808,49,28,-5281,-1012,0.664957440
7808,50,15,-2952,-189,0.666144864
7808,51,-274,-142,-650,0.667332288
7808,52,-155,-2143,-659,0.668519712
7808,53,-280,-2078,-529,0.669707136
7808,54,-244,-1235,10,0.670894560
7808,55,-191,-4435,-151,0.672081984
7808,56,-75,-7319,-659,0.673269408
7808,57,48,-7519,-912,0.674456832
7808,58,161,-7238,-1330,0.675644256
7808,59,77,-4708,-741,0.676831680
7808,60,13,-5508,-1194,0.678019104
7808,61,171,-12541,-1685,0.679206528
7808,62,335,-9503,-929,0.680393952
7808,63,179,734,-639,0.681581376
7808,64,-3,-3139,-290,0.682768800
7809,1,108,-10175,283,0.683956224
7809,2,-99,-4987,-268,0.685143648
7809,3,42,-6592,11,0.686331072
7809,4,229,-14287,1371,0.687518496
7809,5,63,-4406,837,0.688705920
7809,6,97,-1899,1936,0.689893344
7809,7,205,-9340,982,0.691080768
7809,8,203,-6529,582,0.692268192
7809,9,311,-4645,625,0.693455616
7809,10,514,-7115,1557,0.694643040
7809,11,465,-1713,1534,0.695830464
7809,12,28,367,1814,0.697017888
7809,13,147,-9481,-385,0.698205312
7809,14,151,-10301,189,0.699392736
7809,15,-59,-3844,1606,0.700580160
7809,16,-18,-8604,1868,0.701767584
7809,17,-64,-6622,2014,0.702955008
7809,18,-460,-635,2208,0.704142432
7809,19,-216,-6549,633,0.705329856
7809,20,-217,-15118,1327,0.706517280
7809,21,-93,-6069,1047,0.707704704
7809,22,-161,-2837,1503,0.708892128
7809,23,-55,-4811,1174,0.710079552
7809,24,-318,-1412,60,0.711266976
7809,25,-167,-4431,-729,0.712454400
7809,26,73,-4173,-37,0.713641824
7809,27,-190,547,-1358,0.714829248
7809,28,14,-516,11,0.716016672
7809,29,-124,464,-1616,0.717204096
7809,30,-220,1557,-967,0.718391520
7809,31,-281,828,-214,0.719578944
7809,32,-317,-901,-2997,0.720766368
7809,33,141,-6817,-2130,0.721953792
7809,34,80,-9116,-2576,0.723141216
7809,35,-145,-4047,470,0.724328640
7809,36,-176,547,-68,0.725516064
7809,37,-90,269,-215,0.726703488
7809,38,288,-3987,-2693,0.727890912
7809,39,472,-5807,-2464,0.729078336
7809,40,206,-4215,-750,0.730265760
7809,41,275,-1849,-1000,0.731453184
7809,42,369,-443,-611,0.732640608
7809,43,99,432,-506,0.733828032
7809,44,261,288,-1889,0.735015456
7809,45,288,-777,-38,0.736202880
7809,46,64,656,84,0.737390304
7809,47,-46,1623,159,0.738577728
7809,48,-97,1406,1894,0.739765152
7809,49,-367,2819,1008,0.740952576
7809,50,-57,530,1604,0.742140000
7809,51,23,-760,1506,0.743327424
7809,52,265,547,536,0.744514848
7809,53,-252,-7250,-1600,0.745702272
7809,54,100,-16473,354,0.746889696
7809,55,249,-6311,1694,0.748077120
7809,56,110,987,1754,0.749264544
7809,57,293,-1384,2037,0.750451968
7809,58,-256,-78,-245,0.751639392
7809,59,578,-6915,1364,0.752826816
7809,60,247,-5452,760,0.754014240
7809,61,-160,-6267,1796,0.755201664
7809,62,113,-14027,1156,0.756389088
7809,63,-182,-6142,-1614,0.757576512
7809,64,-244,-2050,106,0.758763936
7810,1,-269,-5304,918,0.759951360
7810,2,-346,-7383,544,0.761138784
7810,3,-170,-10921,1834,0.762326208
7810,4,-180,-11888,765,0.763513632
7810,5,-153,-12006,348,0.764701056
7810,6,-203,-11147,357,0.765888480
7810,7,-111,-6595,-1585,0.767075904
7810,8,105,-2529,-708,0.768263328
7810,9,49,-6294,-2227,0.769450752
7810,10,332,-9776,-1227,0.770638176
7810,11,389,-8620,397,0.771825600
7810,12,329,-5274,-159,0.773013024
7810,13,236,-3345,268,0.774200448
7810,14,37,-3967,-2235,0.775387872
7810,15,363,-5383,-1082,0.776575296
7810,16,210,-1849,335,0.777762720
7810,17,-63,-1020,882,0.778950144
7810,18,-46,-4753,1008,0.780137568
7810,19,-191,-1875,-396,0.781324992
7810,20,23,1066,517,0.782512416
7810,21,98,-45,1263,0.783699840
7810,22,-77,-2741,-623,0.784887264
7810,23,415,-7981,135,0.786074688
7810,24,-20,-6660,-5,0.787262112
7810,25,228,-2254,962,0.788449536
7810,26,128,-1069,879,0.789636960
7810,27,162,-984,-86,0.790824384
7810,28,279,-4008,-970,0.792011808
7810,29,-12,-3047,-809,0.793199232
7810,30,-213,-302,859,0.794386656
7810,31,-153,-1765,1786,0.795574080
7810,32,-589,-838,583,0.796761504
7810,33,-81,-4653,-617,0.797948928
7810,34,-244,-6686,-1059,0.799136352
7810,35,-205,-767,-653,0.800323776
7810,36,-237,588,781,0.801511200
7810,37,-151,-10,907,0.802698624
7810,38,276,-395,-386,0.803886048
7810,39,214,-1448,-595,0.805073472
7810,40,665,-1888,-1595,0.806260896
7810,41,53,-8024,-2294,0.807448320
7810,42,223,-11113,-2044,0.808635744
7810,43,-3,-9496,-912,0.809823168
7810,44,152,-10597,-1262,0.811010592
7810,45,124,-16655,-617,0.812198016
7810,46,14,-9953,-128,0.813385440
7810,47,-466,-1481,-903,0.814572864
7810,48,-311,-6616,-1109,0.815760288
7810,49,-269,-8385,-637,0.816947712
7810,50,-131,-5245,1123,0.818135136
7810,51,147,-553,1797,0.819322560
7810,52,52,-121,1537,0.820509984
7810,53,414,-1413,742,0.821697408
7810,54,382,-1397,177,0.822884832
7810,55,385,-2222,502,0.824072256
7810,56,367,-8219,160,0.825259680
7810,57,425,-14980,43,0.826447104
7810,58,381,-10486,761,0.827634528
7810,59,-60,-3409,412,0.828821952
7810,60,-209,-4846,540,0.830009376
7810,61,-209,-2914,1450,0.831196800
7810,62,-103,-241,951,0.832384224
7810,63,-146,-1317,2660,0.833571648
7810,64,-315,-826,1726,0.834759072
7811,1,-525,1279,2855,0.835946496
7811,2,144,628,2299,0.837133920
7811,3,168,122,729,0.838321344
7811,4,373,1538,1242,0.839508768
7811,5,118,623,1315,0.840696192
7811,6,218,-62,498,0.841883616
7811,7,246,-334,560,0.843071040
7811,8,50,-116,119,0.844258464
7811,9,-352,-1771,-1121,0.845445888
7811,10,-258,-2205,-1268,0.846633312
7811,11,-507,869,-795,0.847820736
7811,12,-526,-537,480,0.849008160
7811,13,-535,-981,-309,0.850195584
7811,14,-531,-758,128,0.851383008
7811,15,-331,-695,-614,0.852570432
7811,16,-137,-2187,-804,0.853757856
7811,17,73,-5284,-1977,0.854945280
7811,18,276,-8579,-2185,0.856132704
7811,19,52,-10872,-1942,0.857320128
7811,20,263,-8971,-2718,0.858507552
7811,21,224,-10332,-2058,0.859694976
7811,22,280,-12107,-2884,0.860882400
7811,23,224,-5658,-2560,0.862069824
7811,24,-126,-164,-1963,0.863257248
7811,25,-170,-996,-1193,0.864444672
7811,26,-255,-1755,-1319,0.865632096
7811,27,-135,-1754,328,0.866819520
7811,28,13,-3210,36,0.868006944
7811,29,184,-1835,94,0.869194368
7811,30,85,-4008,344,0.870381792
7811,31,468,-9355,-427,0.871569216
7811,32,485,-10221,548,0.872756640
7811,33,561,-9170,689,0.873944064
7811,34,746,-6441,602,0.875131488
7811,35,547,-6569,136,0.876318912
7811,36,294,-8310,-596,0.877506336
7811,37,22,-11283,-406,0.878693760
7811,38,-22,-9957,359,0.879881184
7811,39,87,-10442,903,0.881068608
7811,40,177,-10412,1368,0.882256032
7811,41,-9,-3690,2212,0.883443456
7811,42,-85,-921,2001,0.884630880
7811,43,22,-7181,2733,0.885818304
7811,44,377,-2455,2450,0.887005728
7811,45,253,854,3306,0.888193152
7811,46,449,-7572,2170,0.889380576
7811,47,430,-9584,2594,0.890568000
7811,48,126,-4134,1985,0.891755424
7811,49,-97,-11916,283,0.892942848
7811,50,-124,-15202,22,0.894130272
7811,51,-512,-1267,-43,0.895317696
7811,52,-392,349,1178,0.896505120
7811,53,-1193,-3359,-265,0.897692544
7811,54,-651,-1124,-597,0.898879968
7811,55,-1079,-40,-497,0.900067392
7811,56,-59,-3887,-161,0.901254816
7811,57,-182,-1286,56,0.902442240
7811,58,170,969,950,0.903629664
7811,59,282,-3779,-544,0.904817088
7811,60,151,-10135,-396,0.906004512
7811,61,459,-5522,-1524,0.907191936
7811,62,224,-3388,-604,0.908379360
7811,63,559,-2630,-650,0.909566784
7811,64,-126,781,-1794,0.910754208
7812,1,-313,-3266,-2582,0.911941632
7812,2,-424,-5166,-1728,0.913129056
7812,3,-472,226,-1902,0.914316480
7812,4,-290,127,-183,0.915503904
7812,5,-440,841,-1803,0.916691328
7812,6,-423,1932,-1273,0.917878752
7812,7,7,2237,566,0.919066176
7812,8,258,2065,-621,0.920253600
7812,9,817,1274,179,0.921441024
7812,10,800,1596,-274,0.922628448
7812,11,880,986,307,0.923815872
7812,12,769,413,-178,0.925003296
7812,13,385,554,-117,0.926190720
7812,14,-194,-1680,-1258,0.927378144
7812,15,179,-13600,-2125,0.928565568
7812,16,-299,-15544,-325,0.929752992
7812,17,-57,-2740,-1330,0.930940416
7812,18,-691,1888,211,0.932127840
7812,19,-951,-1343,755,0.933315264
7812,20,-74,-11751,-1983,0.934502688
7812,21,3,-5741,683,0.935690112
7812,22,109,1540,623,0.936877536
7812,23,424,-9156,3154,0.938064960
7812,24,535,-9292,-786,0.939252384
7812,25,484,-6099,1615,0.940439808
7812,26,567,-7720,821,0.941627232
7812,27,440,-8314,680,0.942814656
7812,28,269,-6095,1589,0.944002080
7812,29,-241,-7013,241,0.945189504
7812,30,-310,-8167,1151,0.946376928
7812,31,-837,-6671,-156,0.947564352
7812,32,-729,-6794,147,0.948751776
7812,33,-604,-4013,548,0.949939200
7812,34,-744,-6369,-76,0.951126624
7812,35,-73,-14129,-290,0.952314048
7812,36,112,-8806,1088,0.953501472
7812,37,333,-5856,1648,0.954688896
7812,38,648,-14049,1289,0.955876320
7812,39,440,-17236,465,0.957063744
7812,40,704,-4926,1013,0.958251168
7812,41,611,-2166,2503,0.959438592
7812,42,266,-6544,1558,0.960626016
7812,43,-116,-8201,2276,0.961813440
7812,44,-179,-3288,-122,0.963000864
7812,45,-144,73,830,0.964188288
7812,46,-970,-1910,42,0.965375712
7812,47,-574,-250,-280,0.966563136
7812,48,-166,-1892,-156,0.967750560
7812,49,-244,-5909,-776,0.968937984
7812,50,120,-8007,9,0.970125408
7812,51,233,-2400,27,0.971312832
7812,52,606,1966,1086,0.972500256
7812,53,616,1065,113,0.973687680
7812,54,777,2755,-813,0.974875104
7812,55,724,2863,122,0.976062528
7812,56,451,2496,228,0.977249952
7812,57,192,2100,397,0.978437376
7812,58,-391,1505,-988,0.979624800
7812,59,-375,446,-1954,0.980812224
7812,60,-727,-1532,-2591,0.981999648
7812,61,-552,81,-2399,0.983187072
7812,62,-673,713,-1589,0.984374496
7812,63,-387,-197,-2038,0.985561920
7812,64,-296,311,-1839,0.986749344
7813,1,-503,952,-1048,0.987936768
7813,2,340,821,1831,0.989124192
7813,3,447,-14345,-4972,0.990311616
7813,4,985,-21170,-1566,0.991499040
7813,5,538,-6851,-290,0.992686464
7813,6,76,1887,342,0.993873888
7813,7,194,-805,3123,0.995061312
7813,8,-68,2323,29,0.996248736
7813,9,14,1965,-990,0.997436160
7813,10,-127,1802,-1107,0.998623584
7813,11,-911,1296,367,0.999811008
7813,12,-442,-99,1054,1.000998432
7813,13,-825,-2037,1124,1.002185856
7813,14,-555,-2842,-1603,1.003373280
7813,15,13,-6943,-3099,1.004560704
7813,16,316,-18975,4219,1.005748128
7813,17,653,-12810,478,1.006935552
7813,18,269,-167,811,1.008122976
7813,19,92,-5937,792,1.009310400
7813,20,811,-17124,-230,1.010497824
7813,21,686,-11307,1789,1.011685248
7813,22,729,-742,2670,1.012872672
7813,23,258,-3728,3729,1.014060096
7813,24,-199,-7261,1148,1.015247520
7813,25,60,-10627,2510,1.016434944
7813,26,179,-9662,2676,1.017622368
7813,27,-92,-1535,2560,1.018809792
7813,28,-129,87,-221,1.019997216
7813,29,-202,-1573,-672,1.021184640
7813,30,307,-3284,-157,1.022372064
7813,31,22,-5811,2213,1.023559488
7813,32,-15,-6825,1646,1.024746912
7813,33,213,-6464,-211,1.025934336
7813,34,381,-4698,-144,1.027121760
7813,35,0,1223,-614,1.028309184
7813,36,-58,1197,1934,1.029496608
7813,37,-12,347,1403,1.030684032
7813,38,-110,-541,-550,1.031871456
7813,39,-71,-718,-736,1.033058880
7813,40,-59,-2005,-925,1.034246304
7813,41,-456,-5058,-434,1.035433728
7813,42,-121,-4127,-1954,1.036621152
7813,43,-424,-6818,-3278,1.037808576
7813,44,-204,-10263,-3033,1.038996000
7813,45,-52,-5435,-1848,1.040183424
7813,46,-61,-637,-522,1.041370848
7813,47,-63,-6745,-1254,1.042558272
7813,48,-229,-14432,-3343,1.043745696
7813,49,-91,-11667,-2157,1.044933120
7813,50,94,-4811,-835,1.046120544
7813,51,-54,-5449,115,1.047307968
7813,52,-210,-10729,-400,1.048495392
7813,53,-307,-9267,-1684,1.049682816
7813,54,-297,-7459,-1602,1.050870240
7813,55,-21,-9502,-688,1.052057664
7813,56,66,-6906,-336,1.053245088
7813,57,236,-8218,-765,1.054432512
7813,58,412,-13084,-1765,1.055619936
7813,59,203,-7927,-1789,1.056807360
7813,60,382,-1703,-888,1.057994784
7813,61,711,-4804,-354,1.059182208
7813,62,716,-4758,-213,1.060369632
7813,63,502,-1405,38,1.061557056
7813,64,300,-2371,673,1.062744480
7814,1,170,-1909,1790,1.063931904
7814,2,153,-302,2643,1.065119328
7814,3,126,7,2779,1.066306752
7814,4,232,158,2296,1.067494176
7814,5,137,736,2344,1.068681600
7814,6,67,927,3595,1.069869024
7814,7,72,957,3680,1.071056448
7814,8,-5,456,3010,1.072243872
7814,9,252,886,2638,1.073431296
7814,10,204,958,2237,1.074618720
7814,11,178,46,1851,1.075806144
7814,12,-63,295,1783,1.076993568
7814,13,-374,370,2159,1.078180992
7814,14,-294,-1183,1226,1.079368416
7814,15,-378,-201,1007,1.080555840
7814,16,-572,381,2061,1.081743264
7814,17,-513,-1185,770,1.082930688
7814,18,-598,-7781,-1599,1.084118112
7814,19,-567,-15741,-783,1.085305536
7814,20,-261,-11515,609,1.086492960
7814,21,-179,783,-213,1.087680384
7814,22,-78,-902,1140,1.088867808
7814,23,-117,-13905,-2507,1.090055232
7814,24,234,-11991,-2949,1.091242656
7814,25,-118,-162,-2242,1.092430080
7814,26,-38,-327,-1609,1.093617504
7814,27,185,-6324,-5428,1.094804928
7814,28,111,-10974,-5265,1.095992352
7814,29,-52,-7177,-4161,1.097179776
7814,30,-246,-2367,-3461,1.098367200
7814,31,-276,-4036,-2352,1.099554624
7814,32,286,-11129,-2387,1.100742048
7814,33,429,-6701,-1398,1.101929472
7814,34,-143,1938,-1629,1.103116896
7814,35,7,-1819,-676,1.104304320
7814,36,424,-4209,-2399,1.105491744
7814,37,558,1497,-1590,1.106679168
7814,38,779,995,784,1.107866592
7814,39,425,-309,388,1.109054016
7814,40,560,-2291,681,1.110241440
7814,41,630,-4746,42,1.111428864
7814,42,401,-7452,-843,1.112616288
7814,43,92,-11141,112,1.113803712
7814,44,144,-8006,1647,1.114991136
7814,45,265,-2712,2453,1.116178560
7814,46,67,-2881,3460,1.117365984
7814,47,-501,-2841,2831,1.118553408
7814,48,-314,-6339,3490,1.119740832
7814,49,-29,-4244,4739,1.120928256
7814,50,-28,920,5155,1.122115680
7814,51,-308,-989,6702,1.123303104
7814,52,-206,-6219,610,1.124490528
7814,53,41,-7393,3645,1.125677952
7814,54,-37,-6295,3269,1.126865376
7814,55,-355,-8665,2624,1.128052800
7814,56,-387,-6379,1505,1.129240224
7814,57,-581,-6209,910,1.130427648
7814,58,-329,-9196,-107,1.131615072
7814,59,-543,-6661,115,1.132802496
7814,60,-834,-72,-47,1.133989920
7814,61,-799,-2550,-1322,1.135177344
7814,62,-307,-9651,-1959,1.136364768
7814,63,-174,-6022,-1550,1.137552192
7814,64,-89,-5451,-250,1.138739616
7815,1,159,-8350,-503,1.139927040
7815,2,126,-7320,-2469,1.141114464
7815,3,592,-7365,-2941,1.142301888
7815,4,562,-7165,-2633,1.143489312
7815,5,639,-3548,-1923,1.144676736
7815,6,562,213,-1621,1.145864160
7815,7,177,-881,-3018,1.147051584
7815,8,333,-1444,-3243,1.148239008
7815,9,103,848,-2894,1.149426432
7815,10,-68,-193,-1802,1.150613856
7815,11,203,-1960,-1794,1.151801280
7815,12,97,-1873,-1965,1.152988704
7815,13,320,-857,-1693,1.154176128
7815,14,70,-1289,-556,1.155363552
7815,15,339,-58,-52,1.156550976
7815,16,414,-1065,210,1.157738400
7815,17,816,-2638,-218,1.158925824
7815,18,508,-1911,71,1.160113248
7815,19,572,-3738,576,1.161300672
7815,20,421,-4337,1389,1.162488096
7815,21,327,-4038,922,1.163675520
7815,22,142,-4823,-268,1.164862944
7815,23,-148,-4396,429,1.166050368
7815,24,-268,536,465,1.167237792
7815,25,-440,898,2824,1.168425216
7815,26,-451,-601,2419,1.169612640
7815,27,-624,1231,1855,1.170800064
7815,28,-395,-296,2153,1.171987488
7815,29,-1,-4666,276,1.173174912
7815,30,-199,-4950,3121,1.174362336
7815,31,-147,-1558,2291,1.175549760
7815,32,-537,-6332,1353,1.176737184
7815,33,-100,-7502,355,1.177924608
7815,34,-285,-2472,655,1.179112032
7815,35,-244,-6176,333,1.180299456
7815,36,-264,-10730,-195,1.181486880
7815,37,-659,-5398,-948,1.182674304
7815,38,-509,-5867,-1506,1.183861728
7815,39,-217,-13439,-784,1.185049152
7815,40,-291,-9849,-208,1.186236576
7815,41,-234,-2076,98,1.187424000
7815,42,-127,-3331,-492,1.188611424
7815,43,182,-4318,-983,1.189798848
7815,44,364,-5478,17,1.190986272
7815,45,582,-6700,15,1.192173696
7815,46,611,-8588,1074,1.193361120
7815,47,555,-6978,-651,1.194548544
7815,48,399,-9057,-565,1.195735968
7815,49,541,-7056,-445,1.196923392
7815,50,53,-1516,337,1.198110816
7815,51,142,-6480,-746,1.199298240
7815,52,264,-9775,-520,1.200485664
7815,53,129,-458,-960,1.201673088
7815,54,23,1850,786,1.202860512
7815,55,171,-3089,285,1.204047936
7815,56,263,-5304,-220,1.205235360
7815,57,464,-1691,-497,1.206422784
7815,58,323,-8065,-1144,1.207610208
7815,59,626,-11620,194,1.208797632
7815,60,671,-2121,366,1.209985056
7815,61,630,1666,721,1.211172480
7815,62,361,-1163,1190,1.212359904
7815,63,-68,-836,-2608,1.213547328
7815,64,-10,-3078,-68,1.214734752
7816,1,91,-3652,8,1.215922176
7816,2,-268,-132,504,1.217109600
7816,3,-401,-19,372,1.218297024
7816,4,-472,-73,-886,1.219484448
7816,5,-542,779,-836,1.220671872
7816,6,-264,140,-466,1.221859296
7816,7,-103,-2175,178,1.223046720
7816,8,-214,-1530,-134,1.224234144
7816,9,-42,-532,471,1.225421568
7816,10,-147,-64,456,1.226608992
7816,11,-151,-293,503,1.227796416
7816,12,-252,-290,360,1.228983840
7816,13,-475,-532,-781,1.230171264
7816,14,-488,-1844,-481,1.231358688
7816,15,-755,-1955,179,1.232546112
7816,16,-602,-5142,268,1.233733536
7816,17,-714,-10495,-163,1.234920960
7816,18,-680,-10500,-295,1.236108384
7816,19,-399,-4213,-896,1.237295808
7816,20,-289,-2159,679,1.238483232
7816,21,-108,-8193,90,1.239670656
7816,22,234,-16391,396,1.240858080
7816,23,283,-13081,1159,1.242045504
7816,24,410,-5231,987,1.243232928
7816,25,620,-8705,1102,1.244420352
7816,26,651,-7353,1412,1.245607776
7816,27,361,-1526,780,1.246795200
7816,28,386,-6086,1049,1.247982624
7816,29,136,-4747,595,1.249170048
7816,30,180,-2835,248,1.250357472
7816,31,460,-9277,-304,1.251544896
7816,32,246,-6886,-260,1.252732320
7816,33,349,1631,-177,1.253919744
7816,34,89,-1308,-308,1.255107168
7816,35,790,-4742,-1013,1.256294592
7816,36,567,1441,-88,1.257482016
7816,37,632,-749,-469,1.258669440
7816,38,920,-8414,-575,1.259856864
7816,39,725,-9173,-1747,1.261044288
7816,40,797,-13057,-1631,1.262231712
7816,41,507,-12578,84,1.263419136
7816,42,-34,-3689,-365,1.264606560
7816,43,34,-6532,-229,1.265793984
7816,44,-51,-14084,-974,1.266981408
7816,45,-200,-3285,-730,1.268168832
7816,46,-642,-163,443,1.269356256
7816,47,-427,-8958,-662,1.270543680
7816,48,-389,-9031,-154,1.271731104
7816,49,-365,-5963,-939,1.272918528
7816,50,-345,-10429,57,1.274105952
7816,51,-231,-7562,400,1.275293376
7816,52,-324,-722,659,1.276480800
7816,53,-179,-4882,1042,1.277668224
7816,54,-306,-884,108,1.278855648
7816,55,-574,1933,744,1.280043072
7816,56,-517,-421,2884,1.281230496
7816,57,-443,504,446,1.282417920
7816,58,-522,71,998,1.283605344
7816,59,-812,209,991,1.284792768
7816,60,-661,-816,607,1.285980192
7816,61,-758,-1794,690,1.287167616
7816,62,-204,-1074,234,1.288355040
7816,63,-61,-440,640,1.289542464
7816,64,-9,163,374,1.290729888
7817,1,-123,-1025,947,1.291917312
7817,2,607,-2434,443,1.293104736
7817,3,188,-7455,-631,1.294292160
7817,4,667,-14822,-1301,1.295479584
7817,5,582,-11369,706,1.296667008
7817,6,578,-1939,771,1.297854432
7817,7,411,-1783,1667,1.299041856
7817,8,206,-334,547,1.300229280
7817,9,-6,2023,-752,1.301416704
7817,10,-34,1770,1545,1.302604128
7817,11,142,1687,514,1.303791552
7817,12,281,2554,1201,1.304978976
7817,13,115,1591,248,1.306166400
7817,14,221,-103,-1063,1.307353824
7817,15,275,-189,-1514,1.308541248
7817,16,602,-7702,-5933,1.309728672
7817,17,240,-15634,-522,1.310916096
7817,18,581,-3425,-605,1.312103520
7817,19,-124,1133,-1354,1.313290944
7817,20,381,-5215,-2813,1.314478368
7817,21,1,-5209,-1497,1.315665792
7817,22,412,-8315,-3770,1.316853216
7817,23,202,-17127,985,1.318040640
7817,24,-242,-9483,311,1.319228064
7817,25,73,-7908,-1314,1.320415488
7817,26,33,-15274,-529,1.321602912
7817,27,-152,-4669,-1924,1.322790336
7817,28,-53,2655,115,1.323977760
7817,29,-207,-2457,2465,1.325165184
7817,30,149,-3040,-869,1.326352608
7817,31,-166,-9928,2650,1.327540032
7817,32,-323,-16110,1252,1.328727456
7817,33,-199,-4230,1228,1.329914880
7817,34,-630,317,981,1.331102304
7817,35,-466,-3649,-617,1.332289728
7817,36,-511,-7406,-2829,1.333477152
7817,37,-487,-1819,1617,1.334664576
7817,38,-289,-351,5223,1.335852000
7817,39,-420,-1268,3847,1.337039424
7817,40,-274,-964,3660,1.338226848
7817,41,133,-1152,1950,1.339414272
7817,42,-121,-4885,165,1.340601696
7817,43,212,-14794,639,1.341789120
7817,44,294,-11347,1343,1.342976544
7817,45,163,-2671,537,1.344163968
7817,46,216,-3709,2138,1.345351392
7817,47,169,-12354,-55,1.346538816
7817,48,311,-13809,-140,1.347726240
7817,49,296,-3625,155,1.348913664
7817,50,-75,-54,-193,1.350101088
7817,51,-51,-1557,1338,1.351288512
7817,52,-212,186,665,1.352475936
7817,53,232,212,2344,1.353663360
7817,54,193,503,-563,1.354850784
7817,55,-114,-777,-569,1.356038208
7817,56,362,309,-1175,1.357225632
7817,57,564,1142,300,1.358413056
7817,58,333,1682,1190,1.359600480
7817,59,333,1527,-1263,1.360787904
7817,60,346,624,-2975,1.361975328
7817,61,579,-220,-4306,1.363162752
7817,62,257,-3227,-3623,1.364350176
7817,63,-88,-11250,-1369,1.365537600
7817,64,161,-9739,-2726,1.366725024
7818,1,-144,1355,-3182,1.367912448
7818,2,-109,-140,-1838,1.369099872
7818,3,-45,1093,-2470,1.370287296
7818,4,-28,2870,-1753,1.371474720
7818,5,252,1099,839,1.372662144
7818,6,186,1817,547,1.373849568
7818,7,-75,1748,1073,1.375036992
7818,8,116,-13,1507,1.376224416
7818,9,234,1181,825,1.377411840
7818,10,118,-1818,-13,1.378599264
7818,11,-200,-5909,-2103,1.379786688
7818,12,-626,-8110,-542,1.380974112
7818,13,-507,-8490,-223,1.382161536
7818,14,-531,-4605,1830,1.383348960
7818,15,-671,-2913,1086,1.384536384
7818,16,-487,-7552,-913,1.385723808
7818,17,-337,-14953,-814,1.386911232
7818,18,-304,-10017,499,1.388098656
7818,19,-144,-5393,2369,1.389286080
7818,20,143,-12532,2480,1.390473504
7818,21,400,-13565,1375,1.391660928
7818,22,414,-6627,1051,1.392848352
7818,23,329,-2107,1038,1.394035776
7818,24,298,-9676,167,1.395223200
7818,25,375,-16952,171,1.396410624
7818,26,151,-18128,482,1.397598048
7818,27,257,-12987,854,1.398785472
7818,28,-280,-7177,914,1.399972896
7818,29,-85,-6567,-91,1.401160320
7818,30,38,-6814,257,1.402347744
7818,31,-187,-1224,-208,1.403535168
7818,32,93,216,1564,1.404722592
7818,33,341,-1427,2387,1.405910016
7818,34,337,258,2285,1.407097440
7818,35,772,1321,2614,1.408284864
7818,36,426,745,792,1.409472288
7818,37,738,-235,-407,1.410659712
7818,38,723,-3874,-805,1.411847136
7818,39,-10,-14055,2193,1.413034560
7818,40,-80,-9834,-403,1.414221984
7818,41,-20,139,-946,1.415409408
7818,42,-109,-1078,203,1.416596832
7818,43,-418,3402,-2225,1.417784256
7818,44,-781,4744,-1639,1.418971680
7818,45,-533,5609,401,1.420159104
7818,46,-548,4531,66,1.421346528
7818,47,65,1764,2186,1.422533952
7818,48,293,2306,1449,1.423721376
7818,49,174,4821,831,1.424908800
7818,50,109,342,1302,1.426096224
7818,51,342,-42,-1954,1.427283648
7818,52,145,-922,673,1.428471072
7818,53,-33,-1977,322,1.429658496
7818,54,-102,-2146,-985,1.430845920
7818,55,-81,-13433,-1344,1.432033344
7818,56,-367,-11653,-2240,1.433220768
7818,57,-663,-1009,-4022,1.434408192
7818,58,-719,1217,-3434,1.435595616
7818,59,-586,1755,-2257,1.436783040
7818,60,-304,1615,-1990,1.437970464
7818,61,-242,415,905,1.439157888
7818,62,7,848,-2574,1.440345312
7818,63,21,-1697,-1178,1.441532736
7818,64,747,-3942,-2371,1.442720160
7819,1,497,-10580,-310,1.443907584
7819,2,278,-17858,-1190,1.445095008
7819,3,313,-11720,-551,1.446282432
7819,4,169,-2847,-554,1.447469856
7819,5,20,-8588,-1950,1.448657280
7819,6,217,-16060,-1460,1.449844704
7819,7,-27,-7235,-320,1.451032128
7819,8,-202,-1623,382,1.452219552
7819,9,140,-13268,391,1.453406976
7819,10,-131,-14772,1263,1.454594400
7819,11,175,-6884,1889,1.455781824
7819,12,562,-7838,3068,1.456969248
7819,13,328,-9373,1915,1.458156672
7819,14,632,-10444,2808,1.459344096
7819,15,569,-11594,2593,1.460531520
7819,16,406,-7741,3680,1.461718944
7819,17,403,-3274,4056,1.462906368
7819,18,216,-4838,3260,1.464093792
7819,19,370,-3878,2851,1.465281216
7819,20,-270,548,2652,1.466468640
7819,21,-720,-2034,2297,1.467656064
7819,22,-117,-13182,2526,1.468843488
7819,23,-113,-7662,1545,1.470030912
7819,24,-104,-5197,441,1.471218336
7819,25,-177,-10859,539,1.472405760
7819,26,-403,-4987,-1152,1.473593184
7819,27,213,-1878,951,1.474780608
7819,28,385,-1805,1443,1.475968032
7819,29,-50,1213,-25,1.477155456
7819,30,84,-285,1575,1.478342880
7819,31,121,-731,-158,1.479530304
7819,32,47,206,225,1.480717728
7819,33,-346,1065,-193,1.481905152
7819,34,-908,1276,-1560,1.483092576
7819,35,-863,-1261,-2650,1.484280000
7819,36,-254,-10844,-4445,1.485467424
7819,37,-446,-13132,-2514,1.486654848
7819,38,-521,-5781,-2949,1.487842272
7819,39,-695,-2495,-2289,1.489029696
7819,40,36,-1299,-2936,1.490217120
7819,41,-10,364,-2633,1.491404544
7819,42,109,-3408,-2594,1.492591968
7819,43,464,-5409,-2823,1.493779392
7819,44,222,-1416,-1906,1.494966816
7819,45,515,34,-1877,1.496154240
7819,46,427,-403,-700,1.497341664
7819,47,208,-240,-1591,1.498529088
7819,48,-256,-1278,-1251,1.499716512
7819,49,123,-2858,-1544,1.500903936
7819,50,73,-1491,-780,1.502091360
7819,51,-140,629,-32,1.503278784
7819,52,-708,-1547,-605,1.504466208
7819,53,250,-12668,1048,1.505653632
7819,54,187,-8085,-348,1.506841056
7819,55,278,491,6,1.508028480
7819,56,578,-4158,2238,1.509215904
7819,57,222,-6628,703,1.510403328
7819,58,751,-9151,2250,1.511590752
7819,59,849,-9585,2527,1.512778176
7819,60,771,-5867,2399,1.513965600
7819,61,491,-7874,1992,1.515153024
7819,62,204,-10525,2243,1.516340448
7819,63,137,-9210,2431,1.517527872
7819,64,-133,-6562,2393,1.518715296
7820,1,-377,-6644,1604,1.519902720
7820,2,-126,-2662,1680,1.521090144
7820,3,-380,257,2275,1.522277568
7820,4,-386,-257,2167,1.523464992
7820,5,115,-1703,1430,1.524652416
7820,6,-245,-999,1393,1.525839840
7820,7,388,-1087,1672,1.527027264
7820,8,199,-1676,1559,1.528214688
7820,9,177,381,1347,1.529402112
7820,10,189,-113,1048,1.530589536
7820,11,-98,-1341,419,1.531776960
7820,12,-102,-1116,-136,1.532964384
7820,13,-200,-4872,-1014,1.534151808
7820,14,-417,-9718,-1633,1.535339232
7820,15,-537,-9368,518,1.536526656
7820,16,-703,-4202,-2040,1.537714080
7820,17,-893,-3978,-730,1.538901504
7820,18,-618,-4609,-1853,1.540088928
7820,19,-444,-10032,-1250,1.541276352
7820,20,-149,-6794,-391,1.542463776
7820,21,-244,-926,-825,1.543651200
7820,22,-35,-10387,-1845,1.544838624
7820,23,302,-13576,-1693,1.546026048
7820,24,251,-2971,-1794,1.547213472
7820,25,341,525,18,1.548400896
7820,26,364,-87,-557,1.549588320
7820,27,247,2309,-2401,1.550775744
7820,28,159,1454,118,1.551963168
7820,29,-18,1895,-1375,1.553150592
7820,30,-235,1141,-764,1.554338016
7820,31,-236,-649,-1762,1.555525440
7820,32,386,-9535,-6397,1.556712864
7820,33,-327,-23179,-4831,1.557900288
7820,34,392,-16198,-1336,1.559087712
7820,35,-33,750,-391,1.560275136
7820,36,343,-197,2099,1.561462560
7820,37,885,-680,-355,1.562649984
7820,38,350,288,-345,1.563837408
7820,39,657,1149,1867,1.565024832
7820,40,583,-332,2159,1.566212256
7820,41,579,-1033,1705,1.567399680
7820,42,658,-252,1538,1.568587104
7820,43,243,1480,1533,1.569774528
7820,44,-89,438,3492,1.570961952
7820,45,-420,-1115,666,1.572149376
7820,46,-494,-4403,714,1.573336800
7820,47,228,-4103,1300,1.574524224
7820,48,-611,-2202,2267,1.575711648
7820,49,-451,-5114,2101,1.576899072
7820,50,-484,-8401,762,1.578086496
7820,51,-266,-7278,1330,1.579273920
7820,52,-172,-6183,840,1.580461344
7820,53,-8,-8714,2355,1.581648768
7820,54,93,-7751,3671,1.582836192
7820,55,5,-5701,2259,1.584023616
7820,56,85,-9917,1648,1.585211040
7820,57,148,-2514,475,1.586398464
7820,58,-20,2378,371,1.587585888
7820,59,28,-578,3066,1.588773312
7820,60,-818,-739,-1073,1.589960736
7820,61,164,-9434,-3093,1.591148160
7820,62,-734,-16139,-3552,1.592335584
7820,63,-217,-11751,328,1.593523008
7820,64,-344,211,-356,1.594710432
7821,1,-389,2309,486,1.595897856
7821,2,13,13,421,1.597085280
7821,3,-26,1050,-1561,1.598272704
7821,4,419,-664,137,1.599460128
7821,5,789,-698,402,1.600647552
7821,6,376,402,-1179,1.601834976
7821,7,1150,-1891,-1876,1.603022400
7821,8,87,-4742,-3854,1.604209824
7821,9,596,-7938,-2594,1.605397248
7821,10,275,-6354,-1395,1.606584672
7821,11,252,-2228,-2124,1.607772096
7821,12,141,-5643,-3997,1.608959520
7821,13,27,-12577,-3249,1.610146944
7821,14,-232,-11162,-2452,1.611334368
7821,15,-200,-5515,-761,1.612521792
7821,16,-147,-3106,-467,1.613709216
7821,17,-11,-4401,-1990,1.614896640
7821,18,258,-11933,-240,1.616084064
7821,19,315,-7676,881,1.617271488
7821,20,209,-1353,2450,1.618458912
7821,21,371,-8037,1293,1.619646336
7821,22,538,-12030,-28,1.620833760
7821,23,468,-7986,1153,1.622021184
7821,24,299,-617,2066,1.623208608
7821,25,-271,-4018,1561,1.624396032
7821,26,-147,-13030,-453,1.625583456
7821,27,-352,-11735,-494,1.626770880
7821,28,-238,-2,290,1.627958304
7821,29,-670,758,3423,1.629145728
7821,30,-945,-2827,520,1.630333152
7821,31,-101,-1092,877,1.631520576
7821,32,-202,1435,915,1.632708000
7821,33,93,1531,3087,1.633895424
7821,34,369,724,3667,1.635082848
7821,35,464,1138,3383,1.636270272
7821,36,418,185,2657,1.637457696
7821,37,186,-1905,1649,1.638645120
7821,38,18,-2702,1563,1.639832544
7821,39,267,-4874,1815,1.641019968
7821,40,-4,-7347,1245,1.642207392
7821,41,-300,-8170,-258,1.643394816
7821,42,-538,-5937,-65,1.644582240
7821,43,-539,-1904,468,1.645769664
7821,44,-501,-2591,257,1.646957088
7821,45,-409,-11417,-25,1.648144512
7821,46,-373,-8621,-1538,1.649331936
7821,47,-227,-2402,-897,1.650519360
7821,48,-29,-2306,666,1.651706784
7821,49,197,1234,-221,1.652894208
7821,50,372,2370,680,1.654081632
7821,51,394,799,-705,1.655269056
7821,52,735,-1686,-2772,1.656456480
7821,53,245,-9682,-2550,1.657643904
7821,54,247,-14796,-1907,1.658831328
7821,55,195,-7475,-1939,1.660018752
7821,56,9,-1261,-2930,1.661206176
7821,57,67,-4151,-4822,1.662393600
7821,58,18,-6197,-3930,1.663581024
7821,59,-144,-571,-3458,1.664768448
7821,60,-129,21,-1890,1.665955872
7821,61,-141,-3508,-1698,1.667143296
7821,62,282,-3132,-2765,1.668330720
7821,63,444,-5413,-2044,1.669518144
7821,64,301,-12554,-385,1.670705568
7822,1,347,-7537,45,1.671892992
7822,2,250,-1299,720,1.673080416
7822,3,711,-3779,1204,1.674267840
7822,4,-104,-9963,798,1.675455264
7822,5,192,-10263,308,1.676642688
7822,6,-166,-5487,1580,1.677830112
7822,7,-65,-1445,1022,1.679017536
7822,8,-343,103,1038,1.680204960
7822,9,-1134,-1367,1267,1.681392384
7822,10,262,-4938,2309,1.682579808
7822,11,-428,-3794,2835,1.683767232
7822,12,-154,-3892,2212,1.684954656
7822,13,-203,-5414,2530,1.686142080
7822,14,55,-403,2057,1.687329504
7822,15,72,498,4499,1.688516928
7822,16,66,-1106,4616,1.689704352
7822,17,35,-1447,1607,1.690891776
7822,18,-142,-2591,2472,1.692079200
7822,19,-267,-1969,2231,1.693266624
7822,20,-239,-92,3147,1.694454048
7822,21,-432,-241,2780,1.695641472
7822,22,-541,-1383,1053,1.696828896
7822,23,-416,-1019,738,1.698016320
7822,24,-497,-56,249,1.699203744
7822,25,137,-494,1392,1.700391168
7822,26,-78,-3099,50,1.701578592
7822,27,160,-1740,-463,1.702766016
7822,28,44,-255,-1253,1.703953440
7822,29,327,-362,-644,1.705140864
7822,30,504,-674,-1613,1.706328288
7822,31,628,-5579,-1343,1.707515712
7822,32,128,-5707,-1767,1.708703136
7822,33,94,-3554,-3029,1.709890560
7822,34,82,-7260,-2771,1.711077984
7822,35,72,-6700,-3099,1.712265408
7822,36,-183,-4513,-3479,1.713452832
7822,37,-16,-4588,-3712,1.714640256
7822,38,-135,-4874,-4153,1.715827680
7822,39,241,-6037,-3878,1.717015104
7822,40,112,-8396,-3129,1.718202528
7822,41,428,-12314,-4136,1.719389952
7822,42,638,-15575,-3288,1.720577376
7822,43,670,-10157,-3291,1.721764800
7822,44,641,-4509,-1889,1.722952224
7822,45,408,-8894,-1872,1.724139648
7822,46,430,-9213,-943,1.725327072
7822,47,257,-3195,-556,1.726514496
7822,48,101,-4791,-393,1.727701920
7822,49,-50,-9901,-222,1.728889344
7822,50,-232,-7392,172,1.730076768
7822,51,-151,-7025,998,1.731264192
7822,52,61,-10895,1134,1.732451616
7822,53,-8,-5574,1496,1.733639040
7822,54,-116,-2417,1990,1.734826464
7822,55,281,-4831,3034,1.736013888
7822,56,144,-1680,3574,1.737201312
7822,57,319,174,3640,1.738388736
7822,58,490,-1642,4288,1.739576160
7822,59,76,-2148,3353,1.740763584
7822,60,94,-1683,4326,1.741951008
7822,61,-547,-3329,4010,1.743138432
7822,62,-295,-4419,4311,1.744325856
7822,63,-770,-2734,3946,1.745513280
7822,64,-498,-972,3429,1.746700704
7823,1,-645,-581,3499,1.747888128
7823,2,-715,698,2470,1.749075552
7823,3,-611,588,2882,1.750262976
7823,4,-371,1121,1977,1.751450400
7823,5,0,1806,2346,1.752637824
7823,6,-35,978,1671,1.753825248
7823,7,607,-1665,1611,1.755012672
7823,8,-76,-12032,-2639,1.756200096
7823,9,153,-15016,-1770,1.757387520
7823,10,-93,-5924,-1497,1.758574944
7823,11,141,238,-1243,1.759762368
7823,12,122,-94,-276,1.760949792
7823,13,-382,506,-2208,1.762137216
7823,14,77,-4878,-3912,1.763324640
7823,15,-273,-4877,-4111,1.764512064
7823,16,-224,-3522,-3793,1.765699488
7823,17,46,-3604,-3299,1.766886912
7823,18,89,391,-3045,1.768074336
7823,19,213,2158,-4460,1.769261760
7823,20,189,953,-3550,1.770449184
7823,21,524,-541,-5359,1.771636608
7823,22,613,-1757,-3852,1.772824032
7823,23,795,-11986,-4563,1.774011456
7823,24,592,-17136,-4090,1.775198880
7823,25,501,-8328,-3820,1.776386304
7823,26,228,-1474,-2907,1.777573728
7823,27,49,-2174,-2706,1.778761152
7823,28,-15,-11192,-3037,1.779948576
7823,29,278,-12062,-746,1.781136000
7823,30,137,-2119,474,1.782323424
7823,31,-86,-2856,1993,1.783510848
7823,32,109,-12045,-401,1.784698272
7823,33,132,-12015,-517,1.785885696
7823,34,335,-11906,504,1.787073120
7823,35,413,-16301,1651,1.788260544
7823,36,284,-13509,2942,1.789447968
7823,37,257,-6305,3483,1.790635392
7823,38,210,-7906,3825,1.791822816
7823,39,100,-7396,4195,1.793010240
7823,40,-202,-487,3965,1.794197664
7823,41,-184,-1435,5629,1.795385088
7823,42,-368,-3752,4947,1.796572512
7823,43,-419,-1312,5182,1.797759936
7823,44,-628,-299,6238,1.798947360
7823,45,-904,-1718,5370,1.800134784
7823,46,92,-10170,1960,1.801322208
7823,47,-550,-13163,1662,1.802509632
7823,48,-171,-9315,3511,1.803697056
7823,49,-181,-1246,3778,1.804884480
7823,50,-295,-163,3684,1.806071904
7823,51,-446,-2806,1811,1.807259328
7823,52,-436,-2244,316,1.808446752
7823,53,-255,-4164,89,1.809634176
7823,54,-245,-11988,776,1.810821600
7823,55,-378,-6320,-116,1.812009024
7823,56,-574,-1901,716,1.813196448
7823,57,-335,-7093,-1841,1.814383872
7823,58,-271,-7949,-626,1.815571296
7823,59,13,1533,-2269,1.816758720
7823,60,87,2238,-1522,1.817946144
7823,61,303,647,-1406,1.819133568
7823,62,223,3352,-2624,1.820320992
7823,63,270,3465,-1660,1.821508416
7823,64,329,2390,-2173,1.822695840
7824,1,343,4855,-4019,1.823883264
7824,2,253,5863,-4143,1.825070688
7824,3,-118,6335,-6159,1.826258112
7824,4,186,4347,-3797,1.827445536
7824,5,-116,3003,-3697,1.828632960
7824,6,-121,2383,-3966,1.829820384
7824,7,182,1274,-3879,1.831007808
7824,8,153,1884,-3912,1.832195232
7824,9,238,1747,-3309,1.833382656
7824,10,169,8,-1577,1.834570080
7824,11,424,655,-1151,1.835757504
7824,12,476,672,-680,1.836944928
7824,13,616,525,-770,1.838132352
7824,14,485,2607,-302,1.839319776
7824,15,297,2334,548,1.840507200
7824,16,177,-477,493,1.841694624
7824,17,-34,-269,864,1.842882048
7824,18,-184,-648,1298,1.844069472
7824,19,-322,-1882,2070,1.845256896
7824,20,-646,-4288,2542,1.846444320
7824,21,-313,-10463,-682,1.847631744
7824,22,-624,-17721,4336,1.848819168
7824,23,-294,-15071,2588,1.850006592
7824,24,-91,-6276,3005,1.851194016
7824,25,14,-13134,2992,1.852381440
7824,26,156,-19244,2090,1.853568864
7824,27,36,-11735,3129,1.854756288
7824,28,192,-9990,3641,1.855943712
7824,29,290,-15748,2795,1.857131136
7824,30,366,-18669,3453,1.858318560
7824,31,160,-8197,2989,1.859505984
7824,32,-95,-5860,2392,1.860693408
7824,33,-403,-6978,2126,1.861880832
7824,34,-778,-4633,-13,1.863068256
7824,35,488,-9463,84,1.864255680
7824,36,191,-11801,1327,1.865443104
7824,37,-61,-4658,1140,1.866630528
7824,38,18,-6146,2568,1.867817952
7824,39,118,-10143,451,1.869005376
7824,40,553,-6820,541,1.870192800
7824,41,651,-3624,475,1.871380224
7824,42,624,-9425,158,1.872567648
7824,43,935,-11447,376,1.873755072
7824,44,285,-5998,-178,1.874942496
7824,45,417,-6581,-1070,1.876129920
7824,46,305,-12270,-1891,1.877317344
7824,47,399,-6095,-1777,1.878504768
7824,48,206,3172,-2511,1.879692192
7824,49,-348,847,-929,1.880879616
7824,50,-679,-107,-1873,1.882067040
7824,51,103,473,-3041,1.883254464
7824,52,-58,-2122,-1261,1.884441888
7824,53,348,-8670,-2580,1.885629312
7824,54,79,-4563,-2552,1.886816736
7824,55,-131,1601,-2754,1.888004160
7824,56,125,444,-1582,1.889191584
7824,57,128,1962,-1066,1.890379008
7824,58,-1,3551,-2414,1.891566432
7824,59,363,1922,-1229,1.892753856
7824,60,-47,2200,-1894,1.893941280
7824,61,-298,3754,-826,1.895128704
7824,62,-571,3564,-1855,1.896316128
7824,63,-420,3617,-1497,1.897503552
7824,64,-229,3782,-1907,1.898690976
7825,1,-315,1713,-1016,1.899878400
7825,2,-373,1148,-949,1.901065824
7825,3,-313,1570,-922,1.902253248
7825,4,-339,-416,1431,1.903440672
7825,5,-358,-1034,467,1.904628096
7825,6,-38,-2957,14,1.905815520
7825,7,290,-6145,710,1.907002944
7825,8,4,-13567,-207,1.908190368
7825,9,264,-13805,-302,1.909377792
7825,10,-358,-9240,3060,1.910565216
7825,11,-16,-1648,3135,1.911752640
7825,12,-29,-78,4178,1.912940064
7825,13,65,-5322,3886,1.914127488
7825,14,103,-4754,2109,1.915314912
7825,15,-56,-2668,1075,1.916502336
7825,16,-135,-8389,3527,1.917689760
7825,17,106,-10383,1675,1.918877184
7825,18,121,-3103,2249,1.920064608
7825,19,50,-2036,2699,1.921252032
7825,20,391,-10006,231,1.922439456
7825,21,210,-11284,1272,1.923626880
7825,22,170,-10274,1585,1.924814304
7825,23,559,-9855,1961,1.926001728
7825,24,104,-9420,1856,1.927189152
7825,25,523,-11105,224,1.928376576
7825,26,575,-11359,16,1.929564000
7825,27,301,-3470,-246,1.930751424
7825,28,418,-3978,-474,1.931938848
7825,29,357,-13080,-600,1.933126272
7825,30,476,-8445,-473,1.934313696
7825,31,424,-3015,-986,1.935501120
7825,32,262,-5111,-1309,1.936688544
7825,33,245,-3763,-2138,1.937875968
7825,34,131,224,-2273,1.939063392
7825,35,-69,-545,-436,1.940250816
7825,36,-116,-852,-1742,1.941438240
7825,37,-366,582,-722,1.942625664
7825,38,-302,924,-912,1.943813088
7825,39,-407,1837,-1126,1.945000512
7825,40,-693,1633,-1089,1.946187936
7825,41,-411,1204,-1342,1.947375360
7825,42,-16,-72,-247,1.948562784
7825,43,-329,-10040,-4356,1.949750208
7825,44,-71,-17943,-2501,1.950937632
7825,45,-472,-8809,-1734,1.952125056
7825,46,-240,733,-1106,1.953312480
7825,47,-115,-1008,149,1.954499904
7825,48,-309,-4748,-1937,1.955687328
7825,49,-244,-7155,-1628,1.956874752
7825,50,-295,-8266,21,1.958062176
7825,51,-568,-5960,1200,1.959249600
7825,52,-554,-4263,906,1.960437024
7825,53,-484,-7299,1585,1.961624448
7825,54,-303,-6357,744,1.962811872
7825,55,-300,-2338,1582,1.963999296
7825,56,-426,-2082,2410,1.965186720
7825,57,-130,-3556,1588,1.966374144
7825,58,326,-2929,2058,1.967561568
7825,59,-10,-6761,1226,1.968748992
7825,60,557,-4256,1093,1.969936416
7825,61,239,1663,906,1.971123840
7825,62,575,-877,2195,1.972311264
7825,63,504,-431,76,1.973498688
7825,64,350,1167,794,1.974686112
7826,1,358,1077,2647,1.975873536
7826,2,230,811,859,1.977060960
7826,3,86,-973,485,1.978248384
7826,4,116,-709,314,1.979435808
7826,5,-95,-1226,649,1.980623232
7826,6,-302,-4627,1385,1.981810656
7826,7,489,-11360,-1058,1.982998080
7826,8,-2,-17505,-1461,1.984185504
7826,9,362,-12268,1461,1.985372928
7826,10,-54,2042,866,1.986560352
7826,11,338,495,3889,1.987747776
7826,12,960,-2075,143,1.988935200
7826,13,-128,-5012,-371,1.990122624
7826,14,701,-7217,-1956,1.991310048
7826,15,303,-9526,-206,1.992497472
7826,16,345,-3250,118,1.993684896
7826,17,224,1244,-842,1.994872320
7826,18,-294,-1271,-973,1.996059744
7826,19,-418,-2753,-1971,1.997247168
7826,20,-420,-3340,-2405,1.998434592
7826,21,-725,-9519,-1885,1.999622016
7826,22,-210,-12794,-1472,2.000809440
7826,23,-556,-1675,-2142,2.001996864
7826,24,-766,-1240,-1284,2.003184288
7826,25,33,-11761,-2523,2.004371712
7826,26,-81,-10566,-1964,2.005559136
7826,27,198,-1853,-1149,2.006746560
7826,28,336,-1015,-209,2.007933984
7826,29,248,-2180,-137,2.009121408
7826,30,515,-1910,-636,2.010308832
7826,31,170,-9384,-548,2.011496256
7826,32,76,-13003,-1672,2.012683680
7826,33,86,-3192,-1090,2.013871104
7826,34,-38,-769,1247,2.015058528
7826,35,-218,-4296,226,2.016245952
7826,36,-480,-5199,966,2.017433376
7826,37,-600,-4866,946,2.018620800
7826,38,-134,-5287,856,2.019808224
7826,39,9,-1459,1743,2.020995648
7826,40,81,-925,2577,2.022183072
7826,41,161,-7949,1647,2.023370496
7826,42,132,-7425,2234,2.024557920
7826,43,387,-3238,1709,2.025745344
7826,44,493,-1485,1949,2.026932768
7826,45,624,169,1519,2.028120192
7826,46,598,430,2037,2.029307616
7826,47,385,-278,1845,2.030495040
7826,48,77,-144,968,2.031682464
7826,49,-500,-83,1750,2.032869888
7826,50,100,470,840,2.034057312
7826,51,-278,418,574,2.035244736
7826,52,-278,364,630,2.036432160
7826,53,-415,-1231,-99,2.037619584
7826,54,-30,-3684,452,2.038807008
7826,55,-142,-2828,555,2.039994432
7826,56,119,-3099,595,2.041181856
7826,57,82,-73,145,2.042369280
7826,58,304,1667,371,2.043556704
7826,59,339,-464,728,2.044744128
7826,60,462,-3858,-1753,2.045931552
7826,61,558,-9350,-1913,2.047118976
7826,62,362,-16534,-2430,2.048306400
7826,63,157,-7596,-1989,2.049493824
7826,64,-296,1447,-2788,2.050681248
7827,1,-394,-5115,-3660,2.051868672
7827,2,-354,-13512,-3846,2.053056096
7827,3,-302,-9851,-3144,2.054243520
7827,4,-539,-7612,-1697,2.055430944
7827,5,-558,-8411,-1916,2.056618368
7827,6,-383,-9215,-2078,2.057805792
7827,7,15,-11366,-2048,2.058993216
7827,8,333,-6136,-1059,2.060180640
7827,9,246,-3126,-831,2.061368064
7827,10,653,-4820,-795,2.062555488
7827,11,540,-6981,-766,2.063742912
7827,12,676,-4698,-72,2.064930336
7827,13,366,-6783,564,2.066117760
7827,14,377,-6193,-666,2.067305184
7827,15,209,-5293,366,2.068492608
7827,16,153,-2017,366,2.069680032
7827,17,-428,-900,961,2.070867456
7827,18,-804,-3253,1807,2.072054880
7827,19,288,-4349,2169,2.073242304
7827,20,-268,-6654,1197,2.074429728
7827,21,54,-9804,2147,2.075617152
7827,22,-83,-5058,2954,2.076804576
7827,23,6,961,3027,2.077992000
7827,24,314,-1078,5972,2.079179424
7827,25,254,-138,2756,2.080366848
7827,26,342,418,2801,2.081554272
7827,27,415,-506,3631,2.082741696
7827,28,80,-349,3509,2.083929120
7827,29,-52,-2294,1862,2.085116544
7827,30,-323,-11312,1511,2.086303968
7827,31,-284,-5318,261,2.087491392
7827,32,-388,1759,101,2.088678816
7827,33,-399,-1979,2421,2.089866240
7827,34,-568,1765,-1766,2.091053664
7827,35,-479,1664,-123,2.092241088
7827,36,-434,1252,1095,2.093428512
7827,37,-98,2550,-1047,2.094615936
7827,38,210,121,1592,2.095803360
7827,39,251,579,-121,2.096990784
7827,40,242,-2101,-2900,2.098178208
7827,41,230,-11484,-1978,2.099365632
7827,42,75,-8541,-2795,2.100553056
7827,43,284,-3183,-2531,2.101740480
7827,44,231,-1698,-2259,2.102927904
7827,45,-89,-908,-4659,2.104115328
7827,46,30,-6175,-4409,2.105302752
7827,47,-3,-5031,-2693,2.106490176
7827,48,-33,2576,-3088,2.107677600
7827,49,-228,-658,-947,2.108865024
7827,50,-228,633,-2848,2.110052448
7827,51,8,1163,-2156,2.111239872
7827,52,655,-620,-1070,2.112427296
7827,53,-375,-12508,-1566,2.113614720
7827,54,469,-18904,-2302,2.114802144
7827,55,365,-12688,-1439,2.115989568
7827,56,496,-4366,171,2.117176992
7827,57,291,-2762,-153,2.118364416
7827,58,116,-9445,-1092,2.119551840
7827,59,390,-3853,-384,2.120739264
7827,60,-105,1405,-292,2.121926688
7827,61,129,-6322,1117,2.123114112
7827,62,179,-13705,1993,2.124301536
7827,63,200,-12477,1838,2.125488960
7827,64,103,-14939,1576,2.126676384
7828,1,-179,-13470,734,2.127863808
7828,2,-64,-6062,1534,2.129051232
7828,3,241,-6975,2812,2.130238656
7828,4,90,-11437,3543,2.131426080
7828,5,-119,-11635,3371,2.132613504
7828,6,-367,-7261,3323,2.133800928
7828,7,-197,-4361,3002,2.134988352
7828,8,-185,-10481,2680,2.136175776
7828,9,-217,-10895,2035,2.137363200
7828,10,-353,-5700,2645,2.138550624
7828,11,-230,-5852,2102,2.139738048
7828,12,-402,-7851,2390,2.140925472
7828,13,-312,-7423,968,2.142112896
7828,14,-15,-4560,1487,2.143300320
7828,15,100,-2951,724,2.144487744
7828,16,100,-623,771,2.145675168
7828,17,7,-857,754,2.146862592
7828,18,-162,57,278,2.148050016
7828,19,-50,1457,578,2.149237440
7828,20,-45,1693,17,2.150424864
7828,21,-23,1351,113,2.151612288
7828,22,-81,1985,-1113,2.152799712
7828,23,-196,2195,-391,2.153987136
7828,24,-447,3470,335,2.155174560
7828,25,-79,2659,-1014,2.156361984
7828,26,279,1104,-643,2.157549408
7828,27,230,3549,-2127,2.158736832
7828,28,-10,3255,-1356,2.159924256
7828,29,177,-16,-1967,2.161111680
7828,30,300,1505,-1761,2.162299104
7828,31,178,2896,-1288,2.163486528
7828,32,364,390,-2468,2.164673952
7828,33,324,-467,-2463,2.165861376
7828,34,-158,2196,-2312,2.167048800
7828,35,78,931,-1908,2.168236224
7828,36,-52,-392,-2553,2.169423648
7828,37,-199,2730,-2228,2.170611072
7828,38,-97,247,-1379,2.171798496
7828,39,-97,-2158,-920,2.172985920
7828,40,60,-373,-1980,2.174173344
7828,41,-25,-747,-489,2.175360768
7828,42,214,-13873,-4262,2.176548192
7828,43,632,-17193,-1889,2.177735616
7828,44,296,-3325,-237,2.178923040
7828,45,226,529,548,2.180110464
7828,46,169,-1893,1224,2.181297888
7828,47,73,-7008,-2778,2.182485312
7828,48,251,-9108,-1654,2.183672736
7828,49,181,-10330,533,2.184860160
7828,50,-200,-6227,339,2.186047584
7828,51,-170,-10927,831,2.187235008
7828,52,-158,-6473,1695,2.188422432
7828,53,-263,1163,1269,2.189609856
7828,54,-27,-5333,2236,2.190797280
7828,55,-146,-12582,3250,2.191984704
7828,56,250,-4997,1986,2.193172128
7828,57,154,-3445,3506,2.194359552
7828,58,-48,-14581,2400,2.195546976
7828,59,397,-10904,3126,2.196734400
7828,60,42,-3420,3497,2.197921824
7828,61,200,-7871,3509,2.199109248
7828,62,-20,-10344,2851,2.200296672
7828,63,-256,-6331,3429,2.201484096
7828,64,37,-5404,4685,2.202671520
7829,1,-237,-6872,3254,2.203858944
7829,2,-496,-7196,1390,2.205046368
7829,3,-203,-10446,-55,2.206233792
7829,4,-176,-10663,1531,2.207421216
7829,5,-120,-1844,2317,2.208608640
7829,6,-274,-1154,1800,2.209796064
7829,7,-134,-7593,-709,2.210983488
7829,8,117,-11900,-958,2.212170912
7829,9,287,-5966,-686,2.213358336
7829,10,-28,176,795,2.214545760
7829,11,562,-322,-27,2.215733184
7829,12,-67,-347,-687,2.216920608
7829,13,374,-6237,-2318,2.218108032
7829,14,336,-4416,-2108,2.219295456
7829,15,-10,1410,-2407,2.220482880
7829,16,211,568,-2489,2.221670304
7829,17,123,1112,-3938,2.222857728
7829,18,-239,1642,-5066,2.224045152
7829,19,-460,1103,-2153,2.225232576
7829,20,386,-6161,-7105,2.226420000
7829,21,67,-15013,-4566,2.227607424
7829,22,350,-6853,-4181,2.228794848
7829,23,-329,185,-3711,2.229982272
7829,24,268,-1331,-390,2.231169696
7829,25,151,-2378,-3204,2.232357120
7829,26,503,-6272,-1537,2.233544544
7829,27,304,-5593,-1594,2.234731968
7829,28,165,-595,-1657,2.235919392
7829,29,337,-5548,-292,2.237106816
7829,30,310,-10845,-713,2.238294240
7829,31,139,-8002,-139,2.239481664
7829,32,-122,-5185,-36,2.240669088
7829,33,-18,-7012,455,2.241856512
7829,34,153,-3657,1265,2.243043936
7829,35,-43,695,1746,2.244231360
7829,36,-282,-537,4114,2.245418784
7829,37,-449,-1444,2479,2.246606208
7829,38,10,-1279,2219,2.247793632
7829,39,282,-1025,2595,2.248981056
7829,40,211,-2332,4050,2.250168480
7829,41,-279,-7249,3542,2.251355904
7829,42,78,-11752,3597,2.252543328
7829,43,47,-7875,3415,2.253730752
7829,44,113,-3940,3771,2.254918176
7829,45,31,-3350,3891,2.256105600
7829,46,-228,-6222,3334,2.257293024
7829,47,80,-5598,2499,2.258480448
7829,48,-306,-3911,2281,2.259667872
7829,49,-134,-6412,1878,2.260855296
7829,50,-212,-8877,1702,2.262042720
7829,51,-279,-8101,1172,2.263230144
7829,52,-257,-7435,219,2.264417568
7829,53,-327,-7429,-135,2.265604992
7829,54,-198,-2371,276,2.266792416
7829,55,-159,-408,911,2.267979840
7829,56,-6,-768,566,2.269167264
7829,57,-163,623,-889,2.270354688
7829,58,-33,172,-856,2.271542112
7829,59,-54,-58,-846,2.272729536
7829,60,26,419,-1493,2.273916960
7829,61,-51,870,-1521,2.275104384
7829,62,-50,-1198,-2549,2.276291808
7829,63,26,-6455,-3076,2.277479232
7829,64,-126,-9381,-3857,2.278666656
7830,1,59,-4640,-4363,2.279854080
7830,2,132,-795,-3121,2.281041504
7830,3,123,428,-3893,2.282228928
7830,4,-33,-6602,-4086,2.283416352
7830,5,277,-7888,-2820,2.284603776
7830,6,104,717,-2078,2.285791200
7830,7,335,-2147,-974,2.286978624
7830,8,346,-5048,-1650,2.288166048
7830,9,266,-1397,-1512,2.289353472
7830,10,360,535,-501,2.290540896
7830,11,250,-390,-418,2.291728320
7830,12,206,238,-280,2.292915744
7830,13,57,747,2020,2.294103168
7830,14,155,940,67,2.295290592
7830,15,121,-437,1337,2.296478016
7830,16,-235,-597,-109,2.297665440
7830,17,-131,-12906,-259,2.298852864
7830,18,-73,-16346,242,2.300040288
7830,19,-267,-8252,732,2.301227712
7830,20,-62,-3053,2544,2.302415136
7830,21,-165,-1821,1918,2.303602560
7830,22,-53,-3337,2166,2.304789984
7830,23,52,-5096,1774,2.305977408
7830,24,-41,-5588,1646,2.307164832
7830,25,296,-6925,2567,2.308352256
7830,26,316,-8999,2947,2.309539680
7830,27,258,-9173,3068,2.310727104
7830,28,-13,-9257,1225,2.311914528
7830,29,-48,-8258,1726,2.313101952
7830,30,8,-3079,1465,2.314289376
7830,31,-135,-993,2125,2.315476800
7830,32,-247,-4150,1959,2.316664224
7830,33,-421,-6238,701,2.317851648
7830,34,-266,-8390,353,2.319039072
7830,35,-246,-10305,1088,2.320226496
7830,36,-248,-6619,655,2.321413920
7830,37,-317,-5791,780,2.322601344
7830,38,-84,-7316,405,2.323788768
7830,39,68,-6923,414,2.324976192
7830,40,278,-3014,67,2.326163616
7830,41,298,-702,91,2.327351040
7830,42,274,-3074,-1220,2.328538464
7830,43,459,-7592,-1083,2.329725888
7830,44,344,-2143,-1264,2.330913312
7830,45,24,-1531,-1653,2.332100736
7830,46,219,-12546,-1818,2.333288160
7830,47,72,-6534,-2703,2.334475584
7830,48,84,2519,-2617,2.335663008
7830,49,9,-336,6,2.336850432
7830,50,-168,1335,-1902,2.338037856
7830,51,83,921,-1354,2.339225280
7830,52,172,-737,-1049,2.340412704
7830,53,332,378,-1880,2.341600128
7830,54,268,881,647,2.342787552
7830,55,118,-574,-1745,2.343974976
7830,56,587,-3001,-1473,2.345162400
7830,57,147,788,-1678,2.346349824
7830,58,303,1292,-1492,2.347537248
7830,59,127,848,177,2.348724672
7830,60,-308,1079,-1570,2.349912096
7830,61,-193,247,-1371,2.351099520
7830,62,-533,-1205,-840,2.352286944
7830,63,-649,-331,-955,2.353474368
7830,64,-111,-3511,-463,2.354661792
7831,1,-615,-4550,248,2.355849216
7831,2,-292,-127,859,2.357036640
7831,3,-306,-2540,1072,2.358224064
7831,4,7,-5259,1879,2.359411488
7831,5,283,-838,1214,2.360598912
7831,6,-1,-3323,1276,2.361786336
7831,7,387,-10021,791,2.362973760
7831,8,340,-11784,803,2.364161184
7831,9,213,-8324,1903,2.365348608
7831,10,196,-2487,1961,2.366536032
7831,11,-219,-1356,1277,2.367723456
7831,12,-671,-3648,301,2.368910880
7831,13,-56,-5412,150,2.370098304
7831,14,-520,-5632,889,2.371285728
7831,15,-281,-13099,1000,2.372473152
7831,16,-13,-15403,1035,2.373660576
7831,17,-125,-7462,1304,2.374848000
7831,18,183,-5507,1247,2.376035424
7831,19,224,-6791,1376,2.377222848
7831,20,419,-6181,345,2.378410272
7831,21,854,-7456,1300,2.379597696
7831,22,713,-6691,1286,2.380785120
7831,23,708,-4682,787,2.381972544
7831,24,633,-9844,-15,2.383159968
7831,25,425,-10508,-1134,2.384347392
7831,26,293,-5426,-1254,2.385534816
7831,27,23,-5197,-1673,2.386722240
7831,28,254,-4011,-660,2.387909664
7831,29,-141,151,-437,2.389097088
7831,30,-8,-8544,-1574,2.390284512
7831,31,75,-15305,-1574,2.391471936
7831,32,-35,-5685,-1216,2.392659360
7831,33,81,-5611,-543,2.393846784
7831,34,381,-12945,-183,2.395034208
7831,35,27,-8769,-600,2.396221632
7831,36,5,-2979,-476,2.397409056
7831,37,233,-4177,316,2.398596480
7831,38,111,717,-1014,2.399783904
7831,39,27,1436,351,2.400971328
7831,40,31,1689,194,2.402158752
7831,41,-394,2248,-891,2.403346176
7831,42,-366,607,-705,2.404533600
7831,43,-524,265,-735,2.405721024
7831,44,-516,-400,-1242,2.406908448
7831,45,-725,-1124,-1032,2.408095872
7831,46,-466,-4145,-1897,2.409283296
7831,47,-283,-11494,1401,2.410470720
7831,48,-321,-5377,471,2.411658144
7831,49,-319,-19,648,2.412845568
7831,50,-253,-3067,1202,2.414032992
7831,51,-147,-364,464,2.415220416
7831,52,-80,-4207,-384,2.416407840
7831,53,118,-15258,761,2.417595264
7831,54,-59,-13576,1180,2.418782688
7831,55,259,-5904,1214,2.419970112
7831,56,-72,-2653,2467,2.421157536
7831,57,-129,-2715,-4,2.422344960
7831,58,-118,-10025,-349,2.423532384
7831,59,-85,-6796,-668,2.424719808
7831,60,205,1492,-766,2.425907232
7831,61,-50,-1882,2825,2.427094656
7831,62,-138,-218,-29,2.428282080
7831,63,-5,1072,514,2.429469504
7831,64,57,97,1795,2.430656928
7832,1,315,-568,-222,2.431844352
7832,2,878,-3290,1009,2.433031776
7832,3,18,-11910,3210,2.434219200
7832,4,796,-7364,750,2.435406624
7832,5,28,-2066,147,2.436594048
7832,6,598,-6694,39,2.437781472
7832,7,627,-1736,-2389,2.438968896
7832,8,290,-1860,-2486,2.440156320
7832,9,632,-9346,-971,2.441343744
7832,10,304,-4066,-853,2.442531168
7832,11,142,-468,1373,2.443718592
7832,12,377,-1828,1334,2.444906016
7832,13,22,1080,-1473,2.446093440
7832,14,-76,2669,-595,2.447280864
7832,15,-102,3394,583,2.448468288
7832,16,212,4586,1973,2.449655712
7832,17,-695,3181,827,2.450843136
7832,18,-303,776,2067,2.452030560
7832,19,-360,525,984,2.453217984
7832,20,-308,339,391,2.454405408
7832,21,-273,-960,274,2.455592832
7832,22,-353,-4460,-1605,2.456780256
7832,23,-213,-21580,-262,2.457967680
7832,24,-60,-13112,955,2.459155104
7832,25,-320,3391,-1734,2.460342528
7832,26,-21,-1267,424,2.461529952
7832,27,-243,1049,-3356,2.462717376
7832,28,-137,373,-3156,2.463904800
7832,29,305,-5769,1668,2.465092224
7832,30,-472,-5393,17,2.466279648
7832,31,-123,-1179,1733,2.467467072
7832,32,-442,-3994,-1072,2.468654496
7832,33,-349,-6431,-962,2.469841920
7832,34,-541,-6089,-1042,2.471029344
7832,35,-487,-6770,-1250,2.472216768
7832,36,-188,-6635,639,2.473404192
7832,37,-331,-5341,-687,2.474591616
7832,38,-157,-8389,566,2.475779040
7832,39,47,-10738,248,2.476966464
7832,40,288,-6710,-447,2.478153888
7832,41,513,-5264,-644,2.479341312
7832,42,580,-7019,-1750,2.480528736
7832,43,688,-10391,-956,2.481716160
7832,44,707,-15092,396,2.482903584
7832,45,674,-12846,352,2.484091008
7832,46,405,-8000,319,2.485278432
7832,47,187,-9150,-1853,2.486465856
7832,48,168,-12056,-1061,2.487653280
7832,49,153,-6451,702,2.488840704
7832,50,-48,-3400,1866,2.490028128
7832,51,24,-8684,1699,2.491215552
7832,52,-32,-8275,427,2.492402976
7832,53,247,-1290,730,2.493590400
7832,54,452,758,1966,2.494777824
7832,55,190,-653,2141,2.495965248
7832,56,628,-1522,1538,2.497152672
7832,57,432,-781,1359,2.498340096
7832,58,676,-1083,1777,2.499527520
7832,59,231,-2133,332,2.500714944
7832,60,600,-2580,1630,2.501902368
7832,61,136,803,-843,2.503089792
7832,62,-383,-10,462,2.504277216
7832,63,-607,103,-774,2.505464640
7832,64,-762,1541,1064,2.506652064
7833,1,-723,2357,2106,2.507839488
7833,2,-896,2041,888,2.509026912
7833,3,-649,610,-404,2.510214336
7833,4,-827,719,-699,2.511401760
7833,5,-199,-433,1603,2.512589184
7833,6,209,-6533,-2860,2.513776608
7833,7,500,-17090,818,2.514964032
7833,8,345,-12283,-675,2.516151456
7833,9,123,-240,-505,2.517338880
7833,10,548,1919,823,2.518526304
7833,11,282,893,418,2.519713728
7833,12,-256,-647,-4048,2.520901152
7833,13,292,-10890,-2466,2.522088576
7833,14,-621,-16407,-2160,2.523276000
7833,15,-524,-10855,-1210,2.524463424
7833,16,-129,-65,-1189,2.525650848
7833,17,-576,1228,-1616,2.526838272
7833,18,-743,314,-3271,2.528025696
7833,19,-257,354,-2493,2.529213120
7833,20,120,3,-232,2.530400544
7833,21,847,-2112,-348,2.531587968
7833,22,417,-6703,-879,2.532775392
7833,23,1224,-14468,-1737,2.533962816
7833,24,846,-11163,-409,2.535150240
7833,25,373,1890,-531,2.536337664
7833,26,639,-29,571,2.537525088
7833,27,506,-2276,-799,2.538712512
7833,28,282,-1480,-1284,2.539899936
7833,29,120,-4029,1052,2.541087360
7833,30,-727,-11938,1872,2.542274784
7833,31,-303,-5188,1484,2.543462208
7833,32,-555,711,843,2.544649632
7833,33,-407,-2369,1405,2.545837056
7833,34,321,-6503,-485,2.547024480
7833,35,317,-6779,1839,2.548211904
7833,36,15,-10011,4177,2.549399328
7833,37,371,-8043,3220,2.550586752
7833,38,-122,-5029,3068,2.551774176
7833,39,534,-7422,2914,2.552961600
7833,40,590,-5407,2860,2.554149024
7833,41,2,-324,1624,2.555336448
7833,42,-170,-1222,2952,2.556523872
7833,43,-669,-26,790,2.557711296
7833,44,-775,1323,1206,2.558898720
7833,45,-163,845,1305,2.560086144
7833,46,-804,1321,-64,2.561273568
7833,47,-970,-1372,937,2.562460992
7833,48,-902,-2985,-1774,2.563648416
7833,49,251,-7272,-1136,2.564835840
7833,50,-298,-12199,-248,2.566023264
7833,51,226,-5409,850,2.567210688
7833,52,-209,1574,-899,2.568398112
7833,53,414,-1443,857,2.569585536
7833,54,150,-814,-1727,2.570772960
7833,55,493,-122,-166,2.571960384
7833,56,225,-2410,31,2.573147808
7833,57,271,-9735,-462,2.574335232
7833,58,321,-11259,-3025,2.575522656
7833,59,-123,-12144,-2894,2.576710080
7833,60,-27,-8755,-3091,2.577897504
7833,61,-152,-5523,-2953,2.579084928
7833,62,-87,-13143,-3773,2.580272352
7833,63,202,-21567,-3805,2.581459776
7833,64,35,-15101,-1124,2.582647200
7834,1,-15,-6456,-353,2.583834624
7834,2,412,-9897,249,2.585022048
7834,3,472,-7895,-1791,2.586209472
7834,4,638,-2703,-1846,2.587396896
7834,5,739,-4888,-757,2.588584320
7834,6,608,-3788,290,2.589771744
7834,7,600,-2439,1476,2.590959168
7834,8,660,-3175,484,2.592146592
7834,9,307,-1802,-378,2.593334016
7834,10,107,-4607,-1484,2.594521440
7834,11,70,-11570,-191,2.595708864
7834,12,54,-9210,-23,2.596896288
7834,13,-18,-2079,562,2.598083712
7834,14,-205,-753,1144,2.599271136
7834,15,-406,270,1559,2.600458560
7834,16,-299,582,2016,2.601645984
7834,17,-182,403,2682,2.602833408
7834,18,-28,-309,2375,2.604020832
7834,19,116,-642,3649,2.605208256
7834,20,62,304,4663,2.606395680
7834,21,11,97,4403,2.607583104
7834,22,-186,490,3715,2.608770528
7834,23,-400,-870,2201,2.609957952
7834,24,-273,-1298,1346,2.611145376
7834,25,-378,-543,1671,2.612332800
7834,26,-520,751,1823,2.613520224
7834,27,-909,1462,2361,2.614707648
7834,28,-864,69,748,2.615895072
7834,29,-895,-283,-278,2.617082496
7834,30,-655,-379,-665,2.618269920
7834,31,-519,-312,176,2.619457344
7834,32,-297,-1304,1018,2.620644768
7834,33,-199,-2609,347,2.621832192
7834,34,-106,-952,-63,2.623019616
7834,35,173,1978,-965,2.624207040
7834,36,589,3570,227,2.625394464
7834,37,677,4690,-741,2.626581888
7834,38,167,3853,-1766,2.627769312
7834,39,344,1441,-2124,2.628956736
7834,40,303,-100,-1795,2.630144160
7834,41,213,-647,-2451,2.631331584
7834,42,-441,-3922,-5135,2.632519008
7834,43,137,-7489,-5168,2.633706432
7834,44,-526,-12927,-4656,2.634893856
7834,45,81,-12107,-1965,2.636081280
7834,46,36,1038,-2770,2.637268704
7834,47,207,-2618,-1915,2.638456128
7834,48,672,-11465,-3081,2.639643552
7834,49,467,-6213,-1673,2.640830976
7834,50,739,-1478,-422,2.642018400
7834,51,802,-11258,-245,2.643205824
7834,52,996,-16130,-899,2.644393248
7834,53,678,-6531,-1082,2.645580672
7834,54,442,-2896,-1375,2.646768096
7834,55,-6,-4695,-916,2.647955520
7834,56,-274,-7081,-1713,2.649142944
7834,57,7,-6525,-1024,2.650330368
7834,58,-236,-3230,262,2.651517792
7834,59,-335,-3398,751,2.652705216
7834,60,-296,-6387,1532,2.653892640
7834,61,-138,-9476,497,2.655080064
7834,62,76,-15872,1096,2.656267488
7834,63,309,-17183,2056,2.657454912
7834,64,246,-8009,3623,2.658642336
7835,1,477,-4046,5150,2.659829760
7835,2,184,-11665,3223,2.661017184
7835,3,210,-16736,3082,2.662204608
7835,4,-17,-9883,3305,2.663392032
7835,5,-86,-6101,3815,2.664579456
7835,6,-230,-7302,3886,2.665766880
7835,7,-919,-7298,2543,2.666954304
7835,8,-768,-10351,1941,2.668141728
7835,9,-804,-17051,1943,2.669329152
7835,10,-501,-13136,1276,2.670516576
7835,11,-229,-5190,1983,2.671704000
7835,12,-168,-1809,1698,2.672891424
7835,13,-263,-7210,1262,2.674078848
7835,14,64,-10535,854,2.675266272
7835,15,-60,-3010,1732,2.676453696
7835,16,393,1156,652,2.677641120
7835,17,337,55,2095,2.678828544
7835,18,414,528,-117,2.680015968
7835,19,411,107,-313,2.681203392
7835,20,-135,-1087,-2183,2.682390816
7835,21,297,-8441,-4812,2.683578240
7835,22,-379,-11920,-2303,2.684765664
7835,23,461,-2501,581,2.685953088
7835,24,125,3998,-4081,2.687140512
7835,25,19,178,556,2.688327936
7835,26,-12,3336,-5121,2.689515360
7835,27,184,3794,-3027,2.690702784
7835,28,513,3710,8,2.691890208
7835,29,147,6185,-1406,2.693077632
7835,30,247,4355,-1834,2.694265056
7835,31,230,1974,-1572,2.695452480
7835,32,520,1057,-3047,2.696639904
7835,33,67,2281,-1712,2.697827328
7835,34,-208,1227,120,2.699014752
7835,35,86,265,-3195,2.700202176
7835,36,76,-2235,-405,2.701389600
7835,37,-611,-864,-2303,2.702577024
7835,38,168,-293,-1329,2.703764448
7835,39,-524,-2254,-1020,2.704951872
7835,40,81,-188,-2411,2.706139296
7835,41,-35,-1453,122,2.707326720
7835,42,-208,-1561,-62,2.708514144
7835,43,259,-1897,1236,2.709701568
7835,44,-168,-1572,1260,2.710888992
7835,45,-47,-1484,1590,2.712076416
7835,46,51,-5925,386,2.713263840
7835,47,-164,-7865,1620,2.714451264
7835,48,-84,-5886,1897,2.715638688
7835,49,-183,-6257,1873,2.716826112
7835,50,-534,-9138,2162,2.718013536
7835,51,-231,-8746,1067,2.719200960
7835,52,-401,-8448,1756,2.720388384
7835,53,-281,-8956,2281,2.721575808
7835,54,-68,-6707,2093,2.722763232
7835,55,-193,-7621,2889,2.723950656
7835,56,200,-9406,1980,2.725138080
7835,57,288,-8643,2561,2.726325504
7835,58,234,-7939,2286,2.727512928
7835,59,505,-8453,2350,2.728700352
7835,60,295,-7869,2105,2.729887776
7835,61,218,-6814,2028,2.731075200
7835,62,306,-6444,1947,2.732262624
7835,63,-8,-2673,1953,2.733450048
7835,64,31,-1339,1608,2.734637472
7836,1,-85,-2102,614,2.735824896
7836,2,-123,-2068,231,2.737012320
7836,3,138,-3363,-114,2.738199744
7836,4,120,-6756,-236,2.739387168
7836,5,274,-7487,-87,2.740574592
7836,6,299,-4195,-451,2.741762016
7836,7,318,-4862,-741,2.742949440
7836,8,657,-4534,-1153,2.744136864
7836,9,545,-2614,-820,2.745324288
7836,10,526,-2322,-823,2.746511712
7836,11,364,-2072,-550,2.747699136
7836,12,-220,-904,-770,2.748886560
7836,13,-136,-7505,-1491,2.750073984
7836,14,-63,-6933,-2415,2.751261408
7836,15,-434,1591,-2787,2.752448832
7836,16,-336,-954,-1459,2.753636256
7836,17,-542,-4465,-4270,2.754823680
7836,18,-184,-5123,-3402,2.756011104
7836,19,-158,-3912,-2310,2.757198528
7836,20,81,-1903,-1775,2.758385952
7836,21,46,-3385,-2950,2.759573376
7836,22,218,-12063,-3204,2.760760800
7836,23,301,-7778,-2207,2.761948224
7836,24,124,2756,-2279,2.763135648
7836,25,79,-239,1397,2.764323072
7836,26,-64,861,-986,2.765510496
7836,27,-571,967,-1358,2.766697920
7836,28,-261,813,338,2.767885344
7836,29,-572,812,-389,2.769072768
7836,30,-557,-1477,1534,2.770260192
7836,31,-685,-1568,-3,2.771447616
7836,32,-410,-4017,-453,2.772635040
7836,33,201,-7232,473,2.773822464
7836,34,49,-10074,2934,2.775009888
7836,35,278,-8163,2343,2.776197312
7836,36,214,-1354,1731,2.777384736
7836,37,601,-1890,2892,2.778572160
7836,38,154,-8080,1092,2.779759584
7836,39,821,-19602,1491,2.780947008
7836,40,402,-19176,4138,2.782134432
7836,41,192,-2038,3476,2.783321856
7836,42,-127,-921,4721,2.784509280
7836,43,-1057,-4747,3911,2.785696704
7836,44,492,-6696,1599,2.786884128
7836,45,119,471,2979,2.788071552
7836,46,-703,-405,3075,2.789258976
7836,47,-96,-2131,1603,2.790446400
7836,48,-93,62,836,2.791633824
7836,49,83,1166,1941,2.792821248
7836,50,410,552,3173,2.794008672
7836,51,420,-2987,-2705,2.795196096
7836,52,911,-8767,-1606,2.796383520
7836,53,760,-8932,-2821,2.797570944
7836,54,203,-4924,681,2.798758368
7836,55,347,-2776,-1004,2.799945792
7836,56,176,-8118,-1620,2.801133216
7836,57,594,-4529,-2103,2.802320640
7836,58,-48,3426,-3662,2.803508064
7836,59,-213,-58,39,2.804695488
7836,60,-398,-1541,-2353,2.805882912
7836,61,-162,-1304,-2272,2.807070336
7836,62,-297,-2875,-2284,2.808257760
7836,63,-82,-4657,-3521,2.809445184
7836,64,0,126,-2961,2.810632608
7837,1,-81,-2724,-2799,2.811820032
7837,2,315,-7394,-3161,2.813007456
7837,3,-416,-3296,-2330,2.814194880
7837,4,-244,-940,-1993,2.815382304
7837,5,116,-1509,-817,2.816569728
7837,6,-93,-854,-1318,2.817757152
7837,7,-303,-3464,-2475,2.818944576
7837,8,-485,-12895,-1775,2.820132000
7837,9,-459,-9984,-136,2.821319424
7837,10,-250,-6075,1032,2.822506848
7837,11,-224,-11223,823,2.823694272
7837,12,-218,-11726,-1010,2.824881696
7837,13,88,-14098,-1056,2.826069120
7837,14,196,-10745,656,2.827256544
7837,15,114,-2994,1648,2.828443968
7837,16,401,-2946,2466,2.829631392
7837,17,229,-8602,1479,2.830818816
7837,18,571,-8386,989,2.832006240
7837,19,349,-3049,2401,2.833193664
7837,20,68,-1196,2946,2.834381088
7837,21,140,-2150,2612,2.835568512
7837,22,-25,-2642,3138,2.836755936
7837,23,53,-692,3089,2.837943360
7837,24,171,-871,3282,2.839130784
7837,25,-106,-2096,2993,2.840318208
7837,26,113,-2400,2609,2.841505632
7837,27,137,-2914,1787,2.842693056
7837,28,264,-7622,710,2.843880480
7837,29,596,-12633,513,2.845067904
7837,30,303,-10912,1870,2.846255328
7837,31,259,-4685,756,2.847442752
7837,32,279,-10395,-616,2.848630176
7837,33,375,-11011,124,2.849817600
7837,34,137,-146,-660,2.851005024
7837,35,53,-687,1178,2.852192448
7837,36,-74,-2152,621,2.853379872
7837,37,-570,468,-1546,2.854567296
7837,38,-125,820,1103,2.855754720
7837,39,-121,-84,-109,2.856942144
7837,40,-88,-270,21,2.858129568
7837,41,-213,-9890,-1221,2.859316992
7837,42,35,-15030,-1685,2.860504416
7837,43,-165,-4333,-1516,2.861691840
7837,44,-466,-466,-1722,2.862879264
7837,45,112,-6828,-3067,2.864066688
7837,46,54,-6274,-3413,2.865254112
7837,47,-174,229,-3379,2.866441536
7837,48,-311,-3147,-2620,2.867628960
7837,49,-354,-7178,-2644,2.868816384
7837,50,-63,-5672,-2461,2.870003808
7837,51,82,-2631,-2056,2.871191232
7837,52,-54,706,-2296,2.872378656
7837,53,-178,997,-1872,2.873566080
7837,54,-55,386,-772,2.874753504
7837,55,156,1410,-994,2.875940928
7837,56,142,1308,192,2.877128352
7837,57,37,1841,313,2.878315776
7837,58,91,1348,1291,2.879503200
7837,59,138,1881,665,2.880690624
7837,60,-397,1449,755,2.881878048
7837,61,-250,-110,1177,2.883065472
7837,62,-239,-625,1123,2.884252896
7837,63,-109,-1844,2233,2.885440320
7837,64,30,-3382,1203,2.886627744
7838,1,8,-5258,1743,2.887815168
7838,2,-32,-9581,2143,2.889002592
7838,3,130,-10235,1579,2.890190016
7838,4,180,-4499,2930,2.891377440
7838,5,265,-617,2641,2.892564864
7838,6,117,-337,3672,2.893752288
7838,7,-24,361,2871,2.894939712
7838,8,144,-858,2066,2.896127136
7838,9,-141,-3207,-214,2.897314560
7838,10,-58,-8053,1057,2.898501984
7838,11,-499,-14653,1190,2.899689408
7838,12,-106,-7529,2669,2.900876832
7838,13,-374,2455,432,2.902064256
7838,14,-418,-528,2290,2.903251680
7838,15,20,-3561,-832,2.904439104
7838,16,434,-5160,954,2.905626528
7838,17,287,-9653,-197,2.906813952
7838,18,327,-16003,-866,2.908001376
7838,19,900,-11239,-1099,2.909188800
7838,20,765,-841,-1144,2.910376224
7838,21,412,-2781,-1469,2.911563648
7838,22,339,-11262,-2067,2.912751072
7838,23,94,-6718,-2932,2.913938496
7838,24,244,-4325,-2216,2.915125920
7838,25,32,-9894,-1824,2.916313344
7838,26,-563,-14284,-3152,2.917500768
7838,27,-203,-11042,-2585,2.918688192
7838,28,-332,-3779,-2468,2.919875616
7838,29,-191,-1730,-2624,2.921063040
7838,30,172,-6435,-1748,2.922250464
7838,31,267,-9430,-1942,2.923437888
7838,32,441,-5732,649,2.924625312
7838,33,313,-2202,-300,2.925812736
7838,34,428,-4058,-276,2.927000160
7838,35,754,-4633,-210,2.928187584
7838,36,599,-1101,-911,2.929375008
7838,37,143,-2819,-17,2.930562432
7838,38,-51,-7934,-167,2.931749856
7838,39,-59,-3797,846,2.932937280
7838,40,-500,272,562,2.934124704
7838,41,-583,-1162,285,2.935312128
7838,42,-854,857,-769,2.936499552
7838,43,-621,1240,287,2.937686976
7838,44,-591,159,3041,2.938874400
7838,45,-82,47,2946,2.940061824
7838,46,86,-758,3822,2.941249248
7838,47,240,-4469,419,2.942436672
7838,48,756,-15302,2860,2.943624096
7838,49,337,-10295,2649,2.944811520
7838,50,-206,660,899,2.945998944
7838,51,196,-1835,4347,2.947186368
7838,52,158,-1785,2001,2.948373792
7838,53,-132,-3105,-573,2.949561216
7838,54,-168,-12252,1018,2.950748640
7838,55,-855,-15531,-753,2.951936064
7838,56,-324,-11560,-748,2.953123488
7838,57,-550,-5058,17,2.954310912
7838,58,-676,-911,-389,2.955498336
7838,59,8,-4005,-825,2.956685760
7838,60,-184,-3659,-504,2.957873184
7838,61,456,695,-1127,2.959060608
7838,62,587,256,584,2.960248032
7838,63,750,-685,838,2.961435456
7838,64,1043,558,646,2.962622880
7839,1,1090,-1556,-240,2.963810304
7839,2,417,-2749,-643,2.964997728
7839,3,163,-1807,-2149,2.966185152
7839,4,252,-575,-1644,2.967372576
7839,5,302,-121,-1690,2.968560000
7839,6,-194,1096,-1982,2.969747424
7839,7,-617,1894,-1600,2.970934848
7839,8,-720,1934,-2068,2.972122272
7839,9,-312,1775,-2453,2.973309696
7839,10,-407,1419,-1001,2.974497120
7839,11,-34,1348,-571,2.975684544
7839,12,-159,902,900,2.976871968
7839,13,188,-150,835,2.978059392
7839,14,553,-2182,1288,2.979246816
7839,15,38,-12439,-1912,2.980434240
7839,16,545,-19081,-238,2.981621664
7839,17,422,-9055,278,2.982809088
7839,18,147,1756,697,2.983996512
7839,19,-166,-1173,2292,2.985183936
7839,20,-526,-523,504,2.986371360
7839,21,-325,-2545,-671,2.987558784
7839,22,-498,-1882,-640,2.988746208
7839,23,-652,-6342,242,2.989933632
7839,24,-543,-6641,-508,2.991121056
7839,25,-541,-1577,464,2.992308480
7839,26,-520,-1828,1193,2.993495904
7839,27,-174,-5551,-917,2.994683328
7839,28,-44,-7923,-1276,2.995870752
7839,29,163,-7026,1274,2.997058176
7839,30,270,-4648,726,2.998245600
7839,31,46,-8584,1778,2.999433024
7839,32,225,-11530,1584,3.000620448
7839,33,346,-7605,274,3.001807872
7839,34,260,-6742,-157,3.002995296
7839,35,118,-4863,-380,3.004182720
7839,36,132,-1049,365,3.005370144
7839,37,126,-2753,1102,3.006557568
7839,38,127,-5437,-120,3.007744992
7839,39,196,-8956,-5,3.008932416
7839,40,297,-12649,-1126,3.010119840
7839,41,603,-13542,-58,3.011307264
7839,42,509,-10958,1240,3.012494688
7839,43,331,-9068,247,3.013682112
7839,44,377,-13827,428,3.014869536
7839,45,326,-13897,129,3.016056960
7839,46,575,-6514,1094,3.017244384
7839,47,279,-2739,2247,3.018431808
7839,48,-8,-5367,1444,3.019619232
7839,49,189,-7153,702,3.020806656
7839,50,36,-7545,473,3.021994080
7839,51,122,-12695,-294,3.023181504
7839,52,147,-10811,465,3.024368928
7839,53,-94,-1483,-837,3.025556352
7839,54,256,-1725,-1365,3.026743776
7839,55,266,-3990,-1678,3.027931200
7839,56,48,-3068,-1649,3.029118624
7839,57,318,-7871,-727,3.030306048
7839,58,106,-8384,-606,3.031493472
7839,59,90,-790,-566,3.032680896
7839,60,-199,796,197,3.033868320
7839,61,-243,70,662,3.035055744
7839,62,-419,848,-288,3.036243168
7839,63,-534,175,-3,3.037430592
7839,64,-397,40,-204,3.038618016
7840,1,-256,1063,-77,3.039805440
7840,2,-29,2356,1235,3.040992864
7840,3,-519,5971,813,3.042180288
7840,4,240,3738,-1221,3.043367712
7840,5,-108,1892,-1143,3.044555136
7840,6,111,3474,-1166,3.045742560
7840,7,33,10452,773,3.046929984
7840,8,-732,14001,2548,3.048117408
7840,9,-358,2464,53,3.049304832
7840,10,-430,-1377,-164,3.050492256
7840,11,-476,-1094,-1188,3.051679680
7840,12,-321,-1707,1892,3.052867104
7840,13,-373,-1409,870,3.054054528
7840,14,-210,-2121,467,3.055241952
7840,15,-13,-2923,871,3.056429376
7840,16,91,-1601,1173,3.057616800
7840,17,527,-2162,2925,3.058804224
7840,18,400,-12718,-2170,3.059991648
7840,19,559,-22013,-332,3.061179072
7840,20,363,-17303,-2575,3.062366496
7840,21,374,-9780,859,3.063553920
7840,22,243,-2071,-99,3.064741344
7840,23,-75,-3713,-855,3.065928768
7840,24,67,-9489,-2437,3.067116192
7840,25,-266,-4254,-1916,3.068303616
7840,26,-241,-916,836,3.069491040
7840,27,-70,-6374,469,3.070678464
7840,28,233,-10763,684,3.071865888
7840,29,267,-7262,-455,3.073053312
7840,30,308,-5723,-789,3.074240736
7840,31,562,-5133,-360,3.075428160
7840,32,762,-4575,-421,3.076615584
7840,33,929,-14074,-1486,3.077803008
7840,34,862,-16618,-1085,3.078990432
7840,35,468,-3735,-1317,3.080177856
7840,36,187,-985,-619,3.081365280
7840,37,-49,-7553,-2070,3.082552704
7840,38,-222,-2504,-1767,3.083740128
7840,39,-497,-324,-139,3.084927552
7840,40,-277,-4636,662,3.086114976
7840,41,-329,-3047,1621,3.087302400
7840,42,-391,135,1668,3.088489824
7840,43,-441,220,2224,3.089677248
7840,44,-152,199,2598,3.090864672
7840,45,65,-3951,979,3.092052096
7840,46,461,-11175,2896,3.093239520
7840,47,-173,-8396,3473,3.094426944
7840,48,-237,-3313,2862,3.095614368
7840,49,-604,-2618,2572,3.096801792
7840,50,-460,-7070,620,3.097989216
7840,51,-626,-9459,-95,3.099176640
7840,52,-762,-2360,1201,3.100364064
7840,53,-869,404,935,3.101551488
7840,54,-1206,-865,2221,3.102738912
7840,55,-744,129,-59,3.103926336
7840,56,-725,1903,121,3.105113760
7840,57,-153,927,736,3.106301184
7840,58,338,-2858,-643,3.107488608
7840,59,382,-11524,72,3.108676032
7840,60,509,-8618,241,3.109863456
7840,61,235,-5488,-1053,3.111050880
7840,62,787,-7975,-699,3.112238304
7840,63,789,-1923,-2194,3.113425728
7840,64,784,889,-2795,3.114613152
7841,1,309,-2866,-1993,3.115800576
7841,2,-211,-4138,-3527,3.116988000
7841,3,225,-6561,-2942,3.118175424
7841,4,369,-7714,-2241,3.119362848
7841,5,180,-1020,-2629,3.120550272
7841,6,-53,-935,-2559,3.121737696
7841,7,520,-6140,-3338,3.122925120
7841,8,786,-10899,-2494,3.124112544
7841,9,858,-9396,-1092,3.125299968
7841,10,657,-3997,-270,3.126487392
7841,11,849,-3258,-140,3.127674816
7841,12,733,-8044,-1557,3.128862240
7841,13,817,-9448,-1337,3.130049664
7841,14,244,-3921,-544,3.131237088
7841,15,-68,-2324,353,3.132424512
7841,16,-32,-5576,262,3.133611936
7841,17,-167,-10730,299,3.134799360
7841,18,-178,-7477,181,3.135986784
7841,19,-616,-1780,621,3.137174208
7841,20,-398,-1756,1370,3.138361632
7841,21,-330,-319,616,3.139549056
7841,22,108,735,3442,3.140736480
7841,23,13,1665,4585,3.141923904
7841,24,111,1545,3578,3.143111328
7841,25,327,1790,4091,3.144298752
7841,26,142,3766,3008,3.145486176
7841,27,-193,2683,2686,3.146673600
7841,28,-358,14,3417,3.147861024
7841,29,-556,-1138,2595,3.149048448
7841,30,-643,-1897,3089,3.150235872
7841,31,-1074,-3916,375,3.151423296
7841,32,-753,-6819,-682,3.152610720
7841,33,-847,-6979,823,3.153798144
7841,34,-447,-6208,449,3.154985568
7841,35,-199,-2238,479,3.156172992
7841,36,-266,-4814,-473,3.157360416
7841,37,23,-12262,-927,3.158547840
7841,38,181,-12017,31,3.159735264
7841,39,416,-6788,278,3.160922688
7841,40,454,-4951,311,3.162110112
7841,41,257,-3156,-801,3.163297536
7841,42,17,-2894,-840,3.164484960
7841,43,-98,-4341,-1851,3.165672384
7841,44,-278,-3470,-1677,3.166859808
7841,45,-310,-11395,-3497,3.168047232
7841,46,-42,-15939,-4016,3.169234656
7841,47,-146,-7131,-2797,3.170422080
7841,48,46,-2669,-2316,3.171609504
7841,49,126,-5070,-1994,3.172796928
7841,50,274,-2273,-3073,3.173984352
7841,51,730,378,-2464,3.175171776
7841,52,1063,-456,-1491,3.176359200
7841,53,1074,814,-223,3.177546624
7841,54,844,647,569,3.178734048
7841,55,795,-320,-564,3.179921472
7841,56,470,119,-1135,3.181108896
7841,57,-298,-220,-709,3.182296320
7841,58,136,-2206,-543,3.183483744
7841,59,-790,-1982,530,3.184671168
7841,60,-52,-2295,-168,3.185858592
7841,61,-894,-4804,-140,3.187046016
7841,62,-382,-1465,166,3.188233440
7841,63,-115,-2298,1209,3.189420864
7841,64,-147,-7723,1432,3.190608288
7842,1,173,-6719,1830,3.191795712
7842,2,172,-3617,2638,3.192983136
7842,3,475,-4771,2753,3.194170560
7842,4,499,-10626,2830,3.195357984
7842,5,374,-9444,2552,3.196545408
7842,6,127,-1498,2399,3.197732832
7842,7,-108,-1370,2882,3.198920256
7842,8,-1235,-3899,1238,3.200107680
7842,9,-706,-5179,813,3.201295104
7842,10,-996,-2001,1662,3.202482528
7842,11,-1387,-1172,638,3.203669952
7842,12,-1081,-3950,-383,3.204857376
7842,13,-655,-5448,-584,3.206044800
7842,14,-382,-7440,-361,3.207232224
7842,15,29,-13347,2,3.208419648
7842,16,339,-10870,-798,3.209607072
7842,17,681,-10081,-131,3.210794496
7842,18,872,-8328,-332,3.211981920
7842,19,548,-3992,278,3.213169344
7842,20,618,-6453,-580,3.214356768
7842,21,449,-14805,-402,3.215544192
7842,22,455,-11386,-581,3.216731616
7842,23,-65,-6010,-877,3.217919040
7842,24,-151,-14127,-1230,3.219106464
7842,25,-199,-14909,-1742,3.220293888
7842,26,-122,-5524,-1309,3.221481312
7842,27,99,-1565,-1247,3.222668736
7842,28,89,-7343,-1863,3.223856160
7842,29,665,-6849,-1289,3.225043584
7842,30,499,1219,216,3.226231008
7842,31,840,868,694,3.227418432
7842,32,685,1117,650,3.228605856
7842,33,897,1546,-361,3.229793280
7842,34,1246,1386,1622,3.230980704
7842,35,105,-1960,-487,3.232168128
7842,36,531,-13243,484,3.233355552
7842,37,-145,-7839,709,3.234542976
7842,38,-334,-1957,-1189,3.235730400
7842,39,-53,-4199,-356,3.236917824
7842,40,-634,-550,-2224,3.238105248
7842,41,-319,2130,-738,3.239292672
7842,42,-262,-464,1478,3.240480096
7842,43,-742,1475,-1628,3.241667520
7842,44,-233,2109,1101,3.242854944
7842,45,220,4044,1062,3.244042368
7842,46,111,3438,2010,3.245229792
7842,47,455,1477,933,3.246417216
7842,48,-109,1696,14,3.247604640
7842,49,-183,268,924,3.248792064
7842,50,-373,-979,1884,3.249979488
7842,51,-491,-1207,2053,3.251166912
7842,52,-427,-2101,1270,3.252354336
7842,53,-785,-2308,-958,3.253541760
7842,54,-754,-862,-462,3.254729184
7842,55,-681,68,-349,3.255916608
7842,56,-870,-438,726,3.257104032
7842,57,-387,-1230,-103,3.258291456
7842,58,-19,-1620,-292,3.259478880
7842,59,211,-3378,-934,3.260666304
7842,60,402,-7283,-581,3.261853728
7842,61,332,-5177,188,3.263041152
7842,62,290,-389,15,3.264228576
7842,63,369,-282,785,3.265416000
7842,64,102,-23,-178,3.266603424
7843,1,166,1071,1127,3.267790848
7843,2,131,1395,1165,3.268978272
7843,3,-121,1481,412,3.270165696
7843,4,-97,-828,918,3.271353120
7843,5,-12,-421,-223,3.272540544
7843,6,405,-3609,36,3.273727968
7843,7,-7,-23353,-77,3.274915392
7843,8,438,-21404,-357,3.276102816
7843,9,697,-1891,-719,3.277290240
7843,10,567,984,-1067,3.278477664
7843,11,642,-1801,736,3.279665088
7843,12,789,-16756,-523,3.280852512
7843,13,911,-19589,-1020,3.282039936
7843,14,77,-11069,-1812,3.283227360
7843,15,463,-11034,-370,3.284414784
7843,16,15,-7521,-3891,3.285602208
7843,17,-217,-7738,-2724,3.286789632
7843,18,-33,-12396,-1228,3.287977056
7843,19,-439,-5271,-2237,3.289164480
7843,20,-272,-617,857,3.290351904
7843,21,220,-2735,-8,3.291539328
7843,22,-123,-5792,-44,3.292726752
7843,23,176,-11240,59,3.293914176
7843,24,103,-5673,-781,3.295101600
7843,25,150,1345,-727,3.296289024
7843,26,50,-9757,-1584,3.297476448
7843,27,475,-16500,151,3.298663872
7843,28,-97,-5368,1029,3.299851296
7843,29,-238,-7146,1044,3.301038720
7843,30,-470,-11048,1454,3.302226144
7843,31,-1032,-2821,-772,3.303413568
7843,32,-751,-5519,1015,3.304600992
7843,33,-676,-11916,2191,3.305788416
7843,34,-705,-1845,2560,3.306975840
7843,35,-580,-1455,3887,3.308163264
7843,36,-367,-9705,1532,3.309350688
7843,37,-130,-7869,1710,3.310538112
7843,38,202,-2558,2272,3.311725536
7843,39,307,-1841,3438,3.312912960
7843,40,317,-2020,2340,3.314100384
7843,41,154,-880,1626,3.315287808
7843,42,19,-770,2155,3.316475232
7843,43,261,-2275,1354,3.317662656
7843,44,-138,-3205,1290,3.318850080
7843,45,-62,-4732,360,3.320037504
7843,46,-182,-3547,-411,3.321224928
7843,47,-524,-1634,-959,3.322412352
7843,48,-26,-10250,-581,3.323599776
7843,49,237,-9449,-298,3.324787200
7843,50,244,2361,-1774,3.325974624
7843,51,379,984,87,3.327162048
7843,52,481,1173,-851,3.328349472
7843,53,959,1840,-1017,3.329536896
7843,54,921,1111,-78,3.330724320
7843,55,864,358,-2584,3.331911744
7843,56,471,312,-2631,3.333099168
7843,57,378,1059,-2839,3.334286592
7843,58,208,2697,-1888,3.335474016
7843,59,-140,1655,-1531,3.336661440
7843,60,-431,2538,-3279,3.337848864
7843,61,-507,1555,-2330,3.339036288
7843,62,-497,1776,-2448,3.340223712
7843,63,-578,2225,-1197,3.341411136
7843,64,-528,-388,-654,3.342598560
7844,1,-411,-1184,-1773,3.343785984
7844,2,732,-6283,-2667,3.344973408
7844,3,-68,-9792,-395,3.346160832
7844,4,366,-2452,422,3.347348256
7844,5,-18,1204,786,3.348535680
7844,6,309,-4623,-48,3.349723104
7844,7,557,-9746,-992,3.350910528
7844,8,-15,-7393,683,3.352097952
7844,9,34,-4847,594,3.353285376
7844,10,-448,-5280,1593,3.354472800
7844,11,-673,-7081,-250,3.355660224
7844,12,-632,-11052,515,3.356847648
7844,13,-656,-7227,1940,3.358035072
7844,14,-764,-532,3239,3.359222496
7844,15,-373,-10620,1998,3.360409920
7844,16,-122,-20127,1338,3.361597344
7844,17,143,-12323,2639,3.362784768
7844,18,301,-4811,3661,3.363972192
7844,19,341,-5154,4347,3.365159616
7844,20,519,-6138,2021,3.366347040
7844,21,435,-8872,909,3.367534464
7844,22,383,-13496,873,3.368721888
7844,23,212,-8412,1756,3.369909312
7844,24,283,-3610,2414,3.371096736
7844,25,-173,-5048,640,3.372284160
7844,26,145,-8492,-1370,3.373471584
7844,27,-329,-10560,-3152,3.374659008
7844,28,120,-12807,-462,3.375846432
7844,29,272,-9670,892,3.377033856
7844,30,275,-3407,1113,3.378221280
7844,31,281,-4329,728,3.379408704
7844,32,199,-10179,-76,3.380596128
7844,33,877,-5764,-156,3.381783552
7844,34,597,995,797,3.382970976
7844,35,556,-1008,1560,3.384158400
7844,36,757,-551,-553,3.385345824
7844,37,340,334,291,3.386533248
7844,38,206,2309,312,3.387720672
7844,39,-435,3089,-1133,3.388908096
7844,40,-753,2673,-1875,3.390095520
7844,41,-523,2509,-2756,3.391282944
7844,42,-426,4665,-1436,3.392470368
7844,43,-786,4425,-340,3.393657792
7844,44,-606,3854,-1294,3.394845216
7844,45,-613,2543,-651,3.396032640
7844,46,-28,2766,-2305,3.397220064
7844,47,117,1994,-225,3.398407488
7844,48,212,1577,362,3.399594912
7844,49,354,1120,853,3.400782336
7844,50,243,-407,464,3.401969760
7844,51,423,-1639,-906,3.403157184
7844,52,534,-916,-192,3.404344608
7844,53,-222,-8619,-3941,3.405532032
7844,54,142,-11894,-1130,3.406719456
7844,55,-371,-1169,-1727,3.407906880
7844,56,-342,245,-578,3.409094304
7844,57,-792,-536,58,3.410281728
7844,58,-642,471,-1856,3.411469152
7844,59,-647,-1215,-447,3.412656576
7844,60,-630,-714,-2022,3.413844000
7844,61,-524,-1425,750,3.415031424
7844,62,133,-8228,-1305,3.416218848
7844,63,370,-15893,1170,3.417406272
7844,64,398,-10221,2480,3.418593696
7845,1,251,525,5,3.419781120
7845,2,586,-5096,481,3.420968544
7845,3,537,-13529,241,3.422155968
7845,4,809,-15980,-1072,3.423343392
7845,5,725,-15925,1699,3.424530816
7845,6,329,-6404,2059,3.425718240
7845,7,85,-5334,-708,3.426905664
7845,8,68,-12486,-1398,3.428093088
7845,9,-179,-10499,-1375,3.429280512
7845,10,125,-6288,1208,3.430467936
7845,11,-6,-8942,2687,3.431655360
7845,12,254,-9630,1867,3.432842784
7845,13,150,-10047,2840,3.434030208
7845,14,245,-7468,2930,3.435217632
7845,15,463,-5614,3370,3.436405056
7845,16,358,-7128,2847,3.437592480
7845,17,618,-4737,2298,3.438779904
7845,18,226,-2763,2202,3.439967328
7845,19,153,-6183,2428,3.441154752
7845,20,271,-6013,2122,3.442342176
7845,21,125,-4781,433,3.443529600
7845,22,-39,-11994,-1525,3.444717024
7845,23,69,-8153,-1607,3.445904448
7845,24,-574,1282,-642,3.447091872
7845,25,-245,-4880,-236,3.448279296
7845,26,-283,-14562,-940,3.449466720
7845,27,-536,-5113,-2407,3.450654144
7845,28,-265,-2951,-1948,3.451841568
7845,29,-155,-9604,-474,3.453028992
7845,30,-168,-581,-143,3.454216416
7845,31,-168,3868,316,3.455403840
7845,32,-381,1179,1384,3.456591264
7845,33,74,2264,-1957,3.457778688
7845,34,243,3620,-515,3.458966112
7845,35,-7,1751,477,3.460153536
7845,36,165,1911,-2253,3.461340960
7845,37,-252,177,-1729,3.462528384
7845,38,-242,112,-3659,3.463715808
7845,39,-746,-1826,-3428,3.464903232
7845,40,384,-12958,-5865,3.466090656
7845,41,-646,-18989,-1471,3.467278080
7845,42,-177,-11678,-1266,3.468465504
7845,43,-156,418,-519,3.469652928
7845,44,-227,-427,-976,3.470840352
7845,45,-288,85,1115,3.472027776
7845,46,261,1388,-221,3.473215200
7845,47,440,-1151,2760,3.474402624
7845,48,75,-1438,2854,3.475590048
7845,49,604,1263,1123,3.476777472
7845,50,348,1857,3440,3.477964896
7845,51,172,1226,28,3.479152320
7845,52,244,1512,-73,3.480339744
7845,53,-69,232,341,3.481527168
7845,54,243,262,-18,3.482714592
7845,55,107,-448,1738,3.483902016
7845,56,-245,-2196,1848,3.485089440
7845,57,253,-5162,15,3.486276864
7845,58,-345,-9920,1520,3.487464288
7845,59,9,-4556,2618,3.488651712
7845,60,184,617,940,3.489839136
7845,61,34,-1767,3760,3.491026560
7845,62,646,408,3689,3.492213984
7845,63,328,1327,2004,3.493401408
7845,64,249,-676,3508,3.494588832
7846,1,236,-274,2277,3.495776256
7846,2,219,-10774,-4905,3.496963680
7846,3,81,-18749,-1060,3.498151104
7846,4,-12,-5642,-426,3.499338528
7846,5,-553,-1289,1531,3.500525952
7846,6,-422,-3438,1213,3.501713376
7846,7,-559,-388,-1590,3.502900800
7846,8,-427,-2360,-1098,3.504088224
7846,9,-118,-2987,-1653,3.505275648
7846,10,-303,-588,908,3.506463072
7846,11,73,-8006,108,3.507650496
7846,12,394,-9261,135,3.508837920
7846,13,-91,-2118,-289,3.510025344
7846,14,23,92,-311,3.511212768
7846,15,220,-3624,-493,3.512400192
7846,16,187,-6475,-1551,3.513587616
7846,17,93,-9190,-1997,3.514775040
7846,18,-330,-9300,-2414,3.515962464
7846,19,-154,-3183,-1121,3.517149888
7846,20,-355,556,-2177,3.518337312
7846,21,-827,103,-2863,3.519524736
7846,22,15,-2566,-3467,3.520712160
7846,23,-569,-4771,-262,3.521899584
7846,24,234,-5482,315,3.523087008
7846,25,274,-8795,879,3.524274432
7846,26,148,-6483,1111,3.525461856
7846,27,336,-2574,655,3.526649280
7846,28,745,-8696,505,3.527836704
7846,29,711,-9952,1315,3.529024128
7846,30,492,-3412,1113,3.530211552
7846,31,154,-3257,1249,3.531398976
7846,32,-41,-7349,233,3.532586400
7846,33,19,-9147,-750,3.533773824
7846,34,-112,-6596,227,3.534961248
7846,35,-314,-2124,-622,3.536148672
7846,36,-445,-4648,-1377,3.537336096
7846,37,-210,-15337,-862,3.538523520
7846,38,225,-14512,382,3.539710944
7846,39,106,-6962,1565,3.540898368
7846,40,270,-3735,1732,3.542085792
7846,41,412,-5237,-18,3.543273216
7846,42,844,-10216,272,3.544460640
7846,43,718,-8420,1543,3.545648064
7846,44,344,-3909,2063,3.546835488
7846,45,208,-6805,1802,3.548022912
7846,46,300,-9439,247,3.549210336
7846,47,196,-5276,-309,3.550397760
7846,48,-302,-1574,-865,3.551585184
7846,49,-388,-3918,-538,3.552772608
7846,50,-489,-2230,-449,3.553960032
7846,51,-351,-1141,-594,3.555147456
7846,52,92,-2468,-384,3.556334880
7846,53,-331,-3145,700,3.557522304
7846,54,225,-3474,-379,3.558709728
7846,55,80,-5163,1524,3.559897152
7846,56,439,-160,-141,3.561084576
7846,57,-16,2058,1595,3.562272000
7846,58,241,-1180,3620,3.563459424
7846,59,172,-980,315,3.564646848
7846,60,166,-800,1314,3.565834272
7846,61,-467,-396,408,3.567021696
7846,62,-421,-3571,-348,3.568209120
7846,63,-369,-1851,-244,3.569396544
7846,64,-496,304,173,3.570583968
7847,1,-249,-1127,-321,3.571771392
7847,2,-840,12,-1538,3.572958816
7847,3,-336,669,-1473,3.574146240
7847,4,-11,240,-279,3.575333664
7847,5,34,-2021,-547,3.576521088
7847,6,423,-942,375,3.577708512
7847,7,-97,-929,-180,3.578895936
7847,8,391,-768,-76,3.580083360
7847,9,115,2482,174,3.581270784
7847,10,72,2352,943,3.582458208
7847,11,258,587,-399,3.583645632
7847,12,123,1038,-1235,3.584833056
7847,13,-87,544,-422,3.586020480
7847,14,-190,999,-1467,3.587207904
7847,15,-442,-531,-1735,3.588395328
7847,16,-244,-4763,-4157,3.589582752
7847,17,311,-12940,-1687,3.590770176
7847,18,104,-9447,-2409,3.591957600
7847,19,244,-834,-1809,3.593145024
7847,20,-61,-9607,-2320,3.594332448
7847,21,356,-19361,-2673,3.595519872
7847,22,526,-14518,-720,3.596707296
7847,23,411,-6549,466,3.597894720
7847,24,419,-10980,1466,3.599082144
7847,25,371,-11382,1364,3.600269568
7847,26,-36,-7625,1098,3.601456992
7847,27,177,-10867,802,3.602644416
7847,28,-98,-7769,1289,3.603831840
7847,29,-250,-4987,290,3.605019264
7847,30,209,-13560,153,3.606206688
7847,31,-65,-16754,97,3.607394112
7847,32,-58,-8384,471,3.608581536
7847,33,-73,-8885,1602,3.609768960
7847,34,88,-9142,1084,3.610956384
7847,35,259,-7867,1030,3.612143808
7847,36,390,-7926,1083,3.613331232
7847,37,204,-5460,2861,3.614518656
7847,38,322,-3124,2956,3.615706080
7847,39,126,-5724,2861,3.616893504
7847,40,233,-3768,2620,3.618080928
7847,41,-76,-4148,1783,3.619268352
7847,42,41,-12062,1871,3.620455776
7847,43,102,-7496,2002,3.621643200
7847,44,-259,1158,1431,3.622830624
7847,45,-212,-1505,2691,3.624018048
7847,46,-277,-5109,-1888,3.625205472
7847,47,72,-3562,-393,3.626392896
7847,48,-164,-77,551,3.627580320
7847,49,-32,845,177,3.628767744
7847,50,-118,359,-36,3.629955168
7847,51,-133,820,135,3.631142592
7847,52,-301,2514,1642,3.632330016
7847,53,-203,3137,93,3.633517440
7847,54,-318,2671,960,3.634704864
7847,55,-391,3249,-1022,3.635892288
7847,56,-270,2060,-166,3.637079712
7847,57,-616,3361,-794,3.638267136
7847,58,-372,3011,-512,3.639454560
7847,59,-270,-717,-1052,3.640641984
7847,60,-89,456,-4113,3.641829408
7847,61,35,-935,-2606,3.643016832
7847,62,10,-531,-2776,3.644204256
7847,63,557,-2259,-4436,3.645391680
7847,64,138,-7649,-3778,3.646579104
7848,1,503,-9932,-4078,3.647766528
7848,2,382,-2622,-1368,3.648953952
7848,3,58,2520,-1173,3.650141376
7848,4,2,-2863,175,3.651328800
7848,5,279,-17440,-691,3.652516224
7848,6,181,-10485,-167,3.653703648
7848,7,-45,1265,-908,3.654891072
7848,8,-46,-2523,1554,3.656078496
7848,9,-752,258,-1112,3.657265920
7848,10,386,-5545,-2711,3.658453344
7848,11,366,-7398,1702,3.659640768
7848,12,69,-4194,599,3.660828192
7848,13,316,-14080,905,3.662015616
7848,14,445,-17006,-2154,3.663203040
7848,15,631,-12387,-1132,3.664390464
7848,16,273,-9340,-904,3.665577888
7848,17,546,-3736,398,3.666765312
7848,18,457,7,2289,3.667952736
7848,19,-16,-4103,1394,3.669140160
7848,20,435,-9696,1896,3.670327584
7848,21,-256,-5592,3129,3.671515008
7848,22,200,-6401,5244,3.672702432
7848,23,166,-7219,3527,3.673889856
7848,24,-253,-9519,2599,3.675077280
7848,25,48,-8356,1898,3.676264704
7848,26,-119,-8275,2991,3.677452128
7848,27,4,-7679,3493,3.678639552
7848,28,-50,-1589,3436,3.679826976
7848,29,19,-171,2059,3.681014400
7848,30,-386,-5686,-943,3.682201824
7848,31,316,-8690,704,3.683389248
7848,32,-397,-381,3477,3.684576672
7848,33,-217,332,3148,3.685764096
7848,34,-483,-155,1592,3.686951520
7848,35,-749,453,2036,3.688138944
7848,36,-268,2097,38,3.689326368
7848,37,-354,1372,2449,3.690513792
7848,38,-831,1151,403,3.691701216
7848,39,-506,1708,-915,3.692888640
7848,40,-519,-1030,-156,3.694076064
7848,41,-248,-594,-1469,3.695263488
7848,42,162,-7823,-2498,3.696450912
7848,43,-147,-9011,-2106,3.697638336
7848,44,108,-922,-3978,3.698825760
7848,45,-99,673,-3488,3.700013184
7848,46,130,1981,-1605,3.701200608
7848,47,479,2737,-2276,3.702388032
7848,48,398,278,-2500,3.703575456
7848,49,499,1482,-4708,3.704762880
7848,50,187,375,-2250,3.705950304
7848,51,71,1325,-1235,3.707137728
7848,52,232,353,-1337,3.708325152
7848,53,219,-4825,-5125,3.709512576
7848,54,47,-11129,-4172,3.710700000
7848,55,94,-7698,-1483,3.711887424
7848,56,-67,-3577,-2396,3.713074848
7848,57,263,-5648,-876,3.714262272
7848,58,274,-6106,-1485,3.715449696
7848,59,254,-2614,-1572,3.716637120
7848,60,487,-3315,-935,3.717824544
7848,61,297,-10223,-1653,3.719011968
7848,62,562,-8847,-334,3.720199392
7848,63,593,-1434,-15,3.721386816
7848,64,421,-7895,-43,3.722574240
7849,1,504,-15361,692,3.723761664
7849,2,54,-7297,1275,3.724949088
7849,3,231,-7300,2145,3.726136512
7849,4,268,-12336,2525,3.727323936
7849,5,-185,-8165,2938,3.728511360
7849,6,-38,-4654,3015,3.729698784
7849,7,-179,-7025,3521,3.730886208
7849,8,-333,-6743,2682,3.732073632
7849,9,-92,-6765,3606,3.733261056
7849,10,-115,-2639,4178,3.734448480
7849,11,-59,16,4422,3.735635904
7849,12,271,-2932,3362,3.736823328
7849,13,-264,-6835,2685,3.738010752
7849,14,357,-3722,3102,3.739198176
7849,15,-420,-3886,3196,3.740385600
7849,16,-106,-3182,3278,3.741573024
7849,17,-110,-541,1688,3.742760448
7849,18,-349,-28,2742,3.743947872
7849,19,-369,-229,1671,3.745135296
7849,20,-590,46,501,3.746322720
7849,21,-729,-113,1093,3.747510144
7849,22,-633,1011,-166,3.748697568
7849,23,-390,-121,900,3.749884992
7849,24,-936,-509,246,3.751072416
7849,25,276,-4728,-2868,3.752259840
7849,26,-138,-11368,-2464,3.753447264
7849,27,121,-5135,-2150,3.754634688
7849,28,-99,1297,-1448,3.755822112
7849,29,-40,-538,-617,3.757009536
7849,30,571,-5833,-3890,3.758196960
7849,31,272,-12644,-3383,3.759384384
7849,32,587,-6891,-3618,3.760571808
7849,33,155,1972,-3108,3.761759232
7849,34,32,-348,-1695,3.762946656
7849,35,-3,1213,-3477,3.764134080
7849,36,78,-233,-4827,3.765321504
7849,37,-46,-1067,-3480,3.766508928
7849,38,83,-5247,-4182,3.767696352
7849,39,400,-3005,-3076,3.768883776
7849,40,20,1088,-2572,3.770071200
7849,41,373,-2658,-3856,3.771258624
7849,42,337,-12592,-2151,3.772446048
7849,43,795,-5172,-2585,3.773633472
7849,44,630,1003,-1504,3.774820896
7849,45,638,-6324,-1162,3.776008320
7849,46,518,-2240,-887,3.777195744
7849,47,162,-4502,432,3.778383168
7849,48,566,-11670,1115,3.779570592
7849,49,61,-5544,1275,3.780758016
7849,50,-170,-1811,1662,3.781945440
7849,51,-46,-13959,911,3.783132864
7849,52,33,-20009,1727,3.784320288
7849,53,-122,-11183,3112,3.785507712
7849,54,-146,-8779,3438,3.786695136
7849,55,-206,-10694,3286,3.787882560
7849,56,-190,-8651,3365,3.789069984
7849,57,-16,-7739,4293,3.790257408
7849,58,-110,-6788,5195,3.791444832
7849,59,-210,-8378,4813,3.792632256
7849,60,-127,-7086,4878,3.793819680
7849,61,-166,-4252,4350,3.795007104
7849,62,-252,-4328,3827,3.796194528
7849,63,-404,-3765,3731,3.797381952
7849,64,-577,-3168,2697,3.798569376
7850,1,-209,-8004,2385,3.799756800
7850,2,-329,-5999,1039,3.800944224
7850,3,-488,-1553,1666,3.802131648
7850,4,-224,-3117,1266,3.803319072
7850,5,-332,-5105,-376,3.804506496
7850,6,-114,-5732,-1216,3.805693920
7850,7,-76,-6006,-1425,3.806881344
7850,8,11,-1260,-145,3.808068768
7850,9,135,754,668,3.809256192
7850,10,-60,-2506,-1396,3.810443616
7850,11,332,-9941,-2394,3.811631040
7850,12,146,-7556,-2724,3.812818464
7850,13,270,-9122,-2229,3.814005888
7850,14,416,-7038,-766,3.815193312
7850,15,-2,2240,-2124,3.816380736
7850,16,-104,415,-2332,3.817568160
7850,17,-23,-7340,-4933,3.818755584
7850,18,190,-5705,-3595,3.819943008
7850,19,295,467,-2375,3.821130432
7850,20,90,1639,-2902,3.822317856
7850,21,97,1268,-2948,3.823505280
7850,22,-32,3174,-3733,3.824692704
7850,23,94,3528,-3070,3.825880128
7850,24,437,2850,-2580,3.827067552
7850,25,368,2290,-3011,3.828254976
7850,26,420,773,-1900,3.829442400
7850,27,361,1448,-1087,3.830629824
7850,28,31,1131,-637,3.831817248
7850,29,250,-91,-605,3.833004672
7850,30,186,-235,-458,3.834192096
7850,31,136,175,-538,3.835379520
7850,32,132,1588,1172,3.836566944
7850,33,-219,3307,2137,3.837754368
7850,34,-202,1855,2387,3.838941792
7850,35,-142,-555,2288,3.840129216
7850,36,-194,-271,1463,3.841316640
7850,37,-56,170,2491,3.842504064
7850,38,-239,-395,3203,3.843691488
7850,39,-215,-1716,3909,3.844878912
7850,40,-268,-2603,3566,3.846066336
7850,41,-403,-2395,3124,3.847253760
7850,42,-225,-1995,3388,3.848441184
7850,43,-372,-2950,2837,3.849628608
7850,44,-74,-6756,2553,3.850816032
7850,45,-335,-16006,3675,3.852003456
7850,46,-167,-13753,1733,3.853190880
7850,47,-339,-7768,2582,3.854378304
7850,48,-129,-7337,1318,3.855565728
7850,49,-237,-11183,112,3.856753152
7850,50,-108,-12973,-684,3.857940576
7850,51,-171,-5772,-117,3.859128000
7850,52,-139,-7031,66,3.860315424
7850,53,231,-13397,-382,3.861502848
7850,54,165,-12921,-495,3.862690272
7850,55,337,-5774,-1009,3.863877696
7850,56,162,-3280,-1034,3.865065120
7850,57,281,-10180,-3030,3.866252544
7850,58,672,-15954,-2194,3.867439968
7850,59,628,-9634,-1067,3.868627392
7850,60,475,-1312,-408,3.869814816
7850,61,327,-8523,-1446,3.871002240
7850,62,589,-13187,-3049,3.872189664
7850,63,682,-5724,-2234,3.873377088
7850,64,467,-1994,-2313,3.874564512
7851,1,370,-4992,-1499,3.875751936
7851,2,465,-5682,-2261,3.876939360
7851,3,567,-6416,-2515,3.878126784
7851,4,470,-8426,-1955,3.879314208
7851,5,127,-2560,-2591,3.880501632
7851,6,273,-947,-1361,3.881689056
7851,7,625,-2205,-1109,3.882876480
7851,8,131,-915,-866,3.884063904
7851,9,-104,-2969,-1168,3.885251328
7851,10,-49,-5157,375,3.886438752
7851,11,78,29,95,3.887626176
7851,12,-55,1604,1221,3.888813600
7851,13,-291,-503,1777,3.890001024
7851,14,-716,1005,806,3.891188448
7851,15,-342,-3614,1779,3.892375872
7851,16,-393,-17658,2058,3.893563296
7851,17,-389,-11287,1992,3.894750720
7851,18,-624,1335,361,3.895938144
7851,19,-649,-2713,2964,3.897125568
7851,20,-427,-5459,-624,3.898312992
7851,21,-635,-3151,1494,3.899500416
7851,22,-383,-615,3343,3.900687840
7851,23,-325,-859,1815,3.901875264
7851,24,-252,-1302,1802,3.903062688
7851,25,-119,458,1169,3.904250112
7851,26,-63,2090,1144,3.905437536
7851,27,-329,1973,1283,3.906624960
7851,28,-173,410,121,3.907812384
7851,29,87,-236,423,3.908999808
7851,30,-27,714,1498,3.910187232
7851,31,-203,-1749,1129,3.911374656
7851,32,-246,-5479,-1076,3.912562080
7851,33,-25,-5186,-853,3.913749504
7851,34,305,-9012,-12,3.914936928
7851,35,344,-8254,-526,3.916124352
7851,36,277,-1169,172,3.917311776
7851,37,441,-2240,1684,3.918499200
7851,38,527,-8631,-2850,3.919686624
7851,39,773,-15430,-2347,3.920874048
7851,40,718,-7197,-856,3.922061472
7851,41,619,1483,-1021,3.923248896
7851,42,440,-2427,2066,3.924436320
7851,43,154,-2721,-1419,3.925623744
7851,44,30,-2449,-1426,3.926811168
7851,45,109,-5405,-1107,3.927998592
7851,46,86,-2127,-1816,3.929186016
7851,47,91,1308,-450,3.930373440
7851,48,80,-963,-93,3.931560864
7851,49,-264,-4013,-2770,3.932748288
7851,50,102,-2696,-1297,3.933935712
7851,51,99,-4153,-409,3.935123136
7851,52,725,-5683,-686,3.936310560
7851,53,289,-202,-1043,3.937497984
7851,54,41,-1816,-1091,3.938685408
7851,55,423,-4776,-615,3.939872832
7851,56,80,-4373,-996,3.941060256
7851,57,103,-7084,-595,3.942247680
7851,58,-265,-9110,-998,3.943435104
7851,59,-631,-4678,-561,3.944622528
7851,60,-537,-3298,1247,3.945809952
7851,61,-921,-8988,136,3.946997376
7851,62,-850,-13637,363,3.948184800
7851,63,-654,-10323,371,3.949372224
7851,64,-380,-2067,1504,3.950559648
7852,1,-190,-2639,2806,3.951747072
7852,2,-326,-7850,2213,3.952934496
7852,3,-305,-7839,2194,3.954121920
7852,4,18,-5383,1281,3.955309344
7852,5,21,-8063,2042,3.956496768
7852,6,36,-8034,2512,3.957684192
7852,7,138,-131,2214,3.958871616
7852,8,-424,-1284,2538,3.960059040
7852,9,-338,-4827,284,3.961246464
7852,10,-163,-1491,123,3.962433888
7852,11,69,265,1371,3.963621312
7852,12,-216,-1076,1260,3.964808736
7852,13,-162,-32,609,3.965996160
7852,14,-51,704,706,3.967183584
7852,15,36,1210,528,3.968371008
7852,16,317,495,879,3.969558432
7852,17,1040,-781,939,3.970745856
7852,18,392,-4902,-16,3.971933280
7852,19,1051,-10828,-59,3.973120704
7852,20,646,-6332,379,3.974308128
7852,21,479,256,-58,3.975495552
7852,22,681,-1601,459,3.976682976
7852,23,324,-8748,-2553,3.977870400
7852,24,580,-10174,-2088,3.979057824
7852,25,42,-4084,-1262,3.980245248
7852,26,-256,-3991,-909,3.981432672
7852,27,130,-7093,-1606,3.982620096
7852,28,-69,-4153,-2247,3.983807520
7852,29,-47,781,-2604,3.984994944
7852,30,-210,-875,-2596,3.986182368
7852,31,-151,-1408,-1743,3.987369792
7852,32,144,-675,-1561,3.988557216
7852,33,330,-5152,-1360,3.989744640
7852,34,36,-7021,-1766,3.990932064
7852,35,81,-1718,-2275,3.992119488
7852,36,116,404,-1098,3.993306912
7852,37,93,-1195,-2001,3.994494336
7852,38,-313,-3021,-1951,3.995681760
7852,39,-455,-6506,-2131,3.996869184
7852,40,-123,-12046,-1280,3.998056608
7852,41,-273,-10484,-184,3.999244032
7852,42,-648,-2601,-211,4.000431456
7852,43,-749,-3387,-346,4.001618880
7852,44,-411,-10874,294,4.002806304
7852,45,-81,-4163,1151,4.003993728
7852,46,-321,377,2576,4.005181152
7852,47,171,-4821,2838,4.006368576
7852,48,-289,-6935,2230,4.007556000
7852,49,223,-3091,3032,4.008743424
7852,50,9,-4831,4110,4.009930848
7852,51,9,-3056,3479,4.011118272
7852,52,-13,-227,3010,4.012305696
7852,53,-294,-2727,4322,4.013493120
7852,54,-52,-4116,1381,4.014680544
7852,55,-381,-2801,2319,4.015867968
7852,56,-295,-6161,867,4.017055392
7852,57,119,-8143,1470,4.018242816
7852,58,10,-396,1221,4.019430240
7852,59,-63,952,2486,4.020617664
7852,60,331,-9915,-1555,4.021805088
7852,61,573,-8124,652,4.022992512
7852,62,591,815,1850,4.024179936
7852,63,626,-867,1820,4.025367360
7852,64,744,-1334,339,4.026554784
7853,1,526,-1061,608,4.027742208
7853,2,481,-7049,-2246,4.028929632
7853,3,384,-11866,-1557,4.030117056
7853,4,170,231,-1838,4.031304480
7853,5,4,323,-726,4.032491904
7853,6,180,-5534,-4435,4.033679328
7853,7,-122,-12239,-4001,4.034866752
7853,8,9,-9840,-2138,4.036054176
7853,9,-102,-3719,-1594,4.037241600
7853,10,-23,-895,-1583,4.038429024
7853,11,124,-3747,-2600,4.039616448
7853,12,331,-8642,-2816,4.040803872
7853,13,303,-4090,-1538,4.041991296
7853,14,93,185,-2222,4.043178720
7853,15,232,-2454,-2033,4.044366144
7853,16,333,-2803,-2961,4.045553568
7853,17,164,-8351,-2982,4.046740992
7853,18,191,-14790,-1834,4.047928416
7853,19,-258,-7237,-1810,4.049115840
7853,20,-291,-628,-1371,4.050303264
7853,21,-359,-4708,-1289,4.051490688
7853,22,-487,-9586,-1072,4.052678112
7853,23,-375,-7456,967,4.053865536
7853,24,-294,-3369,1004,4.055052960
7853,25,-196,-1408,1728,4.056240384
7853,26,-85,-1747,2084,4.057427808
7853,27,-213,-6007,1945,4.058615232
7853,28,289,-5004,4404,4.059802656
7853,29,182,-27,4156,4.060990080
7853,30,-34,-1298,3522,4.062177504
7853,31,196,-3718,2817,4.063364928
7853,32,13,-689,2858,4.064552352
7853,33,-305,-395,4875,4.065739776
7853,34,-546,-1399,2345,4.066927200
7853,35,-115,-7146,943,4.068114624
7853,36,-703,-13488,980,4.069302048
7853,37,-351,-9590,3003,4.070489472
7853,38,-421,-563,1917,4.071676896
7853,39,-232,-5392,837,4.072864320
7853,40,51,-8566,629,4.074051744
7853,41,6,-3876,233,4.075239168
7853,42,396,-1974,2399,4.076426592
7853,43,399,-2675,2406,4.077614016
7853,44,787,-2959,852,4.078801440
7853,45,628,-5272,-1002,4.079988864
7853,46,498,-5856,-1743,4.081176288
7853,47,347,-3553,-1068,4.082363712
7853,48,102,-5386,-1249,4.083551136
7853,49,205,-6707,-1695,4.084738560
7853,50,-46,-3115,-2577,4.085925984
7853,51,-130,-671,-2311,4.087113408
7853,52,-209,627,-1566,4.088300832
7853,53,-433,1746,-2081,4.089488256
7853,54,-268,1366,-2215,4.090675680
7853,55,471,209,-2245,4.091863104
7853,56,-29,-2394,-2827,4.093050528
7853,57,805,-10300,-1840,4.094237952
7853,58,245,-15140,-2054,4.095425376
7853,59,478,-9728,-2599,4.096612800
7853,60,442,-5012,-2191,4.097800224
7853,61,482,-2784,-2661,4.098987648
7853,62,424,-2426,-1525,4.100175072
7853,63,103,-779,-866,4.101362496
7853,64,-484,-398,-474,4.102549920
7854,1,-334,-4215,-1315,4.103737344
7854,2,-409,-8114,-1615,4.104924768
7854,3,-355,-5814,-441,4.106112192
7854,4,-463,-1161,1033,4.107299616
7854,5,-569,-1763,1376,4.108487040
7854,6,-165,-5560,194,4.109674464
7854,7,29,-4353,1271,4.110861888
7854,8,-38,-1309,2921,4.112049312
7854,9,202,-4685,3160,4.113236736
7854,10,84,-6707,2946,4.114424160
7854,11,-12,-8270,1959,4.115611584
7854,12,-7,-9519,1589,4.116799008
7854,13,-315,-7248,2706,4.117986432
7854,14,-43,-334,2618,4.119173856
7854,15,-517,-1451,2911,4.120361280
7854,16,-501,-3792,1289,4.121548704
7854,17,-321,-673,585,4.122736128
7854,18,-375,903,1999,4.123923552
7854,19,-249,178,2833,4.125110976
7854,20,57,559,1193,4.126298400
7854,21,91,1020,1396,4.127485824
7854,22,15,981,1662,4.128673248
7854,23,246,615,2043,4.129860672
7854,24,312,-533,2041,4.131048096
7854,25,66,-607,1304,4.132235520
7854,26,289,-2114,-261,4.133422944
7854,27,-271,-10375,-2127,4.134610368
7854,28,516,-18055,-2059,4.135797792
7854,29,-33,-14264,1244,4.136985216
7854,30,213,2967,-1612,4.138172640
7854,31,-5,1758,1227,4.139360064
7854,32,75,899,-341,4.140547488
7854,33,321,2624,-1792,4.141734912
7854,34,304,838,-305,4.142922336
7854,35,262,305,-370,4.144109760
7854,36,172,-129,-3056,4.145297184
7854,37,340,-5166,-4488,4.146484608
7854,38,110,-15868,-4432,4.147672032
7854,39,162,-15481,-1750,4.148859456
7854,40,-70,-3852,-2525,4.150046880
7854,41,-129,1826,-2460,4.151234304
7854,42,237,-665,454,4.152421728
7854,43,-421,-5601,-4824,4.153609152
7854,44,285,-10634,-1004,4.154796576
7854,45,249,-6088,-1930,4.155984000
7854,46,144,-6058,-976,4.157171424
7854,47,495,-8063,-2681,4.158358848
7854,48,240,-6303,-1125,4.159546272
7854,49,370,-4247,-1269,4.160733696
7854,50,382,-10069,-1038,4.161921120
7854,51,103,-12167,-976,4.163108544
7854,52,165,-5744,-630,4.164295968
7854,53,-66,-1239,1693,4.165483392
7854,54,-418,-3941,2034,4.166670816
7854,55,-262,-6384,1023,4.167858240
7854,56,-657,-1950,1927,4.169045664
7854,57,-509,-547,1846,4.170233088
7854,58,-312,-1824,2147,4.171420512
7854,59,-133,-1895,3678,4.172607936
7854,60,272,-1866,4649,4.173795360
7854,61,-353,-8082,2408,4.174982784
7854,62,228,-14054,1251,4.176170208
7854,63,176,-14365,2939,4.177357632
7854,64,454,-8852,2780,4.178545056
7855,1,193,-6774,3803,4.179732480
7855,2,-184,-5040,2725,4.180919904
7855,3,-485,-4259,1362,4.182107328
7855,4,-110,-11953,789,4.183294752
7855,5,-157,-9824,2252,4.184482176
7855,6,-323,518,2127,4.185669600
7855,7,-438,-1994,3510,4.186857024
7855,8,-325,-3383,-897,4.188044448
7855,9,-8,-2579,1055,4.189231872
7855,10,92,-1847,535,4.190419296
7855,11,514,-8476,-195,4.191606720
7855,12,548,-6229,152,4.192794144
7855,13,358,2144,-1520,4.193981568
7855,14,509,481,900,4.195168992
7855,15,573,1189,-561,4.196356416
7855,16,496,1598,-2449,4.197543840
7855,17,265,-839,-2917,4.198731264
7855,18,107,-11616,-3913,4.199918688
7855,19,112,-12786,-3976,4.201106112
7855,20,-189,-6923,-3079,4.202293536
7855,21,-270,-3800,-2410,4.203480960
7855,22,-49,-4456,-5218,4.204668384
7855,23,77,-5289,-5304,4.205855808
7855,24,-23,-3365,-3927,4.207043232
7855,25,391,-3667,-2114,4.208230656
7855,26,81,-1864,-167,4.209418080
7855,27,431,-3039,-1334,4.210605504
7855,28,680,-9543,-1417,4.211792928
7855,29,503,-5631,-1626,4.212980352
7855,30,371,1779,-1211,4.214167776
7855,31,34,-1624,295,4.215355200
7855,32,-148,-5754,-1236,4.216542624
7855,33,-224,-5408,-860,4.217730048
7855,34,-544,-9412,-103,4.218917472
7855,35,-528,-6976,1090,4.220104896
7855,36,-614,1219,1156,4.221292320
7855,37,-631,-1405,2853,4.222479744
7855,38,-624,-415,1011,4.223667168
7855,39,-369,398,2366,4.224854592
7855,40,-132,207,4839,4.226042016
7855,41,761,-1699,4733,4.227229440
7855,42,-136,-6106,2410,4.228416864
7855,43,390,-4864,2695,4.229604288
7855,44,-50,-5983,2290,4.230791712
7855,45,273,-3183,4552,4.231979136
7855,46,87,214,2807,4.233166560
7855,47,-209,-1428,4049,4.234353984
7855,48,-414,-2014,1387,4.235541408
7855,49,-323,-1367,1936,4.236728832
7855,50,-583,-584,3113,4.237916256
7855,51,-620,-2425,1942,4.239103680
7855,52,-213,-2082,2081,4.240291104
7855,53,-322,-158,652,4.241478528
7855,54,-77,938,1429,4.242665952
7855,55,119,1465,2135,4.243853376
7855,56,366,1609,227,4.245040800
7855,57,485,458,757,4.246228224
7855,58,444,-312,-1052,4.247415648
7855,59,536,-292,-747,4.248603072
7855,60,120,-3214,-2318,4.249790496
7855,61,419,-12841,-1436,4.250977920
7855,62,13,-7072,-3070,4.252165344
7855,63,-344,2330,-4754,4.253352768
7855,64,-443,-1172,-1644,4.254540192
7856,1,66,-4621,-6619,4.255727616
7856,2,84,-6228,-3120,4.256915040
7856,3,-84,-2194,-1848,4.258102464
7856,4,-209,-1357,-2124,4.259289888
7856,5,202,-3861,-2625,4.260477312
7856,6,524,-4551,-1894,4.261664736
7856,7,348,-2833,-2859,4.262852160
7856,8,589,-5383,-2265,4.264039584
7856,9,410,-2385,-2444,4.265227008
7856,10,345,563,-2196,4.266414432
7856,11,287,-1737,-662,4.267601856
7856,12,116,-1693,-1503,4.268789280
7856,13,-261,-1517,-1186,4.269976704
7856,14,-303,-10087,-1407,4.271164128
7856,15,-377,-10582,-875,4.272351552
7856,16,-424,-5240,-1062,4.273538976
7856,17,-406,-10031,-80,4.274726400
7856,18,-109,-9287,1380,4.275913824
7856,19,-131,1555,-153,4.277101248
7856,20,100,139,5091,4.278288672
7856,21,191,-973,3763,4.279476096
7856,22,461,-2176,2749,4.280663520
7856,23,337,-9147,2755,4.281850944
7856,24,594,-14272,1863,4.283038368
7856,25,-162,-13757,3515,4.284225792
7856,26,-163,-7096,2683,4.285413216
7856,27,-357,-10769,2909,4.286600640
7856,28,-321,-15083,2070,4.287788064
7856,29,-530,-11780,2052,4.288975488
7856,30,-451,-11844,2107,4.290162912
7856,31,-572,-14212,2584,4.291350336
7856,32,-331,-14033,1390,4.292537760
7856,33,0,-13448,1808,4.293725184
7856,34,132,-12318,1692,4.294912608
7856,35,405,-7770,2079,4.296100032
7856,36,406,-6857,2159,4.297287456
7856,37,675,-4560,1237,4.298474880
7856,38,533,-1950,690,4.299662304
7856,39,493,-5039,-151,4.300849728
7856,40,598,-4147,-214,4.302037152
7856,41,391,-43,-1600,4.303224576
7856,42,184,-1006,-1532,4.304412000
7856,43,-94,-681,-2502,4.305599424
7856,44,-67,1656,-2367,4.306786848
7856,45,-144,1255,-1002,4.307974272
7856,46,-151,2646,-2904,4.309161696
7856,47,-33,2933,-1995,4.310349120
7856,48,370,3714,-668,4.311536544
7856,49,343,4597,-766,4.312723968
7856,50,301,4178,-929,4.313911392
7856,51,464,5049,-590,4.315098816
7856,52,117,3940,-1010,4.316286240
7856,53,489,-210,-1527,4.317473664
7856,54,352,937,-1797,4.318661088
7856,55,-160,1055,-1350,4.319848512
7856,56,-340,-1818,-1605,4.321035936
7856,57,-377,-9606,-8509,4.322223360
7856,58,-916,-26609,-3695,4.323410784
7856,59,-227,-19327,-955,4.324598208
7856,60,-757,4048,-464,4.325785632
7856,61,-515,1241,3529,4.326973056
7856,62,-351,-905,1929,4.328160480
7856,63,-277,5269,-1934,4.329347904
7856,64,82,2142,5163,4.330535328
7857,1,-263,-342,1727,4.331722752
7857,2,551,-302,1290,4.332910176
7857,3,581,-1461,1580,4.334097600
7857,4,604,-167,-745,4.335285024
7857,5,-102,-5164,-841,4.336472448
7857,6,-504,-18720,-2595,4.337659872
7857,7,50,-18768,-1547,4.338847296
7857,8,-81,-5382,399,4.340034720
7857,9,-64,-395,2369,4.341222144
7857,10,-1218,-6338,-859,4.342409568
7857,11,214,-14897,-49,4.343596992
7857,12,-24,-10065,-1774,4.344784416
7857,13,103,-11861,1509,4.345971840
7857,14,352,-7059,4277,4.347159264
7857,15,410,-3230,4670,4.348346688
7857,16,1066,-13165,4504,4.349534112
7857,17,568,-12066,4227,4.350721536
7857,18,669,-2679,1454,4.351908960
7857,19,525,-7075,4003,4.353096384
7857,20,573,-6164,3780,4.354283808
7857,21,423,733,3693,4.355471232
7857,22,-388,-3132,2140,4.356658656
7857,23,-233,-6728,283,4.357846080
7857,24,-323,-1339,1025,4.359033504
7857,25,-259,-300,-17,4.360220928
7857,26,-264,330,-6,4.361408352
7857,27,-246,-702,-365,4.362595776
7857,28,-106,238,1498,4.363783200
7857,29,100,-1842,618,4.364970624
7857,30,59,-6743,-591,4.366158048
7857,31,598,-4396,-342,4.367345472
7857,32,318,-1487,-889,4.368532896
7857,33,260,-3930,782,4.369720320
7857,34,-35,-657,-1434,4.370907744
7857,35,-456,2465,-1442,4.372095168
7857,36,5,-978,-1216,4.373282592
7857,37,-383,924,-3765,4.374470016
7857,38,-705,2396,-2300,4.375657440
7857,39,-718,1118,-2131,4.376844864
7857,40,-1030,21,-3094,4.378032288
7857,41,-261,-6170,-4777,4.379219712
7857,42,-292,-11271,-3305,4.380407136
7857,43,-137,-727,-2295,4.381594560
7857,44,-222,3643,-2565,4.382781984
7857,45,-34,-207,381,4.383969408
7857,46,200,2154,-2753,4.385156832
7857,47,289,2207,-642,4.386344256
7857,48,269,1646,521,4.387531680
7857,49,115,957,-1036,4.388719104
7857,50,65,-745,-774,4.389906528
7857,51,-280,-971,-1681,4.391093952
7857,52,-305,-2050,-812,4.392281376
7857,53,-179,-2347,-1216,4.393468800
7857,54,-71,-2973,-124,4.394656224
7857,55,57,-3755,-616,4.395843648
7857,56,79,-3716,208,4.397031072
7857,57,169,-4533,1351,4.398218496
7857,58,357,-8520,1802,4.399405920
7857,59,690,-11504,2448,4.400593344
7857,60,628,-8433,2900,4.401780768
7857,61,494,-6226,3546,4.402968192
7857,62,340,-11803,3851,4.404155616
7857,63,368,-12306,3782,4.405343040
7857,64,138,-8985,3781,4.406530464
7858,1,224,-10496,3099,4.407717888
7858,2,-43,-11448,2273,4.408905312
7858,3,-134,-13657,1767,4.410092736
7858,4,-17,-18976,623,4.411280160
7858,5,28,-14866,1003,4.412467584
7858,6,17,-3666,250,4.413655008
7858,7,137,-9896,-811,4.414842432
7858,8,476,-23507,-1359,4.416029856
7858,9,379,-15237,-376,4.417217280
7858,10,347,-1170,523,4.418404704
7858,11,155,-1324,1718,4.419592128
7858,12,399,-9438,-1858,4.420779552
7858,13,658,-10922,-1516,4.421966976
7858,14,194,-6121,409,4.423154400
7858,15,132,-2780,-575,4.424341824
7858,16,-293,-2518,-281,4.425529248
7858,17,-62,-926,-471,4.426716672
7858,18,-40,728,-1498,4.427904096
7858,19,-100,-571,-724,4.429091520
7858,20,-292,-2088,-825,4.430278944
7858,21,-46,-3924,-1666,4.431466368
7858,22,84,-1975,-1823,4.432653792
7858,23,-271,-459,-1066,4.433841216
7858,24,-131,-1804,-1522,4.435028640
7858,25,-193,-6017,-577,4.436216064
7858,26,64,-4305,-1407,4.437403488
7858,27,-473,1365,-1447,4.438590912
7858,28,-451,74,740,4.439778336
7858,29,-629,1736,1804,4.440965760
7858,30,-354,2395,1017,4.442153184
7858,31,-183,2429,1657,4.443340608
7858,32,-675,6244,-617,4.444528032
7858,33,-416,4585,928,4.445715456
7858,34,-50,2168,724,4.446902880
7858,35,-62,2826,593,4.448090304
7858,36,-30,3431,513,4.449277728
7858,37,-19,-1090,-444,4.450465152
7858,38,314,-258,-829,4.451652576
7858,39,175,-31,499,4.452840000
7858,40,30,-795,374,4.454027424
7858,41,209,-2420,560,4.455214848
7858,42,299,-3974,-417,4.456402272
7858,43,293,-6290,-654,4.457589696
7858,44,147,-11258,678,4.458777120
7858,45,61,-7811,159,4.459964544
7858,46,124,615,-1473,4.461151968
7858,47,45,-2039,649,4.462339392
7858,48,361,-5970,-2709,4.463526816
7858,49,392,-11351,737,4.464714240
7858,50,395,-9053,-801,4.465901664
7858,51,189,-5625,-1306,4.467089088
7858,52,295,-3706,-1595,4.468276512
7858,53,20,818,-1398,4.469463936
7858,54,450,-806,-1243,4.470651360
7858,55,234,-3997,447,4.471838784
7858,56,212,-3352,389,4.473026208
7858,57,364,-1969,-549,4.474213632
7858,58,-7,-2366,2072,4.475401056
7858,59,148,-2188,1396,4.476588480
7858,60,267,-10045,1031,4.477775904
7858,61,225,-16339,-858,4.478963328
7858,62,289,-11519,409,4.480150752
7858,63,-218,-6858,181,4.481338176
7858,64,-223,-14350,1164,4.482525600
7859,1,14,-17874,877,4.483713024
7859,2,-229,-12388,223,4.484900448
7859,3,-7,-7071,958,4.486087872
7859,4,-547,-1394,1224,4.487275296
7859,5,-524,-1360,2681,4.488462720
7859,6,-188,-941,3162,4.489650144
7859,7,-482,-3592,1306,4.490837568
7859,8,-239,-9310,1002,4.492024992
7859,9,-192,-10059,997,4.493212416
7859,10,-180,-4448,1614,4.494399840
7859,11,-206,-1556,1733,4.495587264
7859,12,-603,-4019,-346,4.496774688
7859,13,-435,-10217,-235,4.497962112
7859,14,-41,-4504,-489,4.499149536
7859,15,-318,1391,-175,4.500336960
7859,16,-358,-4046,-748,4.501524384
7859,17,-468,-7339,-1279,4.502711808
7859,18,-279,-5332,-1555,4.503899232
7859,19,-12,-3131,-830,4.505086656
7859,20,-73,-1035,-201,4.506274080
7859,21,196,-332,-947,4.507461504
7859,22,400,-561,-1187,4.508648928
7859,23,438,150,-394,4.509836352
7859,24,294,1784,-992,4.511023776
7859,25,301,1632,-57,4.512211200
7859,26,556,-231,362,4.513398624
7859,27,442,-712,-1148,4.514586048
7859,28,10,-4413,-1860,4.515773472
7859,29,-178,-13925,1780,4.516960896
7859,30,-34,-9870,-955,4.518148320
7859,31,-208,-1248,-1548,4.519335744
7859,32,16,-1415,-1098,4.520523168
7859,33,-105,1836,-1216,4.521710592
7859,34,33,-1203,-1370,4.522898016
7859,35,405,-3728,466,4.524085440
7859,36,111,-5198,260,4.525272864
7859,37,715,-4709,1251,4.526460288
7859,38,575,-2335,990,4.527647712
7859,39,879,-4765,1066,4.528835136
7859,40,578,-3825,503,4.530022560
7859,41,149,-3004,-1371,4.531209984
7859,42,364,-8571,-76,4.532397408
7859,43,62,-6199,-390,4.533584832
7859,44,-136,252,699,4.534772256
7859,45,-195,-1385,1426,4.535959680
7859,46,-526,-1664,-1523,4.537147104
7859,47,-332,-4087,-874,4.538334528
7859,48,-214,-6482,-904,4.539521952
7859,49,-51,-6859,932,4.540709376
7859,50,267,-9930,1593,4.541896800
7859,51,266,-8580,1278,4.543084224
7859,52,134,-4145,1537,4.544271648
7859,53,72,-7216,-851,4.545459072
7859,54,452,-12634,559,4.546646496
7859,55,420,-6825,912,4.547833920
7859,56,-134,-4030,723,4.549021344
7859,57,-211,-15061,-175,4.550208768
7859,58,-564,-14068,-907,4.551396192
7859,59,-551,-5933,-464,4.552583616
7859,60,-496,-9000,87,4.553771040
7859,61,-580,-5875,-89,4.554958464
7859,62,-539,364,84,4.556145888
7859,63,38,-3970,569,4.557333312
7859,64,-163,-6939,707,4.558520736
7860,1,51,-3352,1304,4.559708160
7860,2,315,-3357,1481,4.560895584
7860,3,493,-2709,1480,4.562083008
7860,4,372,34,1177,4.563270432
7860,5,252,-661,1793,4.564457856
7860,6,-180,-3980,475,4.565645280
7860,7,-2,-4170,452,4.566832704
7860,8,-30,-140,314,4.568020128
7860,9,-409,-403,703,4.569207552
7860,10,-192,-870,-642,4.570394976
7860,11,-431,353,-517,4.571582400
7860,12,-741,1850,-444,4.572769824
7860,13,-83,2520,-522,4.573957248
7860,14,755,4295,1576,4.575144672
7860,15,-281,6206,-701,4.576332096
7860,16,1094,3532,1900,4.577519520
7860,17,354,3246,-261,4.578706944
7860,18,907,4386,641,4.579894368
7860,19,348,3385,811,4.581081792
7860,20,427,2240,250,4.582269216
7860,21,325,1025,69,4.583456640
7860,22,-288,285,-406,4.584644064
7860,23,-482,96,-1488,4.585831488
7860,24,-468,-1092,-1855,4.587018912
7860,25,-668,-1294,-2465,4.588206336
7860,26,-641,-1671,-1843,4.589393760
7860,27,-410,-5333,-4268,4.590581184
7860,28,-118,-23441,889,4.591768608
7860,29,244,-18203,-1085,4.592956032
7860,30,332,567,-919,4.594143456
7860,31,575,152,-605,4.595330880
7860,32,268,-2903,-5328,4.596518304
7860,33,622,-13171,-1479,4.597705728
7860,34,712,-10904,278,4.598893152
7860,35,88,-3912,-484,4.600080576
7860,36,96,-9085,1264,4.601268000
7860,37,-174,-14366,-2420,4.602455424
7860,38,-219,-15943,-1372,4.603642848
7860,39,-538,-7353,-64,4.604830272
7860,40,-972,-4374,-2003,4.606017696
7860,41,-198,-15163,-185,4.607205120
7860,42,-13,-11098,-109,4.608392544
7860,43,205,-821,2218,4.609579968
7860,44,210,-6741,2984,4.610767392
7860,45,298,-12591,1598,4.611954816
7860,46,973,-6888,1876,4.613142240
7860,47,880,-5044,2007,4.614329664
7860,48,540,-4848,3405,4.615517088
7860,49,524,-3273,4044,4.616704512
7860,50,121,-7906,2319,4.617891936
7860,51,149,-8800,2907,4.619079360
7860,52,-595,-347,1716,4.620266784
7860,53,-364,134,3490,4.621454208
7860,54,-229,-2370,3748,4.622641632
7860,55,-315,702,679,4.623829056
7860,56,-495,64,4455,4.625016480
7860,57,-90,1493,2221,4.626203904
7860,58,140,-6487,-885,4.627391328
7860,59,842,-9509,1606,4.628578752
7860,60,268,-3297,1092,4.629766176
7860,61,120,-1691,1412,4.630953600
7860,62,296,-935,-752,4.632141024
7860,63,-72,1206,414,4.633328448
7860,64,296,491,-468,4.634515872
7861,1,-34,1590,-943,4.635703296
7861,2,-1007,1545,-133,4.636890720
7861,3,-650,1448,-2217,4.638078144
7861,4,-979,550,-1558,4.639265568
7861,5,-789,2142,-3463,4.640452992
7861,6,-612,2627,-1856,4.641640416
7861,7,-523,156,-2580,4.642827840
7861,8,95,-1185,-4428,4.644015264
7861,9,448,-11332,-3273,4.645202688
7861,10,127,-13209,-2829,4.646390112
7861,11,709,-2977,-2423,4.647577536
7861,12,489,1712,-3029,4.648764960
7861,13,383,452,-2023,4.649952384
7861,14,743,1498,-4448,4.651139808
7861,15,19,-450,-2383,4.652327232
7861,16,-489,-3762,-2910,4.653514656
7861,17,575,-14740,662,4.654702080
7861,18,-472,-13299,-2128,4.655889504
7861,19,-58,-6500,-2071,4.657076928
7861,20,-279,-5027,-313,4.658264352
7861,21,-358,1181,-2544,4.659451776
7861,22,263,-2247,-690,4.660639200
7861,23,90,-12926,142,4.661826624
7861,24,699,-9201,2071,4.663014048
7861,25,565,-1972,2565,4.664201472
7861,26,484,-11537,4119,4.665388896
7861,27,1281,-9111,1810,4.666576320
7861,28,317,-899,2064,4.667763744
7861,29,497,-3755,3271,4.668951168
7861,30,169,-7675,2832,4.670138592
7861,31,-111,-8838,3064,4.671326016
7861,32,126,-10062,2137,4.672513440
7861,33,-224,-14877,1992,4.673700864
7861,34,-424,-14995,1802,4.674888288
7861,35,-23,-7293,3093,4.676075712
7861,36,-221,-5933,2958,4.677263136
7861,37,-170,-11815,2780,4.678450560
7861,38,125,-14076,2345,4.679637984
7861,39,183,-5613,3189,4.680825408
7861,40,289,-5314,3135,4.682012832
7861,41,269,-9080,1741,4.683200256
7861,42,-245,-7476,1318,4.684387680
7861,43,-61,-5572,730,4.685575104
7861,44,-197,-3106,2029,4.686762528
7861,45,-285,-649,1027,4.687949952
7861,46,-704,-553,265,4.689137376
7861,47,-710,-1872,-1211,4.690324800
7861,48,-577,-349,-1992,4.691512224
7861,49,-716,882,-878,4.692699648
7861,50,-588,580,-1152,4.693887072
7861,51,-353,-354,-809,4.695074496
7861,52,-166,-270,-1663,4.696261920
7861,53,-204,1095,-1900,4.697449344
7861,54,91,1499,-1386,4.698636768
7861,55,412,3211,-2063,4.699824192
7861,56,621,3905,-443,4.701011616
7861,57,186,4969,-1242,4.702199040
7861,58,17,5005,-2260,4.703386464
7861,59,399,3773,-1353,4.704573888
7861,60,-184,3075,-1898,4.705761312
7861,61,102,1048,-2188,4.706948736
7861,62,-172,881,-2655,4.708136160
7861,63,-109,1022,-2189,4.709323584
7861,64,-35,-1317,-2035,4.710511008
7862,1,-296,-1836,-1182,4.711698432
7862,2,-473,115,-1522,4.712885856
7862,3,195,-684,-693,4.714073280
7862,4,157,-4046,-1795,4.715260704
7862,5,671,-12837,-630,4.716448128
7862,6,490,-15918,-226,4.717635552
7862,7,351,-7130,-335,4.718822976
7862,8,407,-5482,-142,4.720010400
7862,9,275,-10981,-1505,4.721197824
7862,10,407,-10534,-1121,4.722385248
7862,11,413,-3761,166,4.723572672
7862,12,-71,-1180,868,4.724760096
7862,13,-8,-4125,-90,4.725947520
7862,14,-400,-4845,-762,4.727134944
7862,15,17,-5972,79,4.728322368
7862,16,11,-7626,464,4.729509792
7862,17,-54,-5848,837,4.730697216
7862,18,153,-7715,100,4.731884640
7862,19,314,-14354,981,4.733072064
7862,20,223,-11485,2122,4.734259488
7862,21,248,-8034,3234,4.735446912
7862,22,448,-12062,2743,4.736634336
7862,23,365,-11678,2312,4.737821760
7862,24,329,-11067,2066,4.739009184
7862,25,-47,-9975,3157,4.740196608
7862,26,-157,-7415,4129,4.741384032
7862,27,-116,-6646,3416,4.742571456
7862,28,-197,-6541,3086,4.743758880
7862,29,-318,-4820,1768,4.744946304
7862,30,-268,-5108,2808,4.746133728
7862,31,-121,-1995,2965,4.747321152
7862,32,-123,759,1831,4.748508576
7862,33,46,-224,2953,4.749696000
7862,34,3,2179,1061,4.750883424
7862,35,9,2678,1245,4.752070848
7862,36,30,856,1347,4.753258272
7862,37,-175,1018,563,4.754445696
7862,38,-303,-430,-57,4.755633120
7862,39,-825,-1269,-60,4.756820544
7862,40,-256,-13930,-1679,4.758007968
7862,41,81,-15433,-1134,4.759195392
7862,42,-287,-499,-2395,4.760382816
7862,43,-390,1753,-2209,4.761570240
7862,44,-286,-563,-3155,4.762757664
7862,45,54,1341,-3520,4.763945088
7862,46,443,-2260,-3149,4.765132512
7862,47,716,-5950,-3274,4.766319936
7862,48,457,307,-3772,4.767507360
7862,49,412,41,-3258,4.768694784
7862,50,508,173,-1996,4.769882208
7862,51,-49,3257,-3760,4.771069632
7862,52,-125,2202,-3164,4.772257056
7862,53,-389,352,-3179,4.773444480
7862,54,-296,777,-4172,4.774631904
7862,55,-396,1262,-1670,4.775819328
7862,56,-649,1560,-1826,4.777006752
7862,57,-374,206,-1182,4.778194176
7862,58,15,-347,-2051,4.779381600
7862,59,157,-502,-874,4.780569024
7862,60,889,-1773,-705,4.781756448
7862,61,397,-13477,-2107,4.782943872
7862,62,1065,-17683,-1244,4.784131296
7862,63,760,-11278,2241,4.785318720
7862,64,684,-964,1504,4.786506144
7863,1,490,-442,3206,4.787693568
7863,2,-164,-6303,1797,4.788880992
7863,3,-69,-14746,2793,4.790068416
7863,4,-487,-11685,3465,4.791255840
7863,5,-603,-5038,3973,4.792443264
7863,6,-507,-7275,3801,4.793630688
7863,7,-472,-3828,4265,4.794818112
7863,8,-305,-1172,3887,4.796005536
7863,9,9,-8090,4371,4.797192960
7863,10,123,-7663,5413,4.798380384
7863,11,577,-3089,4538,4.799567808
7863,12,539,-7430,3554,4.800755232
7863,13,673,-17525,2229,4.801942656
7863,14,547,-16471,678,4.803130080
7863,15,353,-10490,-200,4.804317504
7863,16,219,-12679,-219,4.805504928
7863,17,-270,-9106,-5,4.806692352
7863,18,-555,-5540,439,4.807879776
7863,19,-430,-6626,504,4.809067200
7863,20,-531,-5080,-836,4.810254624
7863,21,-463,-494,-1758,4.811442048
7863,22,-441,386,-530,4.812629472
7863,23,549,-2358,-950,4.813816896
7863,24,-74,-7324,1751,4.815004320
7863,25,431,-2231,-1339,4.816191744
7863,26,321,-723,-862,4.817379168
7863,27,818,-6405,-1395,4.818566592
7863,28,334,440,-2205,4.819754016
7863,29,490,2078,-1549,4.820941440
7863,30,285,1482,-1604,4.822128864
7863,31,-337,3259,-2122,4.823316288
7863,32,-1173,3797,-2833,4.824503712
7863,33,-448,3270,-1889,4.825691136
7863,34,-853,3130,-2025,4.826878560
7863,35,-560,2638,-2694,4.828065984
7863,36,-705,2940,-2788,4.829253408
7863,37,-351,2248,-1468,4.830440832
7863,38,-142,3122,-815,4.831628256
7863,39,176,3275,587,4.832815680
7863,40,621,629,-128,4.834003104
7863,41,644,-262,-616,4.835190528
7863,42,1037,-1410,1148,4.836377952
7863,43,127,-12517,-5774,4.837565376
7863,44,569,-24285,-415,4.838752800
7863,45,80,-10903,602,4.839940224
7863,46,-224,4758,488,4.841127648
7863,47,-124,-1739,5610,4.842315072
7863,48,-915,-2160,-2247,4.843502496
7863,49,-171,-9131,-1005,4.844689920
7863,50,-624,-19961,526,4.845877344
7863,51,-465,-16922,394,4.847064768
7863,52,-146,-5923,1543,4.848252192
7863,53,-16,-545,1441,4.849439616
7863,54,494,-2212,-520,4.850627040
7863,55,313,-7539,390,4.851814464
7863,56,424,-8766,758,4.853001888
7863,57,980,-5631,1055,4.854189312
7863,58,747,-2985,2932,4.855376736
7863,59,409,-5372,1419,4.856564160
7863,60,291,-8359,532,4.857751584
7863,61,-89,-7413,-490,4.858939008
7863,62,98,-8486,-356,4.860126432
7863,63,-124,-8627,718,4.861313856
7863,64,-292,-3568,1648,4.862501280
7864,1,157,-8384,2941,4.863688704
7864,2,-68,-11013,1310,4.864876128
7864,3,-34,-3734,1787,4.866063552
7864,4,276,-622,1288,4.867250976
7864,5,339,-2151,2619,4.868438400
7864,6,547,-4692,3731,4.869625824
7864,7,279,-5040,2895,4.870813248
7864,8,16,-9408,3128,4.872000672
7864,9,356,-3325,1132,4.873188096
7864,10,-264,3242,309,4.874375520
7864,11,-118,538,1932,4.875562944
7864,12,-687,3293,543,4.876750368
7864,13,-838,2662,429,4.877937792
7864,14,-743,171,745,4.879125216
7864,15,-781,1662,-842,4.880312640
7864,16,-386,1251,-392,4.881500064
7864,17,-186,-1043,-1846,4.882687488
7864,18,-117,-9193,-2032,4.883874912
7864,19,79,-8441,-2022,4.885062336
7864,20,28,-1949,-2211,4.886249760
7864,21,491,1068,-1973,4.887437184
7864,22,82,2329,-1967,4.888624608
7864,23,502,2414,-2407,4.889812032
7864,24,218,372,-2888,4.890999456
7864,25,-8,-3441,-5318,4.892186880
7864,26,-105,-14802,-1161,4.893374304
7864,27,-72,-12873,-3341,4.894561728
7864,28,-170,-550,-2347,4.895749152
7864,29,-382,544,-3089,4.896936576
7864,30,-822,-1140,-5636,4.898124000
7864,31,-54,-2043,-4100,4.899311424
7864,32,20,-4449,-68,4.900498848
7864,33,497,-5831,-708,4.901686272
7864,34,197,-6264,1129,4.902873696
7864,35,573,-4473,476,4.904061120
7864,36,618,-6289,-1102,4.905248544
7864,37,591,-13591,-498,4.906435968
7864,38,523,-8651,-946,4.907623392
7864,39,606,-4984,569,4.908810816
7864,40,299,-13900,648,4.909998240
7864,41,63,-16726,1572,4.911185664
7864,42,-123,-6761,2064,4.912373088
7864,43,-248,-2850,2340,4.913560512
7864,44,126,-7744,1622,4.914747936
7864,45,9,-3068,3001,4.915935360
7864,46,53,-270,4401,4.917122784
7864,47,206,-2323,5656,4.918310208
7864,48,21,-5745,3840,4.919497632
7864,49,581,-6422,3809,4.920685056
7864,50,473,-8016,3128,4.921872480
7864,51,421,-7638,3504,4.923059904
7864,52,349,-4150,4173,4.924247328
7864,53,-195,-8028,2658,4.925434752
7864,54,-40,-17333,2132,4.926622176
7864,55,-254,-10436,1314,4.927809600
7864,56,-510,974,831,4.928997024
7864,57,-170,-1055,2375,4.930184448
7864,58,-746,253,-692,4.931371872
7864,59,-572,1515,-444,4.932559296
7864,60,-336,1065,155,4.933746720
7864,61,-420,1599,-722,4.934934144
7864,62,117,294,-172,4.936121568
7864,63,335,558,-1198,4.937308992
7864,64,176,1828,-1866,4.938496416
7865,1,34,1609,-1369,4.939683840
7865,2,-290,1645,-2251,4.940871264
7865,3,-77,1575,-2089,4.942058688
7865,4,-130,2258,-2700,4.943246112
7865,5,-418,2777,-2826,4.944433536
7865,6,-415,2533,-2631,4.945620960
7865,7,-531,3269,-3150,4.946808384
7865,8,-392,3242,-2857,4.947995808
7865,9,-302,1254,-2750,4.949183232
7865,10,-229,65,-2496,4.950370656
7865,11,61,-720,-2423,4.951558080
7865,12,360,-968,-1660,4.952745504
7865,13,254,-3855,-5106,4.953932928
7865,14,702,-15598,-2791,4.955120352
7865,15,542,-15151,-701,4.956307776
7865,16,607,-818,-65,4.957495200
7865,17,170,1763,965,4.958682624
7865,18,-42,-1893,1524,4.959870048
7865,19,-19,-2035,-2897,4.961057472
7865,20,-19,-3072,352,4.962244896
7865,21,-216,-1283,1355,4.963432320
7865,22,-442,-5346,1265,4.964619744
7865,23,55,-4495,707,4.965807168
7865,24,-118,-1771,741,4.966994592
7865,25,284,-6319,572,4.968182016
7865,26,231,-8837,886,4.969369440
7865,27,453,-8803,709,4.970556864
7865,28,802,-13945,725,4.971744288
7865,29,813,-13702,2055,4.972931712
7865,30,348,-6497,1365,4.974119136
7865,31,330,-13842,1442,4.975306560
7865,32,167,-20928,607,4.976493984
7865,33,-10,-14526,1020,4.977681408
7865,34,-94,-6627,2182,4.978868832
7865,35,-284,-6216,2905,4.980056256
7865,36,-159,-10753,1896,4.981243680
7865,37,-83,-13267,2024,4.982431104
7865,38,-14,-7922,1860,4.983618528
7865,39,45,-2388,2054,4.984805952
7865,40,220,-7512,2365,4.985993376
7865,41,476,-9514,2164,4.987180800
7865,42,196,-4824,2286,4.988368224
7865,43,25,-4486,784,4.989555648
7865,44,126,-8372,1913,4.990743072
7865,45,292,-1421,437,4.991930496
7865,46,-331,1969,1649,4.993117920
7865,47,-801,-2613,935,4.994305344
7865,48,-562,-4487,-1428,4.995492768
7865,49,-894,-6036,428,4.996680192
7865,50,-457,-6974,-385,4.997867616
7865,51,-324,-117,-504,4.999055040
7865,52,-510,1983,-799,5.000242464
7865,53,-134,4636,653,5.001429888
7865,54,-2,2626,-225,5.002617312
7865,55,483,2639,-501,5.003804736
7865,56,643,3403,-284,5.004992160
7865,57,581,3678,-695,5.006179584
7865,58,481,1432,-717,5.007367008
7865,59,299,742,-2336,5.008554432
7865,60,-262,-225,-1572,5.009741856
7865,61,-412,-12793,-5437,5.010929280
7865,62,-109,-16014,-1891,5.012116704
7865,63,-317,-1475,-2446,5.013304128
7865,64,-547,2424,-1856,5.014491552
7866,1,-374,148,-114,5.015678976
7866,2,-615,3023,-3616,5.016866400
7866,3,-160,2139,-1666,5.018053824
7866,4,119,555,-1651,5.019241248
7866,5,234,416,-1845,5.020428672
7866,6,1288,-3628,-1477,5.021616096
7866,7,101,-17260,-212,5.022803520
7866,8,785,-11983,-1456,5.023990944
7866,9,346,1133,-2398,5.025178368
7866,10,179,-1104,1472,5.026365792
7866,11,113,-444,-3809,5.027553216
7866,12,-201,-581,-728,5.028740640
7866,13,-262,-284,954,5.029928064
7866,14,-400,-1024,-707,5.031115488
7866,15,-432,-4411,1115,5.032302912
7866,16,-75,-14810,-1159,5.033490336
7866,17,265,-18549,-509,5.034677760
7866,18,-76,-12972,3809,5.035865184
7866,19,629,-1339,3671,5.037052608
7866,20,195,-3995,3719,5.038240032
7866,21,685,-17509,3748,5.039427456
7866,22,584,-11229,3285,5.040614880
7866,23,279,-4377,3593,5.041802304
7866,24,336,-9487,5705,5.042989728
7866,25,64,-5189,2702,5.044177152
7866,26,-231,-4579,2841,5.045364576
7866,27,-222,-9917,2212,5.046552000
7866,28,-538,-6860,3215,5.047739424
7866,29,-520,-2154,3759,5.048926848
7866,30,-343,-2257,2151,5.050114272
7866,31,-203,-464,1238,5.051301696
7866,32,72,489,1496,5.052489120
7866,33,-101,-6132,-1775,5.053676544
7866,34,447,-16139,-448,5.054863968
7866,35,149,-11923,310,5.056051392
7866,36,312,-5409,-455,5.057238816
7866,37,178,-7338,1424,5.058426240
7866,38,308,-4386,136,5.059613664
7866,39,-102,-2795,-1075,5.060801088
7866,40,-198,-3837,-2682,5.061988512
7866,41,-317,270,-3279,5.063175936
7866,42,-586,-495,-1445,5.064363360
7866,43,-287,-274,-1598,5.065550784
7866,44,-531,390,-2104,5.066738208
7866,45,-493,-126,-3407,5.067925632
7866,46,-203,-6125,-2537,5.069113056
7866,47,204,-3044,-3448,5.070300480
7866,48,61,2483,-1765,5.071487904
7866,49,301,1132,-1683,5.072675328
7866,50,-19,1707,-2480,5.073862752
7866,51,423,789,-2432,5.075050176
7866,52,417,1841,-2515,5.076237600
7866,53,146,1240,-1141,5.077425024
7866,54,243,39,-2090,5.078612448
7866,55,-161,-1246,-824,5.079799872
7866,56,158,-1825,-1139,5.080987296
7866,57,-179,-2233,-24,5.082174720
7866,58,-220,295,-365,5.083362144
7866,59,-96,393,242,5.084549568
7866,60,302,-3069,-7,5.085736992
7866,61,-14,-6649,802,5.086924416
7866,62,166,-4798,1300,5.088111840
7866,63,-79,-8394,1702,5.089299264
7866,64,345,-7648,2414,5.090486688
7867,1,259,-1004,1382,5.091674112
7867,2,-8,-155,2077,5.092861536
7867,3,204,-582,2186,5.094048960
7867,4,-49,-818,2699,5.095236384
7867,5,-105,-2203,3380,5.096423808
7867,6,175,-8366,609,5.097611232
7867,7,48,-8744,1276,5.098798656
7867,8,-163,-8036,1428,5.099986080
7867,9,85,-5429,2016,5.101173504
7867,10,-35,-3584,1810,5.102360928
7867,11,211,-2167,1470,5.103548352
7867,12,40,-1756,697,5.104735776
7867,13,329,-2433,303,5.105923200
7867,14,242,-3201,1326,5.107110624
7867,15,274,-8193,-447,5.108298048
7867,16,163,-14370,-1070,5.109485472
7867,17,-21,-13502,-1284,5.110672896
7867,18,29,-7712,-58,5.111860320
7867,19,-148,-6952,44,5.113047744
7867,20,-275,-10514,-880,5.114235168
7867,21,-132,-8393,-842,5.115422592
7867,22,-141,-520,-646,5.116610016
7867,23,-77,-4750,-406,5.117797440
7867,24,343,-13310,91,5.118984864
7867,25,12,-8000,-141,5.120172288
7867,26,47,-1723,-106,5.121359712
7867,27,182,-3589,-229,5.122547136
7867,28,357,-4499,-1165,5.123734560
7867,29,326,-3941,-1093,5.124921984
7867,30,111,-3792,-1422,5.126109408
7867,31,-204,-6994,-1801,5.127296832
7867,32,-24,-7431,-1371,5.128484256
7867,33,-118,817,-1084,5.129671680
7867,34,-296,1833,-30,5.130859104
7867,35,-248,-6425,-3783,5.132046528
7867,36,-155,-5857,-1641,5.133233952
7867,37,-98,-379,273,5.134421376
7867,38,135,-4467,140,5.135608800
7867,39,71,-11877,164,5.136796224
7867,40,417,-10723,-721,5.137983648
7867,41,544,-6810,-747,5.139171072
7867,42,542,-3876,382,5.140358496
7867,43,149,-1099,410,5.141545920
7867,44,-249,-1886,87,5.142733344
7867,45,172,-4487,235,5.143920768
7867,46,-1,-6251,258,5.145108192
7867,47,-304,-2597,444,5.146295616
7867,48,-712,-3140,473,5.147483040
7867,49,-443,-5886,-258,5.148670464
7867,50,-400,-1281,499,5.149857888
7867,51,-148,801,900,5.151045312
7867,52,-37,-3621,1715,5.152232736
7867,53,187,-2755,1247,5.153420160
7867,54,303,261,1242,5.154607584
7867,55,301,-2411,1690,5.155795008
7867,56,278,-4385,913,5.156982432
7867,57,316,337,1810,5.158169856
7867,58,408,-426,1564,5.159357280
7867,59,219,-923,1245,5.160544704
7867,60,-192,351,-37,5.161732128
7867,61,-548,1055,1611,5.162919552
7867,62,-288,1380,1084,5.164106976
7867,63,-566,603,210,5.165294400
7867,64,-473,1392,1103,5.166481824
7868,1,-350,52,806,5.167669248
7868,2,-154,-599,1356,5.168856672
7868,3,-421,-373,1509,5.170044096
7868,4,806,-1770,13,5.171231520
7868,5,-62,-9622,126,5.172418944
7868,6,603,-5830,597,5.173606368
7868,7,220,-2974,554,5.174793792
7868,8,531,-2049,212,5.175981216
7868,9,491,1353,-659,5.177168640
7868,10,172,-1780,-901,5.178356064
7868,11,244,-7313,-1623,5.179543488
7868,12,-102,-7744,-2270,5.180730912
7868,13,-215,-7542,-2540,5.181918336
7868,14,-56,-7960,-2939,5.183105760
7868,15,-354,-4183,-2518,5.184293184
7868,16,-632,-1783,-2834,5.185480608
7868,17,-313,-7236,-2891,5.186668032
7868,18,-57,-10408,-2603,5.187855456
7868,19,140,-6754,-1615,5.189042880
7868,20,181,-4442,-1254,5.190230304
7868,21,80,-9389,-752,5.191417728
7868,22,528,-9981,-1280,5.192605152
7868,23,456,-7297,-681,5.193792576
7868,24,380,-5207,-507,5.194980000
7868,25,324,-3299,-287,5.196167424
7868,26,89,-3279,-27,5.197354848
7868,27,15,-5735,-505,5.198542272
7868,28,-124,-15182,-941,5.199729696
7868,29,-298,-14829,-630,5.200917120
7868,30,-344,-8941,-24,5.202104544
7868,31,-173,-15056,-289,5.203291968
7868,32,-189,-18953,1540,5.204479392
7868,33,-224,-6395,1662,5.205666816
7868,34,-195,-3908,3282,5.206854240
7868,35,226,-13490,2540,5.208041664
7868,36,406,-7228,3125,5.209229088
7868,37,158,-1176,3908,5.210416512
7868,38,308,-5991,4010,5.211603936
7868,39,136,-6215,3822,5.212791360
7868,40,105,-255,2787,5.213978784
7868,41,104,-3904,3000,5.215166208
7868,42,85,-9147,2339,5.216353632
7868,43,-117,-1,1046,5.217541056
7868,44,-23,1326,1716,5.218728480
7868,45,-352,-1406,1634,5.219915904
7868,46,-320,318,-1037,5.221103328
7868,47,-146,1282,562,5.222290752
7868,48,-127,531,2172,5.223478176
7868,49,64,743,-183,5.224665600
7868,50,138,-78,317,5.225853024
7868,51,180,1243,-584,5.227040448
7868,52,286,1321,1159,5.228227872
7868,53,418,1223,213,5.229415296
7868,54,73,-2826,-3532,5.230602720
7868,55,579,-19329,-3160,5.231790144
7868,56,8,-17098,-1604,5.232977568
7868,57,-34,-1988,-2112,5.234164992
7868,58,118,1132,-1940,5.235352416
7868,59,-311,497,-1679,5.236539840
7868,60,-103,1647,-5641,5.237727264
7868,61,-217,-178,-1455,5.238914688
7868,62,-613,922,-3034,5.240102112
7868,63,-327,358,-1518,5.241289536
7868,64,62,-594,-2145,5.242476960
7869,1,-21,1413,-2443,5.243664384
7869,2,17,1028,-999,5.244851808
7869,3,-238,1092,-1370,5.246039232
7869,4,319,1535,-1935,5.247226656
7869,5,377,1339,-1356,5.248414080
7869,6,291,2227,60,5.249601504
7869,7,242,1942,665,5.250788928
7869,8,38,1391,-79,5.251976352
7869,9,15,1403,-895,5.253163776
7869,10,-45,727,-1265,5.254351200
7869,11,-108,-496,197,5.255538624
7869,12,-683,-3939,-129,5.256726048
7869,13,740,-23467,2315,5.257913472
7869,14,-364,-26212,468,5.259100896
7869,15,-91,-6422,848,5.260288320
7869,16,118,271,1948,5.261475744
7869,17,-12,-10,2616,5.262663168
7869,18,95,1565,3678,5.263850592
7869,19,265,-8904,2552,5.265038016
7869,20,170,-12595,3436,5.266225440
7869,21,29,-11665,4079,5.267412864
7869,22,161,-8751,5048,5.268600288
7869,23,49,353,1463,5.269787712
7869,24,-249,-3475,1027,5.270975136
7869,25,-207,-10133,-259,5.272162560
7869,26,-93,-3057,302,5.273349984
7869,27,-420,-487,1452,5.274537408
7869,28,68,-7370,141,5.275724832
7869,29,-138,-11971,-2,5.276912256
7869,30,228,-7820,-527,5.278099680
7869,31,73,-3719,116,5.279287104
7869,32,36,-3365,-389,5.280474528
7869,33,317,-3945,206,5.281661952
7869,34,564,-4828,214,5.282849376
7869,35,609,-3913,337,5.284036800
7869,36,263,-5427,-110,5.285224224
7869,37,246,-7167,-1353,5.286411648
7869,38,61,-5310,-1543,5.287599072
7869,39,238,-4222,-1595,5.288786496
7869,40,-101,-5369,-1696,5.289973920
7869,41,-74,-10876,-1407,5.291161344
7869,42,-59,-7640,-1211,5.292348768
7869,43,-281,-1441,-1669,5.293536192
7869,44,-175,-487,-1082,5.294723616
7869,45,-88,-540,-900,5.295911040
7869,46,136,982,-661,5.297098464
7869,47,31,-1556,-527,5.298285888
7869,48,-20,-7096,-1164,5.299473312
7869,49,90,-9663,-1900,5.300660736
7869,50,398,-8592,-1005,5.301848160
7869,51,161,-5349,-1096,5.303035584
7869,52,51,-2958,-1903,5.304223008
7869,53,-133,-2723,-2260,5.305410432
7869,54,-24,-3932,-1786,5.306597856
7869,55,-16,-6746,-989,5.307785280
7869,56,-5,-6720,-805,5.308972704
7869,57,-204,-1938,-598,5.310160128
7869,58,-169,-715,-162,5.311347552
7869,59,-39,-4066,41,5.312534976
7869,60,27,-4790,935,5.313722400
7869,61,-27,-414,1856,5.314909824
7869,62,108,11,2023,5.316097248
7869,63,303,-2458,1568,5.317284672
7869,64,100,-2584,1323,5.318472096
7870,1,190,-1227,1367,5.319659520
7870,2,-95,-6840,1151,5.320846944
7870,3,-15,-11709,769,5.322034368
7870,4,-218,-4949,1058,5.323221792
7870,5,-489,-1543,1454,5.324409216
7870,6,-376,-7230,1459,5.325596640
7870,7,-328,-5744,1267,5.326784064
7870,8,-294,-4286,1398,5.327971488
7870,9,70,-3863,1128,5.329158912
7870,10,-341,-1321,1468,5.330346336
7870,11,190,-1031,2560,5.331533760
7870,12,254,-937,2924,5.332721184
7870,13,328,74,1551,5.333908608
7870,14,379,-2,1885,5.335096032
7870,15,248,519,1409,5.336283456
7870,16,286,438,1922,5.337470880
7870,17,34,-2186,426,5.338658304
7870,18,-122,-12089,268,5.339845728
7870,19,-64,-6653,-7,5.341033152
7870,20,-269,-272,-1404,5.342220576
7870,21,-36,-394,-654,5.343408000
7870,22,-268,2269,-1757,5.344595424
7870,23,-257,2506,280,5.345782848
7870,24,2,1274,-40,5.346970272
7870,25,419,481,-1551,5.348157696
7870,26,308,1301,415,5.349345120
7870,27,555,-8345,-5088,5.350532544
7870,28,437,-15649,-1971,5.351719968
7870,29,240,-5780,-1943,5.352907392
7870,30,52,931,-1747,5.354094816
7870,31,217,-1241,-242,5.355282240
7870,32,18,-2751,-3405,5.356469664
7870,33,-23,-6492,-3255,5.357657088
7870,34,-328,-11615,-3303,5.358844512
7870,35,-524,-12532,-3093,5.360031936
7870,36,-278,-8602,-2090,5.361219360
7870,37,-308,-7016,-1129,5.362406784
7870,38,70,-10389,-1935,5.363594208
7870,39,-40,-12751,-1368,5.364781632
7870,40,-73,-5153,-452,5.365969056
7870,41,273,-3798,91,5.367156480
7870,42,496,-7276,941,5.368343904
7870,43,300,-8579,309,5.369531328
7870,44,561,-11497,527,5.370718752
7870,45,52,-11459,1020,5.371906176
7870,46,-222,-7443,523,5.373093600
7870,47,-151,-7485,888,5.374281024
7870,48,-303,-7805,1426,5.375468448
7870,49,-54,-5140,1961,5.376655872
7870,50,-428,-6220,1746,5.377843296
7870,51,-406,-9035,1957,5.379030720
7870,52,-57,-4373,2621,5.380218144
7870,53,-85,437,3181,5.381405568
7870,54,414,-1005,4521,5.382592992
7870,55,314,-1838,3506,5.383780416
7870,56,222,71,3088,5.384967840
7870,57,708,-831,4029,5.386155264
7870,58,199,-772,3341,5.387342688
7870,59,340,-755,3010,5.388530112
7870,60,114,-271,2472,5.389717536
7870,61,-525,67,2445,5.390904960
7870,62,-208,-5778,-1157,5.392092384
7870,63,-605,-10090,1013,5.393279808
7870,64,-344,-8926,-282,5.394467232
7871,1,-276,-1861,190,5.395654656
7871,2,-590,1792,105,5.396842080
7871,3,-368,1245,3,5.398029504
7871,4,143,-759,-1568,5.399216928
7871,5,350,-5345,-2083,5.400404352
7871,6,681,-8952,-790,5.401591776
7871,7,373,-4788,-1217,5.402779200
7871,8,527,2101,-2420,5.403966624
7871,9,694,-81,327,5.405154048
7871,10,-67,1609,-3407,5.406341472
7871,11,238,-798,-3611,5.407528896
7871,12,-415,-1042,-3656,5.408716320
7871,13,-34,-1578,-3960,5.409903744
7871,14,-184,-2713,-3564,5.411091168
7871,15,-695,277,-3398,5.412278592
7871,16,-611,929,-4218,5.413466016
7871,17,-201,-274,-3168,5.414653440
7871,18,106,155,-4627,5.415840864
7871,19,280,-4350,-3362,5.417028288
7871,20,512,-8417,-2117,5.418215712
7871,21,446,-8672,-339,5.419403136
7871,22,917,-7548,197,5.420590560
7871,23,555,-3530,-317,5.421777984
7871,24,705,-1427,593,5.422965408
7871,25,236,-4382,-287,5.424152832
7871,26,300,-4437,1122,5.425340256
7871,27,-282,-956,2266,5.426527680
7871,28,-450,-2163,2001,5.427715104
7871,29,-751,-4269,1115,5.428902528
7871,30,-368,-5971,1393,5.430089952
7871,31,-379,-6431,1379,5.431277376
7871,32,-484,-10908,3481,5.432464800
7871,33,54,-8197,2941,5.433652224
7871,34,-118,-4064,3757,5.434839648
7871,35,275,-6639,3624,5.436027072
7871,36,160,-8735,3350,5.437214496
7871,37,401,-7089,3296,5.438401920
7871,38,275,-1071,3518,5.439589344
7871,39,182,-911,4334,5.440776768
7871,40,163,-1655,3915,5.441964192
7871,41,-291,-1764,2470,5.443151616
7871,42,-113,-1394,2459,5.444339040
7871,43,-465,-270,929,5.445526464
7871,44,-428,-14,646,5.446713888
7871,45,-299,466,197,5.447901312
7871,46,-392,539,442,5.449088736
7871,47,-554,-715,7,5.450276160
7871,48,-17,-5551,-2518,5.451463584
7871,49,9,-20455,1017,5.452651008
7871,50,343,-19100,-1197,5.453838432
7871,51,360,473,464,5.455025856
7871,52,12,1046,-670,5.456213280
7871,53,-19,-208,-1112,5.457400704
7871,54,520,1801,-2738,5.458588128
7871,55,361,-2335,-342,5.459775552
7871,56,266,-3974,-1137,5.460962976
7871,57,292,-4902,-2008,5.462150400
7871,58,262,-2770,-1553,5.463337824
7871,59,54,-1061,-5990,5.464525248
7871,60,-145,-13508,-4183,5.465712672
7871,61,59,-13201,-5233,5.466900096
7871,62,193,-58,-3705,5.468087520
7871,63,-16,169,-1569,5.469274944
7871,64,-166,-5262,-4467,5.470462368
7872,1,-16,-8558,-2446,5.471649792
7872,2,57,-4410,-1333,5.472837216
7872,3,432,-1376,-1094,5.474024640
7872,4,153,-2106,451,5.475212064
7872,5,291,-1444,-394,5.476399488
7872,6,484,-3204,-251,5.477586912
7872,7,391,-13149,275,5.478774336
7872,8,448,-14882,-143,5.479961760
7872,9,323,-8890,585,5.481149184
7872,10,289,-3892,46,5.482336608
7872,11,343,-3791,419,5.483524032
7872,12,-148,-4006,471,5.484711456
7872,13,-280,-9501,1207,5.485898880
7872,14,-77,-7114,1719,5.487086304
7872,15,-526,-33,2306,5.488273728
7872,16,-126,-4823,2149,5.489461152
7872,17,-292,-10526,3773,5.490648576
7872,18,-312,-350,3438,5.491836000
7872,19,-258,-981,4516,5.493023424
7872,20,-95,-11454,2753,5.494210848
7872,21,112,-8027,3439,5.495398272
7872,22,90,-2008,4421,5.496585696
7872,23,-53,-6725,4376,5.497773120
7872,24,-202,-9006,2104,5.498960544
7872,25,-371,-4748,743,5.500147968
7872,26,-138,-8853,767,5.501335392
7872,27,-130,-10577,1300,5.502522816
7872,28,-507,-2666,1460,5.503710240
7872,29,-453,-1075,737,5.504897664
7872,30,-436,-3318,-592,5.506085088
7872,31,-369,-4418,-1378,5.507272512
7872,32,69,-3106,81,5.508459936
7872,33,-20,-3042,1056,5.509647360
7872,34,238,-2748,872,5.510834784
7872,35,145,-2942,-212,5.512022208
7872,36,137,-5879,-964,5.513209632
7872,37,576,-6856,-733,5.514397056
7872,38,654,-5800,-1598,5.515584480
7872,39,507,-4920,-1812,5.516771904
7872,40,270,-4228,-3093,5.517959328
7872,41,302,-465,-2940,5.519146752
7872,42,-11,1733,-2250,5.520334176
7872,43,246,2189,-3082,5.521521600
7872,44,-23,2393,-3702,5.522709024
7872,45,-321,3486,-4855,5.523896448
7872,46,-264,4508,-2616,5.525083872
7872,47,-152,6037,-2634,5.526271296
7872,48,96,2937,-486,5.527458720
7872,49,192,3152,-1158,5.528646144
7872,50,175,4600,-1658,5.529833568
7872,51,188,3009,-730,5.531020992
7872,52,-66,1348,147,5.532208416
7872,53,3,448,524,5.533395840
7872,54,-47,-1284,542,5.534583264
7872,55,42,-1738,-1099,5.535770688
7872,56,290,-1957,2843,5.536958112
7872,57,-380,-21211,-4112,5.538145536
7872,58,-219,-23392,-425,5.539332960
7872,59,-370,-5308,-390,5.540520384
7872,60,-106,-3241,2799,5.541707808
7872,61,-23,-13589,-1415,5.542895232
7872,62,-38,-17287,173,5.544082656
7872,63,-249,-10819,596,5.545270080
7872,64,-163,-9767,1998,5.546457504
7873,1,-674,-14205,2715,5.547644928
7873,2,-180,-16115,3416,5.548832352
7873,3,66,-8601,4803,5.550019776
7873,4,-40,-5265,3953,5.551207200
7873,5,-247,-4879,1690,5.552394624
7873,6,-437,-5797,999,5.553582048
7873,7,150,-11254,1140,5.554769472
7873,8,348,-12967,2382,5.555956896
7873,9,285,-2742,1642,5.557144320
7873,10,624,-2178,1731,5.558331744
7873,11,538,-6920,-21,5.559519168
7873,12,398,-6313,-1503,5.560706592
7873,13,522,-6541,-298,5.561894016
7873,14,628,-3921,3018,5.563081440
7873,15,513,495,1111,5.564268864
7873,16,135,-2866,1151,5.565456288
7873,17,-143,-2559,389,5.566643712
7873,18,-166,2644,-733,5.567831136
7873,19,-101,378,3006,5.569018560
7873,20,-163,333,1270,5.570205984
7873,21,425,2915,1688,5.571393408
7873,22,-631,5227,800,5.572580832
7873,23,11,4732,569,5.573768256
7873,24,223,3622,624,5.574955680
7873,25,331,3832,184,5.576143104
7873,26,297,3342,-1769,5.577330528
7873,27,95,-356,-1118,5.578517952
7873,28,79,118,-1646,5.579705376
7873,29,-120,315,-618,5.580892800
7873,30,-394,-1005,-1476,5.582080224
7873,31,-350,293,-4571,5.583267648
7873,32,-536,828,-3395,5.584455072
7873,33,-502,2371,-1634,5.585642496
7873,34,-299,3816,-1012,5.586829920
7873,35,-470,1613,-1137,5.588017344
7873,36,-407,1348,-3220,5.589204768
7873,37,7,1806,-2742,5.590392192
7873,38,-142,904,-1851,5.591579616
7873,39,149,1134,-1385,5.592767040
7873,40,557,-1676,-2094,5.593954464
7873,41,463,-6954,-3938,5.595141888
7873,42,9,-16496,-1276,5.596329312
7873,43,94,-10958,-2971,5.597516736
7873,44,-118,-3110,-1188,5.598704160
7873,45,330,-6349,-2101,5.599891584
7873,46,-216,-10576,-2074,5.601079008
7873,47,81,-8217,-1655,5.602266432
7873,48,-167,-5639,292,5.603453856
7873,49,-68,-9581,1267,5.604641280
7873,50,223,-12472,731,5.605828704
7873,51,190,-14740,218,5.607016128
7873,52,450,-18208,1299,5.608203552
7873,53,614,-8795,2381,5.609390976
7873,54,341,-4550,2650,5.610578400
7873,55,628,-14702,2146,5.611765824
7873,56,459,-15880,1322,5.612953248
7873,57,326,-10736,2825,5.614140672
7873,58,680,-10525,3535,5.615328096
7873,59,204,-10660,4400,5.616515520
7873,60,292,-11062,2993,5.617702944
7873,61,180,-16525,3112,5.618890368
7873,62,77,-10037,3680,5.620077792
7873,63,189,-4057,4529,5.621265216
7873,64,335,-10749,3484,5.622452640
7874,1,243,-10671,3381,5.623640064
7874,2,31,-3050,2146,5.624827488
7874,3,154,-2410,3080,5.626014912
7874,4,87,-11185,1915,5.627202336
7874,5,405,-11166,466,5.628389760
7874,6,-200,-5976,967,5.629577184
7874,7,-253,-3274,-634,5.630764608
7874,8,-533,-3473,117,5.631952032
7874,9,-399,-1165,-612,5.633139456
7874,10,-348,2463,-709,5.634326880
7874,11,-504,1803,-1181,5.635514304
7874,12,-574,1598,-1505,5.636701728
7874,13,-245,1109,-1210,5.637889152
7874,14,181,3302,-219,5.639076576
7874,15,-130,5722,-694,5.640264000
7874,16,-347,4811,-3036,5.641451424
7874,17,73,2247,-2757,5.642638848
7874,18,58,1960,-3538,5.643826272
7874,19,-83,2896,-3120,5.645013696
7874,20,-273,2247,-3189,5.646201120
7874,21,-526,861,-3065,5.647388544
7874,22,-266,511,-4107,5.648575968
7874,23,-543,668,-3390,5.649763392
7874,24,-421,2596,-3396,5.650950816
7874,25,-419,2900,-1524,5.652138240
7874,26,-93,3692,-1467,5.653325664
7874,27,325,3427,-446,5.654513088
7874,28,129,3611,-201,5.655700512
7874,29,196,2617,-29,5.656887936
7874,30,350,-475,339,5.658075360
7874,31,437,-454,-283,5.659262784
7874,32,425,406,172,5.660450208
7874,33,169,-541,753,5.661637632
7874,34,197,-1703,608,5.662825056
7874,35,-57,-1577,275,5.664012480
7874,36,-249,-1570,368,5.665199904
7874,37,-209,-1802,66,5.666387328
7874,38,-332,-4051,0,5.667574752
7874,39,210,-11222,-1265,5.668762176
7874,40,-161,-22797,4222,5.669949600
7874,41,149,-14563,429,5.671137024
7874,42,230,-1177,2692,5.672324448
7874,43,380,-6011,-338,5.673511872
7874,44,402,-7902,2023,5.674699296
7874,45,621,-11602,1198,5.675886720
7874,46,603,-17346,4640,5.677074144
7874,47,113,-5282,3904,5.678261568
7874,48,389,-396,2435,5.679448992
7874,49,-123,-2252,2755,5.680636416
7874,50,-209,-2536,-1612,5.681823840
7874,51,-691,-3226,1098,5.683011264
7874,52,57,-15296,2295,5.684198688
7874,53,154,-11308,972,5.685386112
7874,54,-83,-2962,680,5.686573536
7874,55,-152,-10582,1528,5.687760960
7874,56,-143,-17013,-313,5.688948384
7874,57,-69,-9348,-177,5.690135808
7874,58,93,-2490,560,5.691323232
7874,59,394,-1492,502,5.692510656
7874,60,-2,-415,2373,5.693698080
7874,61,-69,-1088,3696,5.694885504
7874,62,2,-2435,-366,5.696072928
7874,63,-382,-10582,-192,5.697260352
7874,64,-249,-4825,-1270,5.698447776
7875,1,-463,990,-424,5.699635200
7875,2,-546,-2035,1197,5.700822624
7875,3,-438,-3361,-4207,5.702010048
7875,4,-631,-9552,-2811,5.703197472
7875,5,-430,-7951,391,5.704384896
7875,6,-117,1652,-1968,5.705572320
7875,7,56,1343,1803,5.706759744
7875,8,358,574,109,5.707947168
7875,9,-163,-2650,-3579,5.709134592
7875,10,339,-13759,-1361,5.710322016
7875,11,400,-12792,-1701,5.711509440
7875,12,414,-6255,-791,5.712696864
7875,13,463,-917,-1380,5.713884288
7875,14,-99,-1723,-2424,5.715071712
7875,15,255,-12116,-3252,5.716259136
7875,16,143,-12593,-2434,5.717446560
7875,17,168,-1607,-2761,5.718633984
7875,18,208,-3765,-2206,5.719821408
7875,19,162,-8662,-3531,5.721008832
7875,20,404,-3921,-1926,5.722196256
7875,21,343,-50,-1065,5.723383680
7875,22,367,-1698,-891,5.724571104
7875,23,742,-3785,-500,5.725758528
7875,24,496,-5270,251,5.726945952
7875,25,765,-4120,1032,5.728133376
7875,26,288,-3030,1579,5.729320800
7875,27,243,-3555,1220,5.730508224
7875,28,209,-3105,531,5.731695648
7875,29,233,-3781,390,5.732883072
7875,30,223,-1072,2449,5.734070496
7875,31,-73,88,2113,5.735257920
7875,32,-333,-1371,3697,5.736445344
7875,33,-278,-1208,2075,5.737632768
7875,34,-378,79,1774,5.738820192
7875,35,250,-4684,264,5.740007616
7875,36,-351,-11542,2310,5.741195040
7875,37,21,-6907,5609,5.742382464
7875,38,-494,-2127,3585,5.743569888
7875,39,-405,-3275,3955,5.744757312
7875,40,-244,-5133,2627,5.745944736
7875,41,-51,-4124,2786,5.747132160
7875,42,-374,-747,3876,5.748319584
7875,43,-833,-2256,2684,5.749507008
7875,44,-581,-12205,422,5.750694432
7875,45,-233,-11189,-187,5.751881856
7875,46,-265,-2223,659,5.753069280
7875,47,-414,-1605,230,5.754256704
7875,48,-602,-6381,-1947,5.755444128
7875,49,-257,-5716,-3154,5.756631552
7875,50,-31,-5243,-2153,5.757818976
7875,51,209,-6269,-1131,5.759006400
7875,52,52,-1583,-1257,5.760193824
7875,53,112,-2217,-3038,5.761381248
7875,54,328,-5108,-3584,5.762568672
7875,55,178,-3328,-3318,5.763756096
7875,56,120,2374,-1739,5.764943520
7875,57,392,139,-32,5.766130944
7875,58,291,-628,-3224,5.767318368
7875,59,139,1869,-3001,5.768505792
7875,60,-1,1180,-2518,5.769693216
7875,61,263,-1475,-3414,5.770880640
7875,62,357,-7356,-2815,5.772068064
7875,63,554,-10564,-4544,5.773255488
7875,64,413,-9668,-1762,5.774442912
7876,1,359,-914,-1486,5.775630336
7876,2,214,1141,892,5.776817760
7876,3,290,-2156,-516,5.778005184
7876,4,516,-6959,-1217,5.779192608
7876,5,281,-5368,523,5.780380032
7876,6,120,-6133,315,5.781567456
7876,7,138,-13766,3012,5.782754880
7876,8,-17,-9985,2479,5.783942304
7876,9,-154,499,1753,5.785129728
7876,10,-184,-965,3509,5.786317152
7876,11,-218,-527,2024,5.787504576
7876,12,-190,-1152,2870,5.788692000
7876,13,0,-3711,3220,5.789879424
7876,14,-341,-6688,2700,5.791066848
7876,15,-123,-3663,1655,5.792254272
7876,16,-231,-10,1929,5.793441696
7876,17,105,-1015,1266,5.794629120
7876,18,-19,-1847,1163,5.795816544
7876,19,-269,-1434,1514,5.797003968
7876,20,-108,-2100,2291,5.798191392
7876,21,-161,-1856,1639,5.799378816
7876,22,-77,-457,1425,5.800566240
7876,23,-235,-2404,341,5.801753664
7876,24,-96,-12977,658,5.802941088
7876,25,-47,-15719,-471,5.804128512
7876,26,-224,-6413,-199,5.805315936
7876,27,-320,-5765,834,5.806503360
7876,28,-126,-12985,-1121,5.807690784
7876,29,-135,-8935,-1563,5.808878208
7876,30,-54,-194,-1209,5.810065632
7876,31,83,-1301,-854,5.811253056
7876,32,-45,-4324,-1021,5.812440480
7876,33,157,-7735,367,5.813627904
7876,34,253,-13078,-1375,5.814815328
7876,35,380,-12594,-1679,5.816002752
7876,36,201,-4498,-1611,5.817190176
7876,37,129,1791,-1979,5.818377600
7876,38,156,-468,-142,5.819565024
7876,39,87,627,-1286,5.820752448
7876,40,66,876,-890,5.821939872
7876,41,65,-94,229,5.823127296
7876,42,426,-1996,-1835,5.824314720
7876,43,354,-4463,-2022,5.825502144
7876,44,144,-9312,-1972,5.826689568
7876,45,419,-10238,-1899,5.827876992
7876,46,259,790,-1804,5.829064416
7876,47,299,587,526,5.830251840
7876,48,476,-996,-505,5.831439264
7876,49,496,1259,-1296,5.832626688
7876,50,247,1002,1193,5.833814112
7876,51,130,972,811,5.835001536
7876,52,172,-1738,1118,5.836188960
7876,53,-169,499,1930,5.837376384
7876,54,-110,-2788,-867,5.838563808
7876,55,-255,-6974,1909,5.839751232
7876,56,-433,1996,204,5.840938656
7876,57,-514,107,2753,5.842126080
7876,58,-376,21,1431,5.843313504
7876,59,-329,1625,938,5.844500928
7876,60,-315,913,2955,5.845688352
7876,61,-260,778,1915,5.846875776
7876,62,-172,-1180,459,5.848063200
7876,63,-176,-7369,-1318,5.849250624
7876,64,-168,-14156,2275,5.850438048
7877,1,-115,-10589,504,5.851625472
7877,2,-422,-3117,517,5.852812896
7877,3,-275,-4146,-51,5.854000320
7877,4,-277,-8588,-2033,5.855187744
7877,5,-240,-14022,-900,5.856375168
7877,6,31,-10903,495,5.857562592
7877,7,-289,-10425,1339,5.858750016
7877,8,39,-10840,458,5.859937440
7877,9,-114,-5433,647,5.861124864
7877,10,96,-1391,128,5.862312288
7877,11,250,-607,916,5.863499712
7877,12,174,-4133,-1458,5.864687136
7877,13,763,-5292,-508,5.865874560
7877,14,435,-1539,195,5.867061984
7877,15,465,-1008,793,5.868249408
7877,16,533,-8362,4,5.869436832
7877,17,451,-7491,-1833,5.870624256
7877,18,444,-4503,-1054,5.871811680
7877,19,359,-6272,-1317,5.872999104
7877,20,132,-8247,-1079,5.874186528
7877,21,437,-13571,-452,5.875373952
7877,22,464,-7255,-371,5.876561376
7877,23,177,1005,-425,5.877748800
7877,24,207,-864,-252,5.878936224
7877,25,271,-2171,-1117,5.880123648
7877,26,397,393,-607,5.881311072
7877,27,250,-887,791,5.882498496
7877,28,226,-3521,212,5.883685920
7877,29,313,-102,603,5.884873344
7877,30,52,-1096,-176,5.886060768
7877,31,129,-9568,-1013,5.887248192
7877,32,-268,-8324,-1012,5.888435616
7877,33,-634,-8483,-1089,5.889623040
7877,34,-365,-16214,-180,5.890810464
7877,35,-631,-11496,178,5.891997888
7877,36,-813,-2876,888,5.893185312
7877,37,-883,-10638,-197,5.894372736
7877,38,-617,-16377,-703,5.895560160
7877,39,-507,-8019,10,5.896747584
7877,40,-277,-2538,1221,5.897935008
7877,41,-148,-6678,1441,5.899122432
7877,42,-61,-9913,544,5.900309856
7877,43,-21,-8923,-162,5.901497280
7877,44,102,-6714,-910,5.902684704
7877,45,77,-4095,-201,5.903872128
7877,46,213,-1407,415,5.905059552
7877,47,70,-2550,503,5.906246976
7877,48,-160,-4554,-127,5.907434400
7877,49,-179,-4271,-146,5.908621824
7877,50,-296,-6555,-286,5.909809248
7877,51,-94,-5871,1002,5.910996672
7877,52,-182,-322,1184,5.912184096
7877,53,-109,-118,2023,5.913371520
7877,54,78,-953,1584,5.914558944
7877,55,97,315,1433,5.915746368
7877,56,634,546,2275,5.916933792
7877,57,598,617,1612,5.918121216
7877,58,863,490,905,5.919308640
7877,59,867,1245,1097,5.920496064
7877,60,511,2833,1830,5.921683488
7877,61,-86,4007,1126,5.922870912
7877,62,-221,3509,-934,5.924058336
7877,63,-344,2834,302,5.925245760
7877,64,-351,2922,-538,5.926433184
7878,1,-771,3139,605,5.927620608
7878,2,-724,3829,908,5.928808032
7878,3,-634,5622,1145,5.929995456
7878,4,-227,5810,218,5.931182880
7878,5,107,3728,554,5.932370304
7878,6,265,5678,271,5.933557728
7878,7,360,4745,621,5.934745152
7878,8,419,546,138,5.935932576
7878,9,649,-362,-1415,5.937120000
7878,10,600,-453,-1844,5.938307424
7878,11,711,-1597,-705,5.939494848
7878,12,-607,-17419,-6922,5.940682272
7878,13,-104,-30704,-1845,5.941869696
7878,14,-334,-11891,-463,5.943057120
7878,15,-820,3925,1448,5.944244544
7878,16,-330,-826,3390,5.945431968
7878,17,-1300,434,-2739,5.946619392
7878,18,-645,458,-3703,5.947806816
7878,19,-61,-3098,-2957,5.948994240
7878,20,-402,-11820,-1058,5.950181664
7878,21,577,-16486,-1698,5.951369088
7878,22,716,-10297,2410,5.952556512
7878,23,646,-4058,-165,5.953743936
7878,24,713,-15433,244,5.954931360
7878,25,337,-17071,1337,5.956118784
7878,26,634,204,-41,5.957306208
7878,27,503,-2864,2076,5.958493632
7878,28,27,-9889,652,5.959681056
7878,29,-30,-7216,-1298,5.960868480
7878,30,-234,-10820,976,5.962055904
7878,31,-441,-8014,1570,5.963243328
7878,32,-146,-1779,594,5.964430752
7878,33,14,-9459,1574,5.965618176
7878,34,581,-13541,4300,5.966805600
7878,35,886,-6985,4657,5.967993024
7878,36,115,-6832,4696,5.969180448
7878,37,757,-10894,3703,5.970367872
7878,38,1081,-7119,2761,5.971555296
7878,39,820,-8713,4044,5.972742720
7878,40,555,-11889,2901,5.973930144
7878,41,-184,-9405,3329,5.975117568
7878,42,69,-7857,1956,5.976304992
7878,43,-10,-6125,1038,5.977492416
7878,44,-272,-4454,680,5.978679840
7878,45,-327,1819,-282,5.979867264
7878,46,-629,-143,1229,5.981054688
7878,47,-518,-1565,-211,5.982242112
7878,48,-354,487,-892,5.983429536
7878,49,-334,1200,-650,5.984616960
7878,50,368,935,331,5.985804384
7878,51,108,-3764,-2446,5.986991808
7878,52,229,-2092,-1276,5.988179232
7878,53,-317,-1822,-2243,5.989366656
7878,54,-32,-957,-2026,5.990554080
7878,55,-161,1885,-1932,5.991741504
7878,56,36,2180,-1993,5.992928928
7878,57,-12,2589,-2299,5.994116352
7878,58,-129,2675,-4415,5.995303776
7878,59,-336,912,-2941,5.996491200
7878,60,-374,-180,-3692,5.997678624
7878,61,-513,-1045,-3214,5.998866048
7878,62,-143,-10498,-6531,6.000053472
7878,63,-123,-15239,-3416,6.001240896
7878,64,121,-2540,-1139,6.002428320
7879,1,-165,2593,-88,6.003615744
7879,2,129,58,3892,6.004803168
7879,3,26,1588,-1579,6.005990592
7879,4,-236,2853,1489,6.007178016
7879,5,224,154,-36,6.008365440
7879,6,321,-971,1264,6.009552864
7879,7,-207,-4665,-1200,6.010740288
7879,8,707,-19429,903,6.011927712
7879,9,-145,-10914,976,6.013115136
7879,10,-190,4778,-992,6.014302560
7879,11,122,-2841,5079,6.015489984
7879,12,216,-1218,-2745,6.016677408
7879,13,431,-2789,-26,6.017864832
7879,14,400,-9425,1289,6.019052256
7879,15,-128,-12415,2897,6.020239680
7879,16,390,-6664,3090,6.021427104
7879,17,321,-1210,2473,6.022614528
7879,18,201,-708,2966,6.023801952
7879,19,154,-2276,629,6.024989376
7879,20,90,-8655,4222,6.026176800
7879,21,211,-8197,2463,6.027364224
7879,22,8,-8763,2199,6.028551648
7879,23,41,-10363,1992,6.029739072
7879,24,-62,-6953,538,6.030926496
7879,25,-7,-9726,974,6.032113920
7879,26,-12,-8101,38,6.033301344
7879,27,-329,-7364,33,6.034488768
7879,28,17,-6675,659,6.035676192
7879,29,-49,-9843,994,6.036863616
7879,30,120,-15448,-13,6.038051040
7879,31,10,-15674,-335,6.039238464
7879,32,-120,-7811,-423,6.040425888
7879,33,41,-526,186,6.041613312
7879,34,-36,-882,1661,6.042800736
7879,35,-76,993,-402,6.043988160
7879,36,-242,1169,337,6.045175584
7879,37,-337,1789,-1117,6.046363008
7879,38,-374,645,88,6.047550432
7879,39,-322,1155,-1606,6.048737856
7879,40,-175,789,-258,6.049925280
7879,41,16,435,297,6.051112704
7879,42,-41,-10545,-3631,6.052300128
7879,43,77,-15737,-1803,6.053487552
7879,44,238,-4028,-1845,6.054674976
7879,45,88,2219,-965,6.055862400
7879,46,311,952,318,6.057049824
7879,47,85,4228,-400,6.058237248
7879,48,168,3095,-1119,6.059424672
7879,49,351,-242,-732,6.060612096
7879,50,-71,1169,-308,6.061799520
7879,51,-20,966,221,6.062986944
7879,52,301,-947,443,6.064174368
7879,53,-483,-296,-1677,6.065361792
7879,54,2,-3203,-2614,6.066549216
7879,55,-487,-12422,-619,6.067736640
7879,56,-65,-8098,-570,6.068924064
7879,57,11,-280,-470,6.070111488
7879,58,-128,-302,-430,6.071298912
7879,59,-231,793,-607,6.072486336
7879,60,160,51,-8,6.073673760
7879,61,270,-2106,1255,6.074861184
7879,62,178,-3315,114,6.076048608
7879,63,223,-7737,1068,6.077236032
7879,64,311,-4641,773,6.078423456
7880,1,196,416,269,6.079610880
7880,2,-271,-3057,1201,6.080798304
7880,3,-40,-9177,-2880,6.081985728
7880,4,-154,-9486,-2566,6.083173152
7880,5,125,-17097,1202,6.084360576
7880,6,-99,-13092,533,6.085548000
7880,7,-574,-6670,2861,6.086735424
7880,8,-285,-8143,1652,6.087922848
7880,9,98,-9942,488,6.089110272
7880,10,171,-4556,1968,6.090297696
7880,11,-26,595,2407,6.091485120
7880,12,453,-1653,2650,6.092672544
7880,13,196,-2437,3500,6.093859968
7880,14,377,-313,2173,6.095047392
7880,15,374,-1829,2811,6.096234816
7880,16,252,-11221,2217,6.097422240
7880,17,387,-10612,695,6.098609664
7880,18,-96,-3611,93,6.099797088
7880,19,-78,-2348,1085,6.100984512
7880,20,-193,-2877,-1237,6.102171936
7880,21,-271,-9712,-1644,6.103359360
7880,22,218,-11492,-1023,6.104546784
7880,23,-142,-2936,-1673,6.105734208
7880,24,-398,-7134,203,6.106921632
7880,25,265,-8787,206,6.108109056
7880,26,-73,-5302,271,6.109296480
7880,27,401,-7018,-87,6.110483904
7880,28,367,-5277,-534,6.111671328
7880,29,321,1146,-1080,6.112858752
7880,30,450,-496,1365,6.114046176
7880,31,370,-3559,-1453,6.115233600
7880,32,155,-821,-519,6.116421024
7880,33,-43,-2772,-2162,6.117608448
7880,34,64,-7784,-2852,6.118795872
7880,35,-312,-4333,-2390,6.119983296
7880,36,-218,2041,-2922,6.121170720
7880,37,-625,873,-901,6.122358144
7880,38,-418,-302,-2789,6.123545568
7880,39,-168,2,-1728,6.124732992
7880,40,-158,-78,-1209,6.125920416
7880,41,12,-3320,-604,6.127107840
7880,42,476,-8873,-351,6.128295264
7880,43,227,-7179,115,6.129482688
7880,44,296,-2544,30,6.130670112
7880,45,200,-1120,312,6.131857536
7880,46,251,-279,430,6.133044960
7880,47,-65,-1249,-390,6.134232384
7880,48,176,-3211,342,6.135419808
7880,49,-227,-1064,1032,6.136607232
7880,50,-464,-2330,-264,6.137794656
7880,51,-271,-7916,976,6.138982080
7880,52,-563,-5401,318,6.140169504
7880,53,-373,-4915,1080,6.141356928
7880,54,-197,-4911,1153,6.142544352
7880,55,-170,-1672,1213,6.143731776
7880,56,168,-5080,1944,6.144919200
7880,57,62,-11558,2737,6.146106624
7880,58,303,-6496,3099,6.147294048
7880,59,255,-4827,2126,6.148481472
7880,60,429,-13496,2060,6.149668896
7880,61,534,-6587,1080,6.150856320
7880,62,16,-649,976,6.152043744
7880,63,44,-6857,184,6.153231168
7880,64,122,-10039,521,6.154418592
7881,1,63,-258,-947,6.155606016
7881,2,-194,-56,-274,6.156793440
7881,3,72,-7294,-1971,6.157980864
7881,4,-85,-6431,50,6.159168288
7881,5,217,-136,-1648,6.160355712
7881,6,212,401,627,6.161543136
7881,7,295,-2083,-442,6.162730560
7881,8,286,-656,-177,6.163917984
7881,9,403,-6814,-38,6.165105408
7881,10,585,-12883,225,6.166292832
7881,11,470,-2238,466,6.167480256
7881,12,-66,1037,372,6.168667680
7881,13,285,-6422,-471,6.169855104
7881,14,-219,-14024,-1726,6.171042528
7881,15,-116,-11539,-1638,6.172229952
7881,16,-260,-4872,-1110,6.173417376
7881,17,-302,-643,-1542,6.174604800
7881,18,-699,-38,-691,6.175792224
7881,19,-263,-7265,-4580,6.176979648
7881,20,-225,-10584,-1030,6.178167072
7881,21,-182,-935,366,6.179354496
7881,22,-126,1191,472,6.180541920
7881,23,311,-1224,2791,6.181729344
7881,24,256,609,-362,6.182916768
7881,25,-234,-5274,-1089,6.184104192
7881,26,65,-17895,-1358,6.185291616
7881,27,125,-11563,1741,6.186479040
7881,28,34,1181,375,6.187666464
7881,29,61,-359,3051,6.188853888
7881,30,-392,246,1078,6.190041312
7881,31,-550,-191,-2178,6.191228736
7881,32,-106,-4171,336,6.192416160
7881,33,-294,-3699,-1016,6.193603584
7881,34,-63,-1979,165,6.194791008
7881,35,-256,-2052,429,6.195978432
7881,36,231,-4457,-219,6.197165856
7881,37,213,-4618,322,6.198353280
7881,38,-24,413,28,6.199540704
7881,39,156,199,1420,6.200728128
7881,40,334,700,1432,6.201915552
7881,41,144,1062,2426,6.203102976
7881,42,71,1339,2620,6.204290400
7881,43,-199,266,1441,6.205477824
7881,44,-141,-1223,961,6.206665248
7881,45,109,-2042,17,6.207852672
7881,46,-29,-15591,-1076,6.209040096
7881,47,73,-18081,595,6.210227520
7881,48,85,-4360,-30,6.211414944
7881,49,-56,62,1136,6.212602368
7881,50,249,-468,1095,6.213789792
7881,51,162,-876,-1938,6.214977216
7881,52,446,-13206,-1837,6.216164640
7881,53,361,-16829,-1002,6.217352064
7881,54,64,-7657,1402,6.218539488
7881,55,51,-1647,1162,6.219726912
7881,56,-4,-3239,1363,6.220914336
7881,57,146,-3428,38,6.222101760
7881,58,-58,2455,-340,6.223289184
7881,59,-271,-207,1353,6.224476608
7881,60,-144,-1400,-614,6.225664032
7881,61,50,-1599,-387,6.226851456
7881,62,-32,-5468,-2242,6.228038880
7881,63,474,-7837,-2142,6.229226304
7881,64,63,-2436,-775,6.230413728
7882,1,59,1020,-1814,6.231601152
7882,2,460,-895,-657,6.232788576
7882,3,318,-1525,572,6.233976000
7882,4,446,427,675,6.235163424
7882,5,171,149,555,6.236350848
7882,6,-197,-835,-879,6.237538272
7882,7,-480,-379,-984,6.238725696
7882,8,-118,-271,-880,6.239913120
7882,9,-297,-1030,2366,6.241100544
7882,10,-666,-410,597,6.242287968
7882,11,-176,-3860,795,6.243475392
7882,12,-521,-3283,-197,6.244662816
7882,13,-134,-1477,-443,6.245850240
7882,14,-251,-7030,1316,6.247037664
7882,15,164,-4686,1013,6.248225088
7882,16,89,-1270,781,6.249412512
7882,17,-32,-7993,598,6.250599936
7882,18,39,-10976,102,6.251787360
7882,19,-85,-9028,370,6.252974784
7882,20,-45,-7129,598,6.254162208
7882,21,97,-2102,-310,6.255349632
7882,22,-522,-2042,-63,6.256537056
7882,23,-147,-4788,966,6.257724480
7882,24,-584,-981,1031,6.258911904
7882,25,-277,-1164,1283,6.260099328
7882,26,86,-9334,-1085,6.261286752
7882,27,209,-7712,-1804,6.262474176
7882,28,316,-6692,-152,6.263661600
7882,29,294,-8589,481,6.264849024
7882,30,395,-5214,-132,6.266036448
7882,31,493,-8840,-1643,6.267223872
7882,32,856,-8433,-2078,6.268411296
7882,33,636,-3387,-727,6.269598720
7882,34,511,-1855,228,6.270786144
7882,35,260,-7371,111,6.271973568
7882,36,191,-7766,-1062,6.273160992
7882,37,179,-5571,-384,6.274348416
7882,38,237,-7583,-276,6.275535840
7882,39,429,-4454,517,6.276723264
7882,40,148,-1983,452,6.277910688
7882,41,290,-4606,-674,6.279098112
7882,42,-30,-11212,-738,6.280285536
7882,43,311,-8124,-359,6.281472960
7882,44,385,-4130,1172,6.282660384
7882,45,358,-5116,240,6.283847808
7882,46,119,-3633,-540,6.285035232
7882,47,-274,-7427,-1790,6.286222656
7882,48,27,-14102,-553,6.287410080
7882,49,-228,-15379,378,6.288597504
7882,50,-268,-9179,945,6.289784928
7882,51,-542,-9575,961,6.290972352
7882,52,-408,-8760,-159,6.292159776
7882,53,-479,-5790,1116,6.293347200
7882,54,-399,-2341,865,6.294534624
7882,55,-143,22,1712,6.295722048
7882,56,-243,-1578,1234,6.296909472
7882,57,126,-5513,52,6.298096896
7882,58,86,-7440,-767,6.299284320
7882,59,146,-7346,-453,6.300471744
7882,60,28,-9539,244,6.301659168
7882,61,-17,-3009,-1066,6.302846592
7882,62,-57,1031,-280,6.304034016
7882,63,-229,-301,1662,6.305221440
7882,64,-306,1240,-692,6.306408864
7883,1,-246,888,1149,6.307596288
7883,2,-193,610,470,6.308783712
7883,3,-161,1542,-247,6.309971136
7883,4,74,757,1364,6.311158560
7883,5,22,2006,1546,6.312345984
7883,6,154,885,1521,6.313533408
7883,7,244,-663,503,6.314720832
7883,8,346,-1134,-911,6.315908256
7883,9,466,-1469,188,6.317095680
7883,10,91,-2898,-121,6.318283104
7883,11,163,-1682,-44,6.319470528
7883,12,-93,-238,-1042,6.320657952
7883,13,-178,-594,-653,6.321845376
7883,14,-183,-76,-372,6.323032800
7883,15,-267,485,579,6.324220224
7883,16,-212,-176,1038,6.325407648
7883,17,-293,755,488,6.326595072
7883,18,-65,-114,165,6.327782496
7883,19,47,228,565,6.328969920
7883,20,64,1365,1537,6.330157344
7883,21,124,244,1086,6.331344768
7883,22,210,-1550,-652,6.332532192
7883,23,508,-1432,-571,6.333719616
7883,24,-66,-18452,-1336,6.334907040
7883,25,694,-25244,-1525,6.336094464
7883,26,-197,-8361,-2641,6.337281888
7883,27,-50,-3061,-1449,6.338469312
7883,28,-123,-3474,-4302,6.339656736
7883,29,-395,-3479,-4257,6.340844160
7883,30,59,-13581,-2007,6.342031584
7883,31,45,-16446,-575,6.343219008
7883,32,-156,-6596,1535,6.344406432
7883,33,1,-5438,1330,6.345593856
7883,34,105,-10435,1390,6.346781280
7883,35,160,-10753,57,6.347968704
7883,36,228,-7433,-219,6.349156128
7883,37,210,-5454,363,6.350343552
7883,38,291,-1563,-280,6.351530976
7883,39,241,-2015,688,6.352718400
7883,40,-163,-3166,320,6.353905824
7883,41,163,-8909,-225,6.355093248
7883,42,40,-8119,-727,6.356280672
7883,43,-180,-5516,1063,6.357468096
7883,44,106,-1367,1518,6.358655520
7883,45,-295,1058,2870,6.359842944
7883,46,-120,206,3517,6.361030368
7883,47,-204,549,2356,6.362217792
7883,48,58,480,624,6.363405216
7883,49,490,64,3291,6.364592640
7883,50,173,620,4562,6.365780064
7883,51,133,-130,4704,6.366967488
7883,52,-30,-2499,3876,6.368154912
7883,53,-331,-4954,-399,6.369342336
7883,54,34,-7362,1213,6.370529760
7883,55,-169,-380,320,6.371717184
7883,56,-238,2973,2073,6.372904608
7883,57,-400,1922,1903,6.374092032
7883,58,-628,1511,-1077,6.375279456
7883,59,-213,1184,-133,6.376466880
7883,60,-211,2005,253,6.377654304
7883,61,-136,1835,466,6.378841728
7883,62,133,-1337,-480,6.380029152
7883,63,35,-1419,-612,6.381216576
7883,64,64,-15326,-1188,6.382404000
7884,1,602,-16439,-1279,6.383591424
7884,2,-175,-1796,-2338,6.384778848
7884,3,311,567,-3308,6.385966272
7884,4,9,-7983,-7456,6.387153696
7884,5,-16,-14545,-6699,6.388341120
7884,6,387,-12237,-2866,6.389528544
7884,7,-5,-7251,-2832,6.390715968
7884,8,80,-8800,-2547,6.391903392
7884,9,406,-14407,-4822,6.393090816
7884,10,245,-6734,-3731,6.394278240
7884,11,201,438,-2265,6.395465664
7884,12,260,-2470,-1881,6.396653088
7884,13,452,-7617,-1933,6.397840512
7884,14,758,-5563,-2219,6.399027936
7884,15,715,-6572,325,6.400215360
7884,16,425,-5759,1250,6.401402784
7884,17,63,-4192,460,6.402590208
7884,18,287,-13964,-208,6.403777632
7884,19,205,-14478,-1139,6.404965056
7884,20,50,-6619,1152,6.406152480
7884,21,72,-4986,3486,6.407339904
7884,22,34,-7003,2695,6.408527328
7884,23,-37,-6702,2476,6.409714752
7884,24,-137,-2962,1643,6.410902176
7884,25,24,-406,3006,6.412089600
7884,26,299,-765,5989,6.413277024
7884,27,251,-1709,5431,6.414464448
7884,28,262,-971,4901,6.415651872
7884,29,-443,-552,4320,6.416839296
7884,30,-32,-1602,4554,6.418026720
7884,31,122,-1662,4508,6.419214144
7884,32,-165,-865,5174,6.420401568
7884,33,-790,-2065,2834,6.421588992
7884,34,-902,-7234,1400,6.422776416
7884,35,-872,-5820,1694,6.423963840
7884,36,-614,-1551,1650,6.425151264
7884,37,-673,-374,1342,6.426338688
7884,38,-568,1054,-977,6.427526112
7884,39,-497,115,-1299,6.428713536
7884,40,-343,-110,144,6.429900960
7884,41,277,488,-17,6.431088384
7884,42,306,56,-380,6.432275808
7884,43,621,-1335,-2282,6.433463232
7884,44,152,-5423,-3659,6.434650656
7884,45,294,-2522,-3685,6.435838080
7884,46,-110,-1871,-1979,6.437025504
7884,47,200,-1424,-3267,6.438212928
7884,48,-59,935,-3343,6.439400352
7884,49,-82,1476,-4405,6.440587776
7884,50,-509,2968,-3716,6.441775200
7884,51,-669,2609,-3545,6.442962624
7884,52,-297,1867,-2899,6.444150048
7884,53,-104,956,-3394,6.445337472
7884,54,330,504,-3502,6.446524896
7884,55,625,717,-2413,6.447712320
7884,56,443,772,-1897,6.448899744
7884,57,672,-289,-1124,6.450087168
7884,58,802,-869,-2600,6.451274592
7884,59,985,-580,-1152,6.452462016
7884,60,348,-6692,-1690,6.453649440
7884,61,439,-13531,-774,6.454836864
7884,62,156,-10187,-374,6.456024288
7884,63,-169,-7239,-679,6.457211712
7884,64,-200,-9130,-390,6.458399136
7885,1,-234,-8347,-15,6.459586560
7885,2,-178,-7087,1314,6.460773984
7885,3,-376,-9121,2045,6.461961408
7885,4,-353,-6628,2571,6.463148832
7885,5,-139,-7621,2285,6.464336256
7885,6,305,-11141,3620,6.465523680
7885,7,445,-7916,3914,6.466711104
7885,8,218,-10711,3092,6.467898528
7885,9,490,-22281,2498,6.469085952
7885,10,364,-15287,1848,6.470273376
7885,11,114,-10008,2697,6.471460800
7885,12,162,-12319,2666,6.472648224
7885,13,-449,-12723,1656,6.473835648
7885,14,-362,-14374,341,6.475023072
7885,15,-558,-13131,1430,6.476210496
7885,16,-625,-4888,1828,6.477397920
7885,17,-535,-3426,3080,6.478585344
7885,18,-214,-6283,1802,6.479772768
7885,19,-142,-9105,918,6.480960192
7885,20,20,-18662,-1170,6.482147616
7885,21,457,-15189,1592,6.483335040
7885,22,343,-890,2772,6.484522464
7885,23,531,-619,2646,6.485709888
7885,24,12,-8329,612,6.486897312
7885,25,361,-5636,292,6.488084736
7885,26,424,1759,-811,6.489272160
7885,27,-256,-35,2025,6.490459584
7885,28,-295,153,89,6.491647008
7885,29,-1051,3452,-146,6.492834432
7885,30,-187,6636,-574,6.494021856
7885,31,-576,2845,1644,6.495209280
7885,32,-513,2476,-1295,6.496396704
7885,33,177,4035,-207,6.497584128
7885,34,285,5389,-544,6.498771552
7885,35,111,2786,-1016,6.499958976
7885,36,279,1883,-896,6.501146400
7885,37,503,2124,-1111,6.502333824
7885,38,667,2356,-1750,6.503521248
7885,39,493,1522,-2359,6.504708672
7885,40,360,1560,-2965,6.505896096
7885,41,133,567,-1730,6.507083520
7885,42,-142,1202,-1940,6.508270944
7885,43,-400,2759,-2421,6.509458368
7885,44,-190,2553,-3483,6.510645792
7885,45,-184,2239,-3408,6.511833216
7885,46,-168,2519,-2699,6.513020640
7885,47,-579,2316,-1541,6.514208064
7885,48,-572,1179,-1875,6.515395488
7885,49,-277,-406,-1948,6.516582912
7885,50,9,-532,-1570,6.517770336
7885,51,-43,-652,-1078,6.518957760
7885,52,710,-4243,-2532,6.520145184
7885,53,152,-7717,-1865,6.521332608
7885,54,138,-16886,206,6.522520032
7885,55,414,-18218,-107,6.523707456
7885,56,324,-5899,757,6.524894880
7885,57,606,-1749,2162,6.526082304
7885,58,-13,-14151,-676,6.527269728
7885,59,52,-17898,-2387,6.528457152
7885,60,-257,-13074,-1591,6.529644576
7885,61,27,-16620,112,6.530832000
7885,62,-39,-18055,3186,6.532019424
7885,63,-252,-12108,3487,6.533206848
7885,64,-89,-10436,3780,6.534394272
7886,1,-66,-8179,3798,6.535581696
7886,2,152,-5010,3785,6.536769120
7886,3,490,-11402,4888,6.537956544
7886,4,646,-13845,5146,6.539143968
7886,5,437,-8940,6029,6.540331392
7886,6,494,-3776,4577,6.541518816
7886,7,409,-5820,4290,6.542706240
7886,8,837,-7136,3970,6.543893664
7886,9,206,-2876,3377,6.545081088
7886,10,99,-559,2541,6.546268512
7886,11,-398,-3643,2432,6.547455936
7886,12,-69,-4754,1544,6.548643360
7886,13,-113,-4426,1426,6.549830784
7886,14,-261,-4453,-429,6.551018208
7886,15,-396,-4828,-737,6.552205632
7886,16,-353,-3023,-167,6.553393056
7886,17,-319,391,-15,6.554580480
7886,18,-172,905,1660,6.555767904
7886,19,-275,1837,-585,6.556955328
7886,20,229,1566,-925,6.558142752
7886,21,295,2449,-760,6.559330176
7886,22,-40,1740,-1371,6.560517600
7886,23,35,805,-1880,6.561705024
7886,24,-497,784,-2498,6.562892448
7886,25,13,-6152,-7454,6.564079872
7886,26,-33,-10306,-4360,6.565267296
7886,27,-599,2269,-4455,6.566454720
7886,28,-471,3082,-3986,6.567642144
7886,29,-579,1202,-2704,6.568829568
7886,30,-800,3786,-6068,6.570016992
7886,31,-173,3557,-4169,6.571204416
7886,32,-377,2042,-2176,6.572391840
7886,33,-267,673,-3814,6.573579264
7886,34,11,-2540,-1769,6.574766688
7886,35,437,-12465,-4910,6.575954112
7886,36,730,-10450,-3494,6.577141536
7886,37,90,-3176,-815,6.578328960
7886,38,442,-680,774,6.579516384
7886,39,577,1384,53,6.580703808
7886,40,372,1601,1050,6.581891232
7886,41,313,716,1001,6.583078656
7886,42,447,354,-1715,6.584266080
7886,43,-175,-5596,1563,6.585453504
7886,44,119,-6668,616,6.586640928
7886,45,-155,-8886,2290,6.587828352
7886,46,-153,-12101,2496,6.589015776
7886,47,412,-2046,1573,6.590203200
7886,48,301,-386,4940,6.591390624
7886,49,9,-11773,3491,6.592578048
7886,50,699,-17006,2363,6.593765472
7886,51,320,-11694,5116,6.594952896
7886,52,712,-6679,5628,6.596140320
7886,53,513,-5000,5070,6.597327744
7886,54,529,-3625,4128,6.598515168
7886,55,183,-9116,3330,6.599702592
7886,56,283,-10154,1489,6.600890016
7886,57,-101,-5105,3710,6.602077440
7886,58,138,-4959,2568,6.603264864
7886,59,-380,-9299,1951,6.604452288
7886,60,-308,-6097,543,6.605639712
7886,61,-201,-425,-155,6.606827136
7886,62,-491,-2549,265,6.608014560
7886,63,-189,-3224,133,6.609201984
7886,64,-378,-5158,351,6.610389408
7887,1,-287,-8091,-65,6.611576832
7887,2,-26,-6236,997,6.612764256
7887,3,-133,-1435,481,6.613951680
7887,4,-144,2,21,6.615139104
7887,5,-113,-1774,-1300,6.616326528
7887,6,-373,-1880,-2565,6.617513952
7887,7,-166,-4947,-2411,6.618701376
7887,8,-185,-9845,-2352,6.619888800
7887,9,-415,-10367,-3393,6.621076224
7887,10,-299,-9795,-4645,6.622263648
7887,11,-417,-7420,-4461,6.623451072
7887,12,-334,-4814,-3687,6.624638496
7887,13,-270,-1802,-2379,6.625825920
7887,14,-321,1090,-2830,6.627013344
7887,15,90,1339,-2002,6.628200768
7887,16,126,1962,-1854,6.629388192
7887,17,397,2135,-731,6.630575616
7887,18,329,923,7,6.631763040
7887,19,497,-1937,-2037,6.632950464
7887,20,517,-8794,-1519,6.634137888
7887,21,488,-6658,-1379,6.635325312
7887,22,332,203,-929,6.636512736
7887,23,512,-490,350,6.637700160
7887,24,195,834,-1261,6.638887584
7887,25,102,834,-1597,6.640075008
7887,26,38,-423,-96,6.641262432
7887,27,-193,-114,-275,6.642449856
7887,28,-12,-1479,1629,6.643637280
7887,29,-2,-1960,1286,6.644824704
7887,30,-105,-1308,1191,6.646012128
7887,31,91,-1996,2560,6.647199552
7887,32,275,-1563,2649,6.648386976
7887,33,310,-628,3300,6.649574400
7887,34,315,-1605,3344,6.650761824
7887,35,255,-2903,3120,6.651949248
7887,36,220,-5372,2807,6.653136672
7887,37,199,-6147,2393,6.654324096
7887,38,50,-8223,2354,6.655511520
7887,39,-65,-8589,1821,6.656698944
7887,40,-386,-2427,1407,6.657886368
7887,41,-542,-5785,679,6.659073792
7887,42,-180,-14868,648,6.660261216
7887,43,-450,-12414,1567,6.661448640
7887,44,-309,-4653,992,6.662636064
7887,45,-376,-6385,1844,6.663823488
7887,46,-260,-3687,1326,6.665010912
7887,47,-162,272,1200,6.666198336
7887,48,-63,-11163,-198,6.667385760
7887,49,184,-12946,-263,6.668573184
7887,50,32,-1829,-159,6.669760608
7887,51,135,-744,1095,6.670948032
7887,52,55,-4732,-1698,6.672135456
7887,53,204,-4822,-1470,6.673322880
7887,54,-76,-3749,-2009,6.674510304
7887,55,207,-7818,-3212,6.675697728
7887,56,166,-3667,-1509,6.676885152
7887,57,-123,1325,-1923,6.678072576
7887,58,80,-41,-194,6.679260000
7887,59,-96,-1697,-2778,6.680447424
7887,60,224,-7207,-2638,6.681634848
7887,61,307,-9283,-1688,6.682822272
7887,62,180,-4739,-1432,6.684009696
7887,63,280,-1995,-450,6.685197120
7887,64,160,-4923,-1444,6.686384544
7888,1,319,-8793,-2371,6.687571968
7888,2,290,-8893,-920,6.688759392
7888,3,146,390,-1391,6.689946816
7888,4,-78,1189,172,6.691134240
7888,5,-90,-1747,454,6.692321664
7888,6,-190,-2476,-2827,6.693509088
7888,7,-65,-5760,-637,6.694696512
7888,8,-310,-8281,243,6.695883936
7888,9,-33,-5654,-106,6.697071360
7888,10,-6,-3439,992,6.698258784
7888,11,-73,-4121,979,6.699446208
7888,12,-100,-4560,1224,6.700633632
7888,13,-57,-5461,1129,6.701821056
7888,14,141,-4096,1991,6.703008480
7888,15,92,-3174,899,6.704195904
7888,16,28,-9490,1355,6.705383328
7888,17,-27,-10705,378,6.706570752
7888,18,-83,-6640,1371,6.707758176
7888,19,-132,-9390,914,6.708945600
7888,20,-114,-7754,226,6.710133024
7888,21,-97,-1964,607,6.711320448
7888,22,-182,-324,1878,6.712507872
7888,23,149,-3635,1375,6.713695296
7888,24,-10,-2700,1785,6.714882720
7888,25,63,-1938,1603,6.716070144
7888,26,372,-2485,1292,6.717257568
7888,27,129,-3396,1541,6.718444992
7888,28,587,-6726,360,6.719632416
7888,29,104,-10745,2029,6.720819840
7888,30,235,-3866,26,6.722007264
7888,31,-85,-897,986,6.723194688
7888,32,190,-3319,1569,6.724382112
7888,33,20,1009,-728,6.725569536
7888,34,-108,727,1133,6.726756960
7888,35,-422,-2136,-850,6.727944384
7888,36,51,-4690,-1069,6.729131808
7888,37,225,-1190,-343,6.730319232
7888,38,-137,370,-252,6.731506656
7888,39,372,-2106,-134,6.732694080
7888,40,-170,-5764,-1774,6.733881504
7888,41,493,-4623,-1632,6.735068928
7888,42,322,-2601,-1304,6.736256352
7888,43,263,-1288,-503,6.737443776
7888,44,134,1591,388,6.738631200
7888,45,-255,1091,-648,6.739818624
7888,46,-29,-5005,-2941,6.741006048
7888,47,-274,-8601,-2103,6.742193472
7888,48,-393,-4513,-1191,6.743380896
7888,49,-213,-2156,-500,6.744568320
7888,50,-214,-57,-1088,6.745755744
7888,51,-408,1903,-1979,6.746943168
7888,52,-297,876,-687,6.748130592
7888,53,191,-558,-2462,6.749318016
7888,54,198,-1489,-888,6.750505440
7888,55,526,-1136,-867,6.751692864
7888,56,-286,-14176,545,6.752880288
7888,57,288,-17088,-1617,6.754067712
7888,58,-267,-11667,-483,6.755255136
7888,59,42,-10570,268,6.756442560
7888,60,-60,-4042,-1090,6.757629984
7888,61,-336,854,-680,6.758817408
7888,62,-419,-2347,1209,6.760004832
7888,63,-310,-7851,216,6.761192256
7888,64,-195,-11273,1317,6.762379680
7889,1,-10,-11185,1784,6.763567104
7889,2,360,-4575,1994,6.764754528
7889,3,102,-6926,934,6.765941952
7889,4,517,-12900,-3,6.767129376
7889,5,319,-6725,1936,6.768316800
7889,6,455,-138,1474,6.769504224
7889,7,387,-2394,2728,6.770691648
7889,8,283,-4388,1872,6.771879072
7889,9,411,-3525,2235,6.773066496
7889,10,18,-6806,1841,6.774253920
7889,11,-156,-4869,1783,6.775441344
7889,12,-382,-2009,1885,6.776628768
7889,13,73,-8490,821,6.777816192
7889,14,225,-11700,2160,6.779003616
7889,15,59,128,933,6.780191040
7889,16,-104,1767,2669,6.781378464
7889,17,446,-1268,1372,6.782565888
7889,18,386,-1533,-1772,6.783753312
7889,19,769,-1631,811,6.784940736
7889,20,419,-1086,800,6.786128160
7889,21,369,-1463,611,6.787315584
7889,22,228,-185,-1000,6.788503008
7889,23,-491,2680,-971,6.789690432
7889,24,-132,2856,-968,6.790877856
7889,25,-272,1620,-471,6.792065280
7889,26,-1024,530,-314,6.793252704
7889,27,-803,-1294,-1033,6.794440128
7889,28,-522,-9276,-4313,6.795627552
7889,29,-380,-15118,-2988,6.796814976
7889,30,-95,-12175,-1031,6.798002400
7889,31,-97,981,-1247,6.799189824
7889,32,3,2714,-854,6.800377248
7889,33,16,-643,-278,6.801564672
7889,34,247,331,-4621,6.802752096
7889,35,904,-2878,-1329,6.803939520
7889,36,418,-6734,-1869,6.805126944
7889,37,178,-4285,-1875,6.806314368
7889,38,-46,-1241,-1898,6.807501792
7889,39,-342,-4604,-2566,6.808689216
7889,40,-367,-12460,-2664,6.809876640
7889,41,-358,-14807,-2045,6.811064064
7889,42,-509,-7755,-154,6.812251488
7889,43,-268,-164,-633,6.813438912
7889,44,-732,-1098,2508,6.814626336
7889,45,-206,-5642,-1448,6.815813760
7889,46,532,-7474,1446,6.817001184
7889,47,421,-3719,1747,6.818188608
7889,48,634,-4030,1822,6.819376032
7889,49,756,-6670,1921,6.820563456
7889,50,731,-9946,2312,6.821750880
7889,51,708,-17078,1310,6.822938304
7889,52,550,-9072,838,6.824125728
7889,53,66,923,1261,6.825313152
7889,54,138,-4918,1331,6.826500576
7889,55,-146,-5173,2178,6.827688000
7889,56,-880,528,2897,6.828875424
7889,57,-164,-5891,1938,6.830062848
7889,58,-507,-10707,3493,6.831250272
7889,59,192,281,1619,6.832437696
7889,60,-118,-246,3494,6.833625120
7889,61,159,-8131,3009,6.834812544
7889,62,253,-5270,2577,6.835999968
7889,63,318,-6009,1135,6.837187392
7889,64,583,-7762,1779,6.838374816
7890,1,451,-1122,537,6.839562240
7890,2,256,838,964,6.840749664
7890,3,-5,-1308,969,6.841937088
7890,4,-637,-1832,-2498,6.843124512
7890,5,-776,-3196,-1502,6.844311936
7890,6,-662,-9019,-2167,6.845499360
7890,7,-318,-10501,-454,6.846686784
7890,8,-756,-6003,-1232,6.847874208
7890,9,-771,-2224,-1572,6.849061632
7890,10,-629,-4391,-2416,6.850249056
7890,11,-161,-6002,-1950,6.851436480
7890,12,384,-3552,-370,6.852623904
7890,13,492,-1736,-1113,6.853811328
7890,14,375,-2974,-826,6.854998752
7890,15,551,-1913,-1944,6.856186176
7890,16,506,614,-1678,6.857373600
7890,17,550,189,-1449,6.858561024
7890,18,368,168,-2876,6.859748448
7890,19,-270,-785,-2934,6.860935872
7890,20,409,-1544,-2782,6.862123296
7890,21,-535,-31,-2349,6.863310720
7890,22,-587,581,-1491,6.864498144
7890,23,-583,-1675,-1871,6.865685568
7890,24,-152,-1394,-1947,6.866872992
7890,25,72,367,-840,6.868060416
7890,26,-111,1025,1001,6.869247840
7890,27,188,817,2151,6.870435264
7890,28,486,750,2115,6.871622688
7890,29,650,505,1833,6.872810112
7890,30,904,-582,1385,6.873997536
7890,31,881,-1379,969,6.875184960
7890,32,237,-6089,944,6.876372384
7890,33,355,-10992,1022,6.877559808
7890,34,-10,-4840,1342,6.878747232
7890,35,-134,417,1235,6.879934656
7890,36,-295,-2354,2190,6.881122080
7890,37,-666,-3665,512,6.882309504
7890,38,-561,-6744,1786,6.883496928
7890,39,-885,-7383,596,6.884684352
7890,40,-577,-8573,2123,6.885871776
7890,41,-78,-8403,2604,6.887059200
7890,42,-125,-2040,2502,6.888246624
7890,43,379,-1060,2542,6.889434048
7890,44,-134,-5694,368,6.890621472
7890,45,306,-9699,532,6.891808896
7890,46,329,-8400,976,6.892996320
7890,47,361,-7080,1651,6.894183744
7890,48,389,-8251,25,6.895371168
7890,49,-16,-7145,-1200,6.896558592
7890,50,-148,-7176,-3028,6.897746016
7890,51,-118,-7852,-2116,6.898933440
7890,52,-188,-5509,-1116,6.900120864
7890,53,-70,-5571,-1053,6.901308288
7890,54,146,-9907,-1104,6.902495712
7890,55,-147,-10353,-1630,6.903683136
7890,56,183,-6545,-1022,6.904870560
7890,57,196,-8936,-741,6.906057984
7890,58,658,-8913,-573,6.907245408
7890,59,606,-7045,-549,6.908432832
7890,60,455,-7047,-398,6.909620256
7890,61,503,-7258,147,6.910807680
7890,62,304,-6367,-729,6.911995104
7890,63,416,-5303,-759,6.913182528
7890,64,201,-2814,-1908,6.914369952
7891,1,14,-1652,-1216,6.915557376
7891,2,-50,-3559,-812,6.916744800
7891,3,-74,-2631,-530,6.917932224
7891,4,-256,-250,-115,6.919119648
7891,5,-160,-211,-1073,6.920307072
7891,6,-73,69,-141,6.921494496
7891,7,221,617,384,6.922681920
7891,8,-101,-698,1233,6.923869344
7891,9,-6,-5937,216,6.925056768
7891,10,-61,-7009,730,6.926244192
7891,11,35,-8320,373,6.927431616
7891,12,49,-8456,1184,6.928619040
7891,13,-137,-2779,1026,6.929806464
7891,14,-466,-1046,671,6.930993888
7891,15,-313,-2213,663,6.932181312
7891,16,-405,328,202,6.933368736
7891,17,-413,52,1867,6.934556160
7891,18,-380,158,821,6.935743584
7891,19,-429,-1849,396,6.936931008
7891,20,14,-5055,-957,6.938118432
7891,21,-319,-11593,-505,6.939305856
7891,22,35,-9650,1065,6.940493280
7891,23,-93,1192,307,6.941680704
7891,24,-183,-386,2226,6.942868128
7891,25,-105,-2343,-270,6.944055552
7891,26,-25,-267,-323,6.945242976
7891,27,37,1581,1713,6.946430400
7891,28,-130,241,1970,6.947617824
7891,29,-59,-474,114,6.948805248
7891,30,127,-850,88,6.949992672
7891,31,39,-5600,-1322,6.951180096
7891,32,440,-15871,-1067,6.952367520
7891,33,334,-13495,-8,6.953554944
7891,34,390,842,-1823,6.954742368
7891,35,597,-805,1064,6.955929792
7891,36,282,-5595,-3063,6.957117216
7891,37,453,-10420,-395,6.958304640
7891,38,561,-2485,2070,6.959492064
7891,39,37,1487,969,6.960679488
7891,40,169,-2238,1273,6.961866912
7891,41,-86,-3533,-1683,6.963054336
7891,42,97,-11906,-1205,6.964241760
7891,43,166,-14839,1139,6.965429184
7891,44,-130,-1013,-478,6.966616608
7891,45,-58,1014,65,6.967804032
7891,46,259,-4630,-1209,6.968991456
7891,47,268,-8852,-360,6.970178880
7891,48,339,-6258,903,6.971366304
7891,49,-75,-8742,-406,6.972553728
7891,50,391,-9100,-1953,6.973741152
7891,51,182,-4951,-1592,6.974928576
7891,52,25,-1626,-1161,6.976116000
7891,53,116,-1973,1565,6.977303424
7891,54,-250,-2174,-405,6.978490848
7891,55,-200,-10,-547,6.979678272
7891,56,-366,-484,-210,6.980865696
7891,57,-712,629,1119,6.982053120
7891,58,-595,-478,1571,6.983240544
7891,59,-27,-12523,-916,6.984427968
7891,60,-197,-16455,-894,6.985615392
7891,61,-460,-5723,-449,6.986802816
7891,62,-295,1268,2583,6.987990240
7891,63,-74,-9,4052,6.989177664
7891,64,90,-1968,-232,6.990365088
7892,1,-257,-1843,1294,6.991552512
7892,2,12,404,-895,6.992739936
7892,3,-407,-2235,2388,6.993927360
7892,4,48,-3277,1936,6.995114784
7892,5,-178,-114,2017,6.996302208
7892,6,-121,-1608,1384,6.997489632
7892,7,-246,-1723,-536,6.998677056
7892,8,-727,193,1389,6.999864480
7892,9,56,-4496,-695,7.001051904
7892,10,183,-12911,-380,7.002239328
7892,11,-39,-11414,-1020,7.003426752
7892,12,-38,-4361,813,7.004614176
7892,13,204,1190,1103,7.005801600
7892,14,252,755,2138,7.006989024
7892,15,280,-7630,-1856,7.008176448
7892,16,601,-8127,-1380,7.009363872
7892,17,699,-3519,97,7.010551296
7892,18,774,-3745,956,7.011738720
7892,19,337,-4823,-429,7.012926144
7892,20,401,-7317,-2214,7.014113568
7892,21,490,-8251,-2510,7.015300992
7892,22,601,-1754,-1957,7.016488416
7892,23,172,1081,-338,7.017675840
7892,24,60,-1595,-363,7.018863264
7892,25,182,-6364,-3125,7.020050688
7892,26,29,-12865,-3356,7.021238112
7892,27,204,-9629,-566,7.022425536
7892,28,-7,1310,-1101,7.023612960
7892,29,4,-868,-192,7.024800384
7892,30,139,-8226,-681,7.025987808
7892,31,131,-10040,-1492,7.027175232
7892,32,190,-7740,890,7.028362656
7892,33,146,-1746,916,7.029550080
7892,34,149,259,-566,7.030737504
7892,35,-53,-4680,-1570,7.031924928
7892,36,38,-8810,-1046,7.033112352
7892,37,-87,-4693,1900,7.034299776
7892,38,-353,-4456,1743,7.035487200
7892,39,-52,-2024,716,7.036674624
7892,40,-568,1056,500,7.037862048
7892,41,-486,1151,1617,7.039049472
7892,42,-485,1228,2825,7.040236896
7892,43,-538,63,1347,7.041424320
7892,44,-177,570,1636,7.042611744
7892,45,109,1588,2537,7.043799168
7892,46,-280,2754,3176,7.044986592
7892,47,-178,777,3125,7.046174016
7892,48,-85,-522,2160,7.047361440
7892,49,83,85,1371,7.048548864
7892,50,-50,-1172,2989,7.049736288
7892,51,-69,-13018,-1590,7.050923712
7892,52,37,-21875,-358,7.052111136
7892,53,27,-17528,-87,7.053298560
7892,54,-131,-6055,1128,7.054485984
7892,55,-266,727,-777,7.055673408
7892,56,-354,-10074,-3625,7.056860832
7892,57,45,-18808,-3075,7.058048256
7892,58,173,-10758,-932,7.059235680
7892,59,-142,-4856,755,7.060423104
7892,60,176,-7948,471,7.061610528
7892,61,683,-3132,256,7.062797952
7892,62,442,-1096,-864,7.063985376
7892,63,693,-4547,-1574,7.065172800
7892,64,314,-2287,-1259,7.066360224
7893,1,549,-1116,-1353,7.067547648
7893,2,977,-1979,-1567,7.068735072
7893,3,205,-2258,-2052,7.069922496
7893,4,390,-5831,-1044,7.071109920
7893,5,77,-7545,-3125,7.072297344
7893,6,103,-3954,-3808,7.073484768
7893,7,318,-10797,-2879,7.074672192
7893,8,143,-10455,-2191,7.075859616
7893,9,90,-3479,-349,7.077047040
7893,10,236,-6952,-527,7.078234464
7893,11,2,-6070,-1183,7.079421888
7893,12,87,1968,-1282,7.080609312
7893,13,10,281,2872,7.081796736
7893,14,442,110,3892,7.082984160
7893,15,205,-528,2804,7.084171584
7893,16,-50,-407,2124,7.085359008
7893,17,-188,-1307,2024,7.086546432
7893,18,-364,-6228,1859,7.087733856
7893,19,-312,-4837,2581,7.088921280
7893,20,-553,1489,2062,7.090108704
7893,21,-772,-397,2665,7.091296128
7893,22,-1003,-619,2359,7.092483552
7893,23,-766,56,1780,7.093670976
7893,24,-597,-895,2932,7.094858400
7893,25,-439,-4250,-2490,7.096045824
7893,26,-63,-13522,516,7.097233248
7893,27,-251,-7003,1565,7.098420672
7893,28,1,-76,2894,7.099608096
7893,29,82,-1358,3740,7.100795520
7893,30,86,101,236,7.101982944
7893,31,312,389,-499,7.103170368
7893,32,124,-418,-979,7.104357792
7893,33,240,-1823,245,7.105545216
7893,34,-44,-2185,-648,7.106732640
7893,35,-10,-2231,-758,7.107920064
7893,36,-197,-734,-2022,7.109107488
7893,37,-400,1406,-2059,7.110294912
7893,38,-249,1388,-1017,7.111482336
7893,39,-114,857,-1808,7.112669760
7893,40,98,-101,-887,7.113857184
7893,41,181,-589,-1385,7.115044608
7893,42,332,-450,-743,7.116232032
7893,43,642,-2703,-893,7.117419456
7893,44,810,-9964,-254,7.118606880
7893,45,696,-6840,-1278,7.119794304
7893,46,425,-918,-2319,7.120981728
7893,47,614,-4336,-448,7.122169152
7893,48,339,-5131,-2437,7.123356576
7893,49,301,-7712,-1813,7.124544000
7893,50,43,-12163,-1514,7.125731424
7893,51,-49,-4895,-1876,7.126918848
7893,52,-339,1464,-958,7.128106272
7893,53,-264,-723,646,7.129293696
7893,54,-562,695,24,7.130481120
7893,55,-170,1202,758,7.131668544
7893,56,-23,-2654,342,7.132855968
7893,57,38,-11720,-192,7.134043392
7893,58,322,-12856,831,7.135230816
7893,59,164,-9827,1332,7.136418240
7893,60,195,-8582,2330,7.137605664
7893,61,24,-9561,-11,7.138793088
7893,62,39,-13543,-234,7.139980512
7893,63,82,-13529,218,7.141167936
7893,64,-179,-7065,616,7.142355360
7894,1,-528,-5201,1719,7.143542784
7894,2,-610,-10350,-128,7.144730208
7894,3,-552,-13845,-183,7.145917632
7894,4,-586,-12355,127,7.147105056
7894,5,-301,-4969,553,7.148292480
7894,6,-193,-1502,1353,7.149479904
7894,7,120,-5399,614,7.150667328
7894,8,184,-9668,617,7.151854752
7894,9,120,-9929,474,7.153042176
7894,10,375,-13427,1738,7.154229600
7894,11,507,-8681,1782,7.155417024
7894,12,127,-3500,1164,7.156604448
7894,13,98,-6775,768,7.157791872
7894,14,-116,-9361,924,7.158979296
7894,15,-76,-4085,933,7.160166720
7894,16,-46,-4809,1340,7.161354144
7894,17,-33,-7254,-457,7.162541568
7894,18,-140,-7444,213,7.163728992
7894,19,218,-6824,-295,7.164916416
7894,20,201,-7763,527,7.166103840
7894,21,538,-9968,39,7.167291264
7894,22,476,-2822,-585,7.168478688
7894,23,400,1274,-151,7.169666112
7894,24,640,-122,1360,7.170853536
7894,25,330,1674,760,7.172040960
7894,26,378,1453,795,7.173228384
7894,27,133,2221,286,7.174415808
7894,28,-19,1186,-552,7.175603232
7894,29,-6,1858,755,7.176790656
7894,30,-56,2036,-410,7.177978080
7894,31,-143,1903,-92,7.179165504
7894,32,-331,2724,-2015,7.180352928
7894,33,-52,960,-2452,7.181540352
7894,34,79,2291,-1224,7.182727776
7894,35,101,4301,-788,7.183915200
7894,36,-74,1676,-1021,7.185102624
7894,37,22,-99,-2389,7.186290048
7894,38,59,660,-1604,7.187477472
7894,39,95,-619,-1691,7.188664896
7894,40,61,-3343,-1751,7.189852320
7894,41,-552,-5603,-1420,7.191039744
7894,42,-278,-5751,-1761,7.192227168
7894,43,-473,-1134,-713,7.193414592
7894,44,-386,1172,-6,7.194602016
7894,45,-458,949,957,7.195789440
7894,46,-506,183,-373,7.196976864
7894,47,-501,-1858,-1709,7.198164288
7894,48,-140,-10829,-2843,7.199351712
7894,49,17,-14300,-1229,7.200539136
7894,50,-59,-11111,1594,7.201726560
7894,51,110,-1003,1559,7.202913984
7894,52,-180,458,2093,7.204101408
7894,53,-110,-2655,651,7.205288832
7894,54,127,-2131,1094,7.206476256
7894,55,299,761,968,7.207663680
7894,56,40,-1028,3686,7.208851104
7894,57,8,-989,985,7.210038528
7894,58,-39,122,2243,7.211225952
7894,59,-595,-1269,1917,7.212413376
7894,60,725,-11806,-350,7.213600800
7894,61,-164,-17977,-1096,7.214788224
7894,62,529,-14616,2762,7.215975648
7894,63,222,-5021,1891,7.217163072
7894,64,59,-3681,3240,7.218350496
7895,1,451,-11375,1351,7.219537920
7895,2,637,-16005,850,7.220725344
7895,3,545,-11377,410,7.221912768
7895,4,485,-8315,1828,7.223100192
7895,5,394,-8865,994,7.224287616
7895,6,508,-10796,1691,7.225475040
7895,7,346,-10445,231,7.226662464
7895,8,101,-3119,-248,7.227849888
7895,9,144,-284,179,7.229037312
7895,10,71,-453,-664,7.230224736
7895,11,405,-3261,-486,7.231412160
7895,12,-242,-4804,-478,7.232599584
7895,13,-251,-4967,-981,7.233787008
7895,14,-165,-4704,-2666,7.234974432
7895,15,38,-3148,-2372,7.236161856
7895,16,43,158,-2193,7.237349280
7895,17,-281,1583,-1459,7.238536704
7895,18,-145,-37,15,7.239724128
7895,19,-188,459,-1651,7.240911552
7895,20,36,1590,-1022,7.242098976
7895,21,110,2182,-1052,7.243286400
7895,22,79,1770,-380,7.244473824
7895,23,20,464,-648,7.245661248
7895,24,-185,-885,-1086,7.246848672
7895,25,-612,-2651,-1242,7.248036096
7895,26,-203,-11631,-1432,7.249223520
7895,27,-166,-13681,-548,7.250410944
7895,28,-253,-4761,-358,7.251598368
7895,29,-440,1540,-609,7.252785792
7895,30,-1078,-883,993,7.253973216
7895,31,-299,-17544,-344,7.255160640
7895,32,-136,-17172,912,7.256348064
7895,33,-175,-9287,13,7.257535488
7895,34,16,-10566,1377,7.258722912
7895,35,-218,-5440,-315,7.259910336
7895,36,2,-461,804,7.261097760
7895,37,258,-9770,1309,7.262285184
7895,38,273,-7901,717,7.263472608
7895,39,326,-1659,1529,7.264660032
7895,40,571,-5204,517,7.265847456
7895,41,481,-4297,470,7.267034880
7895,42,171,-1008,-385,7.268222304
7895,43,295,-6881,-1570,7.269409728
7895,44,432,-6931,-1397,7.270597152
7895,45,318,-2425,-817,7.271784576
7895,46,479,-6825,191,7.272972000
7895,47,372,-6497,1020,7.274159424
7895,48,184,-1121,1036,7.275346848
7895,49,451,-3536,671,7.276534272
7895,50,527,-5476,302,7.277721696
7895,51,442,-748,1292,7.278909120
7895,52,502,-731,2627,7.280096544
7895,53,461,-1707,2923,7.281283968
7895,54,277,-1192,1642,7.282471392
7895,55,288,-817,983,7.283658816
7895,56,111,-2986,-58,7.284846240
7895,57,166,-3213,668,7.286033664
7895,58,-122,-364,521,7.287221088
7895,59,-285,-642,686,7.288408512
7895,60,-720,-303,362,7.289595936
7895,61,-743,938,-274,7.290783360
7895,62,-622,-111,591,7.291970784
7895,63,-454,345,97,7.293158208
7895,64,-390,1012,404,7.294345632
7896,1,-557,2439,1127,7.295533056
7896,2,-325,1872,1089,7.296720480
7896,3,81,3241,1797,7.297907904
7896,4,47,1966,1181,7.299095328
7896,5,100,367,-146,7.300282752
7896,6,59,-470,-872,7.301470176
7896,7,-323,-2593,-3492,7.302657600
7896,8,131,-15043,-2190,7.303845024
7896,9,-209,-13799,-1614,7.305032448
7896,10,-364,-5919,-2334,7.306219872
7896,11,-86,-1224,-2520,7.307407296
7896,12,-930,862,-2800,7.308594720
7896,13,-542,517,-2573,7.309782144
7896,14,-376,-4295,-2218,7.310969568
7896,15,-263,-15463,588,7.312156992
7896,16,296,-16564,-1093,7.313344416
7896,17,110,-6855,-580,7.314531840
7896,18,279,-2704,-429,7.315719264
7896,19,371,-7406,-1623,7.316906688
7896,20,615,-8717,-2018,7.318094112
7896,21,860,-6066,-1031,7.319281536
7896,22,785,-6174,95,7.320468960
7896,23,443,-4430,425,7.321656384
7896,24,290,-3683,112,7.322843808
7896,25,190,-4488,-1469,7.324031232
7896,26,39,-2798,-1492,7.325218656
7896,27,-8,-3386,-1982,7.326406080
7896,28,212,-11606,1001,7.327593504
7896,29,286,-6449,1383,7.328780928
7896,30,63,440,2915,7.329968352
7896,31,96,-2493,4097,7.331155776
7896,32,136,-902,1485,7.332343200
7896,33,596,699,4338,7.333530624
7896,34,391,-5413,2084,7.334718048
7896,35,540,-12838,3822,7.335905472
7896,36,2,-7686,4431,7.337092896
7896,37,-71,-6013,3595,7.338280320
7896,38,75,-9540,2793,7.339467744
7896,39,-314,-6165,1551,7.340655168
7896,40,-415,-3488,988,7.341842592
7896,41,-614,-5031,1554,7.343030016
7896,42,-853,-5494,905,7.344217440
7896,43,-652,-10786,239,7.345404864
7896,44,-507,-8908,434,7.346592288
7896,45,-323,-1536,-323,7.347779712
7896,46,-149,-3756,-584,7.348967136
7896,47,-363,-5241,-465,7.350154560
7896,48,-186,1453,-956,7.351341984
7896,49,-241,-333,1958,7.352529408
7896,50,164,-1239,-814,7.353716832
7896,51,161,-1741,-1252,7.354904256
7896,52,72,-5413,-4157,7.356091680
7896,53,179,-8747,-3978,7.357279104
7896,54,-348,-3069,-1801,7.358466528
7896,55,-240,-1570,-1911,7.359653952
7896,56,214,-6003,-2228,7.360841376
7896,57,70,-1279,-2959,7.362028800
7896,58,105,1370,-3221,7.363216224
7896,59,51,-527,-3933,7.364403648
7896,60,92,831,-1861,7.365591072
7896,61,334,1313,-1347,7.366778496
7896,62,458,1261,-517,7.367965920
7896,63,421,1411,-72,7.369153344
7896,64,429,2482,310,7.370340768
7897,1,117,2049,846,7.371528192
7897,2,194,1147,-182,7.372715616
7897,3,33,298,435,7.373903040
7897,4,53,-1364,2256,7.375090464
7897,5,131,-18684,226,7.376277888
7897,6,76,-20837,-69,7.377465312
7897,7,-479,-7046,-643,7.378652736
7897,8,-109,-3895,-14,7.379840160
7897,9,4,-3691,-1782,7.381027584
7897,10,318,-923,1084,7.382215008
7897,11,296,-3087,2437,7.383402432
7897,12,183,-7076,1422,7.384589856
7897,13,150,-9570,2894,7.385777280
7897,14,462,-6418,2371,7.386964704
7897,15,467,-3179,3482,7.388152128
7897,16,208,-1436,2142,7.389339552
7897,17,-176,-4999,-426,7.390526976
7897,18,-41,-9589,-772,7.391714400
7897,19,-353,-7392,348,7.392901824
7897,20,-362,-5306,916,7.394089248
7897,21,-364,-5073,1358,7.395276672
7897,22,-290,-4895,-221,7.396464096
7897,23,-228,-7401,-824,7.397651520
7897,24,-247,-10454,-1018,7.398838944
7897,25,-89,-5911,105,7.400026368
7897,26,175,-2329,1468,7.401213792
7897,27,502,-5337,442,7.402401216
7897,28,353,-14119,71,7.403588640
7897,29,337,-12456,-990,7.404776064
7897,30,158,-2712,235,7.405963488
7897,31,362,-884,1495,7.407150912
7897,32,-220,-1556,97,7.408338336
7897,33,-709,-648,-102,7.409525760
7897,34,-174,-2572,451,7.410713184
7897,35,-508,-9615,-1017,7.411900608
7897,36,-77,-16253,-872,7.413088032
7897,37,-176,-12345,-234,7.414275456
7897,38,-221,-1395,297,7.415462880
7897,39,-191,-1497,366,7.416650304
7897,40,147,-13086,85,7.417837728
7897,41,580,-5965,379,7.419025152
7897,42,475,4703,-1075,7.420212576
7897,43,454,-506,2294,7.421400000
7897,44,543,1424,-160,7.422587424
7897,45,446,3103,903,7.423774848
7897,46,589,-520,1199,7.424962272
7897,47,-687,477,-830,7.426149696
7897,48,219,-2288,-2207,7.427337120
7897,49,-360,-2549,-1655,7.428524544
7897,50,50,1014,-1891,7.429711968
7897,51,-774,-492,353,7.430899392
7897,52,-337,-720,-2787,7.432086816
7897,53,-92,176,-1388,7.433274240
7897,54,175,455,-744,7.434461664
7897,55,427,3,-668,7.435649088
7897,56,199,-3152,349,7.436836512
7897,57,407,-5241,-678,7.438023936
7897,58,773,-12281,-8,7.439211360
7897,59,600,-5622,95,7.440398784
7897,60,158,3085,-1037,7.441586208
7897,61,254,-776,2216,7.442773632
7897,62,-272,-194,-2361,7.443961056
7897,63,-331,-296,-209,7.445148480
7897,64,-751,371,526,7.446335904
7898,1,-967,1111,-253,7.447523328
7898,2,-701,-383,362,7.448710752
7898,3,-935,-679,-386,7.449898176
7898,4,-647,-1392,88,7.451085600
7898,5,117,-9276,-2446,7.452273024
7898,6,-59,-26309,3705,7.453460448
7898,7,504,-18979,-110,7.454647872
7898,8,283,3670,1835,7.455835296
7898,9,213,-1551,473,7.457022720
7898,10,471,-4084,-802,7.458210144
7898,11,612,-10514,2183,7.459397568
7898,12,902,-9692,5001,7.460584992
7898,13,-266,-5185,2616,7.461772416
7898,14,233,-3968,1803,7.462959840
7898,15,-163,-3169,-177,7.464147264
7898,16,-103,-7314,-2261,7.465334688
7898,17,-231,-7365,-197,7.466522112
7898,18,-380,-1040,-1624,7.467709536
7898,19,-37,-737,-252,7.468896960
7898,20,303,-3937,582,7.470084384
7898,21,-182,-9700,1080,7.471271808
7898,22,347,-14894,1531,7.472459232
7898,23,390,-9512,-295,7.473646656
7898,24,624,-2539,-545,7.474834080
7898,25,740,-2368,-196,7.476021504
7898,26,202,-4630,-962,7.477208928
7898,27,635,-8203,1259,7.478396352
7898,28,337,-4231,-160,7.479583776
7898,29,298,676,-624,7.480771200
7898,30,-379,-2191,-1511,7.481958624
7898,31,279,-3996,-3141,7.483146048
7898,32,-136,-7396,-2452,7.484333472
7898,33,-149,-9032,-2555,7.485520896
7898,34,-487,-8342,-578,7.486708320
7898,35,-290,-2472,-2774,7.487895744
7898,36,-245,-5356,-377,7.489083168
7898,37,25,-5841,-693,7.490270592
7898,38,-526,919,104,7.491458016
7898,39,-163,-93,1921,7.492645440
7898,40,-207,-395,958,7.493832864
7898,41,304,1017,2052,7.495020288
7898,42,-4,534,2369,7.496207712
7898,43,153,79,839,7.497395136
7898,44,-567,-4719,-57,7.498582560
7898,45,109,-9043,-479,7.499769984
7898,46,-134,-7492,-1038,7.500957408
7898,47,-11,-1032,163,7.502144832
7898,48,155,554,317,7.503332256
7898,49,-209,-330,-89,7.504519680
7898,50,-286,1070,-2139,7.505707104
7898,51,-564,1907,-221,7.506894528
7898,52,-439,1590,1848,7.508081952
7898,53,-141,645,1870,7.509269376
7898,54,24,-1056,2725,7.510456800
7898,55,24,-798,1303,7.511644224
7898,56,89,-819,2714,7.512831648
7898,57,2,-10788,-2698,7.514019072
7898,58,655,-17805,819,7.515206496
7898,59,553,-9450,1332,7.516393920
7898,60,329,726,526,7.517581344
7898,61,528,-705,2381,7.518768768
7898,62,120,-3868,-3265,7.519956192
7898,63,528,-17175,-3143,7.521143616
7898,64,341,-17969,-1910,7.522331040
7899,1,-9,-3731,-872,7.523518464
7899,2,156,-336,-162,7.524705888
7899,3,-631,-3071,85,7.525893312
7899,4,421,-4475,-2372,7.527080736
7899,5,-232,-5712,-507,7.528268160
7899,6,80,-5451,598,7.529455584
7899,7,78,-2250,207,7.530643008
7899,8,535,-614,1424,7.531830432
7899,9,-247,-4854,223,7.533017856
7899,10,650,-12914,297,7.534205280
7899,11,194,-7836,-344,7.535392704
7899,12,442,-33,-1397,7.536580128
7899,13,450,-5144,-1565,7.537767552
7899,14,71,-9370,-659,7.538954976
7899,15,-109,-10115,-292,7.540142400
7899,16,-49,-9437,-419,7.541329824
7899,17,-265,-5413,-214,7.542517248
7899,18,-328,-70,-1605,7.543704672
7899,19,-433,-182,611,7.544892096
7899,20,-667,-1714,2025,7.546079520
7899,21,-230,-1512,2926,7.547266944
7899,22,-512,-5164,1935,7.548454368
7899,23,38,-3563,2083,7.549641792
7899,24,47,1149,2854,7.550829216
7899,25,9,-1567,2709,7.552016640
7899,26,-39,-8061,1823,7.553204064
7899,27,-310,-4579,113,7.554391488
7899,28,-234,-4578,524,7.555578912
7899,29,171,-3295,1034,7.556766336
7899,30,-169,2294,-585,7.557953760
7899,31,-373,1031,1379,7.559141184
7899,32,-517,-1264,-3484,7.560328608
7899,33,-261,-3127,-1354,7.561516032
7899,34,-695,-387,561,7.562703456
7899,35,603,-4095,922,7.563890880
7899,36,-141,-5158,343,7.565078304
7899,37,158,1392,-237,7.566265728
7899,38,16,-507,497,7.567453152
7899,39,406,-1863,-687,7.568640576
7899,40,409,1497,84,7.569828000
7899,41,407,1201,1032,7.571015424
7899,42,388,1066,94,7.572202848
7899,43,267,1147,-987,7.573390272
7899,44,-96,2202,-1111,7.574577696
7899,45,20,1699,-1401,7.575765120
7899,46,117,1085,-2394,7.576952544
7899,47,-101,-11,-2003,7.578139968
7899,48,66,16,-1524,7.579327392
7899,49,23,-840,-412,7.580514816
7899,50,91,-1978,-1337,7.581702240
7899,51,70,-7921,-2124,7.582889664
7899,52,444,-12811,-1865,7.584077088
7899,53,354,-9575,426,7.585264512
7899,54,209,-3978,669,7.586451936
7899,55,123,-10305,700,7.587639360
7899,56,249,-19676,-731,7.588826784
7899,57,279,-16366,-1440,7.590014208
7899,58,32,-6466,-403,7.591201632
7899,59,-265,-4065,-444,7.592389056
7899,60,-153,-16236,-1246,7.593576480
7899,61,-82,-20873,-1416,7.594763904
7899,62,-206,-11594,-406,7.595951328
7899,63,-152,-7492,-101,7.597138752
7899,64,-217,-14574,-191,7.598326176
7900,1,281,-18243,-354,7.599513600
7900,2,184,-12040,1014,7.600701024
7900,3,-34,-7210,1344,7.601888448
7900,4,169,-6161,1841,7.603075872
7900,5,331,-6357,1624,7.604263296
7900,6,628,-4856,1670,7.605450720
7900,7,187,-4061,1539,7.606638144
7900,8,-164,-4131,890,7.607825568
7900,9,168,-7446,789,7.609012992
7900,10,138,-8957,1170,7.610200416
7900,11,184,-1130,1322,7.611387840
7900,12,-119,1601,1351,7.612575264
7900,13,-287,-2143,755,7.613762688
7900,14,75,-954,864,7.614950112
7900,15,18,2163,862,7.616137536
7900,16,121,1714,3640,7.617324960
7900,17,239,1400,3242,7.618512384
7900,18,149,1054,3223,7.619699808
7900,19,171,406,2286,7.620887232
7900,20,-153,732,1839,7.622074656
7900,21,-361,336,1988,7.623262080
7900,22,-96,-1302,1136,7.624449504
7900,23,-203,-1348,1082,7.625636928
7900,24,-513,1478,788,7.626824352
7900,25,-595,826,75,7.628011776
7900,26,-675,648,-608,7.629199200
7900,27,-570,1120,-1170,7.630386624
7900,28,-292,1483,-889,7.631574048
7900,29,-206,-131,-1174,7.632761472
7900,30,91,-2581,-2123,7.633948896
7900,31,308,-11392,-1069,7.635136320
7900,32,379,-4778,-2419,7.636323744
7900,33,42,3090,-3412,7.637511168
7900,34,464,-918,-2310,7.638698592
7900,35,148,431,-4611,7.639886016
7900,36,590,307,-2711,7.641073440
7900,37,50,-2483,-2206,7.642260864
7900,38,224,-4192,-3536,7.643448288
7900,39,0,-2225,-3613,7.644635712
7900,40,-24,-2272,-3773,7.645823136
7900,41,152,-1124,-3469,7.647010560
7900,42,-342,1391,-2779,7.648197984
7900,43,-38,-2850,-4194,7.649385408
7900,44,309,-13900,-2107,7.650572832
7900,45,292,-11360,-2577,7.651760256
7900,46,251,-10298,-275,7.652947680
7900,47,308,-9005,1822,7.654135104
7900,48,185,-3716,-180,7.655322528
7900,49,408,-5313,273,7.656509952
7900,50,77,-8349,606,7.657697376
7900,51,424,-3994,1778,7.658884800
7900,52,222,-1408,4511,7.660072224
7900,53,15,-4067,4039,7.661259648
7900,54,298,-5071,3652,7.662447072
7900,55,-252,-7360,1720,7.663634496
7900,56,165,-12733,2275,7.664821920
7900,57,-6,-9746,3871,7.666009344
7900,58,-244,-3056,3865,7.667196768
7900,59,-32,-5456,4304,7.668384192
7900,60,-331,-9474,3063,7.669571616
7900,61,-175,-10101,3745,7.670759040
7900,62,-46,-5398,4584,7.671946464
7900,63,-324,-445,3312,7.673133888
7900,64,-94,-804,5742,7.674321312
7901,1,-441,184,3075,7.675508736
7901,2,-372,308,4025,7.676696160
7901,3,-203,-625,2896,7.677883584
7901,4,-300,-1271,427,7.679071008
7901,5,-301,-5317,-729,7.680258432
7901,6,-235,-3340,-648,7.681445856
7901,7,-505,-3530,-546,7.682633280
7901,8,-57,-5923,-1920,7.683820704
7901,9,-312,-9433,-1652,7.685008128
7901,10,-83,-8345,-3399,7.686195552
7901,11,-244,-5379,-2888,7.687382976
7901,12,-215,-2354,-2177,7.688570400
7901,13,-174,-719,-1951,7.689757824
7901,14,-31,-6648,-4195,7.690945248
7901,15,154,-6186,-2579,7.692132672
7901,16,131,1334,-3500,7.693320096
7901,17,208,2434,-908,7.694507520
7901,18,319,1888,-1473,7.695694944
7901,19,359,2543,-3596,7.696882368
7901,20,394,673,-3050,7.698069792
7901,21,480,121,-5209,7.699257216
7901,22,374,-6348,-5551,7.700444640
7901,23,443,-11512,-5107,7.701632064
7901,24,230,-7415,-3461,7.702819488
7901,25,146,-2852,-2996,7.704006912
7901,26,184,-2362,-1967,7.705194336
7901,27,238,-2228,-448,7.706381760
7901,28,361,-9188,-916,7.707569184
7901,29,412,-11761,1235,7.708756608
7901,30,95,-5621,1614,7.709944032
7901,31,391,-2178,2011,7.711131456
7901,32,328,-5124,3086,7.712318880
7901,33,515,-4507,1261,7.713506304
7901,34,492,-4977,2947,7.714693728
7901,35,472,-6311,1119,7.715881152
7901,36,494,-8719,2354,7.717068576
7901,37,383,-7315,2508,7.718256000
7901,38,-107,-4622,2163,7.719443424
7901,39,-36,-8144,1862,7.720630848
7901,40,-339,-11257,386,7.721818272
7901,41,-261,-10278,1722,7.723005696
7901,42,-364,-1841,2816,7.724193120
7901,43,-766,-386,4833,7.725380544
7901,44,-130,-4933,2842,7.726567968
7901,45,-372,-8345,3278,7.727755392
7901,46,34,-6314,2855,7.728942816
7901,47,-143,-12119,4440,7.730130240
7901,48,-45,-6108,4042,7.731317664
7901,49,54,720,3349,7.732505088
7901,50,-13,-2873,4079,7.733692512
7901,51,-160,-7268,-1019,7.734879936
7901,52,-340,-7439,-856,7.736067360
7901,53,-306,-6771,-1270,7.737254784
7901,54,-162,-3016,-820,7.738442208
7901,55,-515,394,-1858,7.739629632
7901,56,-937,303,-674,7.740817056
7901,57,-516,463,-445,7.742004480
7901,58,-383,1937,-728,7.743191904
7901,59,-281,976,-374,7.744379328
7901,60,719,2584,799,7.745566752
7901,61,177,4311,1748,7.746754176
7901,62,416,3944,-164,7.747941600
7901,63,186,1632,-162,7.749129024
7901,64,346,364,-1429,7.750316448
7902,1,595,-4,-1865,7.751503872
7902,2,-60,-1494,-2437,7.752691296
7902,3,318,-15408,-4641,7.753878720
7902,4,401,-17447,-3378,7.755066144
7902,5,-235,-2889,-5095,7.756253568
7902,6,-311,1987,-4637,7.757440992
7902,7,-577,-1147,-4533,7.758628416
7902,8,191,-7596,-4835,7.759815840
7902,9,617,-7201,-2268,7.761003264
7902,10,160,-3908,-2024,7.762190688
7902,11,157,-4833,988,7.763378112
7902,12,412,-2174,-1578,7.764565536
7902,13,564,130,1228,7.765752960
7902,14,646,-1891,-259,7.766940384
7902,15,654,-8112,-600,7.768127808
7902,16,330,-8028,240,7.769315232
7902,17,63,-8305,-886,7.770502656
7902,18,109,-14683,333,7.771690080
7902,19,-407,-7341,-963,7.772877504
7902,20,-351,327,-1272,7.774064928
7902,21,-399,-5024,-1180,7.775252352
7902,22,-524,-7743,-1140,7.776439776
7902,23,-335,-4964,903,7.777627200
7902,24,-45,-13406,2344,7.778814624
7902,25,226,-15631,3268,7.780002048
7902,26,71,-8871,4042,7.781189472
7902,27,134,-6891,3415,7.782376896
7902,28,188,-9729,4023,7.783564320
7902,29,303,-7806,5031,7.784751744
7902,30,70,-3573,6226,7.785939168
7902,31,-80,-6917,5682,7.787126592
7902,32,-239,-12441,4022,7.788314016
7902,33,-387,-9305,3708,7.789501440
7902,34,-446,-1781,3174,7.790688864
7902,35,-661,-1792,2908,7.791876288
7902,36,-575,-4621,1730,7.793063712
7902,37,-393,-1226,1512,7.794251136
7902,38,-320,140,1476,7.795438560
7902,39,-56,1167,2262,7.796625984
7902,40,357,2104,1211,7.797813408
7902,41,808,3350,604,7.799000832
7902,42,291,3129,295,7.800188256
7902,43,467,2854,613,7.801375680
7902,44,7,2898,728,7.802563104
7902,45,90,2151,515,7.803750528
7902,46,139,966,-1533,7.804937952
7902,47,-187,2340,-3295,7.806125376
7902,48,-289,4507,-3546,7.807312800
7902,49,-150,1987,-3336,7.808500224
7902,50,-371,1959,-3396,7.809687648
7902,51,-259,2616,-3980,7.810875072
7902,52,-107,1010,-4743,7.812062496
7902,53,121,157,-4762,7.813249920
7902,54,668,933,-3563,7.814437344
7902,55,443,-619,-3925,7.815624768
7902,56,325,-7669,-4863,7.816812192
7902,57,393,-5819,-4120,7.817999616
7902,58,308,-2861,-2996,7.819187040
7902,59,426,213,-2386,7.820374464
7902,60,-229,1385,-1137,7.821561888
7902,61,-140,-5086,-3590,7.822749312
7902,62,-260,-9342,-2765,7.823936736
7902,63,-550,-4524,-2209,7.825124160
7902,64,-467,-5904,-692,7.826311584
7903,1,-387,-10135,-1279,7.827499008
7903,2,-291,-3836,-734,7.828686432
7903,3,-11,673,-1180,7.829873856
7903,4,165,-4116,-762,7.831061280
7903,5,269,-9077,546,7.832248704
7903,6,593,-7381,1600,7.833436128
7903,7,566,-10353,2437,7.834623552
7903,8,574,-17215,2596,7.835810976
7903,9,557,-10196,3926,7.836998400
7903,10,-17,-823,4663,7.838185824
7903,11,140,-8905,3982,7.839373248
7903,12,-207,-20008,4314,7.840560672
7903,13,-205,-12636,4627,7.841748096
7903,14,-39,-7297,6047,7.842935520
7903,15,-196,-7695,5806,7.844122944
7903,16,-214,-3426,4311,7.845310368
7903,17,47,-6235,3005,7.846497792
7903,18,347,-11527,3001,7.847685216
7903,19,419,-6151,3816,7.848872640
7903,20,510,-3684,3952,7.850060064
7903,21,407,-8150,3210,7.851247488
7903,22,498,-5917,1634,7.852434912
7903,23,7,-1603,798,7.853622336
7903,24,-35,-9119,539,7.854809760
7903,25,100,-5772,344,7.855997184
7903,26,-607,1994,210,7.857184608
7903,27,-141,-1268,1845,7.858372032
7903,28,-1010,-271,-1332,7.859559456
7903,29,-431,760,-1598,7.860746880
7903,30,-492,-353,-1070,7.861934304
7903,31,94,-5039,-2533,7.863121728
7903,32,272,-925,-2257,7.864309152
7903,33,-80,2731,-3225,7.865496576
7903,34,313,2257,-1374,7.866684000
7903,35,165,3428,-3851,7.867871424
7903,36,631,4453,-3713,7.869058848
7903,37,277,3579,-3509,7.870246272
7903,38,234,3225,-4061,7.871433696
7903,39,-157,1630,-2596,7.872621120
7903,40,-555,-63,-3114,7.873808544
7903,41,-615,-3143,-5196,7.874995968
7903,42,-810,-15799,-4059,7.876183392
7903,43,-353,-13561,-3589,7.877370816
7903,44,-238,1058,-4035,7.878558240
7903,45,-538,833,-1932,7.879745664
7903,46,-62,-10936,-5934,7.880933088
7903,47,273,-20427,-3480,7.882120512
7903,48,805,-16403,-611,7.883307936
7903,49,850,-5361,783,7.884495360
7903,50,801,-2226,1241,7.885682784
7903,51,721,-7127,-1108,7.886870208
7903,52,468,-9500,-846,7.888057632
7903,53,269,-3577,440,7.889245056
7903,54,-108,-1588,1644,7.890432480
7903,55,-96,-5401,1252,7.891619904
7903,56,-421,-3957,1540,7.892807328
7903,57,-232,-4434,2179,7.893994752
7903,58,-394,-12368,2999,7.895182176
7903,59,-180,-16903,3157,7.896369600
7903,60,412,-8180,3001,7.897557024
7903,61,356,-2037,3825,7.898744448
7903,62,475,-6496,3329,7.899931872
7903,63,550,-16106,4728,7.901119296
7903,64,836,-12057,3944,7.902306720
7904,1,689,-6957,4374,7.903494144
7904,2,476,-12001,4027,7.904681568
7904,3,74,-9005,4594,7.905868992
7904,4,164,-3975,5366,7.907056416
7904,5,-396,-5475,4830,7.908243840
7904,6,-680,-5123,2943,7.909431264
7904,7,-609,-2848,2013,7.910618688
7904,8,-356,-1048,2934,7.911806112
7904,9,-549,498,3012,7.912993536
7904,10,-686,2281,1594,7.914180960
7904,11,-402,3234,2376,7.915368384
7904,12,164,3074,-552,7.916555808
7904,13,420,2950,310,7.917743232
7904,14,239,4496,49,7.918930656
7904,15,233,4505,502,7.920118080
7904,16,20,2204,-839,7.921305504
7904,17,-95,1011,-2151,7.922492928
7904,18,-22,1319,-2926,7.923680352
7904,19,-351,3330,-2706,7.924867776
7904,20,-159,5785,-2286,7.926055200
7904,21,-439,4467,-3838,7.927242624
7904,22,-709,3290,-4410,7.928430048
7904,23,-491,5048,-4913,7.929617472
7904,24,-437,8215,-3171,7.930804896
7904,25,17,8350,-3330,7.931992320
7904,26,-72,4073,-4426,7.933179744
7904,27,-80,1264,-5099,7.934367168
7904,28,180,1864,-4724,7.935554592
7904,29,60,1103,-2772,7.936742016
7904,30,178,-423,-2419,7.937929440
7904,31,500,-602,-2886,7.939116864
7904,32,788,-1932,-2945,7.940304288
7904,33,-431,-15565,-8963,7.941491712
7904,34,505,-26350,-1541,7.942679136
7904,35,-176,-14432,1146,7.943866560
7904,36,299,-619,131,7.945053984
7904,37,-24,-9692,-64,7.946241408
7904,38,54,-17849,527,7.947428832
7904,39,-83,-14008,-1829,7.948616256
7904,40,39,-12645,1505,7.949803680
7904,41,-353,-4864,2236,7.950991104
7904,42,-171,-5669,-18,7.952178528
7904,43,226,-19889,1708,7.953365952
7904,44,494,-15659,2180,7.954553376
7904,45,290,-3154,4080,7.955740800
7904,46,29,-8478,3922,7.956928224
7904,47,518,-17895,2942,7.958115648
7904,48,849,-15421,3808,7.959303072
7904,49,421,-8377,6339,7.960490496
7904,50,281,-5216,6893,7.961677920
7904,51,163,-11546,4645,7.962865344
7904,52,359,-14124,3667,7.964052768
7904,53,265,-7812,4237,7.965240192
7904,54,22,-7922,5540,7.966427616
7904,55,140,-14641,6092,7.967615040
7904,56,114,-16532,3551,7.968802464
7904,57,41,-9786,2453,7.969989888
7904,58,-174,-959,1797,7.971177312
7904,59,-260,208,3080,7.972364736
7904,60,292,-3146,3570,7.973552160
7904,61,-149,-880,1184,7.974739584
7904,62,-414,341,1171,7.975927008
7904,63,-615,-366,281,7.977114432
7904,64,-97,-151,892,7.978301856
7905,1,103,-119,1582,7.979489280
7905,2,-345,-5348,-1920,7.980676704
7905,3,-477,-7248,-2812,7.981864128
7905,4,-464,-4835,-3052,7.983051552
7905,5,-48,-149,-1507,7.984238976
7905,6,-104,2870,-2466,7.985426400
7905,7,-449,4521,-3602,7.986613824
7905,8,-504,4841,-5584,7.987801248
7905,9,-20,2737,-5734,7.988988672
7905,10,-356,3834,-4448,7.990176096
7905,11,-251,4984,-4720,7.991363520
7905,12,-155,1764,-4461,7.992550944
7905,13,-66,50,-5988,7.993738368
7905,14,77,743,-6206,7.994925792
7905,15,30,102,-3394,7.996113216
7905,16,173,240,-5062,7.997300640
7905,17,365,-6829,-2674,7.998488064
7905,18,465,-2194,-3808,7.999675488
7905,19,228,1842,-2191,8.000862912
7905,20,363,-190,-675,8.002050336
7905,21,230,1207,-1172,8.003237760
7905,22,343,75,-1176,8.004425184
7905,23,222,70,-658,8.005612608
7905,24,-21,1902,-1739,8.006800032
7905,25,-33,1664,676,8.007987456
7905,26,-300,3832,580,8.009174880
7905,27,-247,1703,1932,8.010362304
7905,28,-76,2575,2227,8.011549728
7905,29,-557,8006,129,8.012737152
7905,30,451,3221,6817,8.013924576
7905,31,-25,-2754,6485,8.015112000
7905,32,221,-1560,2969,8.016299424
7905,33,368,-7093,5517,8.017486848
7905,34,155,-6018,3429,8.018674272
7905,35,226,-24103,2267,8.019861696
7905,36,472,-29370,2417,8.021049120
7905,37,68,-6575,65,8.022236544
7905,38,363,-3296,4837,8.023423968
7905,39,-87,-7986,-1812,8.024611392
7905,40,81,-22918,2613,8.025798816
7905,41,221,-15175,2913,8.026986240
7905,42,-418,-2978,1236,8.028173664
7905,43,-324,-6779,3832,8.029361088
7905,44,-217,-7394,3001,8.030548512
7905,45,-2,-8250,2403,8.031735936
7905,46,162,-13628,1007,8.032923360
7905,47,-500,-6548,-1355,8.034110784
7905,48,-18,-895,-248,8.035298208
7905,49,189,-4038,-272,8.036485632
7905,50,262,-9717,-3012,8.037673056
7905,51,192,-12508,-1815,8.038860480
7905,52,53,-8455,-2321,8.040047904
7905,53,634,-1029,-1330,8.041235328
7905,54,346,-2946,-2626,8.042422752
7905,55,37,-6581,-3724,8.043610176
7905,56,119,-9349,-3671,8.044797600
7905,57,254,-8598,-4255,8.045985024
7905,58,184,-6709,-3387,8.047172448
7905,59,-320,-1900,-4865,8.048359872
7905,60,-318,-1246,-4098,8.049547296
7905,61,150,-2146,-1999,8.050734720
7905,62,64,1338,-1204,8.051922144
7905,63,-155,-1206,-580,8.053109568
7905,64,-182,-986,-2459,8.054296992
7906,1,-52,1474,-1329,8.055484416
7906,2,314,3263,1275,8.056671840
7906,3,195,5248,654,8.057859264
7906,4,185,5234,215,8.059046688
7906,5,8,4305,-2132,8.060234112
7906,6,12,1763,1107,8.061421536
7906,7,-76,1556,52,8.062608960
7906,8,-267,4784,1975,8.063796384
7906,9,-245,1962,1312,8.064983808
7906,10,-406,-984,-821,8.066171232
7906,11,-485,-658,-92,8.067358656
7906,12,-381,-495,1443,8.068546080
7906,13,-223,-1649,3034,8.069733504
7906,14,-752,-4568,1923,8.070920928
7906,15,735,-21100,-3047,8.072108352
7906,16,358,-23690,466,8.073295776
7906,17,325,-5894,1245,8.074483200
7906,18,278,-1349,4825,8.075670624
7906,19,301,-8921,997,8.076858048
7906,20,607,-15430,645,8.078045472
7906,21,119,-7714,1582,8.079232896
7906,22,328,-3387,1400,8.080420320
7906,23,-244,-6334,3243,8.081607744
7906,24,-257,-9379,701,8.082795168
7906,25,433,-7462,69,8.083982592
7906,26,-243,-100,55,8.085170016
7906,27,-356,-359,1556,8.086357440
7906,28,-337,-3719,1348,8.087544864
7906,29,120,-3280,-45,8.088732288
7906,30,552,-10474,-1117,8.089919712
7906,31,384,-13789,-1389,8.091107136
7906,32,297,-7274,1949,8.092294560
7906,33,635,432,1914,8.093481984
7906,34,498,-95,1378,8.094669408
7906,35,294,-912,-2186,8.095856832
7906,36,117,-8906,-1221,8.097044256
7906,37,329,-6604,-1432,8.098231680
7906,38,171,-2896,572,8.099419104
7906,39,-383,-2918,934,8.100606528
7906,40,-503,-835,-1465,8.101793952
7906,41,-438,-5940,-867,8.102981376
7906,42,16,-6474,968,8.104168800
7906,43,-294,2544,-77,8.105356224
7906,44,-523,873,2304,8.106543648
7906,45,2,-1779,1553,8.107731072
7906,46,-70,-3707,-2937,8.108918496
7906,47,155,-11691,-223,8.110105920
7906,48,-70,-9750,746,8.111293344
7906,49,-88,2210,-1226,8.112480768
7906,50,-368,-64,1077,8.113668192
7906,51,-141,417,-94,8.114855616
7906,52,-618,5437,-1420,8.116043040
7906,53,91,1850,196,8.117230464
7906,54,-385,1037,-1662,8.118417888
7906,55,-676,-566,-3504,8.119605312
7906,56,-239,558,-2146,8.120792736
7906,57,-828,505,-1196,8.121980160
7906,58,524,-7759,-3410,8.123167584
7906,59,-229,-21524,1780,8.124355008
7906,60,-14,-12203,-651,8.125542432
7906,61,538,1183,-666,8.126729856
7906,62,128,-2293,-311,8.127917280
7906,63,41,-8144,-1113,8.129104704
7906,64,888,-10508,-2487,8.130292128
7907,1,160,-11169,674,8.131479552
7907,2,254,-9305,-585,8.132666976
7907,3,286,-11088,211,8.133854400
7907,4,133,-8015,1999,8.135041824
7907,5,427,-7254,-922,8.136229248
7907,6,47,-8314,497,8.137416672
7907,7,-505,-3011,735,8.138604096
7907,8,451,-1555,1197,8.139791520
7907,9,301,-4811,3546,8.140978944
7907,10,334,-2749,3180,8.142166368
7907,11,293,938,2337,8.143353792
7907,12,-95,-1938,2789,8.144541216
7907,13,641,-2457,1813,8.145728640
7907,14,629,-176,1604,8.146916064
7907,15,187,-620,2446,8.148103488
7907,16,364,-8797,1330,8.149290912
7907,17,268,-7365,358,8.150478336
7907,18,124,-1818,1677,8.151665760
7907,19,150,-1564,1278,8.152853184
7907,20,-502,-3146,313,8.154040608
7907,21,336,-2467,357,8.155228032
7907,22,-121,1562,-400,8.156415456
7907,23,-144,774,2384,8.157602880
7907,24,-384,1130,1531,8.158790304
7907,25,-345,311,156,8.159977728
7907,26,16,7,1600,8.161165152
7907,27,-38,2972,-944,8.162352576
7907,28,-366,1188,532,8.163540000
7907,29,-379,780,169,8.164727424
7907,30,-703,615,-660,8.165914848
7907,31,-450,-1715,-918,8.167102272
7907,32,-362,-2926,-3433,8.168289696
7907,33,-736,-9462,-1844,8.169477120
7907,34,-217,-9796,-3217,8.170664544
7907,35,-608,-708,-3352,8.171851968
7907,36,-389,493,-2552,8.173039392
7907,37,-245,-3103,-4230,8.174226816
7907,38,-72,-10623,-3003,8.175414240
7907,39,461,-6433,-1788,8.176601664
7907,40,81,2905,-2787,8.177789088
7907,41,147,-1065,887,8.178976512
7907,42,323,-8416,-4197,8.180163936
7907,43,172,-8224,-1932,8.181351360
7907,44,369,-1068,823,8.182538784
7907,45,-118,-1155,-580,8.183726208
7907,46,76,-9212,-1442,8.184913632
7907,47,220,-5856,-162,8.186101056
7907,48,-64,-3010,529,8.187288480
7907,49,82,-11681,522,8.188475904
7907,50,184,-12660,497,8.189663328
7907,51,451,-5583,675,8.190850752
7907,52,520,-7040,1418,8.192038176
7907,53,532,-12541,546,8.193225600
7907,54,709,-11187,2521,8.194413024
7907,55,740,-6670,2128,8.195600448
7907,56,714,-6246,2545,8.196787872
7907,57,416,-7250,1998,8.197975296
7907,58,371,-5014,2143,8.199162720
7907,59,385,-6040,2682,8.200350144
7907,60,182,-14591,1094,8.201537568
7907,61,-70,-15790,1020,8.202724992
7907,62,-151,-8160,990,8.203912416
7907,63,48,-5760,1566,8.205099840
7907,64,-11,-11553,1454,8.206287264
7908,1,124,-11804,241,8.207474688
7908,2,-17,-7227,551,8.208662112
7908,3,108,-7009,946,8.209849536
7908,4,117,-9219,882,8.211036960
7908,5,-28,-12901,704,8.212224384
7908,6,78,-11900,378,8.213411808
7908,7,-28,-5744,495,8.214599232
7908,8,-267,-2468,413,8.215786656
7908,9,-301,-4275,43,8.216974080
7908,10,-204,-2399,21,8.218161504
7908,11,-353,953,-317,8.219348928
7908,12,-609,1055,-534,8.220536352
7908,13,-625,1020,-1321,8.221723776
7908,14,-560,1771,-1663,8.222911200
7908,15,-315,1857,-1015,8.224098624
7908,16,-399,3498,-639,8.225286048
7908,17,-112,1471,-529,8.226473472
7908,18,-207,120,-891,8.227660896
7908,19,17,246,-466,8.228848320
7908,20,66,756,-37,8.230035744
7908,21,63,1414,135,8.231223168
7908,22,112,1457,218,8.232410592
7908,23,317,2556,-106,8.233598016
7908,24,112,2682,-60,8.234785440
7908,25,114,1543,123,8.235972864
7908,26,122,-169,-147,8.237160288
7908,27,-157,699,-544,8.238347712
7908,28,-137,1084,-1119,8.239535136
7908,29,-135,166,-1068,8.240722560
7908,30,-178,336,-1310,8.241909984
7908,31,-400,411,-245,8.243097408
7908,32,-302,500,-297,8.244284832
7908,33,-204,454,-350,8.245472256
7908,34,-76,380,-98,8.246659680
7908,35,114,-831,886,8.247847104
7908,36,695,-2100,1292,8.249034528
7908,37,203,-12465,-2426,8.250221952
7908,38,676,-11923,-883,8.251409376
7908,39,252,-1023,-696,8.252596800
7908,40,310,-396,1016,8.253784224
7908,41,428,6,177,8.254971648
7908,42,194,-2110,-982,8.256159072
7908,43,135,-3201,-1705,8.257346496
7908,44,-77,-11446,-4895,8.258533920
7908,45,-402,-21388,-2388,8.259721344
7908,46,-86,-12437,-456,8.260908768
7908,47,-533,-2534,522,8.262096192
7908,48,-272,-8668,874,8.263283616
7908,49,-156,-10963,788,8.264471040
7908,50,-13,-4614,1714,8.265658464
7908,51,24,-1129,2525,8.266845888
7908,52,118,-4766,3266,8.268033312
7908,53,174,-9903,2463,8.269220736
7908,54,509,-7888,2584,8.270408160
7908,55,352,-3628,2693,8.271595584
7908,56,108,-3646,2466,8.272783008
7908,57,5,-6815,1682,8.273970432
7908,58,51,-5627,1534,8.275157856
7908,59,119,-1582,1916,8.276345280
7908,60,-654,-3491,992,8.277532704
7908,61,-304,-11570,1696,8.278720128
7908,62,-330,-10532,-447,8.279907552
7908,63,-174,-4679,277,8.281094976
7908,64,-293,-5818,1226,8.282282400
7909,1,-457,-4358,440,8.283469824
7909,2,52,-8305,1277,8.284657248
7909,3,226,-8442,1348,8.285844672
7909,4,230,-3267,922,8.287032096
7909,5,257,-4216,1401,8.288219520
7909,6,381,-4012,1361,8.289406944
7909,7,557,-400,684,8.290594368
7909,8,300,-6377,-830,8.291781792
7909,9,115,-10103,-2721,8.292969216
7909,10,229,-4097,-2035,8.294156640
7909,11,151,-166,-2233,8.295344064
7909,12,-165,58,-2339,8.296531488
7909,13,-546,340,-3738,8.297718912
7909,14,-421,1159,-2757,8.298906336
7909,15,-378,-380,-2480,8.300093760
7909,16,63,-1878,-2717,8.301281184
7909,17,57,-2989,-1821,8.302468608
7909,18,655,-1102,-2427,8.303656032
7909,19,-25,-2640,-419,8.304843456
7909,20,504,-2858,-1354,8.306030880
7909,21,351,-72,-590,8.307218304
7909,22,549,-3236,-1603,8.308405728
7909,23,655,-9455,-1427,8.309593152
7909,24,575,-2824,-1741,8.310780576
7909,25,102,1931,-819,8.311968000
7909,26,-288,-2039,-245,8.313155424
7909,27,-292,-4428,-3192,8.314342848
7909,28,-556,-6312,-976,8.315530272
7909,29,-320,-6569,181,8.316717696
7909,30,-342,-1605,1661,8.317905120
7909,31,-367,-96,2574,8.319092544
7909,32,-374,-4379,922,8.320279968
7909,33,210,-11084,2130,8.321467392
7909,34,109,-7236,3615,8.322654816
7909,35,369,-4858,3582,8.323842240
7909,36,429,-7650,3556,8.325029664
7909,37,184,-7825,2431,8.326217088
7909,38,299,-13587,1184,8.327404512
7909,39,275,-14766,2284,8.328591936
7909,40,-49,-4496,1023,8.329779360
7909,41,-82,-7643,32,8.330966784
7909,42,-51,-12688,-618,8.332154208
7909,43,-361,-5431,-1147,8.333341632
7909,44,-58,-8588,-44,8.334529056
7909,45,-267,-13846,564,8.335716480
7909,46,2,-4797,121,8.336903904
7909,47,185,-675,973,8.338091328
7909,48,292,-2667,1098,8.339278752
7909,49,619,-2567,1322,8.340466176
7909,50,193,-5861,1015,8.341653600
7909,51,655,-8257,477,8.342841024
7909,52,494,-3895,291,8.344028448
7909,53,228,-3647,560,8.345215872
7909,54,414,-2263,235,8.346403296
7909,55,-72,427,-826,8.347590720
7909,56,-200,-379,-938,8.348778144
7909,57,-278,445,-2626,8.349965568
7909,58,-416,1823,-2051,8.351152992
7909,59,-642,1850,308,8.352340416
7909,60,-220,5513,-23,8.353527840
7909,61,-158,3707,-476,8.354715264
7909,62,-60,1474,-1004,8.355902688
7909,63,-39,2266,-250,8.357090112
7909,64,37,2624,1116,8.358277536
7910,1,50,2468,1152,8.359464960
7910,2,-120,3500,1473,8.360652384
7910,3,-82,3868,693,8.361839808
7910,4,-7,2716,416,8.363027232
7910,5,-84,3684,608,8.364214656
7910,6,-223,4269,141,8.365402080
7910,7,-315,391,-242,8.366589504
7910,8,-287,-1005,-1517,8.367776928
7910,9,-340,55,-1177,8.368964352
7910,10,-471,-1398,458,8.370151776
7910,11,143,-14703,-9578,8.371339200
7910,12,271,-25512,-1186,8.372526624
7910,13,70,-10532,-1055,8.373714048
7910,14,-268,444,1867,8.374901472
7910,15,98,-12619,117,8.376088896
7910,16,468,-23163,-534,8.377276320
7910,17,66,-8940,-265,8.378463744
7910,18,109,-2728,-550,8.379651168
7910,19,-39,-11146,-353,8.380838592
7910,20,66,-12359,-1275,8.382026016
7910,21,445,-4619,10,8.383213440
7910,22,141,-5445,-1346,8.384400864
7910,23,60,-8934,-579,8.385588288
7910,24,-86,-4763,-942,8.386775712
7910,25,426,-5035,-655,8.387963136
7910,26,571,-7733,-1071,8.389150560
7910,27,76,-5337,-1171,8.390337984
7910,28,524,-6666,175,8.391525408
7910,29,508,-10418,985,8.392712832
7910,30,403,-4712,1990,8.393900256
7910,31,86,-3311,1718,8.395087680
7910,32,184,-13198,3192,8.396275104
7910,33,471,-12293,4520,8.397462528
7910,34,118,141,3060,8.398649952
7910,35,-73,-1339,5495,8.399837376
7910,36,-422,-359,3226,8.401024800
7910,37,-92,1363,3445,8.402212224
7910,38,103,-999,5050,8.403399648
7910,39,-334,486,3734,8.404587072
7910,40,-301,-1155,2988,8.405774496
7910,41,-226,-5683,737,8.406961920
7910,42,-42,-9607,1292,8.408149344
7910,43,-392,-6305,1878,8.409336768
7910,44,-527,-279,495,8.410524192
7910,45,-350,352,1520,8.411711616
7910,46,-516,487,1404,8.412899040
7910,47,-646,2300,696,8.414086464
7910,48,-550,1066,725,8.415273888
7910,49,-494,1991,-286,8.416461312
7910,50,-216,2056,-312,8.417648736
7910,51,-34,-1162,-2636,8.418836160
7910,52,-35,-6920,-3969,8.420023584
7910,53,-49,-8488,-3033,8.421211008
7910,54,97,-5900,-4500,8.422398432
7910,55,296,-979,-4398,8.423585856
7910,56,292,517,-4715,8.424773280
7910,57,288,766,-5190,8.425960704
7910,58,328,-889,-3815,8.427148128
7910,59,-1,136,-4391,8.428335552
7910,60,-297,-1027,-4130,8.429522976
7910,61,126,-8479,-5035,8.430710400
7910,62,13,-8694,-3617,8.431897824
7910,63,168,-1953,-1114,8.433085248
7910,64,-161,-3060,-1221,8.434272672
7911,1,118,-10018,-2070,8.435460096
7911,2,312,-8536,-1377,8.436647520
7911,3,451,-2990,-227,8.437834944
7911,4,639,-4455,370,8.439022368
7911,5,694,-8917,-127,8.440209792
7911,6,606,-11583,-1240,8.441397216
7911,7,726,-9417,52,8.442584640
7911,8,306,-2464,1069,8.443772064
7911,9,165,-2482,2750,8.444959488
7911,10,280,-11192,2210,8.446146912
7911,11,161,-11594,2378,8.447334336
7911,12,22,-5914,3499,8.448521760
7911,13,-278,-2915,4421,8.449709184
7911,14,-104,-1622,5065,8.450896608
7911,15,73,-469,5629,8.452084032
7911,16,21,-131,5247,8.453271456
7911,17,269,-1055,4974,8.454458880
7911,18,-92,-6215,3219,8.455646304
7911,19,549,-13340,3447,8.456833728
7911,20,184,-10107,4159,8.458021152
7911,21,-56,-937,2109,8.459208576
7911,22,-182,-1577,2144,8.460396000
7911,23,-45,-12352,837,8.461583424
7911,24,-187,-10300,394,8.462770848
7911,25,-270,673,263,8.463958272
7911,26,-782,-858,1779,8.465145696
7911,27,-1000,-1504,-1051,8.466333120
7911,28,-650,-416,-1432,8.467520544
7911,29,-71,-5128,-913,8.468707968
7911,30,-516,-10222,-1411,8.469895392
7911,31,-289,-4738,1176,8.471082816
7911,32,-282,1339,-1785,8.472270240
7911,33,491,-1484,-1490,8.473457664
7911,34,-308,-5735,-1993,8.474645088
7911,35,153,448,-3392,8.475832512
7911,36,119,43,-1057,8.477019936
7911,37,231,-1460,-2772,8.478207360
7911,38,135,1494,-4266,8.479394784
7911,39,17,1527,-3033,8.480582208
7911,40,-76,349,-2459,8.481769632
7911,41,-140,2170,-3860,8.482957056
7911,42,-365,634,-2743,8.484144480
7911,43,-133,2427,-3761,8.485331904
7911,44,51,765,-966,8.486519328
7911,45,-228,207,585,8.487706752
7911,46,557,-290,-1188,8.488894176
7911,47,-109,-7562,-350,8.490081600
7911,48,572,-4715,-2172,8.491269024
7911,49,600,-6535,-1524,8.492456448
7911,50,572,-11864,786,8.493643872
7911,51,825,-2065,-414,8.494831296
7911,52,216,-667,281,8.496018720
7911,53,445,-5730,88,8.497206144
7911,54,196,-3551,-349,8.498393568
7911,55,164,-5295,385,8.499580992
7911,56,208,-6038,969,8.500768416
7911,57,-48,-288,903,8.501955840
7911,58,-450,-2550,2771,8.503143264
7911,59,70,-11015,1122,8.504330688
7911,60,-135,-9850,1003,8.505518112
7911,61,-167,-12509,454,8.506705536
7911,62,190,-13568,1761,8.507892960
7911,63,-249,-3472,1299,8.509080384
7911,64,-32,-7704,1167,8.510267808
7912,1,152,-19084,1112,8.511455232
7912,2,-118,-14492,801,8.512642656
7912,3,229,-5008,1321,8.513830080
7912,4,-156,-8921,1256,8.515017504
7912,5,36,-15488,764,8.516204928
7912,6,49,-17404,1714,8.517392352
7912,7,-105,-10139,1075,8.518579776
7912,8,-108,-11943,1560,8.519767200
7912,9,40,-16598,174,8.520954624
7912,10,-98,-10087,1652,8.522142048
7912,11,131,-2066,2504,8.523329472
7912,12,-156,-3558,2745,8.524516896
7912,13,-170,-10129,1060,8.525704320
7912,14,107,-10945,273,8.526891744
7912,15,-126,-5251,1106,8.528079168
7912,16,-93,-1102,1952,8.529266592
7912,17,-268,-2165,1320,8.530454016
7912,18,-128,-4399,-21,8.531641440
7912,19,17,-2642,-612,8.532828864
7912,20,-182,-22,-774,8.534016288
7912,21,-67,769,194,8.535203712
7912,22,132,3080,990,8.536391136
7912,23,450,6548,907,8.537578560
7912,24,-23,5345,-1343,8.538765984
7912,25,-119,7451,1492,8.539953408
7912,26,426,23063,-2677,8.541140832
7912,27,-392,20023,3501,8.542328256
7912,28,558,5929,685,8.543515680
7912,29,-731,5434,-3969,8.544703104
7912,30,288,-929,29,8.545890528
7912,31,-337,518,-2203,8.547077952
7912,32,-578,2427,-2199,8.548265376
7912,33,-37,-520,-1629,8.549452800
7912,34,-288,366,-3525,8.550640224
7912,35,240,1049,-2901,8.551827648
7912,36,193,-827,-563,8.553015072
7912,37,31,-437,-2541,8.554202496
7912,38,314,-3593,-1020,8.555389920
7912,39,235,-12504,-1710,8.556577344
7912,40,484,-4240,-1573,8.557764768
7912,41,68,3717,-1584,8.558952192
7912,42,-283,-538,148,8.560139616
7912,43,43,-5842,-5551,8.561327040
7912,44,-586,-8927,-1472,8.562514464
7912,45,-270,-8644,-383,8.563701888
7912,46,-415,-10894,-74,8.564889312
7912,47,-459,-5232,-483,8.566076736
7912,48,-376,-2945,-948,8.567264160
7912,49,-111,-8291,-2092,8.568451584
7912,50,-1,-9580,84,8.569639008
7912,51,263,-6265,1231,8.570826432
7912,52,692,-5792,1315,8.572013856
7912,53,566,-9950,1014,8.573201280
7912,54,842,-15755,-492,8.574388704
7912,55,865,-24366,2322,8.575576128
7912,56,558,-18545,2769,8.576763552
7912,57,204,-10188,3150,8.577950976
7912,58,100,-13280,2518,8.579138400
7912,59,-70,-12530,2221,8.580325824
7912,60,107,-9320,3728,8.581513248
7912,61,4,-8266,4591,8.582700672
7912,62,48,-3334,3798,8.583888096
7912,63,46,-3598,2894,8.585075520
7912,64,483,-7863,3203,8.586262944
7913,1,474,-9532,3816,8.587450368
7913,2,490,-8285,3197,8.588637792
7913,3,636,-8274,3218,8.589825216
7913,4,625,-1745,957,8.591012640
7913,5,277,15,1595,8.592200064
7913,6,168,-2220,1817,8.593387488
7913,7,176,-1341,1420,8.594574912
7913,8,-501,-771,214,8.595762336
7913,9,-733,-2952,-1359,8.596949760
7913,10,-979,-6033,-1711,8.598137184
7913,11,-859,-5524,-1413,8.599324608
7913,12,-690,-2548,-613,8.600512032
7913,13,-774,-1704,-1109,8.601699456
7913,14,-564,-526,-2810,8.602886880
7913,15,-449,-844,-2347,8.604074304
7913,16,95,1137,-2093,8.605261728
7913,17,198,2935,-775,8.606449152
7913,18,475,2442,-1285,8.607636576
7913,19,317,2564,-2421,8.608824000
7913,20,404,2483,-2984,8.610011424
7913,21,49,2453,-2142,8.611198848
7913,22,-133,2978,-2475,8.612386272
7913,23,-490,1920,-2329,8.613573696
7913,24,-799,579,-3835,8.614761120
7913,25,-621,-423,-4162,8.615948544
7913,26,-1060,337,-2329,8.617135968
7913,27,-677,2,-1978,8.618323392
7913,28,-606,-3823,-3095,8.619510816
7913,29,300,-14464,-2246,8.620698240
7913,30,480,-16448,-1972,8.621885664
7913,31,644,-6099,8,8.623073088
7913,32,846,791,1230,8.624260512
7913,33,1180,-2800,-490,8.625447936
7913,34,936,-8116,-1845,8.626635360
7913,35,977,-3893,-652,8.627822784
7913,36,972,-664,851,8.629010208
7913,37,451,-2619,3285,8.630197632
7913,38,-15,-2921,2078,8.631385056
7913,39,20,-1179,1185,8.632572480
7913,40,-525,-343,1320,8.633759904
7913,41,-507,147,1140,8.634947328
7913,42,-448,-488,2646,8.636134752
7913,43,-247,-1212,2705,8.637322176
7913,44,-272,-2952,1624,8.638509600
7913,45,548,-19630,2525,8.639697024
7913,46,696,-26010,1980,8.640884448
7913,47,661,-10952,1670,8.642071872
7913,48,490,-3319,4528,8.643259296
7913,49,736,-6439,1311,8.644446720
7913,50,474,-9849,1023,8.645634144
7913,51,211,-6417,1328,8.646821568
7913,52,361,-10619,1061,8.648008992
7913,53,-252,-11151,2441,8.649196416
7913,54,-648,-4696,1388,8.650383840
7913,55,-282,-6176,1487,8.651571264
7913,56,-788,-7111,1164,8.652758688
7913,57,-815,-3597,-490,8.653946112
7913,58,-562,-4187,176,8.655133536
7913,59,-439,-3184,-152,8.656320960
7913,60,-118,-840,371,8.657508384
7913,61,-122,667,1248,8.658695808
7913,62,-154,894,1199,8.659883232
7913,63,400,-1128,294,8.661070656
7913,64,-161,-3483,-1137,8.662258080
7914,1,298,344,-1149,8.663445504
7914,2,-45,1277,299,8.664632928
7914,3,31,266,2,8.665820352
7914,4,-86,616,-2268,8.667007776
7914,5,-742,1084,-2829,8.668195200
7914,6,-124,1624,-3069,8.669382624
7914,7,-292,1705,-2430,8.670570048
7914,8,-387,1413,-1158,8.671757472
7914,9,-620,-228,-2046,8.672944896
7914,10,249,-3461,-3749,8.674132320
7914,11,-177,-8437,-1766,8.675319744
7914,12,475,-3951,-162,8.676507168
7914,13,238,1260,-586,8.677694592
7914,14,235,871,-511,8.678882016
7914,15,495,2772,150,8.680069440
7914,16,56,3032,-986,8.681256864
7914,17,885,-374,1951,8.682444288
7914,18,415,1719,-381,8.683631712
7914,19,631,18,657,8.684819136
7914,20,-127,-9641,-7515,8.686006560
7914,21,-206,-17880,-2705,8.687193984
7914,22,19,-14614,-298,8.688381408
7914,23,-104,-7367,1491,8.689568832
7914,24,-205,-2253,1102,8.690756256
7914,25,20,-9119,-1529,8.691943680
7914,26,-87,-20531,-3344,8.693131104
7914,27,11,-16466,1349,8.694318528
7914,28,13,-1497,2046,8.695505952
7914,29,-106,-5811,1086,8.696693376
7914,30,530,-13896,133,8.697880800
7914,31,301,-7383,742,8.699068224
7914,32,520,-2546,2508,8.700255648
7914,33,48,-6720,3273,8.701443072
7914,34,330,-12414,740,8.702630496
7914,35,574,-13010,617,8.703817920
7914,36,151,-12363,559,8.705005344
7914,37,182,-12951,1579,8.706192768
7914,38,-169,-12279,2307,8.707380192
7914,39,-32,-5487,1423,8.708567616
7914,40,-91,-6003,1754,8.709755040
7914,41,-193,-7809,1455,8.710942464
7914,42,-206,-3653,4422,8.712129888
7914,43,205,-1795,4146,8.713317312
7914,44,-178,-2752,2716,8.714504736
7914,45,17,-4751,1011,8.715692160
7914,46,100,-1435,2269,8.716879584
7914,47,102,-1149,3589,8.718067008
7914,48,420,-2814,2851,8.719254432
7914,49,-221,-467,772,8.720441856
7914,50,-287,77,-196,8.721629280
7914,51,-81,212,473,8.722816704
7914,52,-282,1320,-162,8.724004128
7914,53,-235,1004,275,8.725191552
7914,54,-665,680,-1086,8.726378976
7914,55,-728,-1557,-1162,8.727566400
7914,56,-367,-1132,-404,8.728753824
7914,57,-447,-423,-41,8.729941248
7914,58,-50,564,-113,8.731128672
7914,59,-95,1987,-1458,8.732316096
7914,60,-384,1015,-2418,8.733503520
7914,61,19,284,-1773,8.734690944
7914,62,320,4015,-1407,8.735878368
7914,63,126,3957,-749,8.737065792
7914,64,281,2930,-3396,8.738253216
7915,1,-26,2537,-4131,8.739440640
7915,2,57,2309,-4085,8.740628064
7915,3,-54,1287,-2109,8.741815488
7915,4,-287,536,-3126,8.743002912
7915,5,-541,-3308,-4370,8.744190336
7915,6,497,-11636,-6800,8.745377760
7915,7,-746,-15421,-4739,8.746565184
7915,8,303,-10532,-451,8.747752608
7915,9,-193,1597,-264,8.748940032
7915,10,76,-484,2549,8.750127456
7915,11,846,513,1409,8.751314880
7915,12,357,551,-535,8.752502304
7915,13,562,-7704,583,8.753689728
7915,14,636,-17477,18,8.754877152
7915,15,400,-13428,219,8.756064576
7915,16,520,-2969,-73,8.757252000
7915,17,71,-6559,-1027,8.758439424
7915,18,17,-14233,515,8.759626848
7915,19,-203,-13521,1713,8.760814272
7915,20,7,-12513,1658,8.762001696
7915,21,30,-14719,2659,8.763189120
7915,22,-87,-6681,2711,8.764376544
7915,23,121,-4161,4501,8.765563968
7915,24,266,-10294,3943,8.766751392
7915,25,263,-6580,3524,8.767938816
7915,26,504,-1111,3210,8.769126240
7915,27,732,-3250,4904,8.770313664
7915,28,813,-3549,5667,8.771501088
7915,29,637,-1017,5194,8.772688512
7915,30,-96,-2366,2380,8.773875936
7915,31,194,-13423,-470,8.775063360
7915,32,-131,-14322,-248,8.776250784
7915,33,-306,-2929,1327,8.777438208
7915,34,-611,-2263,2753,8.778625632
7915,35,-953,-12025,127,8.779813056
7915,36,-679,-14340,-1406,8.781000480
7915,37,-559,-7216,-942,8.782187904
7915,38,-333,-1638,783,8.783375328
7915,39,-209,-2056,1927,8.784562752
7915,40,-19,-5452,1425,8.785750176
7915,41,177,-8786,199,8.786937600
7915,42,138,-8289,-7,8.788125024
7915,43,147,-4824,86,8.789312448
7915,44,328,1784,-1265,8.790499872
7915,45,126,899,-749,8.791687296
7915,46,-201,213,-4221,8.792874720
7915,47,-393,32,-4529,8.794062144
7915,48,-826,993,-3313,8.795249568
7915,49,-728,1865,-2499,8.796436992
7915,50,-523,726,-4038,8.797624416
7915,51,-528,2646,-4250,8.798811840
7915,52,-503,3092,-3924,8.799999264
7915,53,-336,1503,-790,8.801186688
7915,54,257,1976,-1759,8.802374112
7915,55,930,2804,-1158,8.803561536
7915,56,796,2799,-1466,8.804748960
7915,57,1126,3150,-1231,8.805936384
7915,58,989,3686,-414,8.807123808
7915,59,657,2798,333,8.808311232
7915,60,433,2911,-1221,8.809498656
7915,61,98,1442,-974,8.810686080
7915,62,254,357,-1147,8.811873504
7915,63,-434,549,-744,8.813060928
7915,64,-840,-303,-508,8.814248352
7916,1,-979,-1860,-911,8.815435776
7916,2,-1440,-3441,74,8.816623200
7916,3,444,-11022,-2035,8.817810624
7916,4,-443,-17724,1458,8.818998048
7916,5,391,-10371,4209,8.820185472
7916,6,238,-3354,3994,8.821372896
7916,7,526,-8622,3146,8.822560320
7916,8,830,-15171,2615,8.823747744
7916,9,904,-15047,2546,8.824935168
7916,10,797,-11580,4179,8.826122592
7916,11,414,-4603,2422,8.827310016
7916,12,48,-12442,-653,8.828497440
7916,13,-95,-19796,-1774,8.829684864
7916,14,-578,-10013,-1032,8.830872288
7916,15,-748,-3554,860,8.832059712
7916,16,-664,-6723,1436,8.833247136
7916,17,-608,-3552,-51,8.834434560
7916,18,-286,-531,969,8.835621984
7916,19,100,-4586,1244,8.836809408
7916,20,71,-4436,3105,8.837996832
7916,21,513,-961,2007,8.839184256
7916,22,997,-2140,2056,8.840371680
7916,23,912,-3307,2126,8.841559104
7916,24,453,-5701,1552,8.842746528
7916,25,479,-10801,1629,8.843933952
7916,26,223,-11653,-151,8.845121376
7916,27,25,-4326,-1023,8.846308800
7916,28,-322,-1582,-930,8.847496224
7916,29,-587,-1967,-43,8.848683648
7916,30,-475,-1198,-506,8.849871072
7916,31,-621,465,-1586,8.851058496
7916,32,-681,-17,-1083,8.852245920
7916,33,-650,-638,-842,8.853433344
7916,34,330,-323,1174,8.854620768
7916,35,428,-2907,1060,8.855808192
7916,36,401,-4218,1001,8.856995616
7916,37,208,91,-402,8.858183040
7916,38,255,1584,687,8.859370464
7916,39,464,705,796,8.860557888
7916,40,150,2078,-869,8.861745312
7916,41,161,2500,-895,8.862932736
7916,42,-251,2353,-2187,8.864120160
7916,43,-371,2019,-3001,8.865307584
7916,44,-553,2942,-3037,8.866495008
7916,45,-671,1655,-2771,8.867682432
7916,46,-300,-631,-3451,8.868869856
7916,47,-334,-2091,-3948,8.870057280
7916,48,573,-5673,-4359,8.871244704
7916,49,-227,-14932,-2558,8.872432128
7916,50,364,-14681,-811,8.873619552
7916,51,425,-3845,-313,8.874806976
7916,52,332,-2200,148,8.875994400
7916,53,531,-2582,-72,8.877181824
7916,54,127,-4837,-299,8.878369248
7916,55,364,-7761,432,8.879556672
7916,56,6,-8382,690,8.880744096
7916,57,16,-8285,-720,8.881931520
7916,58,-221,-8817,-1199,8.883118944
7916,59,-281,-9207,-1717,8.884306368
7916,60,-297,-9008,-492,8.885493792
7916,61,-239,-11821,-168,8.886681216
7916,62,184,-12100,295,8.887868640
7916,63,320,-10136,1876,8.889056064
7916,64,380,-4350,2992,8.890243488
7917,1,272,-5020,3869,8.891430912
7917,2,496,-11428,2696,8.892618336
7917,3,602,-10344,3651,8.893805760
7917,4,566,-1705,3334,8.894993184
7917,5,193,-1966,5527,8.896180608
7917,6,222,-3475,4731,8.897368032
7917,7,-600,-1444,3355,8.898555456
7917,8,200,-7895,1689,8.899742880
7917,9,-166,-14141,903,8.900930304
7917,10,64,-6557,1145,8.902117728
7917,11,-66,-5484,1868,8.903305152
7917,12,-111,-11739,768,8.904492576
7917,13,-154,-11175,204,8.905680000
7917,14,-137,-5372,225,8.906867424
7917,15,387,-4815,774,8.908054848
7917,16,259,-2593,1387,8.909242272
7917,17,-206,-1671,1188,8.910429696
7917,18,-122,-8489,662,8.911617120
7917,19,-107,-6402,507,8.912804544
7917,20,-467,703,-201,8.913991968
7917,21,-502,-2198,-440,8.915179392
7917,22,-445,-6118,-2211,8.916366816
7917,23,-447,225,-2976,8.917554240
7917,24,-609,2108,-2572,8.918741664
7917,25,-840,761,-2779,8.919929088
7917,26,-340,922,-4405,8.921116512
7917,27,229,1842,-3756,8.922303936
7917,28,340,3559,-3499,8.923491360
7917,29,321,4776,-2243,8.924678784
7917,30,-196,4849,-2233,8.925866208
7917,31,514,2213,-2342,8.927053632
7917,32,189,1708,-1356,8.928241056
7917,33,327,3684,-1113,8.929428480
7917,34,229,4834,-599,8.930615904
7917,35,-224,4956,153,8.931803328
7917,36,-210,2665,-814,8.932990752
7917,37,-259,-305,-118,8.934178176
7917,38,-159,-288,-445,8.935365600
7917,39,-117,-811,428,8.936553024
7917,40,-27,-1589,-207,8.937740448
7917,41,-270,-2210,22,8.938927872
7917,42,303,-2591,-1017,8.940115296
7917,43,18,-15578,1923,8.941302720
7917,44,680,-10727,2287,8.942490144
7917,45,322,397,811,8.943677568
7917,46,466,-2489,2672,8.944864992
7917,47,578,-23,635,8.946052416
7917,48,-80,-6232,-1287,8.947239840
7917,49,360,-16612,2156,8.948427264
7917,50,-24,-7456,3394,8.949614688
7917,51,-20,-138,3406,8.950802112
7917,52,-182,-3522,3767,8.951989536
7917,53,-253,-11341,-832,8.953176960
7917,54,51,-11276,-1169,8.954364384
7917,55,-94,-6905,-550,8.955551808
7917,56,265,-5311,656,8.956739232
7917,57,142,-8438,-1065,8.957926656
7917,58,521,-11369,664,8.959114080
7917,59,427,-6329,443,8.960301504
7917,60,477,-4707,298,8.961488928
7917,61,494,-5208,1253,8.962676352
7917,62,160,-6633,292,8.963863776
7917,63,409,-7754,465,8.965051200
7917,64,-224,-7197,782,8.966238624
7918,1,-323,-9165,1168,8.967426048
7918,2,-401,-7720,126,8.968613472
7918,3,-557,-6088,-487,8.969800896
7918,4,-298,-5267,-28,8.970988320
7918,5,-425,-6109,106,8.972175744
7918,6,-99,-7161,961,8.973363168
7918,7,-144,-7351,486,8.974550592
7918,8,-38,-6680,-991,8.975738016
7918,9,175,-8097,-727,8.976925440
7918,10,406,-7276,-736,8.978112864
7918,11,344,-4478,801,8.979300288
7918,12,43,-2733,171,8.980487712
7918,13,-234,-4665,-542,8.981675136
7918,14,-144,-5145,-184,8.982862560
7918,15,-256,-3663,239,8.984049984
7918,16,-174,-3395,924,8.985237408
7918,17,-501,-793,-242,8.986424832
7918,18,-561,1405,-1175,8.987612256
7918,19,-504,-529,-173,8.988799680
7918,20,172,671,-71,8.989987104
7918,21,70,1538,657,8.991174528
7918,22,698,-126,-607,8.992361952
7918,23,368,-1356,-2711,8.993549376
7918,24,850,-1183,-1204,8.994736800
7918,25,496,-781,-1819,8.995924224
7918,26,459,-2989,-545,8.997111648
7918,27,509,-2492,-1311,8.998299072
7918,28,236,710,-1912,8.999486496
7918,29,-376,51,140,9.000673920
7918,30,-541,1054,-1316,9.001861344
7918,31,-632,477,210,9.003048768
7918,32,-662,-598,-922,9.004236192
7918,33,-895,-2178,-173,9.005423616
7918,34,436,-12229,-3177,9.006611040
7918,35,-74,-18077,-2922,9.007798464
7918,36,282,-13284,736,9.008985888
7918,37,66,-5680,839,9.010173312
7918,38,614,-2792,1260,9.011360736
7918,39,526,-10245,757,9.012548160
7918,40,684,-8864,311,9.013735584
7918,41,374,-3435,922,9.014923008
7918,42,316,-3539,1773,9.016110432
7918,43,-13,-6494,648,9.017297856
7918,44,170,-3290,1105,9.018485280
7918,45,-443,-259,2138,9.019672704
7918,46,-624,-2690,1704,9.020860128
7918,47,-654,-3984,1733,9.022047552
7918,48,-360,-7525,1579,9.023234976
7918,49,48,-11610,648,9.024422400
7918,50,-99,-12523,948,9.025609824
7918,51,55,-8619,1971,9.026797248
7918,52,249,-4870,277,9.027984672
7918,53,319,-9824,-946,9.029172096
7918,54,548,-11945,-533,9.030359520
7918,55,590,-5529,715,9.031546944
7918,56,495,-7145,2100,9.032734368
7918,57,396,-9439,1725,9.033921792
7918,58,12,-2691,-357,9.035109216
7918,59,-37,-1717,410,9.036296640
7918,60,131,-3875,52,9.037484064
7918,61,-93,426,833,9.038671488
7918,62,-76,-786,1540,9.039858912
7918,63,-500,-468,-938,9.041046336
7918,64,-434,163,225,9.042233760
7919,1,-401,1078,367,9.043421184
7919,2,13,1461,-62,9.044608608
7919,3,483,-3217,-645,9.045796032
7919,4,-531,-6379,-1928,9.046983456
7919,5,-82,-3135,-1664,9.048170880
7919,6,-233,-748,574,9.049358304
7919,7,-3,-1557,249,9.050545728
7919,8,-115,-612,-1144,9.051733152
7919,9,-164,-211,-1198,9.052920576
7919,10,50,-754,-1027,9.054108000
7919,11,-172,-575,-481,9.055295424
7919,12,-93,-722,787,9.056482848
7919,13,-235,-162,-444,9.057670272
7919,14,-276,340,-959,9.058857696
7919,15,-323,242,-667,9.060045120
7919,16,-106,1,-927,9.061232544
7919,17,-193,-2665,1,9.062419968
7919,18,-350,-11455,-593,9.063607392
7919,19,-99,-13908,-737,9.064794816
7919,20,-204,-5859,-772,9.065982240
7919,21,-32,-3000,187,9.067169664
7919,22,106,-5276,-305,9.068357088
7919,23,66,-2357,-637,9.069544512
7919,24,247,1526,-300,9.070731936
7919,25,295,264,1807,9.071919360
7919,26,518,323,1617,9.073106784
7919,27,621,376,1368,9.074294208
7919,28,554,718,335,9.075481632
7919,29,284,1158,-841,9.076669056
7919,30,-244,-1876,-2093,9.077856480
7919,31,-220,-4398,-1494,9.079043904
7919,32,48,-11230,-2391,9.080231328
7919,33,8,-16164,-1524,9.081418752
7919,34,-90,-6318,729,9.082606176
7919,35,-280,1845,-113,9.083793600
7919,36,-257,140,3623,9.084981024
7919,37,-94,-4552,-1779,9.086168448
7919,38,515,-13477,1392,9.087355872
7919,39,632,-14143,578,9.088543296
7919,40,389,-8859,3385,9.089730720
7919,41,674,-4374,2279,9.090918144
7919,42,624,-4977,1222,9.092105568
7919,43,218,-8844,305,9.093292992
7919,44,451,-9302,-21,9.094480416
7919,45,169,-3548,1882,9.095667840
7919,46,-344,-1725,1467,9.096855264
7919,47,-462,-4788,315,9.098042688
7919,48,-727,-8302,-1232,9.099230112
7919,49,-641,-3658,-421,9.100417536
7919,50,-628,851,-29,9.101604960
7919,51,-642,-16,262,9.102792384
7919,52,216,-1242,677,9.103979808
7919,53,-77,758,922,9.105167232
7919,54,195,1053,3541,9.106354656
7919,55,562,1938,736,9.107542080
7919,56,752,138,1058,9.108729504
7919,57,918,-977,-141,9.109916928
7919,58,111,-4424,-1102,9.111104352
7919,59,647,-16275,-17,9.112291776
7919,60,-138,-13443,-240,9.113479200
7919,61,-39,-1530,-1206,9.114666624
7919,62,-433,-1189,-1628,9.115854048
7919,63,-1011,-1961,-3647,9.117041472
7919,64,-283,-5792,-3351,9.118228896
7920,1,-588,-7337,-862,9.119416320
7920,2,-711,-10184,732,9.120603744
7920,3,-64,-10752,-479,9.121791168
7920,4,275,-5325,-33,9.122978592
7920,5,683,-1924,24,9.124166016
7920,6,465,-3199,-25,9.125353440
7920,7,687,-2967,-1453,9.126540864
7920,8,725,-2988,-2,9.127728288
7920,9,831,-3835,-38,9.128915712
7920,10,612,-2332,307,9.130103136
7920,11,23,-7288,-1064,9.131290560
7920,12,-92,-10695,-2761,9.132477984
7920,13,-320,-1829,-3523,9.133665408
7920,14,-520,-309,-2229,9.134852832
7920,15,-610,-2205,-1527,9.136040256
7920,16,-385,594,-991,9.137227680
7920,17,-455,-279,994,9.138415104
7920,18,13,-2753,-1040,9.139602528
7920,19,39,-7646,265,9.140789952
7920,20,771,-5471,1555,9.141977376
7920,21,764,-1927,3177,9.143164800
7920,22,626,-1297,3536,9.144352224
7920,23,408,-739,2390,9.145539648
7920,24,315,-213,2062,9.146727072
7920,25,300,-12,2764,9.147914496
7920,26,195,626,1670,9.149101920
7920,27,-487,819,2286,9.150289344
7920,28,-747,-2190,1267,9.151476768
7920,29,-523,-6744,-876,9.152664192
7920,30,-1194,-13900,1354,9.153851616
7920,31,-791,-14202,549,9.155039040
7920,32,-217,-3820,244,9.156226464
7920,33,-148,-670,450,9.157413888
7920,34,254,-2906,674,9.158601312
7920,35,-371,-11593,1059,9.159788736
7920,36,439,-9860,2256,9.160976160
7920,37,400,-974,1929,9.162163584
7920,38,795,-3517,1043,9.163351008
7920,39,479,-11747,-1402,9.164538432
7920,40,263,-9855,-1689,9.165725856
7920,41,2,-3915,-439,9.166913280
7920,42,-470,-6077,-1805,9.168100704
7920,43,-200,-13981,-3326,9.169288128
7920,44,-125,-13431,-3069,9.170475552
7920,45,-138,-4972,-2002,9.171662976
7920,46,-309,-1134,-704,9.172850400
7920,47,-551,-2929,-2276,9.174037824
7920,48,212,-4422,-3286,9.175225248
7920,49,694,-6399,-2240,9.176412672
7920,50,655,-9224,154,9.177600096
7920,51,750,-5464,1030,9.178787520
7920,52,673,-1529,953,9.179974944
7920,53,550,-8804,-1544,9.181162368
7920,54,520,-14893,-1871,9.182349792
7920,55,204,-8799,-98,9.183537216
7920,56,568,233,1190,9.184724640
7920,57,-22,-1247,1076,9.185912064
7920,58,-833,-1143,-1001,9.187099488
7920,59,-860,49,-1971,9.188286912
7920,60,-363,-27,278,9.189474336
7920,61,-660,-1023,1990,9.190661760
7920,62,375,-3367,-163,9.191849184
7920,63,-206,-3271,1076,9.193036608
7920,64,-49,434,1882,9.194224032
7921,1,239,-5033,1756,9.195411456
7921,2,348,-12050,3870,9.196598880
7921,3,414,-2435,2561,9.197786304
7921,4,-159,103,2252,9.198973728
7921,5,186,-2985,3560,9.200161152
7921,6,-252,-713,1795,9.201348576
7921,7,-402,-5277,1966,9.202536000
7921,8,-369,-5651,1009,9.203723424
7921,9,-623,-881,-202,9.204910848
7921,10,-609,-913,36,9.206098272
7921,11,-656,530,508,9.207285696
7921,12,-612,548,-159,9.208473120
7921,13,-153,-1765,-1052,9.209660544
7921,14,-62,-4403,-1198,9.210847968
7921,15,177,-4917,-278,9.212035392
7921,16,306,-1346,834,9.213222816
7921,17,215,1550,236,9.214410240
7921,18,183,-2201,-809,9.215597664
7921,19,296,-11146,-171,9.216785088
7921,20,363,-7506,-1685,9.217972512
7921,21,187,-4223,-399,9.219159936
7921,22,-59,-7493,-687,9.220347360
7921,23,172,-9338,-2315,9.221534784
7921,24,188,-3178,-2465,9.222722208
7921,25,167,1928,-1681,9.223909632
7921,26,-64,763,-757,9.225097056
7921,27,55,345,-1853,9.226284480
7921,28,421,89,-658,9.227471904
7921,29,486,864,-602,9.228659328
7921,30,382,109,829,9.229846752
7921,31,138,-1917,-1059,9.231034176
7921,32,501,-8450,-1113,9.232221600
7921,33,403,-10665,87,9.233409024
7921,34,84,-252,-183,9.234596448
7921,35,-317,1684,1036,9.235783872
7921,36,-69,-1145,1357,9.236971296
7921,37,-337,1659,382,9.238158720
7921,38,-138,1155,1810,9.239346144
7921,39,-403,-664,670,9.240533568
7921,40,-122,-8402,-741,9.241720992
7921,41,143,-14110,-190,9.242908416
7921,42,84,-12932,-271,9.244095840
7921,43,-103,-11511,504,9.245283264
7921,44,108,-10237,-962,9.246470688
7921,45,218,-8721,53,9.247658112
7921,46,179,-2838,463,9.248845536
7921,47,-37,135,1261,9.250032960
7921,48,-562,-2183,1685,9.251220384
7921,49,-362,-3961,1031,9.252407808
7921,50,-241,-5870,965,9.253595232
7921,51,-491,-6831,765,9.254782656
7921,52,-583,-6264,137,9.255970080
7921,53,-544,-4790,325,9.257157504
7921,54,-223,-3055,199,9.258344928
7921,55,73,-4290,-481,9.259532352
7921,56,62,-8806,-63,9.260719776
7921,57,333,-4881,-424,9.261907200
7921,58,256,735,138,9.263094624
7921,59,511,-2066,137,9.264282048
7921,60,289,-3173,-859,9.265469472
7921,61,409,-330,4,9.266656896
7921,62,-42,-3830,-262,9.267844320
7921,63,182,-13697,125,9.269031744
7921,64,-92,-9577,345,9.270219168
7922,1,-123,344,283,9.271406592
7922,2,61,-6751,-432,9.272594016
7922,3,174,-14232,-688,9.273781440
7922,4,285,-7193,82,9.274968864
7922,5,211,-1649,639,9.276156288
7922,6,194,-1403,1728,9.277343712
7922,7,318,518,857,9.278531136
7922,8,757,1638,2051,9.279718560
7922,9,649,-210,-449,9.280905984
7922,10,659,-5373,-1203,9.282093408
7922,11,202,-4801,-542,9.283280832
7922,12,321,-247,-413,9.284468256
7922,13,172,581,155,9.285655680
7922,14,-371,992,426,9.286843104
7922,15,7,817,-2446,9.288030528
7922,16,-437,-1750,-1309,9.289217952
7922,17,-219,-1588,-1374,9.290405376
7922,18,-390,-6036,-81,9.291592800
7922,19,-282,-11003,-1436,9.292780224
7922,20,172,-12457,-2517,9.293967648
7922,21,233,-12866,-1445,9.295155072
7922,22,155,-3827,-1173,9.296342496
7922,23,58,1090,-658,9.297529920
7922,24,231,-5576,-1104,9.298717344
7922,25,441,-5676,-440,9.299904768
7922,26,395,513,-94,9.301092192
7922,27,19,-422,2298,9.302279616
7922,28,-70,-2096,359,9.303467040
7922,29,-519,396,-688,9.304654464
7922,30,-835,2272,-432,9.305841888
7922,31,-621,1761,479,9.307029312
7922,32,-776,-580,498,9.308216736
7922,33,-521,-2871,785,9.309404160
7922,34,-413,-4414,529,9.310591584
7922,35,-181,-8498,-230,9.311779008
7922,36,-186,-11549,-1409,9.312966432
7922,37,81,-9155,2715,9.314153856
7922,38,39,107,1044,9.315341280
7922,39,514,51,3864,9.316528704
7922,40,404,-130,3879,9.317716128
7922,41,350,374,2364,9.318903552
7922,42,422,-10569,-1222,9.320090976
7922,43,327,-18589,665,9.321278400
7922,44,352,-5205,1364,9.322465824
7922,45,-62,259,2099,9.323653248
7922,46,-317,-2726,2606,9.324840672
7922,47,-5,-4549,-1501,9.326028096
7922,48,-309,-4038,-564,9.327215520
7922,49,-91,-6547,848,9.328402944
7922,50,66,-6046,1105,9.329590368
7922,51,-310,-1211,933,9.330777792
7922,52,325,-3975,348,9.331965216
7922,53,323,-7617,-579,9.333152640
7922,54,369,-4775,-1135,9.334340064
7922,55,527,-3010,266,9.335527488
7922,56,667,-2914,-1403,9.336714912
7922,57,569,-2569,-1235,9.337902336
7922,58,478,-9938,-2346,9.339089760
7922,59,163,-9445,-1899,9.340277184
7922,60,182,9,-2340,9.341464608
7922,61,-178,-1201,-1977,9.342652032
7922,62,-314,-2109,-3669,9.343839456
7922,63,-435,-797,-2337,9.345026880
7922,64,-124,-4897,-99,9.346214304
7923,1,-282,-2490,-92,9.347401728
7923,2,-315,1638,-1992,9.348589152
7923,3,-71,-1233,319,9.349776576
7923,4,-25,-5775,-1283,9.350964000
7923,5,167,-6615,1553,9.352151424
7923,6,-185,-7230,926,9.353338848
7923,7,32,-7059,417,9.354526272
7923,8,-247,-6937,1037,9.355713696
7923,9,-195,-9646,355,9.356901120
7923,10,-84,-8361,1768,9.358088544
7923,11,-542,-4897,780,9.359275968
7923,12,-629,-6302,996,9.360463392
7923,13,-787,-7609,447,9.361650816
7923,14,-697,-5513,620,9.362838240
7923,15,-437,-11444,766,9.364025664
7923,16,-136,-16226,254,9.365213088
7923,17,-80,-10882,730,9.366400512
7923,18,19,-7046,448,9.367587936
7923,19,304,-8043,1548,9.368775360
7923,20,318,-10897,1407,9.369962784
7923,21,628,-10529,1322,9.371150208
7923,22,580,-8849,1047,9.372337632
7923,23,564,-6091,414,9.373525056
7923,24,443,-5773,569,9.374712480
7923,25,226,-7141,601,9.375899904
7923,26,236,-6973,528,9.377087328
7923,27,150,-5151,-96,9.378274752
7923,28,422,-1812,-166,9.379462176
7923,29,208,617,-661,9.380649600
7923,30,74,179,-152,9.381837024
7923,31,139,599,-438,9.383024448
7923,32,247,1731,-698,9.384211872
7923,33,302,1449,-305,9.385399296
7923,34,230,2953,108,9.386586720
7923,35,115,1623,672,9.387774144
7923,36,225,-326,756,9.388961568
7923,37,100,-628,13,9.390148992
7923,38,31,-777,-409,9.391336416
7923,39,45,-1056,100,9.392523840
7923,40,5,496,1036,9.393711264
7923,41,-221,-27,1010,9.394898688
7923,42,-26,-2227,-224,9.396086112
7923,43,-235,-1189,-656,9.397273536
7923,44,-351,1224,653,9.398460960
7923,45,-91,-558,-273,9.399648384
7923,46,-130,-919,-496,9.400835808
7923,47,-411,1556,451,9.402023232
7923,48,-349,543,-829,9.403210656
7923,49,-381,-49,-361,9.404398080
7923,50,-613,3723,36,9.405585504
7923,51,-422,2302,212,9.406772928
7923,52,-414,-1001,134,9.407960352
7923,53,-280,370,-1056,9.409147776
7923,54,-409,802,234,9.410335200
7923,55,-214,-1506,378,9.411522624
7923,56,368,-2490,-2340,9.412710048
7923,57,-113,-12857,-3166,9.413897472
7923,58,419,-18423,-3160,9.415084896
7923,59,320,-10871,-316,9.416272320
7923,60,411,862,-548,9.417459744
7923,61,174,-3472,-764,9.418647168
7923,62,520,-17730,-1977,9.419834592
7923,63,285,-11284,-2168,9.421022016
7923,64,530,1364,-1489,9.422209440
7924,1,-289,-3214,1421,9.423396864
7924,2,-76,-6115,-2451,9.424584288
7924,3,124,-7518,-1785,9.425771712
7924,4,209,-13624,-2124,9.426959136
7924,5,233,-16543,1687,9.428146560
7924,6,63,-7587,1778,9.429333984
7924,7,388,-6137,1912,9.430521408
7924,8,719,-13389,1901,9.431708832
7924,9,386,-7944,790,9.432896256
7924,10,475,-5536,1475,9.434083680
7924,11,915,-10068,2094,9.435271104
7924,12,553,-4831,1836,9.436458528
7924,13,499,-4506,1926,9.437645952
7924,14,297,-9752,1829,9.438833376
7924,15,227,-4531,2542,9.440020800
7924,16,111,263,2676,9.441208224
7924,17,-339,-1015,1626,9.442395648
7924,18,-108,-696,499,9.443583072
7924,19,-501,-372,2269,9.444770496
7924,20,-143,28,2925,9.445957920
7924,21,-214,-979,3201,9.447145344
7924,22,-489,-398,547,9.448332768
7924,23,-96,-46,1465,9.449520192
7924,24,-116,-962,1436,9.450707616
7924,25,-89,158,1760,9.451895040
7924,26,-162,86,1579,9.453082464
7924,27,-211,652,477,9.454269888
7924,28,-66,38,176,9.455457312
7924,29,-105,107,-994,9.456644736
7924,30,-290,-622,-979,9.457832160
7924,31,-477,-7878,-1909,9.459019584
7924,32,-522,-7893,-2928,9.460207008
7924,33,-527,-815,-3361,9.461394432
7924,34,-875,78,-1738,9.462581856
7924,35,-556,-794,-3621,9.463769280
7924,36,-350,-7753,-2536,9.464956704
7924,37,-203,-3408,-2681,9.466144128
7924,38,-449,1860,-3043,9.467331552
7924,39,318,-2300,-971,9.468518976
7924,40,272,-4011,-3099,9.469706400
7924,41,567,-3388,-2197,9.470893824
7924,42,545,-4849,-2414,9.472081248
7924,43,348,-1319,-2598,9.473268672
7924,44,424,-340,-1476,9.474456096
7924,45,335,-8059,-2468,9.475643520
7924,46,540,-14060,-2426,9.476830944
7924,47,398,-6774,-1762,9.478018368
7924,48,52,-1254,-1030,9.479205792
7924,49,-110,-3477,-976,9.480393216
7924,50,117,-9084,-1031,9.481580640
7924,51,373,-10242,-793,9.482768064
7924,52,586,-9187,1070,9.483955488
7924,53,338,-10366,2124,9.485142912
7924,54,486,-5949,2252,9.486330336
7924,55,465,-5832,2640,9.487517760
7924,56,563,-8496,1995,9.488705184
7924,57,879,-12383,2604,9.489892608
7924,58,684,-6252,3228,9.491080032
7924,59,262,-2171,3663,9.492267456
7924,60,269,-7778,2689,9.493454880
7924,61,-174,-10523,3051,9.494642304
7924,62,-73,-6714,2585,9.495829728
7924,63,-145,-4357,2930,9.497017152
7924,64,-400,-4128,2614,9.498204576
7925,1,-241,-787,1675,9.499392000
7925,2,-640,-928,3300,9.500579424
7925,3,-184,-3116,1582,9.501766848
7925,4,-267,-9651,2363,9.502954272
7925,5,-199,-11732,-81,9.504141696
7925,6,-75,-11313,923,9.505329120
7925,7,-360,-7248,915,9.506516544
7925,8,-637,-5308,1186,9.507703968
7925,9,-435,-6212,823,9.508891392
7925,10,-567,-4140,-939,9.510078816
7925,11,-456,-2881,-371,9.511266240
7925,12,-535,-1932,-483,9.512453664
7925,13,-644,-573,82,9.513641088
7925,14,-721,-1315,-391,9.514828512
7925,15,-349,-4064,-2690,9.516015936
7925,16,-531,-6491,-2604,9.517203360
7925,17,-97,-4713,-1162,9.518390784
7925,18,-131,-3998,-1601,9.519578208
7925,19,111,-1647,-1047,9.520765632
7925,20,-131,829,-2095,9.521953056
7925,21,100,672,-1405,9.523140480
7925,22,288,1316,-1741,9.524327904
7925,23,241,2057,-1505,9.525515328
7925,24,328,2104,-1558,9.526702752
7925,25,235,3022,-1928,9.527890176
7925,26,11,3581,-1152,9.529077600
7925,27,321,3580,-1051,9.530265024
7925,28,-144,4690,-1144,9.531452448
7925,29,393,2814,-891,9.532639872
7925,30,422,1335,-1660,9.533827296
7925,31,373,1150,-1407,9.535014720
7925,32,443,1608,-570,9.536202144
7925,33,113,1773,524,9.537389568
7925,34,168,2363,477,9.538576992
7925,35,190,1924,519,9.539764416
7925,36,216,1804,333,9.540951840
7925,37,172,1497,1197,9.542139264
7925,38,5,-64,1292,9.543326688
7925,39,-65,-1389,1918,9.544514112
7925,40,-48,-1579,1502,9.545701536
7925,41,-20,-3122,2019,9.546888960
7925,42,26,-14928,-6519,9.548076384
7925,43,545,-30048,-452,9.549263808
7925,44,-40,-13841,391,9.550451232
7925,45,-75,2053,1732,9.551638656
7925,46,-298,-1073,4256,9.552826080
7925,47,121,-14829,-1832,9.554013504
7925,48,122,-15966,-1732,9.555200928
7925,49,13,-10750,2208,9.556388352
7925,50,-515,-6388,2358,9.557575776
7925,51,-432,-11658,383,9.558763200
7925,52,18,-20288,-39,9.559950624
7925,53,-25,-15186,-774,9.561138048
7925,54,-152,-6966,2111,9.562325472
7925,55,-708,-8109,1893,9.563512896
7925,56,153,-16699,-939,9.564700320
7925,57,589,-14053,682,9.565887744
7925,58,36,-4686,524,9.567075168
7925,59,118,-6790,1697,9.568262592
7925,60,103,-12164,816,9.569450016
7925,61,477,-6628,-518,9.570637440
7925,62,693,-3337,-639,9.571824864
7925,63,70,-3052,1124,9.573012288
7925,64,391,-3653,2733,9.574199712
7926,1,567,-4673,1918,9.575387136
7926,2,80,-4161,-1066,9.576574560
7926,3,224,-6014,-907,9.577761984
7926,4,-108,343,293,9.578949408
7926,5,327,650,2779,9.580136832
7926,6,563,-1167,1398,9.581324256
7926,7,-510,2164,-912,9.582511680
7926,8,-289,2543,986,9.583699104
7926,9,40,2218,266,9.584886528
7926,10,339,2662,1907,9.586073952
7926,11,355,4323,4,9.587261376
7926,12,-279,3141,-1046,9.588448800
7926,13,266,1314,-593,9.589636224
7926,14,-181,2484,-283,9.590823648
7926,15,-109,2276,192,9.592011072
7926,16,31,101,-1508,9.593198496
7926,17,-403,2168,-1816,9.594385920
7926,18,3,205,-1874,9.595573344
7926,19,-214,108,-673,9.596760768
7926,20,-929,2376,-179,9.597948192
7926,21,-317,1355,-1620,9.599135616
7926,22,-130,-2177,-1994,9.600323040
7926,23,-197,39,-3528,9.601510464
7926,24,105,-1087,-1186,9.602697888
7926,25,-184,-6947,-1521,9.603885312
7926,26,74,-4065,-2084,9.605072736
7926,27,-142,-6078,-2500,9.606260160
7926,28,163,-6979,-2109,9.607447584
7926,29,309,1988,-2215,9.608635008
7926,30,22,447,1007,9.609822432
7926,31,-87,-4424,-1925,9.611009856
7926,32,-30,-3671,-2345,9.612197280
7926,33,-168,-10439,-1731,9.613384704
7926,34,361,-20336,-1674,9.614572128
7926,35,162,-15488,1800,9.615759552
7926,36,-162,-4596,1142,9.616946976
7926,37,124,-9075,-457,9.618134400
7926,38,72,-19164,-777,9.619321824
7926,39,167,-9732,465,9.620509248
7926,40,506,-1024,2849,9.621696672
7926,41,340,-2235,4578,9.622884096
7926,42,300,-7999,1406,9.624071520
7926,43,1069,-14676,1898,9.625258944
7926,44,412,-15109,2791,9.626446368
7926,45,670,-11272,2161,9.627633792
7926,46,391,-14896,3379,9.628821216
7926,47,267,-14015,1302,9.630008640
7926,48,408,-9972,1940,9.631196064
7926,49,157,-9739,2316,9.632383488
7926,50,-13,-6116,3453,9.633570912
7926,51,173,-2395,2127,9.634758336
7926,52,-112,-1974,2131,9.635945760
7926,53,-96,-1331,1365,9.637133184
7926,54,-186,391,2141,9.638320608
7926,55,-44,74,3509,9.639508032
7926,56,194,938,372,9.640695456
7926,57,-116,-3,-119,9.641882880
7926,58,-129,-174,-139,9.643070304
7926,59,-85,1254,540,9.644257728
7926,60,-171,533,1515,9.645445152
7926,61,-318,266,-1130,9.646632576
7926,62,-789,-735,-1954,9.647820000
7926,63,-729,-2535,-2699,9.649007424
7926,64,-665,-3810,-237,9.650194848
7927,1,-874,521,-159,9.651382272
7927,2,-716,-905,-427,9.652569696
7927,3,-624,-1769,-3138,9.653757120
7927,4,-419,1585,-3013,9.654944544
7927,5,-103,1530,134,9.656131968
7927,6,-272,2151,-827,9.657319392
7927,7,306,1604,-1632,9.658506816
7927,8,428,1863,-2050,9.659694240
7927,9,160,3509,-1884,9.660881664
7927,10,108,2005,-1389,9.662069088
7927,11,47,728,-1369,9.663256512
7927,12,-207,-410,-2667,9.664443936
7927,13,-53,-5146,-5921,9.665631360
7927,14,-537,-22052,-1909,9.666818784
7927,15,-136,-14892,-847,9.668006208
7927,16,-63,299,-265,9.669193632
7927,17,-180,-1954,108,9.670381056
7927,18,220,-1292,-2627,9.671568480
7927,19,295,-2222,-1098,9.672755904
7927,20,902,-2148,2231,9.673943328
7927,21,533,-1710,2366,9.675130752
7927,22,1366,-2373,1657,9.676318176
7927,23,547,-4209,-975,9.677505600
7927,24,1076,-4716,-1462,9.678693024
7927,25,122,-6372,353,9.679880448
7927,26,-14,-7934,-853,9.681067872
7927,27,76,-4777,560,9.682255296
7927,28,-414,-2315,530,9.683442720
7927,29,-93,-6047,653,9.684630144
7927,30,-401,-9854,2277,9.685817568
7927,31,-240,-6540,2664,9.687004992
7927,32,11,-4552,2170,9.688192416
7927,33,157,-5286,2224,9.689379840
7927,34,167,-11176,2941,9.690567264
7927,35,864,-19227,3134,9.691754688
7927,36,536,-12222,3979,9.692942112
7927,37,350,-5586,3128,9.694129536
7927,38,297,-12983,191,9.695316960
7927,39,170,-14908,1204,9.696504384
7927,40,48,-3555,1717,9.697691808
7927,41,-475,-3911,2335,9.698879232
7927,42,-955,-11137,911,9.700066656
7927,43,-1028,-6120,-437,9.701254080
7927,44,-822,-2703,650,9.702441504
7927,45,-695,-8068,233,9.703628928
7927,46,-525,-10725,-123,9.704816352
7927,47,-408,-6842,630,9.706003776
7927,48,83,-3139,387,9.707191200
7927,49,147,-5910,417,9.708378624
7927,50,397,-5754,1206,9.709566048
7927,51,406,305,956,9.710753472
7927,52,608,311,672,9.711940896
7927,53,579,-1044,-1411,9.713128320
7927,54,-368,-873,-2305,9.714315744
7927,55,45,-1492,-923,9.715503168
7927,56,-319,-3218,-2610,9.716690592
7927,57,-228,-3206,-2910,9.717878016
7927,58,-495,-3419,-4226,9.719065440
7927,59,-284,-1433,-3550,9.720252864
7927,60,-421,169,-1879,9.721440288
7927,61,-14,624,-1637,9.722627712
7927,62,224,-1742,-1255,9.723815136
7927,63,630,-1687,-1537,9.725002560
7927,64,637,889,-472,9.726189984
7928,1,714,286,477,9.727377408
7928,2,874,1118,898,9.728564832
7928,3,869,1905,-301,9.729752256
7928,4,532,1298,-491,9.730939680
7928,5,392,1703,-973,9.732127104
7928,6,-296,2176,94,9.733314528
7928,7,-658,353,-328,9.734501952
7928,8,-1256,-4810,-3867,9.735689376
7928,9,-203,-16580,-2527,9.736876800
7928,10,-710,-16276,-2059,9.738064224
7928,11,-414,-5325,204,9.739251648
7928,12,-409,-410,1778,9.740439072
7928,13,-314,212,704,9.741626496
7928,14,503,-859,652,9.742813920
7928,15,283,-7515,1449,9.744001344
7928,16,1066,-3693,675,9.745188768
7928,17,513,-8246,3347,9.746376192
7928,18,911,-9939,3672,9.747563616
7928,19,606,-518,1359,9.748751040
7928,20,-225,-5335,1262,9.749938464
7928,21,-9,-9262,657,9.751125888
7928,22,-152,-2082,1149,9.752313312
7928,23,-956,-1722,1848,9.753500736
7928,24,-652,-3830,-657,9.754688160
7928,25,-1159,-1890,345,9.755875584
7928,26,-464,-2849,618,9.757063008
7928,27,81,-7647,824,9.758250432
7928,28,-230,-4031,1654,9.759437856
7928,29,297,-608,1644,9.760625280
7928,30,869,-772,3170,9.761812704
7928,31,656,-890,3367,9.763000128
7928,32,805,-3393,2274,9.764187552
7928,33,594,-7889,1449,9.765374976
7928,34,515,-5085,40,9.766562400
7928,35,421,-49,201,9.767749824
7928,36,117,-1682,1058,9.768937248
7928,37,-650,-345,-540,9.770124672
7928,38,-290,-1020,-1369,9.771312096
7928,39,-931,-2796,-1366,9.772499520
7928,40,-332,113,-1963,9.773686944
7928,41,-692,753,-333,9.774874368
7928,42,-7,-169,424,9.776061792
7928,43,-213,-13020,-1218,9.777249216
7928,44,181,-18197,-147,9.778436640
7928,45,408,-6371,-1752,9.779624064
7928,46,329,-54,-365,9.780811488
7928,47,630,-2997,-1262,9.781998912
7928,48,404,-4859,-2428,9.783186336
7928,49,495,-4448,-1136,9.784373760
7928,50,179,-3586,-1542,9.785561184
7928,51,49,-3031,-1123,9.786748608
7928,52,-384,-382,-2606,9.787936032
7928,53,-226,-4834,-4968,9.789123456
7928,54,-66,-8330,-4523,9.790310880
7928,55,-539,-7463,-3730,9.791498304
7928,56,-235,-7989,-1826,9.792685728
7928,57,-11,-9323,-1879,9.793873152
7928,58,27,-9864,-1691,9.795060576
7928,59,344,-9787,-230,9.796248000
7928,60,263,-2661,-12,9.797435424
7928,61,290,1179,1370,9.798622848
7928,62,561,-5473,1431,9.799810272
7928,63,357,-10774,2390,9.800997696
7928,64,551,-6346,1635,9.802185120
7929,1,120,-1683,1451,9.803372544
7929,2,64,-2996,2479,9.804559968
7929,3,-390,-3371,-314,9.805747392
7929,4,91,-9081,-158,9.806934816
7929,5,-73,-7273,1765,9.808122240
7929,6,-93,-1184,2121,9.809309664
7929,7,-126,-3650,4210,9.810497088
7929,8,-183,-3960,2306,9.811684512
7929,9,-59,415,2694,9.812871936
7929,10,-64,-230,4387,9.814059360
7929,11,98,-7319,1175,9.815246784
7929,12,199,-8573,3301,9.816434208
7929,13,-71,-2600,4141,9.817621632
7929,14,-291,-3817,3757,9.818809056
7929,15,-152,-11049,1975,9.819996480
7929,16,-168,-13877,1561,9.821183904
7929,17,-1,-8111,91,9.822371328
7929,18,-438,-5106,617,9.823558752
7929,19,-467,-4347,-1060,9.824746176
7929,20,-254,-11533,-999,9.825933600
7929,21,137,-9342,-1417,9.827121024
7929,22,-75,-2360,-1496,9.828308448
7929,23,-3,-1647,-2305,9.829495872
7929,24,-36,-5011,-1319,9.830683296
7929,25,420,-963,-2037,9.831870720
7929,26,167,2191,10,9.833058144
7929,27,52,-363,-197,9.834245568
7929,28,65,349,-2678,9.835432992
7929,29,289,130,-1572,9.836620416
7929,30,258,1803,-2235,9.837807840
7929,31,-16,2035,-1323,9.838995264
7929,32,-226,64,-2440,9.840182688
7929,33,126,-582,-3223,9.841370112
7929,34,693,-1746,-3280,9.842557536
7929,35,-90,-4307,-2858,9.843744960
7929,36,193,-4906,-3195,9.844932384
7929,37,138,-2175,-2673,9.846119808
7929,38,440,-251,-1706,9.847307232
7929,39,357,859,-1766,9.848494656
7929,40,109,2715,265,9.849682080
7929,41,-26,3132,2104,9.850869504
7929,42,-89,1317,1143,9.852056928
7929,43,-197,1088,2388,9.853244352
7929,44,-357,3358,2278,9.854431776
7929,45,-340,1310,2919,9.855619200
7929,46,-175,-1015,3023,9.856806624
7929,47,-410,1417,2839,9.857994048
7929,48,-488,-570,2093,9.859181472
7929,49,-191,-3035,2485,9.860368896
7929,50,109,-10806,-3047,9.861556320
7929,51,232,-21919,912,9.862743744
7929,52,176,-11981,1967,9.863931168
7929,53,-209,-384,1750,9.865118592
7929,54,-66,-2397,3281,9.866306016
7929,55,-84,-12257,-1427,9.867493440
7929,56,251,-15867,-648,9.868680864
7929,57,52,-7912,1658,9.869868288
7929,58,-348,-2601,2280,9.871055712
7929,59,-255,-11090,-381,9.872243136
7929,60,-63,-15664,207,9.873430560
7929,61,-121,-5690,607,9.874617984
7929,62,33,366,432,9.875805408
7929,63,-363,-4425,856,9.876992832
7929,64,317,-6808,-864,9.878180256
7930,1,421,-7752,-1789,9.879367680
7930,2,335,-15423,-1305,9.880555104
7930,3,404,-15704,-1415,9.881742528
7930,4,465,-9252,-1399,9.882929952
7930,5,639,-7532,-1720,9.884117376
7930,6,564,-11070,-1936,9.885304800
7930,7,188,-7808,-448,9.886492224
7930,8,140,-4596,1102,9.887679648
7930,9,470,-6092,859,9.888867072
7930,10,139,-1746,57,9.890054496
7930,11,56,488,-487,9.891241920
7930,12,121,-1409,1039,9.892429344
7930,13,145,-2632,1162,9.893616768
7930,14,262,-759,103,9.894804192
7930,15,-387,-6081,-803,9.895991616
7930,16,216,-7431,-1338,9.897179040
7930,17,137,431,825,9.898366464
7930,18,64,952,1593,9.899553888
7930,19,-103,436,105,9.900741312
7930,20,-170,468,-2307,9.901928736
7930,21,-64,2920,1708,9.903116160
7930,22,-129,4253,2223,9.904303584
7930,23,25,2130,3011,9.905491008
7930,24,-377,3109,1036,9.906678432
7930,25,-364,1271,122,9.907865856
7930,26,-335,-1787,1339,9.909053280
7930,27,-514,-548,314,9.910240704
7930,28,-186,-4346,51,9.911428128
7930,29,-95,-15744,1531,9.912615552
7930,30,-21,-5415,-1828,9.913802976
7930,31,-351,4180,-2903,9.914990400
7930,32,-182,-1327,1431,9.916177824
7930,33,-247,2634,-4301,9.917365248
7930,34,8,-1578,-1895,9.918552672
7930,35,266,-4389,-1295,9.919740096
7930,36,-178,-8313,-2313,9.920927520
7930,37,200,-6611,-1139,9.922114944
7930,38,-246,-4697,969,9.923302368
7930,39,117,-1935,365,9.924489792
7930,40,-21,-853,-1244,9.925677216
7930,41,19,-1048,368,9.926864640
7930,42,38,-2401,-1689,9.928052064
7930,43,221,-7749,-609,9.929239488
7930,44,51,-13268,-193,9.930426912
7930,45,416,-8894,-665,9.931614336
7930,46,246,-3165,118,9.932801760
7930,47,288,-3723,-871,9.933989184
7930,48,419,-8191,-1428,9.935176608
7930,49,272,-5710,-213,9.936364032
7930,50,518,-3414,532,9.937551456
7930,51,403,-5714,988,9.938738880
7930,52,193,-6286,2151,9.939926304
7930,53,442,-5332,891,9.941113728
7930,54,262,-3890,2350,9.942301152
7930,55,42,-4982,929,9.943488576
7930,56,119,-10401,1696,9.944676000
7930,57,85,-10622,2474,9.945863424
7930,58,81,-5514,2177,9.947050848
7930,59,19,-5678,1622,9.948238272
7930,60,-301,-8423,184,9.949425696
7930,61,149,-4421,75,9.950613120
7930,62,-72,-3872,600,9.951800544
7930,63,1,-6921,526,9.952987968
7930,64,-75,-6746,300,9.954175392
7931,1,-330,-4129,-302,9.955362816
7931,2,-41,-6749,-330,9.956550240
7931,3,-181,-7752,-514,9.957737664
7931,4,-316,-2402,-211,9.958925088
7931,5,-219,-1044,400,9.960112512
7931,6,-484,-2409,682,9.961299936
7931,7,-240,-3593,335,9.962487360
7931,8,-354,-8816,-3,9.963674784
7931,9,-252,-12612,-642,9.964862208
7931,10,-267,-5603,-827,9.966049632
7931,11,-381,620,-691,9.967237056
7931,12,-409,-3503,-1321,9.968424480
7931,13,-232,-13595,-1016,9.969611904
7931,14,-90,-10942,-780,9.970799328
7931,15,-40,-3109,-1357,9.971986752
7931,16,-11,-2928,-672,9.973174176
7931,17,-54,-4313,-1840,9.974361600
7931,18,128,-4884,-1552,9.975549024
7931,19,87,-5789,106,9.976736448
7931,20,245,-5258,-321,9.977923872
7931,21,334,-2633,997,9.979111296
7931,22,242,-388,936,9.980298720
7931,23,113,-1395,816,9.981486144
7931,24,208,-5897,77,9.982673568
7931,25,186,-7286,-106,9.983860992
7931,26,485,-7891,-283,9.985048416
7931,27,307,-5007,47,9.986235840
7931,28,207,-1108,657,9.987423264
7931,29,306,-536,535,9.988610688
7931,30,221,-5976,-523,9.989798112
7931,31,504,-4303,-478,9.990985536
7931,32,263,1398,-396,9.992172960
7931,33,397,-198,1534,9.993360384
7931,34,326,1581,1331,9.994547808
7931,35,137,3039,1490,9.995735232
7931,36,188,3277,1758,9.996922656
7931,37,-364,4204,-1185,9.998110080
7931,38,244,1728,1251,9.999297504
7931,39,-54,1391,1292,10.000484928
7931,40,-101,2128,647,10.001672352
7931,41,-308,443,1484,10.002859776
7931,42,-397,368,-700,10.004047200
7931,43,-238,410,-79,10.005234624
7931,44,-249,156,164,10.006422048
7931,45,-107,-289,-470,10.007609472
7931,46,-80,-1120,85,10.008796896
7931,47,-125,-1849,-262,10.009984320
7931,48,15,-2110,607,10.011171744
7931,49,437,-6929,-1502,10.012359168
7931,50,-403,-22651,3110,10.013546592
7931,51,163,-19533,-649,10.014734016
7931,52,-306,-4751,-165,10.015921440
7931,53,-263,-1028,300,10.017108864
7931,54,-604,-4822,-3501,10.018296288
7931,55,-606,-12511,-2820,10.019483712
7931,56,-361,-11018,-91,10.020671136
7931,57,-607,-2657,-305,10.021858560
7931,58,-633,-655,1978,10.023045984
7931,59,-271,-2469,1082,10.024233408
7931,60,-125,-7818,-829,10.025420832
7931,61,172,-5399,-713,10.026608256
7931,62,116,-1078,-1482,10.027795680
7931,63,603,-3966,432,10.028983104
7931,64,547,-2590,-453,10.030170528
7932,1,774,169,1720,10.031357952
7932,2,387,-3964,27,10.032545376
7932,3,613,-6455,-963,10.033732800
7932,4,317,-4568,-583,10.034920224
7932,5,169,-3314,-532,10.036107648
7932,6,-2,-4980,574,10.037295072
7932,7,-46,-6723,132,10.038482496
7932,8,92,-9944,907,10.039669920
7932,9,204,-7260,933,10.040857344
7932,10,-54,-791,436,10.042044768
7932,11,169,116,1247,10.043232192
7932,12,244,-607,1349,10.044419616
7932,13,519,-351,852,10.045607040
7932,14,426,-413,2560,10.046794464
7932,15,478,-174,941,10.047981888
7932,16,330,40,1059,10.049169312
7932,17,543,-507,1053,10.050356736
7932,18,2,1518,918,10.051544160
7932,19,-581,202,1214,10.052731584
7932,20,-336,-7073,-2456,10.053919008
7932,21,-582,-13040,-554,10.055106432
7932,22,-500,-15688,-1157,10.056293856
7932,23,-739,-9322,-671,10.057481280
7932,24,-841,-4045,-1256,10.058668704
7932,25,-384,-6856,-2118,10.059856128
7932,26,-194,-4444,-668,10.061043552
7932,27,234,1459,152,10.062230976
7932,28,203,-508,1305,10.063418400
7932,29,474,-3320,-585,10.064605824
7932,30,832,279,32,10.065793248
7932,31,415,-952,16,10.066980672
7932,32,600,-3322,-722,10.068168096
7932,33,-54,-3356,-1292,10.069355520
7932,34,4,-7418,-3240,10.070542944
7932,35,-174,-10041,-590,10.071730368
7932,36,-573,-2081,-809,10.072917792
7932,37,-537,-1242,498,10.074105216
7932,38,-596,-3895,-330,10.075292640
7932,39,-501,1929,-2702,10.076480064
7932,40,-374,1835,-181,10.077667488
7932,41,287,1215,1090,10.078854912
7932,42,369,38,1401,10.080042336
7932,43,1126,-1049,1694,10.081229760
7932,44,559,-4742,640,10.082417184
7932,45,1468,-15753,121,10.083604608
7932,46,650,-15851,714,10.084792032
7932,47,425,-5350,-275,10.085979456
7932,48,453,-4810,494,10.087166880
7932,49,-330,-4949,-1210,10.088354304
7932,50,-537,-5515,-1132,10.089541728
7932,51,-393,-11162,605,10.090729152
7932,52,-960,-7275,683,10.091916576
7932,53,-649,-4945,1039,10.093104000
7932,54,-538,-10236,79,10.094291424
7932,55,-156,-13522,-67,10.095478848
7932,56,430,-10531,563,10.096666272
7932,57,313,-7204,1278,10.097853696
7932,58,650,-5023,981,10.099041120
7932,59,683,-2289,1386,10.100228544
7932,60,693,-4152,743,10.101415968
7932,61,806,-7999,1218,10.102603392
7932,62,308,-5009,-213,10.103790816
7932,63,-272,-3946,-1082,10.104978240
7932,64,-438,-11156,-1859,10.106165664
7933,1,-855,-8617,-2663,10.107353088
7933,2,-728,-6244,-1151,10.108540512
7933,3,-596,-11218,-1329,10.109727936
7933,4,-591,-12011,-1282,10.110915360
7933,5,-313,-9248,-1061,10.112102784
7933,6,6,-3213,281,10.113290208
7933,7,239,849,1590,10.114477632
7933,8,905,-1067,2551,10.115665056
7933,9,602,-1417,1667,10.116852480
7933,10,887,149,1296,10.118039904
7933,11,742,-237,2294,10.119227328
7933,12,382,-197,2116,10.120414752
7933,13,354,-371,2155,10.121602176
7933,14,-686,-570,535,10.122789600
7933,15,-1007,-3229,-1533,10.123977024
7933,16,-427,-8064,-2056,10.125164448
7933,17,-965,-5563,-892,10.126351872
7933,18,-749,-9,1713,10.127539296
7933,19,-801,-705,469,10.128726720
7933,20,-599,605,-129,10.129914144
7933,21,-40,1782,1086,10.131101568
7933,22,265,2876,1721,10.132288992
7933,23,804,158,1370,10.133476416
7933,24,1136,1560,1091,10.134663840
7933,25,948,1649,1745,10.135851264
7933,26,1070,553,367,10.137038688
7933,27,592,-224,287,10.138226112
7933,28,299,737,-1022,10.139413536
7933,29,-582,-3324,-1860,10.140600960
7933,30,-286,-12083,-3149,10.141788384
7933,31,-704,-11740,-1888,10.142975808
7933,32,-821,-5048,-2618,10.144163232
7933,33,-1044,-5675,-1282,10.145350656
7933,34,-822,-7424,-2901,10.146538080
7933,35,-405,-6901,-2639,10.147725504
7933,36,-206,-1903,-716,10.148912928
7933,37,248,1186,340,10.150100352
7933,38,1146,-2576,1258,10.151287776
7933,39,512,-10115,-1649,10.152475200
7933,40,1366,-7094,-840,10.153662624
7933,41,556,-6046,618,10.154850048
7933,42,623,-8156,256,10.156037472
7933,43,499,-2773,301,10.157224896
7933,44,-211,57,609,10.158412320
7933,45,-919,-2530,-1863,10.159599744
7933,46,-810,-2675,-2162,10.160787168
7933,47,-1225,-1608,792,10.161974592
7933,48,-988,-3200,-799,10.163162016
7933,49,-259,-10710,-923,10.164349440
7933,50,-596,-10933,-782,10.165536864
7933,51,573,-8608,3251,10.166724288
7933,52,260,-4426,3529,10.167911712
7933,53,420,-1554,4423,10.169099136
7933,54,997,-309,4394,10.170286560
7933,55,599,51,3737,10.171473984
7933,56,1141,-1653,3788,10.172661408
7933,57,652,-1955,4575,10.173848832
7933,58,-292,-4395,977,10.175036256
7933,59,-17,-10762,347,10.176223680
7933,60,-801,-6067,275,10.177411104
7933,61,-779,523,110,10.178598528
7933,62,-1046,-2933,725,10.179785952
7933,63,-762,-10727,-1028,10.180973376
7933,64,-381,-10916,-1060,10.182160800
7934,1,-321,-6597,-738,10.183348224
7934,2,-137,-3491,998,10.184535648
7934,3,528,-4348,-294,10.185723072
7934,4,668,-4924,-21,10.186910496
7934,5,645,558,-519,10.188097920
7934,6,854,760,-436,10.189285344
7934,7,607,-627,1414,10.190472768
7934,8,534,1741,-1147,10.191660192
7934,9,573,1967,-1022,10.192847616
7934,10,-629,1216,-3285,10.194035040
7934,11,-849,2027,-3761,10.195222464
7934,12,-599,3213,-2202,10.196409888
7934,13,-821,2470,-3287,10.197597312
7934,14,-639,936,-3413,10.198784736
7934,15,-518,235,-2575,10.199972160
7934,16,-289,223,-1920,10.201159584
7934,17,106,-1550,-1415,10.202347008
7934,18,67,-2463,-844,10.203534432
7934,19,1154,-738,1047,10.204721856
7934,20,557,-1909,641,10.205909280
7934,21,979,-7844,1332,10.207096704
7934,22,798,-5496,970,10.208284128
7934,23,411,-1020,311,10.209471552
7934,24,172,-2495,965,10.210658976
7934,25,95,-10649,-1950,10.211846400
7934,26,-105,-17657,-1509,10.213033824
7934,27,-376,-14276,-1522,10.214221248
7934,28,-723,-8773,-450,10.215408672
7934,29,-808,-4338,146,10.216596096
7934,30,-776,-4,111,10.217783520
7934,31,-273,-3312,-205,10.218970944
7934,32,91,-12298,524,10.220158368
7934,33,403,-7139,2828,10.221345792
7934,34,553,-336,3177,10.222533216
7934,35,591,-6737,3019,10.223720640
7934,36,1007,-13674,1519,10.224908064
7934,37,653,-14043,742,10.226095488
7934,38,887,-16462,-273,10.227282912
7934,39,516,-19500,-109,10.228470336
7934,40,74,-14267,-796,10.229657760
7934,41,-103,-11774,-1278,10.230845184
7934,42,-273,-15129,-1569,10.232032608
7934,43,-364,-14333,-1523,10.233220032
7934,44,-210,-8163,-1153,10.234407456
7934,45,-52,-5559,-512,10.235594880
7934,46,7,-2163,1006,10.236782304
7934,47,328,-399,1729,10.237969728
7934,48,520,-26,3231,10.239157152
7934,49,593,683,1872,10.240344576
7934,50,717,-77,2031,10.241532000
7934,51,767,-17,1894,10.242719424
7934,52,731,69,2583,10.243906848
7934,53,258,-869,2481,10.245094272
7934,54,-153,-2834,404,10.246281696
7934,55,-730,-14208,1124,10.247469120
7934,56,-403,-15806,-1786,10.248656544
7934,57,-780,-3627,-572,10.249843968
7934,58,-462,1134,-1085,10.251031392
7934,59,-829,1739,-720,10.252218816
7934,60,-795,1828,-1406,10.253406240
7934,61,-317,2770,229,10.254593664
7934,62,200,3002,991,10.255781088
7934,63,413,3206,2567,10.256968512
7934,64,647,1888,1712,10.258155936
7935,1,610,1516,1308,10.259343360
7935,2,288,1143,1924,10.260530784
7935,3,53,-1169,-267,10.261718208
7935,4,-120,-10079,-2523,10.262905632
7935,5,-285,-7493,-2203,10.264093056
7935,6,-300,430,-1968,10.265280480
7935,7,-484,-28,-1534,10.266467904
7935,8,-755,1616,-2207,10.267655328
7935,9,-830,881,-2352,10.268842752
7935,10,-658,109,-2690,10.270030176
7935,11,-169,0,-4070,10.271217600
7935,12,284,-1848,-1010,10.272405024
7935,13,584,-1848,-1251,10.273592448
7935,14,563,-2661,-143,10.274779872
7935,15,519,-1456,-771,10.275967296
7935,16,474,55,-1645,10.277154720
7935,17,655,-265,-250,10.278342144
7935,18,324,141,-333,10.279529568
7935,19,43,1586,60,10.280716992
7935,20,-380,-31,4,10.281904416
7935,21,-693,-262,-928,10.283091840
7935,22,-574,1058,29,10.284279264
7935,23,-938,-195,253,10.285466688
7935,24,-701,-1847,136,10.286654112
7935,25,-190,-4411,-439,10.287841536
7935,26,335,-17317,1759,10.289028960
7935,27,762,-15254,1427,10.290216384
7935,28,199,-3580,1737,10.291403808
7935,29,369,-1316,5851,10.292591232
7935,30,567,-1734,3399,10.293778656
7935,31,462,-10082,3489,10.294966080
7935,32,372,-12578,1765,10.296153504
7935,33,83,-12966,1807,10.297340928
7935,34,-188,-8561,3860,10.298528352
7935,35,-695,-1442,2561,10.299715776
7935,36,-633,-2069,2090,10.300903200
7935,37,-770,-4539,302,10.302090624
7935,38,-453,-4805,-1267,10.303278048
7935,39,-247,-9355,295,10.304465472
7935,40,-94,-11461,15,10.305652896
7935,41,183,-8775,-677,10.306840320
7935,42,185,-12848,-495,10.308027744
7935,43,883,-9716,-989,10.309215168
7935,44,840,-9167,-620,10.310402592
7935,45,752,-14911,-1103,10.311590016
7935,46,572,-9204,-106,10.312777440
7935,47,257,766,-507,10.313964864
7935,48,-620,-3170,521,10.315152288
7935,49,-229,-6698,-3295,10.316339712
7935,50,-425,-5801,-2592,10.317527136
7935,51,-213,-7314,-4522,10.318714560
7935,52,-349,-10174,-2669,10.319901984
7935,53,-359,-7023,-1792,10.321089408
7935,54,25,-5358,-2292,10.322276832
7935,55,201,-8341,-2427,10.323464256
7935,56,371,-5859,-2996,10.324651680
7935,57,724,-4638,-1838,10.325839104
7935,58,628,-2944,765,10.327026528
7935,59,757,-239,1475,10.328213952
7935,60,168,-4907,-251,10.329401376
7935,61,264,-10986,440,10.330588800
7935,62,107,-6386,1218,10.331776224
7935,63,-171,-375,1433,10.332963648
7935,64,-454,-1986,1097,10.334151072
7936,1,-703,-1766,-318,10.335338496
7936,2,-661,1084,149,10.336525920
7936,3,-519,859,1556,10.337713344
7936,4,-431,1327,1444,10.338900768
7936,5,-352,1733,372,10.340088192
7936,6,408,1792,1479,10.341275616
7936,7,396,175,1216,10.342463040
7936,8,633,-681,1895,10.343650464
7936,9,605,-1996,3299,10.344837888
7936,10,96,-6908,630,10.346025312
7936,11,603,-5643,1351,10.347212736
7936,12,-133,-12,1820,10.348400160
7936,13,166,-556,2865,10.349587584
7936,14,-119,-100,1906,10.350775008
7936,15,-310,-1099,879,10.351962432
7936,16,-325,-1905,-860,10.353149856
7936,17,-1049,-2460,-1679,10.354337280
7936,18,97,-7578,-1097,10.355524704
7936,19,-288,-7961,-2763,10.356712128
7936,20,-95,-4662,-957,10.357899552
7936,21,153,-5524,-2400,10.359086976
7936,22,397,-8793,-2258,10.360274400
7936,23,551,-9749,-434,10.361461824
7936,24,514,-5849,-1040,10.362649248
7936,25,447,-4108,-914,10.363836672
7936,26,327,-8114,-270,10.365024096
7936,27,441,-2472,-898,10.366211520
7936,28,171,1082,1521,10.367398944
7936,29,-11,-3051,334,10.368586368
7936,30,-76,-1316,-762,10.369773792
7936,31,-483,195,204,10.370961216
7936,32,230,-2702,-1275,10.372148640
7936,33,-5,-3835,-1488,10.373336064
7936,34,-84,-1210,-1181,10.374523488
7936,35,63,-5709,-1988,10.375710912
7936,36,82,-6576,-1830,10.376898336
7936,37,21,-2267,-756,10.378085760
7936,38,232,-1760,250,10.379273184
7936,39,64,-4967,54,10.380460608
7936,40,250,-5844,1129,10.381648032
7936,41,-117,-2193,1527,10.382835456
7936,42,-284,-737,1988,10.384022880
7936,43,-181,-11884,1901,10.385210304
7936,44,-58,-11767,1795,10.386397728
7936,45,-180,-1699,2166,10.387585152
7936,46,-161,-312,1965,10.388772576
7936,47,-346,-824,1238,10.389960000
7936,48,-138,-1421,351,10.391147424
7936,49,-108,-3516,-325,10.392334848
7936,50,107,-7688,-1205,10.393522272
7936,51,124,-4106,288,10.394709696
7936,52,-89,-2553,-163,10.395897120
7936,53,-55,-5822,-362,10.397084544
7936,54,-308,-5932,-491,10.398271968
7936,55,-344,-3704,-825,10.399459392
7936,56,-107,-5771,500,10.400646816
7936,57,-77,-2102,559,10.401834240
7936,58,-214,638,1437,10.403021664
7936,59,-107,-220,2185,10.404209088
7936,60,-92,-1530,-72,10.405396512
7936,61,439,-2345,312,10.406583936
7936,62,200,-5704,-788,10.407771360
7936,63,514,-7943,-1016,10.408958784
7936,64,630,-2043,-812,10.410146208
7937,1,369,516,-296,10.411333632
7937,2,105,-1774,-1638,10.412521056
7937,3,-242,-2592,-2582,10.413708480
7937,4,533,-3113,-723,10.414895904
7937,5,-88,-3064,-715,10.416083328
7937,6,-247,-2162,640,10.417270752
7937,7,-516,-8758,181,10.418458176
7937,8,-209,-12600,-296,10.419645600
7937,9,-12,-8911,770,10.420833024
7937,10,-68,-4306,1102,10.422020448
7937,11,199,-4649,1604,10.423207872
7937,12,212,-4971,881,10.424395296
7937,13,197,-7122,326,10.425582720
7937,14,569,-13175,-197,10.426770144
7937,15,575,-10141,-381,10.427957568
7937,16,496,-6309,-1439,10.429144992
7937,17,441,-11433,-2357,10.430332416
7937,18,-49,-11866,-2920,10.431519840
7937,19,-186,-6881,-2013,10.432707264
7937,20,-158,-6786,-626,10.433894688
7937,21,-225,-5530,-65,10.435082112
7937,22,-68,416,-235,10.436269536
7937,23,-378,961,497,10.437456960
7937,24,-305,1007,1370,10.438644384
7937,25,-59,956,1048,10.439831808
7937,26,362,-1118,1702,10.441019232
7937,27,1022,-4040,1028,10.442206656
7937,28,-130,-18936,2753,10.443394080
7937,29,794,-15944,-501,10.444581504
7937,30,-133,-4137,-538,10.445768928
7937,31,208,-3886,347,10.446956352
7937,32,-125,-2230,-2557,10.448143776
7937,33,-564,-1204,-2565,10.449331200
7937,34,-201,-3025,1176,10.450518624
7937,35,-310,-1563,-282,10.451706048
7937,36,-644,307,1552,10.452893472
7937,37,-745,-736,2694,10.454080896
7937,38,-418,1722,1402,10.455268320
7937,39,-268,2133,3519,10.456455744
7937,40,279,2765,3376,10.457643168
7937,41,88,3253,2655,10.458830592
7937,42,271,-322,2957,10.460018016
7937,43,-45,2337,2420,10.461205440
7937,44,-98,3557,2517,10.462392864
7937,45,155,1092,915,10.463580288
7937,46,88,3166,576,10.464767712
7937,47,-186,4364,-514,10.465955136
7937,48,-18,2300,-360,10.467142560
7937,49,-286,2020,-730,10.468329984
7937,50,-45,3197,-594,10.469517408
7937,51,39,-240,-296,10.470704832
7937,52,-31,-15,-2087,10.471892256
7937,53,95,767,-918,10.473079680
7937,54,186,-1018,-845,10.474267104
7937,55,-129,-2245,1348,10.475454528
7937,56,502,-8887,-7460,10.476641952
7937,57,-6,-22398,-1953,10.477829376
7937,58,435,-13235,-1156,10.479016800
7937,59,106,-85,-206,10.480204224
7937,60,71,-1470,1598,10.481391648
7937,61,-80,-12096,-3169,10.482579072
7937,62,319,-16125,-3916,10.483766496
7937,63,-1,-10305,-3138,10.484953920
7937,64,110,-5451,-1956,10.486141344
7938,1,-63,-6413,-4222,10.487328768
7938,2,190,-12755,-4126,10.488516192
7938,3,351,-9855,-4039,10.489703616
7938,4,67,-6612,-988,10.490891040
7938,5,-42,-9342,283,10.492078464
7938,6,322,-15352,197,10.493265888
7938,7,456,-14382,623,10.494453312
7938,8,202,-11701,0,10.495640736
7938,9,110,-13467,1139,10.496828160
7938,10,-37,-5633,1480,10.498015584
7938,11,28,-1520,1069,10.499203008
7938,12,130,-7272,709,10.500390432
7938,13,-69,-7000,2457,10.501577856
7938,14,295,-2061,3539,10.502765280
7938,15,42,-7514,4112,10.503952704
7938,16,107,-10091,2362,10.505140128
7938,17,-85,-3862,2921,10.506327552
7938,18,31,-1625,4489,10.507514976
7938,19,-20,-3375,5206,10.508702400
7938,20,104,-2620,5466,10.509889824
7938,21,-538,-1835,4462,10.511077248
7938,22,-109,-7107,3109,10.512264672
7938,23,-243,-9495,4054,10.513452096
7938,24,-415,-2569,4149,10.514639520
7938,25,-554,-2561,3292,10.515826944
7938,26,-687,-8183,999,10.517014368
7938,27,-516,-6120,98,10.518201792
7938,28,-294,-294,302,10.519389216
7938,29,-311,1348,668,10.520576640
7938,30,-137,2155,-533,10.521764064
7938,31,-15,2419,-2122,10.522951488
7938,32,350,2172,-1314,10.524138912
7938,33,616,3866,-1746,10.525326336
7938,34,-106,4497,-373,10.526513760
7938,35,384,3739,-2364,10.527701184
7938,36,133,2196,-2994,10.528888608
7938,37,-24,1684,-3546,10.530076032
7938,38,12,1980,-3231,10.531263456
7938,39,6,797,-2404,10.532450880
7938,40,-24,560,-4284,10.533638304
7938,41,-139,-379,-4129,10.534825728
7938,42,-400,-458,-4747,10.536013152
7938,43,-224,-630,-3918,10.537200576
7938,44,-44,-2110,-4793,10.538388000
7938,45,767,-8727,-5455,10.539575424
7938,46,589,-8374,-5661,10.540762848
7938,47,326,-5567,-1713,10.541950272
7938,48,413,-1277,-1258,10.543137696
7938,49,317,277,-42,10.544325120
7938,50,578,-1781,354,10.545512544
7938,51,452,-6727,-696,10.546699968
7938,52,386,-6794,-567,10.547887392
7938,53,-373,-5084,927,10.549074816
7938,54,-263,-9937,-195,10.550262240
7938,55,-279,-15354,-77,10.551449664
7938,56,-284,-12444,-302,10.552637088
7938,57,-74,-5721,1910,10.553824512
7938,58,-301,-2717,3122,10.555011936
7938,59,131,-4513,3335,10.556199360
7938,60,333,-3903,3352,10.557386784
7938,61,258,-5821,2709,10.558574208
7938,62,771,-10081,3552,10.559761632
7938,63,615,-5045,3667,10.560949056
7938,64,708,-1006,4233,10.562136480
7939,1,195,-4155,4096,10.563323904
7939,2,-125,-9084,2591,10.564511328
7939,3,-352,-5411,3741,10.565698752
7939,4,-133,-5322,3706,10.566886176
7939,5,-455,-10989,2919,10.568073600
7939,6,-609,-11088,2887,10.569261024
7939,7,-766,-3800,2266,10.570448448
7939,8,-560,-9171,1639,10.571635872
7939,9,-269,-22013,1031,10.572823296
7939,10,73,-16363,1166,10.574010720
7939,11,212,-5695,1014,10.575198144
7939,12,137,-7685,945,10.576385568
7939,13,313,-12241,-227,10.577572992
7939,14,200,-8476,-206,10.578760416
7939,15,243,-4047,222,10.579947840
7939,16,92,-5899,-541,10.581135264
7939,17,-170,-4222,-610,10.582322688
7939,18,-292,-2329,-1361,10.583510112
7939,19,-151,-3262,-1157,10.584697536
7939,20,-922,-582,-1754,10.585884960
7939,21,-562,1219,-3011,10.587072384
7939,22,-335,-1477,-2274,10.588259808
7939,23,-216,-1884,-2577,10.589447232
7939,24,258,1247,-2361,10.590634656
7939,25,-321,1714,-2255,10.591822080
7939,26,940,2098,-2603,10.593009504
7939,27,826,2834,-3035,10.594196928
7939,28,1138,2245,-2976,10.595384352
7939,29,940,2550,-2721,10.596571776
7939,30,856,2758,-1982,10.597759200
7939,31,256,1849,-1215,10.598946624
7939,32,269,939,-2963,10.600134048
7939,33,-716,1067,-1893,10.601321472
7939,34,-307,2319,-1989,10.602508896
7939,35,-686,1087,-662,10.603696320
7939,36,-1043,3098,-967,10.604883744
7939,37,-569,3993,277,10.606071168
7939,38,-1079,3734,435,10.607258592
7939,39,-275,1068,1619,10.608446016
7939,40,116,1863,1826,10.609633440
7939,41,131,2603,1807,10.610820864
7939,42,347,-1073,2081,10.612008288
7939,43,918,-1750,1117,10.613195712
7939,44,1588,-5351,1682,10.614383136
7939,45,-105,-21884,-2375,10.615570560
7939,46,395,-22892,43,10.616757984
7939,47,-26,-6369,545,10.617945408
7939,48,155,-688,2893,10.619132832
7939,49,-1397,-2989,1293,10.620320256
7939,50,-820,-7277,1961,10.621507680
7939,51,-576,-9080,268,10.622695104
7939,52,-865,-9871,-434,10.623882528
7939,53,-638,-3592,3585,10.625069952
7939,54,-669,-1830,3059,10.626257376
7939,55,275,-3660,850,10.627444800
7939,56,536,-11483,1326,10.628632224
7939,57,1318,-6730,19,10.629819648
7939,58,437,-9162,3562,10.631007072
7939,59,1076,-5476,2584,10.632194496
7939,60,649,-445,2688,10.633381920
7939,61,505,-12501,584,10.634569344
7939,62,443,-15775,-21,10.635756768
7939,63,256,-2301,-530,10.636944192
7939,64,-138,-522,2208,10.638131616
7940,1,-836,-5712,-873,10.639319040
7940,2,-247,-3010,-1155,10.640506464
7940,3,-64,-5961,147,10.641693888
7940,4,189,-12397,-1172,10.642881312
7940,5,-166,-7753,-435,10.644068736
7940,6,161,-2552,-1168,10.645256160
7940,7,754,-224,-396,10.646443584
7940,8,38,-1759,875,10.647631008
7940,9,416,-6887,-1252,10.648818432
7940,10,498,-10587,-441,10.650005856
7940,11,588,-3682,-2196,10.651193280
7940,12,285,1190,-412,10.652380704
7940,13,-116,-7169,-2372,10.653568128
7940,14,-202,-9287,-2480,10.654755552
7940,15,-271,-4286,-1213,10.655942976
7940,16,-468,178,-1933,10.657130400
7940,17,-497,-507,-979,10.658317824
7940,18,-563,-1204,-2180,10.659505248
7940,19,-320,-74,-2710,10.660692672
7940,20,-101,-6054,-2682,10.661880096
7940,21,-419,-6882,-1757,10.663067520
7940,22,-183,-6659,-2553,10.664254944
7940,23,99,-8574,-1045,10.665442368
7940,24,-53,-7039,-1284,10.666629792
7940,25,-12,-4120,-1046,10.667817216
7940,26,-289,-4199,-74,10.669004640
7940,27,44,-2856,-54,10.670192064
7940,28,-40,-1424,996,10.671379488
7940,29,-205,-1475,850,10.672566912
7940,30,91,-734,1441,10.673754336
7940,31,-88,-685,1496,10.674941760
7940,32,-37,-1205,950,10.676129184
7940,33,112,-869,1562,10.677316608
7940,34,164,-632,1854,10.678504032
7940,35,458,-1021,2407,10.679691456
7940,36,335,-1869,1950,10.680878880
7940,37,5,-2911,2119,10.682066304
7940,38,377,-2588,2293,10.683253728
7940,39,-264,-2125,2452,10.684441152
7940,40,517,-5069,2297,10.685628576
7940,41,-62,-6333,1708,10.686816000
7940,42,-44,-1075,2841,10.688003424
7940,43,-16,-2305,2529,10.689190848
7940,44,175,-7954,2580,10.690378272
7940,45,214,-4081,2676,10.691565696
7940,46,356,-332,1469,10.692753120
7940,47,308,-3896,910,10.693940544
7940,48,473,-11122,-17,10.695127968
7940,49,576,-6734,602,10.696315392
7940,50,246,-2027,-163,10.697502816
7940,51,417,-11206,-2186,10.698690240
7940,52,244,-12341,-1909,10.699877664
7940,53,11,645,-2089,10.701065088
7940,54,-184,1673,-329,10.702252512
7940,55,-1101,-3030,-2169,10.703439936
7940,56,-270,-1049,-3363,10.704627360
7940,57,-318,774,-1533,10.705814784
7940,58,-84,-4094,-2763,10.707002208
7940,59,-194,-7038,-1555,10.708189632
7940,60,-175,-3991,-2247,10.709377056
7940,61,60,-6729,-2382,10.710564480
7940,62,384,-12386,-3261,10.711751904
7940,63,168,-11953,-3025,10.712939328
7940,64,363,-8007,-2806,10.714126752
7941,1,202,-9223,-2285,10.715314176
7941,2,-19,-6014,-1891,10.716501600
7941,3,-367,-4177,-2642,10.717689024
7941,4,-162,-8287,-1671,10.718876448
7941,5,-142,-3215,-698,10.720063872
7941,6,-459,1339,-376,10.721251296
7941,7,-590,-1539,2167,10.722438720
7941,8,-664,-833,-105,10.723626144
7941,9,-302,463,1961,10.724813568
7941,10,683,-555,4042,10.726000992
7941,11,-206,-8724,2177,10.727188416
7941,12,553,-9266,2139,10.728375840
7941,13,36,-7662,1799,10.729563264
7941,14,247,-10607,3222,10.730750688
7941,15,82,-5594,2636,10.731938112
7941,16,-71,-3680,2576,10.733125536
7941,17,249,-5671,3256,10.734312960
7941,18,-121,-1608,1472,10.735500384
7941,19,-496,314,3093,10.736687808
7941,20,-602,-2794,2122,10.737875232
7941,21,56,-3013,1797,10.739062656
7941,22,-165,-1788,1975,10.740250080
7941,23,197,-7426,651,10.741437504
7941,24,353,-6243,1246,10.742624928
7941,25,333,713,671,10.743812352
7941,26,600,-1014,2777,10.744999776
7941,27,204,-5369,-682,10.746187200
7941,28,530,-561,-360,10.747374624
7941,29,340,930,1014,10.748562048
7941,30,129,1096,417,10.749749472
7941,31,14,2024,-574,10.750936896
7941,32,-125,2040,-1210,10.752124320
7941,33,-334,2538,-1652,10.753311744
7941,34,-427,3258,-641,10.754499168
7941,35,-302,4194,-2342,10.755686592
7941,36,-90,1521,-1375,10.756874016
7941,37,115,136,-2411,10.758061440
7941,38,139,591,-2850,10.759248864
7941,39,198,-1375,-1519,10.760436288
7941,40,76,-3437,-2816,10.761623712
7941,41,347,-9294,-4549,10.762811136
7941,42,185,-13218,-4834,10.763998560
7941,43,87,-10811,-738,10.765185984
7941,44,120,519,-687,10.766373408
7941,45,-273,365,1676,10.767560832
7941,46,-91,-6404,-1559,10.768748256
7941,47,-365,-9025,-1226,10.769935680
7941,48,-265,-4085,-481,10.771123104
7941,49,-426,497,306,10.772310528
7941,50,-85,-832,669,10.773497952
7941,51,-172,-2760,-664,10.774685376
7941,52,-60,-9069,-2108,10.775872800
7941,53,164,-14946,-52,10.777060224
7941,54,145,-9158,448,10.778247648
7941,55,259,-4282,775,10.779435072
7941,56,245,-8663,-45,10.780622496
7941,57,66,-19367,-1213,10.781809920
7941,58,312,-16716,901,10.782997344
7941,59,-167,-3641,1351,10.784184768
7941,60,163,-7436,930,10.785372192
7941,61,-78,-14013,630,10.786559616
7941,62,-93,-13264,760,10.787747040
7941,63,283,-11026,2505,10.788934464
7941,64,16,-10198,2862,10.790121888
7942,1,308,-2180,1647,10.791309312
7942,2,386,-2048,1451,10.792496736
7942,3,474,-12040,1443,10.793684160
7942,4,601,-11109,2276,10.794871584
7942,5,376,-8510,1842,10.796059008
7942,6,557,-10684,3399,10.797246432
7942,7,302,-2321,1176,10.798433856
7942,8,202,1320,1538,10.799621280
7942,9,-97,-217,4414,10.800808704
7942,10,-412,1194,-1063,10.801996128
7942,11,-338,124,2491,10.803183552
7942,12,-470,1650,1190,10.804370976
7942,13,-269,4988,1573,10.805558400
7942,14,-130,1010,2763,10.806745824
7942,15,-116,1844,108,10.807933248
7942,16,-147,2726,371,10.809120672
7942,17,30,1799,-665,10.810308096
7942,18,233,3106,0,10.811495520
7942,19,211,3131,661,10.812682944
7942,20,57,3571,371,10.813870368
7942,21,84,2184,-600,10.815057792
7942,22,-149,1887,-1944,10.816245216
7942,23,-28,833,-1744,10.817432640
7942,24,-253,162,-2133,10.818620064
7942,25,-456,-1043,-294,10.819807488
7942,26,-174,-2285,-3861,10.820994912
7942,27,-476,-12504,-2590,10.822182336
7942,28,-90,-8206,-2276,10.823369760
7942,29,-129,873,-3670,10.824557184
7942,30,-99,943,-2129,10.825744608
7942,31,97,820,-2732,10.826932032
7942,32,-285,365,-4578,10.828119456
7942,33,251,-10801,-3386,10.829306880
7942,34,213,-13644,-3268,10.830494304
7942,35,116,-7312,-2543,10.831681728
7942,36,139,-3805,-2679,10.832869152
7942,37,-190,-5350,-3575,10.834056576
7942,38,-187,-10026,-3144,10.835244000
7942,39,-4,-6253,-1338,10.836431424
7942,40,5,-3917,-931,10.837618848
7942,41,229,-11631,-585,10.838806272
7942,42,224,-11199,-869,10.839993696
7942,43,122,-7030,61,10.841181120
7942,44,461,-12862,475,10.842368544
7942,45,485,-15407,1373,10.843555968
7942,46,718,-11068,1008,10.844743392
7942,47,744,-12502,1756,10.845930816
7942,48,505,-12801,3029,10.847118240
7942,49,306,-10506,3867,10.848305664
7942,50,238,-14073,4143,10.849493088
7942,51,62,-12165,4281,10.850680512
7942,52,-87,-4602,3839,10.851867936
7942,53,-108,-4602,5181,10.853055360
7942,54,-181,-6989,5851,10.854242784
7942,55,-123,-6471,5687,10.855430208
7942,56,-231,-6163,5193,10.856617632
7942,57,-170,-2602,4031,10.857805056
7942,58,358,-124,4163,10.858992480
7942,59,-8,-535,5530,10.860179904
7942,60,313,-1848,2292,10.861367328
7942,61,5,-3060,2634,10.862554752
7942,62,-170,-2432,1154,10.863742176
7942,63,24,-3310,762,10.864929600
7942,64,-45,-775,863,10.866117024
7943,1,-506,1809,-146,10.867304448
7943,2,-728,1457,24,10.868491872
7943,3,-628,41,-1762,10.869679296
7943,4,-767,1387,-1739,10.870866720
7943,5,-520,2560,-417,10.872054144
7943,6,-300,1900,-967,10.873241568
7943,7,-337,262,-2529,10.874428992
7943,8,-133,1303,-3675,10.875616416
7943,9,-110,3253,-2904,10.876803840
7943,10,337,3481,-2913,10.877991264
7943,11,264,3767,-3171,10.879178688
7943,12,247,3613,-3752,10.880366112
7943,13,177,3787,-4155,10.881553536
7943,14,-305,5074,-4492,10.882740960
7943,15,-133,4272,-4578,10.883928384
7943,16,-128,3071,-4012,10.885115808
7943,17,-548,2927,-4827,10.886303232
7943,18,-344,2143,-4370,10.887490656
7943,19,-221,436,-3277,10.888678080
7943,20,-303,346,-2604,10.889865504
7943,21,12,-1085,-1591,10.891052928
7943,22,-131,-2646,-1294,10.892240352
7943,23,804,-17252,-989,10.893427776
7943,24,718,-17344,-594,10.894615200
7943,25,528,-6290,-508,10.895802624
7943,26,954,-1806,1405,10.896990048
7943,27,397,-2256,-1908,10.898177472
7943,28,318,-15206,-2023,10.899364896
7943,29,317,-19929,-1170,10.900552320
7943,30,278,-9931,1260,10.901739744
7943,31,-266,-3336,4513,10.902927168
7943,32,-138,-8692,2889,10.904114592
7943,33,-34,-10558,4024,10.905302016
7943,34,-30,-3594,4272,10.906489440
7943,35,-62,-2571,2972,10.907676864
7943,36,168,-14402,3793,10.908864288
7943,37,370,-15961,3711,10.910051712
7943,38,772,-9283,4968,10.911239136
7943,39,562,-9560,4925,10.912426560
7943,40,566,-10073,4259,10.913613984
7943,41,606,-6907,3177,10.914801408
7943,42,349,-12322,1695,10.915988832
7943,43,220,-18946,1663,10.917176256
7943,44,-111,-9471,3221,10.918363680
7943,45,-288,-1859,3697,10.919551104
7943,46,-212,-9780,945,10.920738528
7943,47,-642,-17460,-862,10.921925952
7943,48,-433,-5424,301,10.923113376
7943,49,-522,1665,1546,10.924300800
7943,50,15,-1989,4268,10.925488224
7943,51,-295,-2165,1564,10.926675648
7943,52,-111,670,956,10.927863072
7943,53,-132,-2071,546,10.929050496
7943,54,312,-5611,71,10.930237920
7943,55,32,-1739,709,10.931425344
7943,56,14,748,-1097,10.932612768
7943,57,-110,965,-177,10.933800192
7943,58,-565,2332,-2148,10.934987616
7943,59,-477,1699,-2959,10.936175040
7943,60,-452,1396,-3351,10.937362464
7943,61,-892,924,-4421,10.938549888
7943,62,-549,50,-4118,10.939737312
7943,63,-934,-1312,-3714,10.940924736
7943,64,2,-542,-3448,10.942112160
7944,1,-99,-4400,-3370,10.943299584
7944,2,405,-2232,-3938,10.944487008
7944,3,453,1515,-3910,10.945674432
7944,4,642,-596,-2666,10.946861856
7944,5,716,431,-2540,10.948049280
7944,6,1191,2789,-1491,10.949236704
7944,7,234,953,-404,10.950424128
7944,8,653,-634,-3217,10.951611552
7944,9,237,518,-3138,10.952798976
7944,10,-849,750,-594,10.953986400
7944,11,-7,-2623,-1973,10.955173824
7944,12,-608,-9834,-2012,10.956361248
7944,13,-63,-8464,-2544,10.957548672
7944,14,-182,-5912,-793,10.958736096
7944,15,-393,-837,192,10.959923520
7944,16,13,129,1272,10.961110944
7944,17,278,-1686,1517,10.962298368
7944,18,1058,-2860,2253,10.963485792
7944,19,625,-7484,1339,10.964673216
7944,20,637,-13419,2044,10.965860640
7944,21,822,-12204,3007,10.967048064
7944,22,520,-8812,2910,10.968235488
7944,23,76,-9396,2252,10.969422912
7944,24,32,-7978,2471,10.970610336
7944,25,-262,-8336,2614,10.971797760
7944,26,-362,-9008,3979,10.972985184
7944,27,-687,-4272,3973,10.974172608
7944,28,-716,-5484,3587,10.975360032
7944,29,-261,-9917,4303,10.976547456
7944,30,-105,-1564,4143,10.977734880
7944,31,-35,860,4858,10.978922304
7944,32,312,-734,5404,10.980109728
7944,33,471,733,3155,10.981297152
7944,34,575,1557,4440,10.982484576
7944,35,347,1163,2979,10.983672000
7944,36,358,1413,1568,10.984859424
7944,37,-16,87,1269,10.986046848
7944,38,-209,-320,191,10.987234272
7944,39,-996,-576,348,10.988421696
7944,40,-236,-8976,-6614,10.989609120
7944,41,-958,-19912,-2021,10.990796544
7944,42,-71,-7974,-1368,10.991983968
7944,43,-515,3222,-2198,10.993171392
7944,44,-621,-1527,470,10.994358816
7944,45,3,-11194,-3946,10.995546240
7944,46,560,-12738,-1825,10.996733664
7944,47,587,-3039,-1241,10.997921088
7944,48,297,1905,-2202,10.999108512
7944,49,382,-471,-1850,11.000295936
7944,50,336,1494,-4761,11.001483360
7944,51,267,-5895,-4575,11.002670784
7944,52,112,-9437,-4812,11.003858208
7944,53,-571,-1962,-4216,11.005045632
7944,54,-92,374,-4232,11.006233056
7944,55,-817,-928,-3205,11.007420480
7944,56,-486,-7717,-7616,11.008607904
7944,57,-346,-10786,-4346,11.009795328
7944,58,-268,-1313,-2683,11.010982752
7944,59,4,1721,-1541,11.012170176
7944,60,1120,-2959,-61,11.013357600
7944,61,302,-7380,-2589,11.014545024
7944,62,1234,-9975,1467,11.015732448
7944,63,846,-10415,488,11.016919872
7944,64,571,-4366,2178,11.018107296
7945,1,812,-2161,1024,11.019294720
7945,2,63,-1360,3901,11.020482144
7945,3,-15,-6202,1967,11.021669568
7945,4,-229,-10509,3803,11.022856992
7945,5,-841,-2095,2814,11.024044416
7945,6,-482,-259,2445,11.025231840
7945,7,-508,-3272,5030,11.026419264
7945,8,-496,-93,2967,11.027606688
7945,9,838,-1480,5061,11.028794112
7945,10,-852,-16292,5857,11.029981536
7945,11,552,-13506,3641,11.031168960
7945,12,600,-4222,4359,11.032356384
7945,13,219,-7385,5748,11.033543808
7945,14,795,-15545,3779,11.034731232
7945,15,120,-16396,2332,11.035918656
7945,16,-178,-8104,1827,11.037106080
7945,17,-367,-2135,2120,11.038293504
7945,18,-1014,-4047,2712,11.039480928
7945,19,-601,-5214,1047,11.040668352
7945,20,-423,-4195,-112,11.041855776
7945,21,-831,-3935,-2059,11.043043200
7945,22,-349,-694,-2086,11.044230624
7945,23,-484,773,-649,11.045418048
7945,24,308,-481,-544,11.046605472
7945,25,891,-1346,-283,11.047792896
7945,26,254,957,-2757,11.048980320
7945,27,723,-3392,-2216,11.050167744
7945,28,782,-6199,-1651,11.051355168
7945,29,372,-382,-1341,11.052542592
7945,30,22,-400,-2126,11.053730016
7945,31,-58,-4304,-3626,11.054917440
7945,32,16,-3465,-3896,11.056104864
7945,33,135,1287,-3282,11.057292288
7945,34,-574,1248,-2585,11.058479712
7945,35,-496,1280,-4248,11.059667136
7945,36,-466,1745,-3888,11.060854560
7945,37,-166,3269,-3529,11.062041984
7945,38,-1,2482,-1815,11.063229408
7945,39,100,2098,-2430,11.064416832
7945,40,780,-445,-498,11.065604256
7945,41,415,-14810,-2190,11.066791680
7945,42,518,-13385,-1188,11.067979104
7945,43,-31,-1656,-639,11.069166528
7945,44,342,-1296,972,11.070353952
7945,45,139,-1406,255,11.071541376
7945,46,-287,-5827,-1315,11.072728800
7945,47,-120,-12454,220,11.073916224
7945,48,-290,-6924,1574,11.075103648
7945,49,-391,-1075,3675,11.076291072
7945,50,-332,-4404,2448,11.077478496
7945,51,-95,-12989,1777,11.078665920
7945,52,78,-10624,488,11.079853344
7945,53,171,-2796,620,11.081040768
7945,54,289,-3194,2489,11.082228192
7945,55,-69,-9411,519,11.083415616
7945,56,412,-10070,1281,11.084603040
7945,57,96,-7366,1570,11.085790464
7945,58,276,-10620,2537,11.086977888
7945,59,-67,-9278,3055,11.088165312
7945,60,-289,-1953,2603,11.089352736
7945,61,-163,-3361,3038,11.090540160
7945,62,-326,-5872,2193,11.091727584
7945,63,-94,-6794,3233,11.092915008
7945,64,190,-4124,3083,11.094102432
7946,1,2,-303,2155,11.095289856
7946,2,259,-733,1542,11.096477280
7946,3,205,-1343,1223,11.097664704
7946,4,665,-1687,842,11.098852128
7946,5,491,-9925,-313,11.100039552
7946,6,151,-13511,-2123,11.101226976
7946,7,154,-10860,-65,11.102414400
7946,8,24,-2508,1017,11.103601824
7946,9,-340,1641,1559,11.104789248
7946,10,-734,-401,2031,11.105976672
7946,11,-647,826,-2244,11.107164096
7946,12,-370,-1253,-934,11.108351520
7946,13,-129,-89,1206,11.109538944
7946,14,-485,-1046,365,11.110726368
7946,15,155,-8094,-394,11.111913792
7946,16,321,-7853,-2101,11.113101216
7946,17,516,-2258,-2416,11.114288640
7946,18,677,480,-1707,11.115476064
7946,19,481,568,-2486,11.116663488
7946,20,572,161,-3401,11.117850912
7946,21,321,118,-4303,11.119038336
7946,22,-76,204,-4093,11.120225760
7946,23,-151,-236,-3171,11.121413184
7946,24,-675,-306,-3526,11.122600608
7946,25,-575,-1893,-3371,11.123788032
7946,26,-680,-7122,-4102,11.124975456
7946,27,-482,-12428,-2623,11.126162880
7946,28,-88,-10515,-1257,11.127350304
7946,29,-88,-5670,-406,11.128537728
7946,30,355,-5593,-686,11.129725152
7946,31,384,-10397,-1329,11.130912576
7946,32,693,-10849,-707,11.132100000
7946,33,826,-8798,146,11.133287424
7946,34,693,-6925,333,11.134474848
7946,35,475,-9280,161,11.135662272
7946,36,252,-9544,-365,11.136849696
7946,37,-204,-6044,670,11.138037120
7946,38,-297,-2921,1239,11.139224544
7946,39,-619,-2719,1895,11.140411968
7946,40,-446,-1709,2630,11.141599392
7946,41,-369,-102,2980,11.142786816
7946,42,-513,131,4098,11.143974240
7946,43,-379,-446,4003,11.145161664
7946,44,87,-580,4276,11.146349088
7946,45,724,-565,4833,11.147536512
7946,46,545,-701,4891,11.148723936
7946,47,570,85,4503,11.149911360
7946,48,721,1153,4790,11.151098784
7946,49,418,2286,4866,11.152286208
7946,50,-324,3427,2599,11.153473632
7946,51,442,2230,2165,11.154661056
7946,52,-364,1400,2196,11.155848480
7946,53,-218,1111,1503,11.157035904
7946,54,-421,-828,828,11.158223328
7946,55,-1167,232,501,11.159410752
7946,56,-533,47,-300,11.160598176
7946,57,-509,-1087,335,11.161785600
7946,58,-304,-370,-58,11.162973024
7946,59,118,-422,1169,11.164160448
7946,60,251,-1191,584,11.165347872
7946,61,321,-14582,-2274,11.166535296
7946,62,577,-17049,-2299,11.167722720
7946,63,253,-6102,-3498,11.168910144
7946,64,549,-398,-3443,11.170097568
7947,1,225,-2271,-6177,11.171284992
7947,2,37,-7532,-6881,11.172472416
7947,3,135,-7915,-6261,11.173659840
7947,4,-352,-2736,-5606,11.174847264
7947,5,-491,-1206,-4153,11.176034688
7947,6,-369,-4359,-6381,11.177222112
7947,7,-412,-9877,-4285,11.178409536
7947,8,-275,-5011,-4609,11.179596960
7947,9,-372,978,-3632,11.180784384
7947,10,-69,-2762,-2479,11.181971808
7947,11,299,-6098,-3813,11.183159232
7947,12,970,-8265,-2071,11.184346656
7947,13,587,-10459,512,11.185534080
7947,14,643,-2155,-19,11.186721504
7947,15,836,-424,1831,11.187908928
7947,16,210,-8249,-591,11.189096352
7947,17,604,-12633,-113,11.190283776
7947,18,-112,-8978,1627,11.191471200
7947,19,52,-11681,2280,11.192658624
7947,20,91,-14012,3241,11.193846048
7947,21,-553,-1331,3055,11.195033472
7947,22,-241,-169,4856,11.196220896
7947,23,-176,-9613,3561,11.197408320
7947,24,-69,-10601,6537,11.198595744
7947,25,354,-4971,7114,11.199783168
7947,26,-79,-10714,5975,11.200970592
7947,27,109,-15094,5629,11.202158016
7947,28,234,-8418,6197,11.203345440
7947,29,125,-7729,5349,11.204532864
7947,30,10,-12490,3977,11.205720288
7947,31,-455,-7803,2116,11.206907712
7947,32,-610,-5580,2189,11.208095136
7947,33,-82,-4544,3375,11.209282560
7947,34,-654,-482,1937,11.210469984
7947,35,-817,-2684,-118,11.211657408
7947,36,-349,-11000,291,11.212844832
7947,37,-336,-4732,-1303,11.214032256
7947,38,-59,2653,-288,11.215219680
7947,39,320,-425,1256,11.216407104
7947,40,105,380,-1192,11.217594528
7947,41,372,2377,-2138,11.218781952
7947,42,438,1631,-1813,11.219969376
7947,43,227,2585,-2224,11.221156800
7947,44,425,1284,-2848,11.222344224
7947,45,-19,-408,-2381,11.223531648
7947,46,-75,-216,-4765,11.224719072
7947,47,-343,-210,-4245,11.225906496
7947,48,-513,-197,-4486,11.227093920
7947,49,-92,650,-5066,11.228281344
7947,50,-28,-280,-3764,11.229468768
7947,51,-159,1059,-5241,11.230656192
7947,52,30,2327,-2548,11.231843616
7947,53,189,3009,-1530,11.233031040
7947,54,342,1906,-2046,11.234218464
7947,55,665,1944,-1959,11.235405888
7947,56,418,3032,-1514,11.236593312
7947,57,485,1160,-1618,11.237780736
7947,58,292,-725,191,11.238968160
7947,59,-88,491,-874,11.240155584
7947,60,114,-3127,-470,11.241343008
7947,61,-301,-3682,-1120,11.242530432
7947,62,-275,-576,-514,11.243717856
7947,63,-313,-1139,402,11.244905280
7947,64,-484,-795,927,11.246092704
7948,1,-16,298,2891,11.247280128
7948,2,75,-10967,-328,11.248467552
7948,3,299,-17387,2116,11.249654976
7948,4,514,-9878,631,11.250842400
7948,5,218,-10982,3249,11.252029824
7948,6,408,-14167,1979,11.253217248
7948,7,155,-12380,2047,11.254404672
7948,8,73,-13354,2794,11.255592096
7948,9,-50,-14676,2329,11.256779520
7948,10,-219,-12932,2756,11.257966944
7948,11,-403,-8476,2086,11.259154368
7948,12,-513,-10554,1227,11.260341792
7948,13,-217,-18521,1411,11.261529216
7948,14,-146,-15097,1616,11.262716640
7948,15,-45,-8154,2306,11.263904064
7948,16,146,-7938,2238,11.265091488
7948,17,279,-13636,1716,11.266278912
7948,18,716,-13266,1447,11.267466336
7948,19,586,-6918,2063,11.268653760
7948,20,581,-6684,2005,11.269841184
7948,21,262,-9759,1195,11.271028608
7948,22,124,-7467,1099,11.272216032
7948,23,-23,-1894,1539,11.273403456
7948,24,-63,-4838,1396,11.274590880
7948,25,-241,-5131,392,11.275778304
7948,26,-387,-1758,177,11.276965728
7948,27,-238,-1865,-361,11.278153152
7948,28,-341,-50,-18,11.279340576
7948,29,-11,-876,-162,11.280528000
7948,30,178,-2411,-420,11.281715424
7948,31,389,-501,-600,11.282902848
7948,32,430,2241,76,11.284090272
7948,33,270,71,-859,11.285277696
7948,34,1043,1263,-352,11.286465120
7948,35,63,7201,753,11.287652544
7948,36,104,6239,-409,11.288839968
7948,37,-595,4492,-2395,11.290027392
7948,38,-725,5447,-630,11.291214816
7948,39,-749,7543,-1263,11.292402240
7948,40,-562,16347,-1555,11.293589664
7948,41,-1096,11516,-2985,11.294777088
7948,42,-241,-1779,-2959,11.295964512
7948,43,-450,1163,-4999,11.297151936
7948,44,-309,972,-3330,11.298339360
7948,45,527,-1741,117,11.299526784
7948,46,886,-377,-4927,11.300714208
7948,47,433,-12017,-5173,11.301901632
7948,48,1148,-17156,-4590,11.303089056
7948,49,265,-6200,-603,11.304276480
7948,50,474,2423,-1075,11.305463904
7948,51,36,-1570,2195,11.306651328
7948,52,-447,-3009,-1724,11.307838752
7948,53,-20,-4730,-1457,11.309026176
7948,54,-793,-5546,-95,11.310213600
7948,55,-781,-8255,770,11.311401024
7948,56,-655,-6183,-1357,11.312588448
7948,57,-1046,-1815,125,11.313775872
7948,58,-369,-2525,-332,11.314963296
7948,59,426,-13776,1261,11.316150720
7948,60,686,-12485,1920,11.317338144
7948,61,901,-5056,1808,11.318525568
7948,62,765,-8087,3130,11.319712992
7948,63,825,-10362,3113,11.320900416
7948,64,1099,-3434,4908,11.322087840
7949,1,726,-1630,5828,11.323275264
7949,2,494,-4232,2016,11.324462688
7949,3,-320,-6902,3337,11.325650112
7949,4,-468,-5022,3979,11.326837536
7949,5,-117,-10945,4893,11.328024960
7949,6,-378,-11640,3189,11.329212384
7949,7,-984,-9097,3430,11.330399808
7949,8,28,-8989,782,11.331587232
7949,9,25,-7545,2579,11.332774656
7949,10,202,-1085,3318,11.333962080
7949,11,195,-6215,2223,11.335149504
7949,12,361,-12422,1021,11.336336928
7949,13,525,-4729,596,11.337524352
7949,14,845,21,791,11.338711776
7949,15,490,-6221,845,11.339899200
7949,16,211,-6560,-1306,11.341086624
7949,17,-156,-4249,-1416,11.342274048
7949,18,-524,-5955,-1389,11.343461472
7949,19,-586,-5811,-2640,11.344648896
7949,20,-886,-5716,-1857,11.345836320
7949,21,-1044,-4649,-4052,11.347023744
7949,22,-1024,-6804,-4464,11.348211168
7949,23,-996,-8460,-5723,11.349398592
7949,24,-555,-9034,-4265,11.350586016
7949,25,215,-7986,-3510,11.351773440
7949,26,158,-2394,-3237,11.352960864
7949,27,563,-146,-3938,11.354148288
7949,28,415,-2684,-3596,11.355335712
7949,29,668,-1268,-3554,11.356523136
7949,30,597,-73,-1534,11.357710560
7949,31,548,-1290,-769,11.358897984
7949,32,570,-645,-1642,11.360085408
7949,33,-113,-1411,-991,11.361272832
7949,34,-12,-1610,-1662,11.362460256
7949,35,-812,-1065,-837,11.363647680
7949,36,-886,-2257,-872,11.364835104
7949,37,10,-7959,-1564,11.366022528
7949,38,-274,-6481,-193,11.367209952
7949,39,-109,-666,1086,11.368397376
7949,40,-159,170,2352,11.369584800
7949,41,491,-1001,2532,11.370772224
7949,42,796,-1010,3288,11.371959648
7949,43,1177,-282,3462,11.373147072
7949,44,667,-269,4181,11.374334496
7949,45,1167,-871,5201,11.375521920
7949,46,795,366,4623,11.376709344
7949,47,429,76,4838,11.377896768
7949,48,13,-487,2838,11.379084192
7949,49,-509,537,2580,11.380271616
7949,50,-460,-2186,2976,11.381459040
7949,51,-546,-4073,1896,11.382646464
7949,52,-1457,-4589,1246,11.383833888
7949,53,-420,-9068,-650,11.385021312
7949,54,-557,-13817,-463,11.386208736
7949,55,-54,-5819,1096,11.387396160
7949,56,-64,1041,1654,11.388583584
7949,57,-217,-380,2676,11.389771008
7949,58,783,-2111,408,11.390958432
7949,59,544,-3397,1091,11.392145856
7949,60,1038,-7083,-1042,11.393333280
7949,61,567,-9491,-376,11.394520704
7949,62,252,-2483,-1805,11.395708128
7949,63,211,-176,-1449,11.396895552
7949,64,-999,-2570,-2654,11.398082976
7950,1,-448,-3701,-3811,11.399270400
7950,2,-415,-2982,-1808,11.400457824
7950,3,-697,-1003,-2724,11.401645248
7950,4,-963,-941,-3301,11.402832672
7950,5,-1136,-1079,-2879,11.404020096
7950,6,-506,-1184,-3291,11.405207520
7950,7,352,-7837,-593,11.406394944
7950,8,368,-10327,-1824,11.407582368
7950,9,575,-4621,-2338,11.408769792
7950,10,554,-2871,-499,11.409957216
7950,11,537,-5620,-1444,11.411144640
7950,12,921,-15163,-1402,11.412332064
7950,13,782,-15009,-810,11.413519488
7950,14,542,-2723,-1047,11.414706912
7950,15,209,-6171,-480,11.415894336
7950,16,-243,-16695,-1253,11.417081760
7950,17,-319,-14187,-1135,11.418269184
7950,18,-312,-10666,-445,11.419456608
7950,19,-506,-11255,59,11.420644032
7950,20,-243,-2517,63,11.421831456
7950,21,-342,595,1986,11.423018880
7950,22,207,-10060,795,11.424206304
7950,23,412,-9053,2139,11.425393728
7950,24,189,-200,2378,11.426581152
7950,25,819,-5436,2992,11.427768576
7950,26,816,-11293,2500,11.428956000
7950,27,689,-2732,2492,11.430143424
7950,28,163,-1248,1785,11.431330848
7950,29,124,-10990,522,11.432518272
7950,30,-1,-10230,665,11.433705696
7950,31,-221,-2198,940,11.434893120
7950,32,-501,-4532,1543,11.436080544
7950,33,-542,-6810,445,11.437267968
7950,34,-545,-1460,473,11.438455392
7950,35,-382,-2788,570,11.439642816
7950,36,-45,-5706,1027,11.440830240
7950,37,-98,-1439,1938,11.442017664
7950,38,217,641,2230,11.443205088
7950,39,366,203,2931,11.444392512
7950,40,437,1987,1487,11.445579936
7950,41,425,4398,2737,11.446767360
7950,42,-492,4320,726,11.447954784
7950,43,184,2067,2107,11.449142208
7950,44,-178,1878,1385,11.450329632
7950,45,-575,2566,459,11.451517056
7950,46,-489,1143,-139,11.452704480
7950,47,-639,212,-686,11.453891904
7950,48,-361,612,-1814,11.455079328
7950,49,-201,-914,-1275,11.456266752
7950,50,-319,-1033,-1651,11.457454176
7950,51,-167,-497,-760,11.458641600
7950,52,373,-10079,-7838,11.459829024
7950,53,702,-20518,-1315,11.461016448
7950,54,863,-7084,-1537,11.462203872
7950,55,205,2131,-596,11.463391296
7950,56,542,-1360,866,11.464578720
7950,57,75,2263,-2760,11.465766144
7950,58,-53,-778,-2366,11.466953568
7950,59,501,-11463,-3251,11.468140992
7950,60,-220,-7846,-2903,11.469328416
7950,61,-356,-540,-3236,11.470515840
7950,62,-213,-3468,-2187,11.471703264
7950,63,-544,-5761,-3917,11.472890688
7950,64,-316,-8526,-2008,11.474078112
7951,1,98,-6428,-1621,11.475265536
7951,2,370,-4031,-1152,11.476452960
7951,3,641,-5709,-684,11.477640384
7951,4,390,-7144,-749,11.478827808
7951,5,567,-4094,609,11.480015232
7951,6,486,-9857,-578,11.481202656
7951,7,654,-13742,-523,11.482390080
7951,8,412,-9039,1005,11.483577504
7951,9,221,-1824,1772,11.484764928
7951,10,-842,-5311,2480,11.485952352
7951,11,-370,-13405,1737,11.487139776
7951,12,-402,-8018,1605,11.488327200
7951,13,-441,-1093,2661,11.489514624
7951,14,-154,-2892,5220,11.490702048
7951,15,-494,-6537,3064,11.491889472
7951,16,112,-4277,4996,11.493076896
7951,17,-201,-1713,5644,11.494264320
7951,18,25,-791,4077,11.495451744
7951,19,607,-1332,5773,11.496639168
7951,20,224,-1608,5292,11.497826592
7951,21,393,-2024,4166,11.499014016
7951,22,-391,-4880,2713,11.500201440
7951,23,-466,-3724,2852,11.501388864
7951,24,-109,36,1425,11.502576288
7951,25,-495,282,1872,11.503763712
7951,26,-784,2004,97,11.504951136
7951,27,-692,868,-1051,11.506138560
7951,28,-785,-437,-192,11.507325984
7951,29,-586,1103,-926,11.508513408
7951,30,-174,674,-347,11.509700832
7951,31,498,1415,-700,11.510888256
7951,32,729,-162,-2265,11.512075680
7951,33,505,-6410,-3560,11.513263104
7951,34,676,-7190,-3439,11.514450528
7951,35,599,-3646,-2487,11.515637952
7951,36,784,-4606,-3219,11.516825376
7951,37,720,-7232,-4170,11.518012800
7951,38,364,-8903,-5222,11.519200224
7951,39,-125,-10399,-5799,11.520387648
7951,40,-346,-7994,-4826,11.521575072
7951,41,-352,-2104,-4492,11.522762496
7951,42,-322,-779,-4379,11.523949920
7951,43,-141,-3551,-4685,11.525137344
7951,44,-165,-4436,-4088,11.526324768
7951,45,-184,-1233,-2575,11.527512192
7951,46,178,613,-2073,11.528699616
7951,47,638,-163,-1373,11.529887040
7951,48,665,518,-490,11.531074464
7951,49,840,1563,-328,11.532261888
7951,50,808,-2,852,11.533449312
7951,51,535,-3122,-498,11.534636736
7951,52,-91,-8386,-1645,11.535824160
7951,53,3,-13920,-839,11.537011584
7951,54,-136,-9230,2468,11.538199008
7951,55,-251,655,2172,11.539386432
7951,56,-885,-1979,4734,11.540573856
7951,57,-297,-10001,-16,11.541761280
7951,58,-508,-13033,1563,11.542948704
7951,59,-80,-7897,6081,11.544136128
7951,60,-212,-2409,6822,11.545323552
7951,61,-185,-5162,6810,11.546510976
7951,62,237,-11280,5379,11.547698400
7951,63,356,-10805,4705,11.548885824
7951,64,229,-9031,5775,11.550073248
7952,1,67,-4848,5920,11.551260672
7952,2,-136,-4464,3691,11.552448096
7952,3,-278,-9089,1972,11.553635520
7952,4,-546,-10609,1186,11.554822944
7952,5,-563,-4740,1711,11.556010368
7952,6,-809,-3199,1984,11.557197792
7952,7,-637,-6517,-653,11.558385216
7952,8,-603,-9023,-1079,11.559572640
7952,9,-309,-7280,-1207,11.560760064
7952,10,308,-3692,227,11.561947488
7952,11,507,-5908,-290,11.563134912
7952,12,878,-4906,-2176,11.564322336
7952,13,885,-3606,-2370,11.565509760
7952,14,966,-2723,-1773,11.566697184
7952,15,584,-3101,-1037,11.567884608
7952,16,385,-4126,-1958,11.569072032
7952,17,66,-2712,-3313,11.570259456
7952,18,109,-1613,-3928,11.571446880
7952,19,-472,-320,-3250,11.572634304
7952,20,-355,525,-2658,11.573821728
7952,21,-467,378,-3085,11.575009152
7952,22,-498,1563,-3289,11.576196576
7952,23,-117,1175,-3513,11.577384000
7952,24,256,1388,-1080,11.578571424
7952,25,297,-638,-2578,11.579758848
7952,26,646,-4391,-2229,11.580946272
7952,27,746,-5711,-2106,11.582133696
7952,28,669,-4005,-1396,11.583321120
7952,29,740,107,-1096,11.584508544
7952,30,306,469,822,11.585695968
7952,31,277,-2497,-1001,11.586883392
7952,32,-109,-3393,-1153,11.588070816
7952,33,-298,367,-855,11.589258240
7952,34,-706,1587,1192,11.590445664
7952,35,-1017,2339,1012,11.591633088
7952,36,-851,2194,1094,11.592820512
7952,37,-475,1576,623,11.594007936
7952,38,-367,1478,1128,11.595195360
7952,39,67,1113,2331,11.596382784
7952,40,116,-66,2872,11.597570208
7952,41,1044,-2962,2430,11.598757632
7952,42,942,-8755,1523,11.599945056
7952,43,-46,-20421,3064,11.601132480
7952,44,340,-17394,1764,11.602319904
7952,45,159,296,1276,11.603507328
7952,46,75,-2401,5720,11.604694752
7952,47,-1177,-5191,-2285,11.605882176
7952,48,20,-15048,144,11.607069600
7952,49,-758,-13484,887,11.608257024
7952,50,-655,-12342,2082,11.609444448
7952,51,-547,-7271,3081,11.610631872
7952,52,-493,-5816,913,11.611819296
7952,53,201,-16250,473,11.613006720
7952,54,348,-17500,3,11.614194144
7952,55,548,-10895,-236,11.615381568
7952,56,718,-11324,1434,11.616568992
7952,57,612,-9121,510,11.617756416
7952,58,568,-9559,717,11.618943840
7952,59,527,-10646,536,11.620131264
7952,60,322,-5943,843,11.621318688
7952,61,140,-2373,700,11.622506112
7952,62,-218,-5148,17,11.623693536
7952,63,-121,-4463,-1218,11.624880960
7952,64,20,-3077,82,11.626068384
7953,1,-25,-2337,-816,11.627255808
7953,2,54,-5314,-1296,11.628443232
7953,3,-6,-12439,-3521,11.629630656
7953,4,514,-6517,-1648,11.630818080
7953,5,422,616,-623,11.632005504
7953,6,449,-3651,-14,11.633192928
7953,7,286,-6801,-871,11.634380352
7953,8,133,140,-2760,11.635567776
7953,9,233,880,-820,11.636755200
7953,10,87,910,-306,11.637942624
7953,11,64,5162,1805,11.639130048
7953,12,-451,5434,770,11.640317472
7953,13,-512,3404,-1802,11.641504896
7953,14,-476,1756,-1,11.642692320
7953,15,-318,2945,-1240,11.643879744
7953,16,-281,2498,145,11.645067168
7953,17,-254,386,-1048,11.646254592
7953,18,-255,-150,-2217,11.647442016
7953,19,-292,-936,-902,11.648629440
7953,20,-308,461,126,11.649816864
7953,21,-253,1114,311,11.651004288
7953,22,-198,1665,-271,11.652191712
7953,23,-250,1749,-341,11.653379136
7953,24,-137,1483,873,11.654566560
7953,25,-134,95,2084,11.655753984
7953,26,-235,-291,1282,11.656941408
7953,27,-278,-1440,907,11.658128832
7953,28,-214,-2007,-17,11.659316256
7953,29,-57,-1040,275,11.660503680
7953,30,23,-1746,1041,11.661691104
7953,31,94,-3895,476,11.662878528
7953,32,127,-5379,202,11.664065952
7953,33,-14,-4378,-538,11.665253376
7953,34,137,-10990,-1445,11.666440800
7953,35,101,-15065,-2258,11.667628224
7953,36,208,-12394,1924,11.668815648
7953,37,353,-4700,1217,11.670003072
7953,38,162,-3150,1794,11.671190496
7953,39,139,-6339,1791,11.672377920
7953,40,385,-9739,548,11.673565344
7953,41,446,-10399,2118,11.674752768
7953,42,378,-3137,1620,11.675940192
7953,43,518,-1996,520,11.677127616
7953,44,495,-13451,-527,11.678315040
7953,45,532,-13643,-1435,11.679502464
7953,46,330,-6503,1,11.680689888
7953,47,370,-11030,-602,11.681877312
7953,48,544,-14329,-2169,11.683064736
7953,49,605,-5309,-1299,11.684252160
7953,50,191,-4553,-857,11.685439584
7953,51,201,-10337,-456,11.686627008
7953,52,-196,-6814,-541,11.687814432
7953,53,60,-3712,-847,11.689001856
7953,54,290,-2655,308,11.690189280
7953,55,-210,-3187,515,11.691376704
7953,56,53,-5329,782,11.692564128
7953,57,-220,-7698,486,11.693751552
7953,58,-292,-7148,-659,11.694938976
7953,59,-167,-3562,217,11.696126400
7953,60,-297,-985,456,11.697313824
7953,61,-159,-3092,861,11.698501248
7953,62,-373,-3272,-281,11.699688672
7953,63,-676,-28,-497,11.700876096
7953,64,-525,-783,324,11.702063520
7954,1,-546,342,-211,11.703250944
7954,2,-437,1033,1172,11.704438368
7954,3,-451,707,300,11.705625792
7954,4,-690,726,761,11.706813216
7954,5,-687,-106,1351,11.708000640
7954,6,-324,-147,1254,11.709188064
7954,7,-235,-576,1548,11.710375488
7954,8,-113,-605,921,11.711562912
7954,9,-222,-621,915,11.712750336
7954,10,-96,-1161,449,11.713937760
7954,11,-81,29,475,11.715125184
7954,12,-455,-131,1613,11.716312608
7954,13,416,-8039,-2911,11.717500032
7954,14,349,-16373,-1618,11.718687456
7954,15,185,-13187,-2050,11.719874880
7954,16,252,-8904,146,11.721062304
7954,17,244,-1317,-543,11.722249728
7954,18,388,202,231,11.723437152
7954,19,484,-2694,-1105,11.724624576
7954,20,536,-1220,-1572,11.725812000
7954,21,537,-849,356,11.726999424
7954,22,585,-6264,-952,11.728186848
7954,23,869,-9507,-509,11.729374272
7954,24,648,-9108,-1293,11.730561696
7954,25,631,-8011,-1652,11.731749120
7954,26,501,-4076,-914,11.732936544
7954,27,520,-2413,-1664,11.734123968
7954,28,403,-8876,-2019,11.735311392
7954,29,433,-6726,-1911,11.736498816
7954,30,52,529,-789,11.737686240
7954,31,238,-3866,-895,11.738873664
7954,32,137,-13006,-1518,11.740061088
7954,33,156,-9986,-1648,11.741248512
7954,34,41,-4152,-7,11.742435936
7954,35,96,-3685,1011,11.743623360
7954,36,-66,-8402,681,11.744810784
7954,37,235,-10584,853,11.745998208
7954,38,-67,-5876,1031,11.747185632
7954,39,-45,-3134,1749,11.748373056
7954,40,-21,-2669,2312,11.749560480
7954,41,-249,-2500,2299,11.750747904
7954,42,-313,-4788,1763,11.751935328
7954,43,-808,-6788,1784,11.753122752
7954,44,-865,-6195,1936,11.754310176
7954,45,-581,-5060,1952,11.755497600
7954,46,-656,-1536,2245,11.756685024
7954,47,-741,609,2710,11.757872448
7954,48,-1028,-11475,-126,11.759059872
7954,49,-308,-16180,1165,11.760247296
7954,50,-273,-4041,2106,11.761434720
7954,51,-236,-1033,2986,11.762622144
7954,52,-343,-3471,1336,11.763809568
7954,53,-414,-4275,285,11.764996992
7954,54,-113,-6582,420,11.766184416
7954,55,-58,-3090,729,11.767371840
7954,56,-19,934,144,11.768559264
7954,57,7,-354,1826,11.769746688
7954,58,6,1885,-1360,11.770934112
7954,59,-353,2369,-720,11.772121536
7954,60,-193,4786,-324,11.773308960
7954,61,-173,3209,-1506,11.774496384
7954,62,288,-773,-1480,11.775683808
7954,63,320,1455,-1720,11.776871232
7954,64,222,1559,-426,11.778058656
7955,1,174,432,-215,11.779246080
7955,2,217,64,-1245,11.780433504
7955,3,568,-583,-1585,11.781620928
7955,4,810,820,-1548,11.782808352
7955,5,697,1562,-710,11.783995776
7955,6,495,861,-434,11.785183200
7955,7,343,420,-951,11.786370624
7955,8,274,1498,-2298,11.787558048
7955,9,210,2555,-1796,11.788745472
7955,10,246,2808,-1669,11.789932896
7955,11,64,2147,-1229,11.791120320
7955,12,-226,1693,-1267,11.792307744
7955,13,-559,1973,-1344,11.793495168
7955,14,-258,1076,-1004,11.794682592
7955,15,-210,583,-209,11.795870016
7955,16,-77,694,345,11.797057440
7955,17,-101,-6,474,11.798244864
7955,18,-182,-1465,336,11.799432288
7955,19,175,-2585,1675,11.800619712
7955,20,602,-2978,1956,11.801807136
7955,21,-36,-21746,1266,11.802994560
7955,22,530,-25849,-69,11.804181984
7955,23,31,-7975,-1177,11.805369408
7955,24,-2,-3426,479,11.806556832
7955,25,-280,-11401,-3829,11.807744256
7955,26,-440,-22837,-2046,11.808931680
7955,27,-136,-16049,653,11.810119104
7955,28,-629,-2508,314,11.811306528
7955,29,-762,-8340,1892,11.812493952
7955,30,-592,-15221,242,11.813681376
7955,31,-207,-12936,1228,11.814868800
7955,32,-13,-10734,1220,11.816056224
7955,33,-115,-10071,1424,11.817243648
7955,34,191,-9229,1421,11.818431072
7955,35,401,-13254,1596,11.819618496
7955,36,661,-17170,1976,11.820805920
7955,37,566,-10468,1974,11.821993344
7955,38,555,-7139,1387,11.823180768
7955,39,636,-8746,521,11.824368192
7955,40,390,-11079,-104,11.825555616
7955,41,64,-4863,667,11.826743040
7955,42,157,-1431,1968,11.827930464
7955,43,204,-6881,93,11.829117888
7955,44,512,-9596,2317,11.830305312
7955,45,102,-183,-660,11.831492736
7955,46,-42,1608,1901,11.832680160
7955,47,341,-3164,3040,11.833867584
7955,48,493,-415,534,11.835055008
7955,49,573,-695,2547,11.836242432
7955,50,55,-3246,88,11.837429856
7955,51,359,-5517,1829,11.838617280
7955,52,518,-2591,1085,11.839804704
7955,53,175,126,872,11.840992128
7955,54,6,-4071,-1130,11.842179552
7955,55,-164,-7473,-2231,11.843366976
7955,56,-96,-4812,-1372,11.844554400
7955,57,-71,-481,-938,11.845741824
7955,58,-512,1363,-1100,11.846929248
7955,59,-812,3005,-1979,11.848116672
7955,60,-165,1414,-3454,11.849304096
7955,61,-310,1277,-1730,11.850491520
7955,62,-236,3110,-929,11.851678944
7955,63,-306,1713,-1292,11.852866368
7955,64,-253,-281,-2358,11.854053792
7956,1,-83,841,-3128,11.855241216
7956,2,-155,1347,-1042,11.856428640
7956,3,-25,-99,-1634,11.857616064
7956,4,-156,-2189,-2133,11.858803488
7956,5,-159,-269,-3117,11.859990912
7956,6,-172,1084,-2038,11.861178336
7956,7,-203,1402,-1755,11.862365760
7956,8,-192,296,-1239,11.863553184
7956,9,-84,-1205,-1669,11.864740608
7956,10,5,-2265,-1903,11.865928032
7956,11,137,-3460,-1346,11.867115456
7956,12,-21,-10669,1430,11.868302880
7956,13,114,-15641,472,11.869490304
7956,14,201,-8759,751,11.870677728
7956,15,210,-4942,1658,11.871865152
7956,16,230,-6155,223,11.873052576
7956,17,206,-10179,1314,11.874240000
7956,18,141,-6488,3249,11.875427424
7956,19,98,-363,2472,11.876614848
7956,20,46,-1867,4938,11.877802272
7956,21,112,-3186,3606,11.878989696
7956,22,164,-9182,3089,11.880177120
7956,23,300,-8958,2750,11.881364544
7956,24,-50,-7984,1093,11.882551968
7956,25,297,-9006,2987,11.883739392
7956,26,152,-3609,1299,11.884926816
7956,27,328,-9601,2080,11.886114240
7956,28,485,-11205,2500,11.887301664
7956,29,101,369,693,11.888489088
7956,30,208,-794,3089,11.889676512
7956,31,-90,-2445,1566,11.890863936
7956,32,-165,-1962,700,11.892051360
7956,33,222,-6970,1066,11.893238784
7956,34,-21,-13299,-193,11.894426208
7956,35,102,-4918,-194,11.895613632
7956,36,-423,1338,-613,11.896801056
7956,37,-258,687,499,11.897988480
7956,38,49,1338,-490,11.899175904
7956,39,-9,-2153,-4106,11.900363328
7956,40,183,-19242,-1872,11.901550752
7956,41,-86,-16167,-3089,11.902738176
7956,42,-470,-559,-1655,11.903925600
7956,43,-191,2,216,11.905113024
7956,44,-279,-3924,-2958,11.906300448
7956,45,-344,-3574,-2091,11.907487872
7956,46,-225,-1486,-1546,11.908675296
7956,47,-637,-3492,-1145,11.909862720
7956,48,-253,-1785,-692,11.911050144
7956,49,-607,557,-108,11.912237568
7956,50,29,-488,-1436,11.913424992
7956,51,-252,-5938,-3054,11.914612416
7956,52,-157,-3182,-3097,11.915799840
7956,53,-44,-3012,-2352,11.916987264
7956,54,180,-3453,-251,11.918174688
7956,55,250,-321,-773,11.919362112
7956,56,110,-4665,-1724,11.920549536
7956,57,457,-10190,-1241,11.921736960
7956,58,211,-4468,-694,11.922924384
7956,59,238,-3018,1047,11.924111808
7956,60,-43,-6026,681,11.925299232
7956,61,312,-8917,1499,11.926486656
7956,62,394,-6299,1785,11.927674080
7956,63,200,-4238,1850,11.928861504
7956,64,68,-5988,1514,11.930048928
7957,1,202,-6440,1280,11.931236352
7957,2,557,-3814,1477,11.932423776
7957,3,380,-1711,1798,11.933611200
7957,4,368,-4208,1508,11.934798624
7957,5,287,-3276,914,11.935986048
7957,6,259,-5861,187,11.937173472
7957,7,363,-9120,139,11.938360896
7957,8,192,-3968,1511,11.939548320
7957,9,20,-335,1517,11.940735744
7957,10,67,-6528,1611,11.941923168
7957,11,17,-7547,911,11.943110592
7957,12,-288,-6624,1213,11.944298016
7957,13,38,-6609,1536,11.945485440
7957,14,-53,-88,1120,11.946672864
7957,15,67,-398,2800,11.947860288
7957,16,69,-8909,-1566,11.949047712
7957,17,22,-10103,-125,11.950235136
7957,18,58,-2794,788,11.951422560
7957,19,32,-2218,823,11.952609984
7957,20,184,-1827,-160,11.953797408
7957,21,40,1245,-1217,11.954984832
7957,22,-191,1152,-98,11.956172256
7957,23,-418,1493,-391,11.957359680
7957,24,-590,1187,-642,11.958547104
7957,25,-400,2021,107,11.959734528
7957,26,-289,3734,622,11.960921952
7957,27,-426,2658,320,11.962109376
7957,28,-321,-699,589,11.963296800
7957,29,-323,-224,1416,11.964484224
7957,30,-56,-8689,-8079,11.965671648
7957,31,411,-25782,-1596,11.966859072
7957,32,-113,-11338,-462,11.968046496
7957,33,106,3000,-658,11.969233920
7957,34,230,-3044,3484,11.970421344
7957,35,91,-6987,-4233,11.971608768
7957,36,263,-4896,-2154,11.972796192
7957,37,27,-987,-743,11.973983616
7957,38,51,-790,210,11.975171040
7957,39,-41,-1419,-739,11.976358464
7957,40,-397,-1429,-1734,11.977545888
7957,41,265,-4096,-2311,11.978733312
7957,42,-27,-4941,-1510,11.979920736
7957,43,-122,-1120,376,11.981108160
7957,44,-72,-4886,15,11.982295584
7957,45,472,-7273,-480,11.983483008
7957,46,57,-7572,-342,11.984670432
7957,47,397,-5837,884,11.985857856
7957,48,354,-2409,604,11.987045280
7957,49,307,-2667,-726,11.988232704
7957,50,286,-10788,-1507,11.989420128
7957,51,384,-8885,-447,11.990607552
7957,52,484,-968,1998,11.991794976
7957,53,211,-3817,1221,11.992982400
7957,54,152,-6533,479,11.994169824
7957,55,-322,-823,-645,11.995357248
7957,56,46,-1391,1828,11.996544672
7957,57,328,-10746,1935,11.997732096
7957,58,-107,-7368,2243,11.998919520
7957,59,-229,-5348,3437,12.000106944
7957,60,-245,-5605,2521,12.001294368
7957,61,-350,-6091,2444,12.002481792
7957,62,-45,-11091,2664,12.003669216
7957,63,-43,-6105,2828,12.004856640
7957,64,52,1781,1840,12.006044064
7958,1,-326,-1540,3936,12.007231488
7958,2,89,-1029,1440,12.008418912
7958,3,-174,-4261,1242,12.009606336
7958,4,72,-8403,-1684,12.010793760
7958,5,-19,-11101,-2262,12.011981184
7958,6,-13,-5888,151,12.013168608
7958,7,-59,983,-740,12.014356032
7958,8,-194,-1729,1044,12.015543456
7958,9,-301,-3500,-594,12.016730880
7958,10,-77,-2557,-1101,12.017918304
7958,11,14,-1035,-1475,12.019105728
7958,12,-213,638,-1189,12.020293152
7958,13,-226,28,823,12.021480576
7958,14,-207,-387,-1789,12.022668000
7958,15,230,-5747,-1266,12.023855424
7958,16,89,-4563,-2998,12.025042848
7958,17,73,-839,-2093,12.026230272
7958,18,350,744,-1613,12.027417696
7958,19,448,506,-509,12.028605120
7958,20,330,-472,-2565,12.029792544
7958,21,163,-3525,-2521,12.030979968
7958,22,92,-3659,-3239,12.032167392
7958,23,25,-8184,-2160,12.033354816
7958,24,181,-9033,-1533,12.034542240
7958,25,-303,-3949,-968,12.035729664
7958,26,-220,-2971,-378,12.036917088
7958,27,-352,-4457,-813,12.038104512
7958,28,-236,-4231,-408,12.039291936
7958,29,-38,-5120,57,12.040479360
7958,30,-99,-6682,749,12.041666784
7958,31,66,-4627,804,12.042854208
7958,32,24,-9718,597,12.044041632
7958,33,401,-13980,1240,12.045229056
7958,34,287,-6013,1191,12.046416480
7958,35,152,-4176,792,12.047603904
7958,36,365,-10000,743,12.048791328
7958,37,231,-6154,497,12.049978752
7958,38,153,-512,2287,12.051166176
7958,39,-252,-3941,2191,12.052353600
7958,40,-178,-6005,1082,12.053541024
7958,41,-243,-5215,1614,12.054728448
7958,42,29,-6910,1131,12.055915872
7958,43,-51,-4371,2002,12.057103296
7958,44,-242,-3935,1857,12.058290720
7958,45,158,-6446,1683,12.059478144
7958,46,145,-5206,1879,12.060665568
7958,47,311,-940,1602,12.061852992
7958,48,269,-1084,2007,12.063040416
7958,49,271,-6690,36,12.064227840
7958,50,517,-8312,701,12.065415264
7958,51,42,-9743,202,12.066602688
7958,52,209,-3573,582,12.067790112
7958,53,-128,692,1252,12.068977536
7958,54,-47,-463,448,12.070164960
7958,55,-421,-124,-871,12.071352384
7958,56,-317,567,-761,12.072539808
7958,57,-434,-101,1105,12.073727232
7958,58,-211,-19,41,12.074914656
7958,59,-283,588,166,12.076102080
7958,60,-449,1843,758,12.077289504
7958,61,-54,1092,-1143,12.078476928
7958,62,8,-570,52,12.079664352
7958,63,94,-148,-2366,12.080851776
7958,64,88,-937,-89,12.082039200
7959,1,134,1300,-1414,12.083226624
7959,2,-53,2196,-214,12.084414048
7959,3,135,2321,-1442,12.085601472
7959,4,298,2088,-2142,12.086788896
7959,5,172,1923,-1824,12.087976320
7959,6,-4,-267,-1503,12.089163744
7959,7,-164,-1967,-2109,12.090351168
7959,8,-173,-11067,-1946,12.091538592
7959,9,8,-11859,-2218,12.092726016
7959,10,-170,-6758,-2084,12.093913440
7959,11,30,-8345,-1952,12.095100864
7959,12,-18,-10596,-2347,12.096288288
7959,13,-24,-8714,-1544,12.097475712
7959,14,-51,-9913,-684,12.098663136
7959,15,187,-10992,-351,12.099850560
7959,16,276,-5953,419,12.101037984
7959,17,329,-1321,-230,12.102225408
7959,18,176,-4298,-161,12.103412832
7959,19,172,-3046,-195,12.104600256
7959,20,72,-258,247,12.105787680
7959,21,394,-5525,169,12.106975104
7959,22,269,-12748,1315,12.108162528
7959,23,191,-7553,-3,12.109349952
7959,24,12,-3439,251,12.110537376
7959,25,39,-9583,721,12.111724800
7959,26,57,-9497,16,12.112912224
7959,27,17,-8166,914,12.114099648
7959,28,28,-10647,1859,12.115287072
7959,29,121,-12662,2200,12.116474496
7959,30,145,-10951,3133,12.117661920
7959,31,11,-5236,3069,12.118849344
7959,32,46,-3370,2767,12.120036768
7959,33,129,-6642,2794,12.121224192
7959,34,376,-10004,2470,12.122411616
7959,35,369,-5864,3325,12.123599040
7959,36,-36,-1460,3522,12.124786464
7959,37,-72,-2614,2642,12.125973888
7959,38,-26,-4142,1652,12.127161312
7959,39,-48,-2882,695,12.128348736
7959,40,-150,-2985,1210,12.129536160
7959,41,-504,-2876,1029,12.130723584
7959,42,-475,-543,256,12.131911008
7959,43,-460,-115,1089,12.133098432
7959,44,-392,1459,-677,12.134285856
7959,45,-300,802,-24,12.135473280
7959,46,-118,912,-930,12.136660704
7959,47,43,263,-643,12.137848128
7959,48,6,-815,-1720,12.139035552
7959,49,236,263,-1682,12.140222976
7959,50,-175,-1533,-2794,12.141410400
7959,51,590,-7096,-2847,12.142597824
7959,52,210,-3833,-3402,12.143785248
7959,53,247,-2456,-3700,12.144972672
7959,54,145,-5462,-2906,12.146160096
7959,55,22,-1049,-2547,12.147347520
7959,56,-478,1241,-2304,12.148534944
7959,57,-95,-5034,-3647,12.149722368
7959,58,-331,-8720,-3549,12.150909792
7959,59,-147,-1813,-2532,12.152097216
7959,60,-286,-4258,-1415,12.153284640
7959,61,57,-8281,-1451,12.154472064
7959,62,-30,-4896,-600,12.155659488
7959,63,91,-1709,-1233,12.156846912
7959,64,332,-12143,-1187,12.158034336
7960,1,704,-12731,-820,12.159221760
7960,2,396,-913,93,12.160409184
7960,3,569,-317,1188,12.161596608
7960,4,120,-8536,-2290,12.162784032
7960,5,60,-10897,-979,12.163971456
7960,6,259,-691,1926,12.165158880
7960,7,4,-150,1297,12.166346304
7960,8,-140,-5441,1285,12.167533728
7960,9,-148,-1266,1668,12.168721152
7960,10,324,-1908,1377,12.169908576
7960,11,-55,-13963,3922,12.171096000
7960,12,88,-10277,3125,12.172283424
7960,13,234,-4204,2483,12.173470848
7960,14,381,-7996,4131,12.174658272
7960,15,164,-6081,2773,12.175845696
7960,16,303,-10073,4092,12.177033120
7960,17,166,-9933,4706,12.178220544
7960,18,232,-959,2735,12.179407968
7960,19,-57,-1733,4984,12.180595392
7960,20,-550,-2795,974,12.181782816
7960,21,-238,-6035,2380,12.182970240
7960,22,-429,-6022,2102,12.184157664
7960,23,-326,-3613,655,12.185345088
7960,24,-496,-1402,400,12.186532512
7960,25,-539,-157,675,12.187719936
7960,26,-413,-152,-52,12.188907360
7960,27,-106,-2346,-441,12.190094784
7960,28,-66,-5594,-1285,12.191282208
7960,29,84,-2849,-1282,12.192469632
7960,30,-111,-2602,-702,12.193657056
7960,31,184,-4574,-717,12.194844480
7960,32,108,-57,-1033,12.196031904
7960,33,-62,1335,-1566,12.197219328
7960,34,281,-71,-2062,12.198406752
7960,35,107,169,-2641,12.199594176
7960,36,-20,2104,-2899,12.200781600
7960,37,61,1741,-1349,12.201969024
7960,38,-289,2289,-3040,12.203156448
7960,39,-124,1731,-2575,12.204343872
7960,40,-197,1669,-3314,12.205531296
7960,41,-253,1847,-2609,12.206718720
7960,42,-148,-110,-2074,12.207906144
7960,43,107,-8825,-3194,12.209093568
7960,44,10,-10146,-1905,12.210280992
7960,45,40,-4593,-2277,12.211468416
7960,46,57,-510,-105,12.212655840
7960,47,198,163,-1181,12.213843264
7960,48,434,-7063,-1144,12.215030688
7960,49,346,-10232,-871,12.216218112
7960,50,590,-2376,-536,12.217405536
7960,51,168,-2790,1347,12.218592960
7960,52,465,-14344,-247,12.219780384
7960,53,446,-15465,-625,12.220967808
7960,54,22,-10275,-744,12.222155232
7960,55,0,-8820,83,12.223342656
7960,56,-201,-10415,518,12.224530080
7960,57,-55,-10540,806,12.225717504
7960,58,101,-11982,1221,12.226904928
7960,59,-36,-11678,1416,12.228092352
7960,60,-262,-6270,2338,12.229279776
7960,61,-11,-5848,2441,12.230467200
7960,62,145,-11548,3099,12.231654624
7960,63,303,-6821,3361,12.232842048
7960,64,237,-823,3522,12.234029472
7961,1,164,-6115,3341,12.235216896
7961,2,543,-6745,3014,12.236404320
7961,3,250,656,2176,12.237591744
7961,4,59,-1432,2759,12.238779168
7961,5,65,-3665,1266,12.239966592
7961,6,155,-306,2074,12.241154016
7961,7,-795,-2242,1250,12.242341440
7961,8,287,-11574,-704,12.243528864
7961,9,-687,-6558,-711,12.244716288
7961,10,-277,-1480,2938,12.245903712
7961,11,-112,-3107,2180,12.247091136
7961,12,-535,-1484,708,12.248278560
7961,13,-92,-1640,1250,12.249465984
7961,14,-319,-5543,516,12.250653408
7961,15,182,-7207,722,12.251840832
7961,16,192,-1131,1296,12.253028256
7961,17,75,282,174,12.254215680
7961,18,389,-584,113,12.255403104
7961,19,9,268,-1903,12.256590528
7961,20,-23,918,-850,12.257777952
7961,21,-1,1716,-1538,12.258965376
7961,22,-357,2192,-3044,12.260152800
7961,23,-344,2643,-2439,12.261340224
7961,24,-285,1023,-3548,12.262527648
7961,25,-546,1194,-2767,12.263715072
7961,26,-400,1257,-3835,12.264902496
7961,27,-205,286,-3791,12.266089920
7961,28,180,-3621,-4039,12.267277344
7961,29,258,-7306,-3464,12.268464768
7961,30,440,-6566,-2756,12.269652192
7961,31,371,-3349,-2119,12.270839616
7961,32,604,1,-2942,12.272027040
7961,33,639,-4406,-3408,12.273214464
7961,34,788,-7545,-2670,12.274401888
7961,35,463,-5381,-1566,12.275589312
7961,36,319,-7911,-1152,12.276776736
7961,37,98,-6461,-702,12.277964160
7961,38,-204,-112,-824,12.279151584
7961,39,-447,-1012,-279,12.280339008
7961,40,-98,-9075,-2028,12.281526432
7961,41,-371,-9588,12,12.282713856
7961,42,-207,-7087,2307,12.283901280
7961,43,-135,-4314,2874,12.285088704
7961,44,128,-1922,3513,12.286276128
7961,45,-119,-7939,2941,12.287463552
7961,46,712,-11895,2929,12.288650976
7961,47,256,-7864,4475,12.289838400
7961,48,415,-3983,4489,12.291025824
7961,49,253,-5310,4203,12.292213248
7961,50,146,-7066,3907,12.293400672
7961,51,207,-11167,2555,12.294588096
7961,52,40,-12931,2754,12.295775520
7961,53,-379,-4047,2785,12.296962944
7961,54,-102,-2149,3060,12.298150368
7961,55,-428,-4396,3075,12.299337792
7961,56,-179,-1637,2841,12.300525216
7961,57,-236,-2202,2663,12.301712640
7961,58,-200,-6713,2673,12.302900064
7961,59,112,-3641,1422,12.304087488
7961,60,116,1033,1611,12.305274912
7961,61,35,-765,2476,12.306462336
7961,62,64,-1763,832,12.307649760
7961,63,-260,-2969,357,12.308837184
7961,64,266,-2733,-752,12.310024608
7962,1,-40,-222,-553,12.311212032
7962,2,13,386,-1361,12.312399456
7962,3,-144,717,-1853,12.313586880
7962,4,-286,278,-2940,12.314774304
7962,5,-683,1617,-3426,12.315961728
7962,6,-446,666,-3656,12.317149152
7962,7,-464,-147,-3817,12.318336576
7962,8,143,-1481,-3814,12.319524000
7962,9,-158,-2082,-3317,12.320711424
7962,10,-133,861,-3580,12.321898848
7962,11,-14,832,-2993,12.323086272
7962,12,196,-566,-2865,12.324273696
7962,13,510,-1433,-3251,12.325461120
7962,14,328,-3427,-3617,12.326648544
7962,15,365,-9443,-3310,12.327835968
7962,16,389,-6008,-1661,12.329023392
7962,17,154,349,-2122,12.330210816
7962,18,116,-5748,-2313,12.331398240
7962,19,165,-9794,-2397,12.332585664
7962,20,-22,-864,-1863,12.333773088
7962,21,-140,-1193,-67,12.334960512
7962,22,42,-6842,-654,12.336147936
7962,23,-225,-9470,-2,12.337335360
7962,24,182,-9643,251,12.338522784
7962,25,42,-7960,1447,12.339710208
7962,26,64,-5204,1344,12.340897632
7962,27,281,-6282,1971,12.342085056
7962,28,366,-9531,1676,12.343272480
7962,29,457,-11018,2454,12.344459904
7962,30,404,-11554,2700,12.345647328
7962,31,366,-9202,3021,12.346834752
7962,32,359,-9805,2563,12.348022176
7962,33,222,-15232,1841,12.349209600
7962,34,115,-14412,2701,12.350397024
7962,35,70,-8461,3191,12.351584448
7962,36,87,-5708,3772,12.352771872
7962,37,-222,-12491,2430,12.353959296
7962,38,-62,-18047,1924,12.355146720
7962,39,-62,-11654,3670,12.356334144
7962,40,150,-3800,3251,12.357521568
7962,41,37,-12994,3254,12.358708992
7962,42,26,-17151,1233,12.359896416
7962,43,-84,-7521,1602,12.361083840
7962,44,-116,-5549,2158,12.362271264
7962,45,-148,-8351,1458,12.363458688
7962,46,-102,-8110,428,12.364646112
7962,47,-238,-3923,54,12.365833536
7962,48,-384,-1637,-63,12.367020960
7962,49,-503,-2270,-49,12.368208384
7962,50,-403,-1926,137,12.369395808
7962,51,-63,655,-1093,12.370583232
7962,52,-54,1267,-825,12.371770656
7962,53,5,1472,-1878,12.372958080
7962,54,-12,2151,-1192,12.374145504
7962,55,31,2676,-308,12.375332928
7962,56,54,4281,-1344,12.376520352
7962,57,-307,5971,-2353,12.377707776
7962,58,26,5592,-1821,12.378895200
7962,59,-83,4030,-1905,12.380082624
7962,60,-392,4287,-1732,12.381270048
7962,61,-487,6755,-2165,12.382457472
7962,62,-418,7489,-2228,12.383644896
7962,63,-56,5694,-2177,12.384832320
7962,64,-2,3412,-1885,12.386019744
7963,1,-67,2697,-1875,12.387207168
7963,2,-51,2240,-1755,12.388394592
7963,3,87,1952,-1600,12.389582016
7963,4,313,2179,-793,12.390769440
7963,5,386,5568,-319,12.391956864
7963,6,213,5359,-421,12.393144288
7963,7,230,-425,-684,12.394331712
7963,8,325,-1671,-1209,12.395519136
7963,9,-496,-1456,-331,12.396706560
7963,10,-395,-6037,-215,12.397893984
7963,11,87,-31111,-504,12.399081408
7963,12,-582,-27544,-2469,12.400268832
7963,13,66,3993,2350,12.401456256
7963,14,24,-3084,-1645,12.402643680
7963,15,-501,1911,-1831,12.403831104
7963,16,591,632,-2526,12.405018528
7963,17,1303,-9261,6213,12.406205952
7963,18,-102,-7721,2135,12.407393376
7963,19,782,-12580,2097,12.408580800
7963,20,839,-12188,2584,12.409768224
7963,21,540,1561,793,12.410955648
7963,22,213,-994,3113,12.412143072
7963,23,-751,-7664,-668,12.413330496
7963,24,196,-5577,85,12.414517920
7963,25,-252,-10515,1354,12.415705344
7963,26,-304,-17507,4832,12.416892768
7963,27,-206,-2868,4093,12.418080192
7963,28,-571,842,5323,12.419267616
7963,29,283,-2260,2715,12.420455040
7963,30,585,-4528,-94,12.421642464
7963,31,-38,-6204,4903,12.422829888
7963,32,1110,-9187,3503,12.424017312
7963,33,579,-5804,4490,12.425204736
7963,34,534,-4146,2270,12.426392160
7963,35,403,-9153,-611,12.427579584
7963,36,46,-8681,668,12.428767008
7963,37,18,-1490,406,12.429954432
7963,38,-269,-2151,956,12.431141856
7963,39,-1133,-2825,542,12.432329280
7963,40,-963,-2628,-558,12.433516704
7963,41,-1048,-5521,-455,12.434704128
7963,42,-729,-2953,-1168,12.435891552
7963,43,-494,2019,-2023,12.437078976
7963,44,-321,124,-618,12.438266400
7963,45,264,411,-1764,12.439453824
7963,46,-33,-2089,-2072,12.440641248
7963,47,759,-11726,-2645,12.441828672
7963,48,720,-7009,-2391,12.443016096
7963,49,573,4316,-4441,12.444203520
7963,50,562,390,-3180,12.445390944
7963,51,261,137,-4345,12.446578368
7963,52,-542,-863,-4296,12.447765792
7963,53,-269,-3818,-2485,12.448953216
7963,54,-558,-3917,-3952,12.450140640
7963,55,-437,-1076,-4685,12.451328064
7963,56,-552,-129,-4618,12.452515488
7963,57,-998,-1000,-3112,12.453702912
7963,58,493,-6379,-1986,12.454890336
7963,59,-6,-11262,-2499,12.456077760
7963,60,698,-10486,-699,12.457265184
7963,61,975,-6281,-332,12.458452608
7963,62,909,-3921,1333,12.459640032
7963,63,1044,-13021,812,12.460827456
7963,64,1048,-15509,129,12.462014880
7964,1,619,-5028,736,12.463202304
7964,2,424,-835,2594,12.464389728
7964,3,-161,-10128,1003,12.465577152
7964,4,-271,-14190,1937,12.466764576
7964,5,-295,-6129,2682,12.467952000
7964,6,-563,-3106,2654,12.469139424
7964,7,-637,-5314,3427,12.470326848
7964,8,-148,-3611,3719,12.471514272
7964,9,75,-807,4500,12.472701696
7964,10,341,-4167,3638,12.473889120
7964,11,542,-9326,4162,12.475076544
7964,12,578,-5819,3709,12.476263968
7964,13,836,-1767,3467,12.477451392
7964,14,640,-6285,3952,12.478638816
7964,15,338,-3066,2426,12.479826240
7964,16,48,451,2668,12.481013664
7964,17,-254,-1758,3875,12.482201088
7964,18,-350,-2765,470,12.483388512
7964,19,-877,-993,843,12.484575936
7964,20,-1030,-2821,343,12.485763360
7964,21,-632,-9046,-731,12.486950784
7964,22,-873,-4599,-1338,12.488138208
7964,23,-505,-776,-408,12.489325632
7964,24,-175,-2921,-681,12.490513056
7964,25,59,-1095,-598,12.491700480
7964,26,145,1284,-792,12.492887904
7964,27,-55,1002,-229,12.494075328
7964,28,149,565,-2140,12.495262752
7964,29,452,-211,-543,12.496450176
7964,30,-100,-36,-2044,12.497637600
7964,31,140,-3147,-2828,12.498825024
7964,32,-351,-4538,-3493,12.500012448
7964,33,-484,-2412,-3657,12.501199872
7964,34,-449,-635,-2857,12.502387296
7964,35,-433,-876,-2945,12.503574720
7964,36,-254,-392,-3619,12.504762144
7964,37,-302,-1472,-3820,12.505949568
7964,38,-201,-2266,-3043,12.507136992
7964,39,110,-993,-2088,12.508324416
7964,40,281,-2999,-3472,12.509511840
7964,41,805,-11452,-2447,12.510699264
7964,42,818,-8093,-1215,12.511886688
7964,43,602,3406,-1023,12.513074112
7964,44,382,-1080,2629,12.514261536
7964,45,223,-10357,-1432,12.515448960
7964,46,383,-8918,-491,12.516636384
7964,47,235,-5907,-478,12.517823808
7964,48,86,-11927,1318,12.519011232
7964,49,43,-11230,-78,12.520198656
7964,50,-240,-8395,629,12.521386080
7964,51,-59,-12938,58,12.522573504
7964,52,174,-12715,1033,12.523760928
7964,53,18,-5720,2739,12.524948352
7964,54,369,-6484,2883,12.526135776
7964,55,428,-5563,3786,12.527323200
7964,56,159,-194,2505,12.528510624
7964,57,428,-2030,3132,12.529698048
7964,58,438,-4309,3072,12.530885472
7964,59,328,-256,2951,12.532072896
7964,60,81,-770,3920,12.533260320
7964,61,-450,-1126,2315,12.534447744
7964,62,-342,-356,3137,12.535635168
7964,63,-604,-1005,2249,12.536822592
7964,64,-42,-10352,192,12.538010016
7965,1,-568,-19559,-941,12.539197440
7965,2,-241,-16215,2044,12.540384864
7965,3,-210,-2804,2513,12.541572288
7965,4,-456,-1379,3257,12.542759712
7965,5,-131,-4269,2374,12.543947136
7965,6,-171,-7242,1675,12.545134560
7965,7,447,-1480,1390,12.546321984
7965,8,-343,-160,1980,12.547509408
7965,9,106,-6594,-798,12.548696832
7965,10,-94,-7654,-871,12.549884256
7965,11,-215,-4241,-1548,12.551071680
7965,12,-289,-2395,-1083,12.552259104
7965,13,-376,-1495,-939,12.553446528
7965,14,-412,2556,-2834,12.554633952
7965,15,-479,3097,-275,12.555821376
7965,16,-339,2631,-2192,12.557008800
7965,17,-341,2516,-1405,12.558196224
7965,18,91,2347,-2473,12.559383648
7965,19,275,2486,-2962,12.560571072
7965,20,447,1113,-3840,12.561758496
7965,21,659,1127,-3206,12.562945920
7965,22,228,-2437,-3396,12.564133344
7965,23,987,-6604,-4134,12.565320768
7965,24,357,-6873,-2604,12.566508192
7965,25,732,1418,-4220,12.567695616
7965,26,260,2746,-2061,12.568883040
7965,27,-184,3184,-1031,12.570070464
7965,28,79,2492,-2855,12.571257888
7965,29,-470,-1071,-663,12.572445312
7965,30,-614,-1167,-1207,12.573632736
7965,31,-118,-2617,-210,12.574820160
7965,32,-25,-14012,903,12.576007584
7965,33,33,-15124,-146,12.577195008
7965,34,-93,-10008,599,12.578382432
7965,35,-7,-4847,2281,12.579569856
7965,36,407,-516,1347,12.580757280
7965,37,208,-5292,1065,12.581944704
7965,38,550,-10589,1159,12.583132128
7965,39,467,-12629,1261,12.584319552
7965,40,419,-13737,2697,12.585506976
7965,41,260,-8462,3444,12.586694400
7965,42,57,-2201,2962,12.587881824
7965,43,-711,-4867,1510,12.589069248
7965,44,-15,-9913,991,12.590256672
7965,45,-379,-9845,842,12.591444096
7965,46,-162,-9908,1559,12.592631520
7965,47,-228,-9984,3118,12.593818944
7965,48,-140,-5592,2648,12.595006368
7965,49,-33,-8872,2283,12.596193792
7965,50,229,-14220,1636,12.597381216
7965,51,250,-10975,1889,12.598568640
7965,52,403,-4150,2949,12.599756064
7965,53,342,-2958,3668,12.600943488
7965,54,427,-3530,2678,12.602130912
7965,55,198,-2287,1664,12.603318336
7965,56,79,-2940,-626,12.604505760
7965,57,51,-5317,228,12.605693184
7965,58,3,-3655,-666,12.606880608
7965,59,109,-1923,-483,12.608068032
7965,60,-131,-2298,-728,12.609255456
7965,61,-366,-3064,-1855,12.610442880
7965,62,-307,-2815,-1571,12.611630304
7965,63,-107,-2389,-1808,12.612817728
7965,64,34,529,-1393,12.614005152
7966,1,55,988,-114,12.615192576
7966,2,-24,187,-1149,12.616380000
7966,3,54,-480,-270,12.617567424
7966,4,130,-3160,-2328,12.618754848
7966,5,252,-8697,-2455,12.619942272
7966,6,266,-6589,-2969,12.621129696
7966,7,238,716,-2664,12.622317120
7966,8,144,1045,-1660,12.623504544
7966,9,-255,1781,-2157,12.624691968
7966,10,-198,-365,-3161,12.625879392
7966,11,-420,-1259,-3637,12.627066816
7966,12,208,-6387,-5199,12.628254240
7966,13,-195,-16934,-3612,12.629441664
7966,14,-27,-8306,-507,12.630629088
7966,15,-655,2818,-1113,12.631816512
7966,16,-214,-2937,2623,12.633003936
7966,17,-8,-4621,-1024,12.634191360
7966,18,133,527,462,12.635378784
7966,19,202,152,1487,12.636566208
7966,20,56,-1834,1611,12.637753632
7966,21,201,-1048,867,12.638941056
7966,22,581,-1806,1292,12.640128480
7966,23,282,-3548,145,12.641315904
7966,24,140,-7561,-1084,12.642503328
7966,25,109,-8622,155,12.643690752
7966,26,189,-2823,1306,12.644878176
7966,27,103,-904,2432,12.646065600
7966,28,-789,-4692,802,12.647253024
7966,29,306,-6960,1556,12.648440448
7966,30,-400,-4825,1836,12.649627872
7966,31,116,-6601,3180,12.650815296
7966,32,-190,-6977,3428,12.652002720
7966,33,-317,-3314,4580,12.653190144
7966,34,299,-1681,5920,12.654377568
7966,35,73,-2188,3691,12.655564992
7966,36,281,-6563,3660,12.656752416
7966,37,153,-5252,3068,12.657939840
7966,38,127,-3996,1793,12.659127264
7966,39,343,-8809,2705,12.660314688
7966,40,188,-3617,175,12.661502112
7966,41,-197,-955,499,12.662689536
7966,42,-58,-1900,127,12.663876960
7966,43,-791,-253,-1989,12.665064384
7966,44,-197,-4586,-1710,12.666251808
7966,45,-128,-5460,-1529,12.667439232
7966,46,-371,-384,125,12.668626656
7966,47,-316,-490,655,12.669814080
7966,48,-259,-3308,-2051,12.671001504
7966,49,216,-2551,-1411,12.672188928
7966,50,-11,264,-1839,12.673376352
7966,51,288,-3495,-2839,12.674563776
7966,52,360,-7976,-1925,12.675751200
7966,53,440,-3972,-2258,12.676938624
7966,54,339,-4066,-2989,12.678126048
7966,55,129,-11224,-3830,12.679313472
7966,56,223,-4838,-4074,12.680500896
7966,57,98,2727,-3733,12.681688320
7966,58,162,324,-1863,12.682875744
7966,59,-268,-765,-3438,12.684063168
7966,60,-280,882,-2547,12.685250592
7966,61,-385,1187,-937,12.686438016
7966,62,-145,1702,-1341,12.687625440
7966,63,-414,-140,-428,12.688812864
7966,64,251,-6675,-1899,12.690000288
7967,1,211,-18174,-596,12.691187712
7967,2,122,-16424,207,12.692375136
7967,3,-50,-8888,1879,12.693562560
7967,4,192,-8122,392,12.694749984
7967,5,327,-11659,137,12.695937408
7967,6,211,-6050,611,12.697124832
7967,7,-12,-1739,490,12.698312256
7967,8,81,-8900,2044,12.699499680
7967,9,65,-6486,2208,12.700687104
7967,10,133,-3766,2738,12.701874528
7967,11,128,-6770,2425,12.703061952
7967,12,-84,-4908,2361,12.704249376
7967,13,68,-5432,2214,12.705436800
7967,14,252,-9673,2554,12.706624224
7967,15,90,-9829,3014,12.707811648
7967,16,66,-4951,3625,12.708999072
7967,17,-54,-7811,3435,12.710186496
7967,18,223,-11817,2161,12.711373920
7967,19,-90,-12296,951,12.712561344
7967,20,-84,-12890,685,12.713748768
7967,21,-172,-8201,2395,12.714936192
7967,22,-251,-4919,1788,12.716123616
7967,23,-49,-7205,1291,12.717311040
7967,24,-116,-7940,-481,12.718498464
7967,25,69,-4537,-1164,12.719685888
7967,26,288,-3586,117,12.720873312
7967,27,462,-1198,-119,12.722060736
7967,28,454,904,20,12.723248160
7967,29,299,944,-318,12.724435584
7967,30,138,2249,-906,12.725623008
7967,31,-61,2333,-369,12.726810432
7967,32,-135,3366,-767,12.727997856
7967,33,-274,4125,-504,12.729185280
7967,34,-618,2803,-1194,12.730372704
7967,35,-515,924,-559,12.731560128
7967,36,-452,715,-1655,12.732747552
7967,37,-252,1888,-1658,12.733934976
7967,38,1,2073,-1836,12.735122400
7967,39,-179,1177,-2107,12.736309824
7967,40,72,900,-1262,12.737497248
7967,41,395,1083,-1514,12.738684672
7967,42,484,1087,-1346,12.739872096
7967,43,543,-125,-2019,12.741059520
7967,44,388,-612,-1851,12.742246944
7967,45,231,-753,-1906,12.743434368
7967,46,-252,-360,-1103,12.744621792
7967,47,-389,-760,-911,12.745809216
7967,48,-409,-1704,-1181,12.746996640
7967,49,-477,-453,-1083,12.748184064
7967,50,-748,836,-348,12.749371488
7967,51,-609,467,93,12.750558912
7967,52,-601,-261,192,12.751746336
7967,53,-376,-127,386,12.752933760
7967,54,-11,748,813,12.754121184
7967,55,583,744,1586,12.755308608
7967,56,948,-2063,-90,12.756496032
7967,57,1077,-5180,-237,12.757683456
7967,58,345,-12833,-2812,12.758870880
7967,59,906,-16448,-2197,12.760058304
7967,60,218,-12891,769,12.761245728
7967,61,291,-12207,777,12.762433152
7967,62,21,-17079,985,12.763620576
7967,63,-376,-9772,1726,12.764808000
7967,64,-606,-3837,614,12.765995424
7968,1,-427,-10295,214,12.767182848
7968,2,-594,-15908,1674,12.768370272
7968,3,44,-16937,1098,12.769557696
7968,4,116,-17068,3089,12.770745120
7968,5,343,-12845,2751,12.771932544
7968,6,668,-9563,2473,12.773119968
7968,7,742,-13696,2832,12.774307392
7968,8,889,-8642,1950,12.775494816
7968,9,798,-5037,2138,12.776682240
7968,10,612,-8799,1835,12.777869664
7968,11,498,-7656,1550,12.779057088
7968,12,216,-3058,1216,12.780244512
7968,13,-567,-2485,234,12.781431936
7968,14,-281,-7095,-1611,12.782619360
7968,15,-573,-9825,-208,12.783806784
7968,16,-135,-4634,937,12.784994208
7968,17,-330,1125,-311,12.786181632
7968,18,-417,305,1724,12.787369056
7968,19,-31,-1163,-782,12.788556480
7968,20,342,406,166,12.789743904
7968,21,540,1054,1862,12.790931328
7968,22,497,1744,1463,12.792118752
7968,23,366,497,881,12.793306176
7968,24,768,1002,907,12.794493600
7968,25,-25,2005,-271,12.795681024
7968,26,1,452,-907,12.796868448
7968,27,-752,2938,-1169,12.798055872
7968,28,-503,2061,-2468,12.799243296
7968,29,-765,-10,-1461,12.800430720
7968,30,-1108,2358,-2247,12.801618144
7968,31,-1104,2512,-1103,12.802805568
7968,32,-524,-377,-1433,12.803992992
7968,33,-752,-391,-3740,12.805180416
7968,34,-85,-405,-1441,12.806367840
7968,35,146,-7382,-1862,12.807555264
7968,36,464,-8024,-660,12.808742688
7968,37,518,-445,-1406,12.809930112
7968,38,168,-146,-565,12.811117536
7968,39,1103,-945,-2970,12.812304960
7968,40,-117,-3789,-3006,12.813492384
7968,41,838,-9386,-2763,12.814679808
7968,42,-57,-10905,-786,12.815867232
7968,43,-181,-5883,-1371,12.817054656
7968,44,-259,-11249,-1497,12.818242080
7968,45,-299,-14345,-1604,12.819429504
7968,46,-339,-6611,-1917,12.820616928
7968,47,-241,-5957,-353,12.821804352
7968,48,-86,-6715,414,12.822991776
7968,49,42,-7367,582,12.824179200
7968,50,798,-8579,1415,12.825366624
7968,51,528,-5550,2365,12.826554048
7968,52,690,-580,3248,12.827741472
7968,53,768,-247,3099,12.828928896
7968,54,702,-1662,2573,12.830116320
7968,55,687,-608,2732,12.831303744
7968,56,347,-683,2915,12.832491168
7968,57,47,-1970,3341,12.833678592
7968,58,-335,-5567,1680,12.834866016
7968,59,-212,-6837,1378,12.836053440
7968,60,-542,-5296,1311,12.837240864
7968,61,-113,-3182,1565,12.838428288
7968,62,-298,-3611,3222,12.839615712
7968,63,-166,-2134,3134,12.840803136
7968,64,-45,-1986,2008,12.841990560
7969,1,-145,-3644,2915,12.843177984
7969,2,185,-3158,2810,12.844365408
7969,3,311,-6159,2386,12.845552832
7969,4,120,-5473,2250,12.846740256
7969,5,85,517,503,12.847927680
7969,6,-435,-409,2341,12.849115104
7969,7,-517,-4982,-1566,12.850302528
7969,8,-647,-8553,-966,12.851489952
7969,9,-873,-4964,-1661,12.852677376
7969,10,-1089,-4419,-1055,12.853864800
7969,11,-982,-3327,-2079,12.855052224
7969,12,-1175,-8222,-2105,12.856239648
7969,13,-330,-11987,-3414,12.857427072
7969,14,-332,-6710,-3039,12.858614496
7969,15,6,-2305,-2690,12.859801920
7969,16,339,-2378,-2739,12.860989344
7969,17,334,-3342,-2522,12.862176768
7969,18,568,-7943,-3242,12.863364192
7969,19,669,-10497,-3287,12.864551616
7969,20,513,-3719,-2952,12.865739040
7969,21,679,-1962,-2778,12.866926464
7969,22,359,-4588,-3217,12.868113888
7969,23,-86,-2421,-3602,12.869301312
7969,24,70,-4980,-3674,12.870488736
7969,25,24,-7466,-2887,12.871676160
7969,26,107,-5274,-1995,12.872863584
7969,27,371,-5442,-1371,12.874051008
7969,28,267,-5320,-33,12.875238432
7969,29,570,-3361,-154,12.876425856
7969,30,607,-4791,879,12.877613280
7969,31,828,-4349,1405,12.878800704
7969,32,865,1181,1758,12.879988128
7969,33,811,-532,4857,12.881175552
7969,34,720,-392,3393,12.882362976
7969,35,649,651,3648,12.883550400
7969,36,-50,1770,4064,12.884737824
7969,37,-38,-413,3746,12.885925248
7969,38,-709,-4975,705,12.887112672
7969,39,73,-18136,1429,12.888300096
7969,40,-274,-17970,2760,12.889487520
7969,41,-589,-3773,2284,12.890674944
7969,42,-639,-273,3742,12.891862368
7969,43,-512,-640,2834,12.893049792
7969,44,-51,-750,1512,12.894237216
7969,45,34,-1038,2809,12.895424640
7969,46,228,701,2009,12.896612064
7969,47,-45,-1175,4499,12.897799488
7969,48,278,-601,1905,12.898986912
7969,49,231,646,2094,12.900174336
7969,50,-177,220,1201,12.901361760
7969,51,-228,-795,-1303,12.902549184
7969,52,-658,-1903,-1363,12.903736608
7969,53,-924,-2130,-1542,12.904924032
7969,54,-335,-8532,-3077,12.906111456
7969,55,-970,-15305,-4168,12.907298880
7969,56,-628,-13529,-2471,12.908486304
7969,57,-643,-6503,-2456,12.909673728
7969,58,-565,-2485,-2141,12.910861152
7969,59,-174,-7774,-2851,12.912048576
7969,60,156,-11533,-2078,12.913236000
7969,61,344,-4876,-806,12.914423424
7969,62,651,2266,-1226,12.915610848
7969,63,186,403,-106,12.916798272
7969,64,980,908,-1837,12.917985696
7970,1,733,1925,-2017,12.919173120
7970,2,533,1382,-863,12.920360544
7970,3,182,405,-1537,12.921547968
7970,4,-615,-1298,-2290,12.922735392
7970,5,137,-2602,-2875,12.923922816
7970,6,-51,-4525,-2761,12.925110240
7970,7,-154,-2516,-2065,12.926297664
7970,8,27,-2054,-1124,12.927485088
7970,9,50,-6035,-1501,12.928672512
7970,10,475,-8424,-484,12.929859936
7970,11,434,-6242,1439,12.931047360
7970,12,552,-4524,2220,12.932234784
7970,13,952,-7872,2388,12.933422208
7970,14,997,-5364,1620,12.934609632
7970,15,700,-3860,1454,12.935797056
7970,16,725,-7274,2122,12.936984480
7970,17,198,-6375,2192,12.938171904
7970,18,67,-5086,1553,12.939359328
7970,19,-224,-5468,740,12.940546752
7970,20,-619,-8599,-706,12.941734176
7970,21,-488,-9525,424,12.942921600
7970,22,-845,-4470,1457,12.944109024
7970,23,-795,-1568,1600,12.945296448
7970,24,-630,-5283,882,12.946483872
7970,25,-203,-6328,1040,12.947671296
7970,26,145,-2621,2530,12.948858720
7970,27,59,-4498,2658,12.950046144
7970,28,145,-7183,2458,12.951233568
7970,29,83,-5011,1852,12.952420992
7970,30,105,-5623,963,12.953608416
7970,31,190,-13064,1311,12.954795840
7970,32,33,-11495,131,12.955983264
7970,33,-297,-5149,-604,12.957170688
7970,34,-278,-6246,-1383,12.958358112
7970,35,-648,-7936,-2186,12.959545536
7970,36,-472,-5967,-1334,12.960732960
7970,37,-334,-5996,-621,12.961920384
7970,38,-152,-7282,-441,12.963107808
7970,39,2,-4604,-379,12.964295232
7970,40,-77,-583,141,12.965482656
7970,41,294,-1190,1604,12.966670080
7970,42,609,-368,1576,12.967857504
7970,43,587,161,1807,12.969044928
7970,44,810,-2895,637,12.970232352
7970,45,615,-2222,550,12.971419776
7970,46,759,2143,993,12.972607200
7970,47,-186,2293,531,12.973794624
7970,48,365,-230,-1308,12.974982048
7970,49,-535,2199,-3523,12.976169472
7970,50,-92,2110,-2817,12.977356896
7970,51,-640,-607,-2536,12.978544320
7970,52,119,-4193,-3873,12.979731744
7970,53,-449,-12223,-3093,12.980919168
7970,54,40,-13283,-3128,12.982106592
7970,55,101,-6321,-1868,12.983294016
7970,56,294,-755,-448,12.984481440
7970,57,369,-2039,617,12.985668864
7970,58,434,-3765,349,12.986856288
7970,59,417,-3891,548,12.988043712
7970,60,461,-5247,350,12.989231136
7970,61,532,-6642,908,12.990418560
7970,62,224,-8221,-489,12.991605984
7970,63,-215,-13529,-1721,12.992793408
7970,64,-584,-14402,-1829,12.993980832
7971,1,-883,-5402,-2181,12.995168256
7971,2,-779,-5723,-1035,12.996355680
7971,3,-705,-10595,-1467,12.997543104
7971,4,-700,-9177,-757,12.998730528
7971,5,-434,-5131,42,12.999917952
7971,6,-436,-2312,1038,13.001105376
7971,7,32,-2744,2120,13.002292800
7971,8,343,-1422,2981,13.003480224
7971,9,515,-637,3104,13.004667648
7971,10,538,-2817,3443,13.005855072
7971,11,222,-5076,3164,13.007042496
7971,12,369,-6400,2708,13.008229920
7971,13,270,-6773,3455,13.009417344
7971,14,241,-1950,2480,13.010604768
7971,15,22,503,2062,13.011792192
7971,16,-162,-306,2161,13.012979616
7971,17,-335,1037,885,13.014167040
7971,18,-580,1797,1877,13.015354464
7971,19,-332,1302,2110,13.016541888
7971,20,4,2101,2473,13.017729312
7971,21,342,3028,1982,13.018916736
7971,22,147,2002,2287,13.020104160
7971,23,117,1040,2194,13.021291584
7971,24,179,-98,1764,13.022479008
7971,25,383,-912,1989,13.023666432
7971,26,329,-1119,973,13.024853856
7971,27,290,-740,102,13.026041280
7971,28,9,-31,-245,13.027228704
7971,29,-36,535,-2046,13.028416128
7971,30,-38,-183,-2651,13.029603552
7971,31,-234,2010,-4424,13.030790976
7971,32,-197,2048,-3353,13.031978400
7971,33,-147,291,-3761,13.033165824
7971,34,-119,342,-4106,13.034353248
7971,35,-237,-530,-4700,13.035540672
7971,36,176,-7027,-6421,13.036728096
7971,37,226,-9561,-3854,13.037915520
7971,38,125,-1396,-1910,13.039102944
7971,39,-87,-81,-2597,13.040290368
7971,40,175,-11434,-2901,13.041477792
7971,41,93,-11481,-3331,13.042665216
7971,42,117,-7815,-1798,13.043852640
7971,43,156,-5025,50,13.045040064
7971,44,-205,283,-1004,13.046227488
7971,45,-107,-5143,-3683,13.047414912
7971,46,-74,-20302,-3439,13.048602336
7971,47,-17,-13663,-2022,13.049789760
7971,48,-102,273,156,13.050977184
7971,49,-174,-6227,293,13.052164608
7971,50,139,-16319,-703,13.053352032
7971,51,268,-14506,472,13.054539456
7971,52,113,-10971,2838,13.055726880
7971,53,269,-6153,5023,13.056914304
7971,54,151,-2029,3552,13.058101728
7971,55,307,-6961,2474,13.059289152
7971,56,520,-14258,3661,13.060476576
7971,57,201,-10922,5567,13.061664000
7971,58,316,-7757,5694,13.062851424
7971,59,296,-8072,5557,13.064038848
7971,60,280,-1914,3739,13.065226272
7971,61,1,204,4121,13.066413696
7971,62,-22,-3238,3238,13.067601120
7971,63,395,-11948,3835,13.068788544
7971,64,267,-10741,1229,13.069975968
7972,1,31,-6504,1404,13.071163392
7972,2,-58,-4268,2667,13.072350816
7972,3,-149,-4698,1558,13.073538240
7972,4,-88,-11888,1441,13.074725664
7972,5,-157,-7816,479,13.075913088
7972,6,-351,2280,-823,13.077100512
7972,7,-224,-925,3502,13.078287936
7972,8,-175,67,1989,13.079475360
7972,9,-243,1874,791,13.080662784
7972,10,-65,1840,-354,13.081850208
7972,11,-234,794,-2608,13.083037632
7972,12,-154,577,-3487,13.084225056
7972,13,-126,-734,-2360,13.085412480
7972,14,-9,-1299,-4958,13.086599904
7972,15,-215,-5526,-3862,13.087787328
7972,16,-196,-9989,-5722,13.088974752
7972,17,105,-2155,-4949,13.090162176
7972,18,-251,3573,-4032,13.091349600
7972,19,-241,1682,-2683,13.092537024
7972,20,-197,931,-3999,13.093724448
7972,21,-6,-330,-3459,13.094911872
7972,22,6,-272,-1551,13.096099296
7972,23,116,-2871,-2034,13.097286720
7972,24,22,-580,-1411,13.098474144
7972,25,222,-285,-2280,13.099661568
7972,26,368,-1989,-1622,13.100848992
7972,27,276,230,-1439,13.102036416
7972,28,341,-3354,-1989,13.103223840
7972,29,455,-10495,-1778,13.104411264
7972,30,322,-7792,-2414,13.105598688
7972,31,161,-5658,-1273,13.106786112
7972,32,-41,-7635,-767,13.107973536
7972,33,16,-2365,724,13.109160960
7972,34,-199,-767,2163,13.110348384
7972,35,124,-5729,1962,13.111535808
7972,36,-18,-4529,2958,13.112723232
7972,37,-42,-2453,3684,13.113910656
7972,38,295,-7078,4238,13.115098080
7972,39,217,-8601,4043,13.116285504
7972,40,303,-4630,3599,13.117472928
7972,41,274,-3627,3451,13.118660352
7972,42,252,-3467,3264,13.119847776
7972,43,129,-2928,3247,13.121035200
7972,44,49,-3821,2713,13.122222624
7972,45,-38,-4251,2037,13.123410048
7972,46,-181,-3427,1901,13.124597472
7972,47,-342,-4090,1903,13.125784896
7972,48,-278,-8256,1617,13.126972320
7972,49,-341,-11119,1706,13.128159744
7972,50,-453,-8056,2731,13.129347168
7972,51,-348,-4837,2445,13.130534592
7972,52,-225,-5159,3041,13.131722016
7972,53,-109,-2255,2514,13.132909440
7972,54,-390,-6071,980,13.134096864
7972,55,-111,-14700,396,13.135284288
7972,56,-16,-9649,533,13.136471712
7972,57,141,-798,308,13.137659136
7972,58,110,-1809,-90,13.138846560
7972,59,-114,-2865,-2356,13.140033984
7972,60,-286,-3669,-3785,13.141221408
7972,61,-27,-7446,-3021,13.142408832
7972,62,-29,-2807,-2581,13.143596256
7972,63,-241,-65,-2137,13.144783680
7972,64,-84,-5870,-2582,13.145971104
7973,1,-85,-3674,-2621,13.147158528
7973,2,-195,-1255,-2897,13.148345952
7973,3,155,-6297,-2169,13.149533376
7973,4,279,-1022,-2004,13.150720800
7973,5,492,4298,-1712,13.151908224
7973,6,346,1863,-173,13.153095648
7973,7,497,1277,-2688,13.154283072
7973,8,388,1801,-2884,13.155470496
7973,9,202,-1231,-2251,13.156657920
7973,10,635,-13941,-2962,13.157845344
7973,11,269,-11520,-1418,13.159032768
7973,12,101,2737,-4575,13.160220192
7973,13,-171,-1576,-472,13.161407616
7973,14,-485,-4101,-5506,13.162595040
7973,15,109,-3744,-833,13.163782464
7973,16,12,-685,1589,13.164969888
7973,17,-172,-2842,1844,13.166157312
7973,18,-106,-8104,2311,13.167344736
7973,19,-75,-9272,1766,13.168532160
7973,20,126,-13373,3196,13.169719584
7973,21,205,-8249,2448,13.170907008
7973,22,20,-411,2197,13.172094432
7973,23,158,-3659,1953,13.173281856
7973,24,-117,-11104,1443,13.174469280
7973,25,-186,-6245,2698,13.175656704
7973,26,-325,-4426,3120,13.176844128
7973,27,-87,-5456,2611,13.178031552
7973,28,-110,-118,1330,13.179218976
7973,29,-289,734,2589,13.180406400
7973,30,-402,533,2081,13.181593824
7973,31,-194,-42,2929,13.182781248
7973,32,-39,-203,3711,13.183968672
7973,33,148,71,3132,13.185156096
7973,34,149,482,3337,13.186343520
7973,35,-46,292,3453,13.187530944
7973,36,71,-1201,3103,13.188718368
7973,37,251,-2068,1351,13.189905792
7973,38,40,-5752,-78,13.191093216
7973,39,-68,-11999,901,13.192280640
7973,40,45,-10677,-578,13.193468064
7973,41,252,-2696,-631,13.194655488
7973,42,57,-661,-1130,13.195842912
7973,43,115,-3745,-2459,13.197030336
7973,44,216,-4097,-2617,13.198217760
7973,45,188,-1926,-2409,13.199405184
7973,46,389,-5835,-2064,13.200592608
7973,47,214,-6898,-2075,13.201780032
7973,48,55,-5251,-1859,13.202967456
7973,49,368,-4550,-1698,13.204154880
7973,50,147,-666,-1683,13.205342304
7973,51,-49,-1656,-3160,13.206529728
7973,52,79,-9209,-2933,13.207717152
7973,53,-83,-8805,-3596,13.208904576
7973,54,-10,-5817,-3758,13.210092000
7973,55,71,-8685,-3307,13.211279424
7973,56,87,-3758,-3682,13.212466848
7973,57,-47,-1372,-4645,13.213654272
7973,58,120,-16269,-4933,13.214841696
7973,59,427,-12320,-3405,13.216029120
7973,60,235,2231,-2006,13.217216544
7973,61,516,-1476,2276,13.218403968
7973,62,140,-2021,-2566,13.219591392
7973,63,173,-729,-427,13.220778816
7973,64,-157,-651,840,13.221966240
7974,1,270,-5957,458,13.223153664
7974,2,-363,-11529,2310,13.224341088
7974,3,-70,-10657,2488,13.225528512
7974,4,-305,-6491,2261,13.226715936
7974,5,-400,-7742,2725,13.227903360
7974,6,-349,-6748,2695,13.229090784
7974,7,-294,-2190,3601,13.230278208
7974,8,10,-4608,3258,13.231465632
7974,9,-42,-10073,3186,13.232653056
7974,10,-58,-10915,3570,13.233840480
7974,11,-10,-10544,3209,13.235027904
7974,12,115,-11963,3707,13.236215328
7974,13,-124,-5924,2816,13.237402752
7974,14,-174,-2631,3241,13.238590176
7974,15,19,-8974,3354,13.239777600
7974,16,-56,-5170,4042,13.240965024
7974,17,-69,55,3668,13.242152448
7974,18,-245,-1214,3845,13.243339872
7974,19,-423,-46,1029,13.244527296
7974,20,-182,188,1222,13.245714720
7974,21,457,-586,282,13.246902144
7974,22,-175,-7492,295,13.248089568
7974,23,142,-8006,-859,13.249276992
7974,24,107,-2636,-1319,13.250464416
7974,25,253,528,-1427,13.251651840
7974,26,597,920,-1373,13.252839264
7974,27,587,1047,-2418,13.254026688
7974,28,622,736,-2078,13.255214112
7974,29,486,808,-2552,13.256401536
7974,30,-162,1214,-1947,13.257588960
7974,31,-71,1607,-1725,13.258776384
7974,32,-94,-901,-3119,13.259963808
7974,33,43,-3685,-3697,13.261151232
7974,34,-235,-4806,-4378,13.262338656
7974,35,-114,-4050,-3777,13.263526080
7974,36,-300,-1995,-2838,13.264713504
7974,37,-139,-463,-3079,13.265900928
7974,38,-200,-6863,-3140,13.267088352
7974,39,343,-6658,-3625,13.268275776
7974,40,185,-616,-3002,13.269463200
7974,41,298,-5873,-2545,13.270650624
7974,42,405,-10964,-1908,13.271838048
7974,43,229,-5025,-877,13.273025472
7974,44,160,1003,-420,13.274212896
7974,45,139,-224,1392,13.275400320
7974,46,-195,631,789,13.276587744
7974,47,-476,482,455,13.277775168
7974,48,-206,-1726,975,13.278962592
7974,49,-697,-3243,1573,13.280150016
7974,50,-559,-3039,1886,13.281337440
7974,51,-549,-3617,2321,13.282524864
7974,52,-359,-3626,1296,13.283712288
7974,53,-36,-6773,823,13.284899712
7974,54,-129,-9189,2100,13.286087136
7974,55,104,-3344,2956,13.287274560
7974,56,381,-2846,3844,13.288461984
7974,57,166,-13192,2191,13.289649408
7974,58,573,-16332,2405,13.290836832
7974,59,233,-5123,3234,13.292024256
7974,60,139,-1281,4549,13.293211680
7974,61,-14,-4682,4244,13.294399104
7974,62,-191,-3262,3229,13.295586528
7974,63,-262,-1026,3732,13.296773952
7974,64,-153,-1526,2741,13.297961376
7975,1,-326,-1704,2343,13.299148800
7975,2,-166,-1500,1878,13.300336224
7975,3,-191,-1272,764,13.301523648
7975,4,-229,-1245,766,13.302711072
7975,5,161,-1109,-244,13.303898496
7975,6,138,-4633,-960,13.305085920
7975,7,514,-8359,-2100,13.306273344
7975,8,156,-8798,-1001,13.307460768
7975,9,126,-4863,-736,13.308648192
7975,10,443,-4379,-507,13.309835616
7975,11,596,-4481,-211,13.311023040
7975,12,277,476,-1879,13.312210464
7975,13,344,828,-2191,13.313397888
7975,14,13,70,-916,13.314585312
7975,15,318,1535,-2951,13.315772736
7975,16,203,1709,-1269,13.316960160
7975,17,-148,3835,-2991,13.318147584
7975,18,22,2569,-3275,13.319335008
7975,19,-69,1122,-3159,13.320522432
7975,20,-248,1274,-3918,13.321709856
7975,21,94,-362,-2982,13.322897280
7975,22,-312,-10127,-3260,13.324084704
7975,23,-25,-12309,-3472,13.325272128
7975,24,-187,-8639,-3262,13.326459552
7975,25,-202,-4943,-1545,13.327646976
7975,26,-148,-1404,-2864,13.328834400
7975,27,-100,-9438,-1863,13.330021824
7975,28,275,-14620,-960,13.331209248
7975,29,161,-8007,-47,13.332396672
7975,30,38,-6591,1457,13.333584096
7975,31,245,-13822,121,13.334771520
7975,32,317,-16158,-449,13.335958944
7975,33,198,-9455,-416,13.337146368
7975,34,70,-3323,-268,13.338333792
7975,35,-271,-5084,68,13.339521216
7975,36,-192,-10224,338,13.340708640
7975,37,-55,-10797,1063,13.341896064
7975,38,-132,-7141,1994,13.343083488
7975,39,-261,-9432,2440,13.344270912
7975,40,11,-11275,2712,13.345458336
7975,41,-18,-7005,3442,13.346645760
7975,42,76,-2459,4224,13.347833184
7975,43,176,-2437,4781,13.349020608
7975,44,247,-2486,5104,13.350208032
7975,45,493,-1881,5241,13.351395456
7975,46,517,-1812,4211,13.352582880
7975,47,337,-1611,3267,13.353770304
7975,48,-327,-3889,2266,13.354957728
7975,49,705,-11725,1229,13.356145152
7975,50,215,-16318,158,13.357332576
7975,51,-154,-12453,277,13.358520000
7975,52,-221,-4306,1401,13.359707424
7975,53,-276,827,387,13.360894848
7975,54,-53,-1500,1210,13.362082272
7975,55,-419,-7309,623,13.363269696
7975,56,-2,-2176,-47,13.364457120
7975,57,-121,1235,1744,13.365644544
7975,58,237,-1947,2421,13.366831968
7975,59,365,477,554,13.368019392
7975,60,361,3067,423,13.369206816
7975,61,311,2184,-262,13.370394240
7975,62,341,1318,-2312,13.371581664
7975,63,143,2364,-2480,13.372769088
7975,64,129,3098,-3164,13.373956512
7976,1,-66,2681,-4386,13.375143936
7976,2,-483,2346,-5188,13.376331360
7976,3,-725,2493,-6595,13.377518784
7976,4,-742,1537,-5175,13.378706208
7976,5,-816,880,-5013,13.379893632
7976,6,-600,-349,-3998,13.381081056
7976,7,191,-8006,-6103,13.382268480
7976,8,218,-14329,-4218,13.383455904
7976,9,131,-7438,-782,13.384643328
7976,10,91,-706,-870,13.385830752
7976,11,540,-5210,399,13.387018176
7976,12,836,-5689,75,13.388205600
7976,13,546,812,-184,13.389393024
7976,14,581,-2939,-54,13.390580448
7976,15,81,-6012,-295,13.391767872
7976,16,-292,-3075,-1894,13.392955296
7976,17,-203,-6150,-1385,13.394142720
7976,18,-623,-7565,-531,13.395330144
7976,19,-814,-3574,-270,13.396517568
7976,20,-842,-8219,1392,13.397704992
7976,21,-437,-13276,1849,13.398892416
7976,22,-26,-6267,2950,13.400079840
7976,23,-72,-4351,3777,13.401267264
7976,24,432,-6333,5037,13.402454688
7976,25,542,-3962,4914,13.403642112
7976,26,804,-4156,5254,13.404829536
7976,27,665,-8359,5324,13.406016960
7976,28,730,-5853,4858,13.407204384
7976,29,433,-7966,4712,13.408391808
7976,30,339,-14417,2601,13.409579232
7976,31,-160,-10604,1804,13.410766656
7976,32,-394,-5732,1873,13.411954080
7976,33,-287,-5762,1973,13.413141504
7976,34,-326,-5109,1851,13.414328928
7976,35,-395,-5649,1308,13.415516352
7976,36,-290,-6739,1179,13.416703776
7976,37,-186,-3032,1868,13.417891200
7976,38,292,-724,2475,13.419078624
7976,39,294,-3874,1754,13.420266048
7976,40,253,-9436,845,13.421453472
7976,41,247,-8952,915,13.422640896
7976,42,253,-5810,1071,13.423828320
7976,43,443,-2921,657,13.425015744
7976,44,269,449,-1094,13.426203168
7976,45,-275,1324,-3106,13.427390592
7976,46,-268,-1930,-4438,13.428578016
7976,47,-345,-577,-4630,13.429765440
7976,48,-829,1973,-4069,13.430952864
7976,49,-735,1091,-4074,13.432140288
7976,50,-374,119,-5196,13.433327712
7976,51,-734,663,-5303,13.434515136
7976,52,190,-5058,-5861,13.435702560
7976,53,277,-7959,-3259,13.436889984
7976,54,215,2038,-2209,13.438077408
7976,55,340,1803,218,13.439264832
7976,56,430,268,275,13.440452256
7976,57,895,1872,-1914,13.441639680
7976,58,144,1721,491,13.442827104
7976,59,318,-1169,-2099,13.444014528
7976,60,-69,-3741,-1043,13.445201952
7976,61,-90,-5931,-2710,13.446389376
7976,62,115,-9879,-1406,13.447576800
7976,63,-248,-1927,-644,13.448764224
7976,64,-620,2415,-1834,13.449951648
7977,1,-503,-834,903,13.451139072
7977,2,-361,1283,-1264,13.452326496
7977,3,-8,2187,631,13.453513920
7977,4,47,-145,4019,13.454701344
7977,5,64,-74,2712,13.455888768
7977,6,390,-899,4882,13.457076192
7977,7,362,-182,3086,13.458263616
7977,8,214,-1034,4721,13.459451040
7977,9,534,-2923,1633,13.460638464
7977,10,4,-7252,3663,13.461825888
7977,11,150,-7019,3455,13.463013312
7977,12,-161,-9918,1562,13.464200736
7977,13,-24,-7868,2265,13.465388160
7977,14,-17,-4834,1513,13.466575584
7977,15,33,-8944,589,13.467763008
7977,16,-131,-15325,868,13.468950432
7977,17,-175,-6514,604,13.470137856
7977,18,-171,-543,1880,13.471325280
7977,19,397,-3515,2256,13.472512704
7977,20,47,-1816,1789,13.473700128
7977,21,233,513,2107,13.474887552
7977,22,229,-2299,2526,13.476074976
7977,23,187,-4585,1052,13.477262400
7977,24,343,-7143,1520,13.478449824
7977,25,120,-9465,340,13.479637248
7977,26,-55,-7617,-1590,13.480824672
7977,27,90,-9139,-3508,13.482012096
7977,28,-79,-15102,-3280,13.483199520
7977,29,102,-12797,-4160,13.484386944
7977,30,-57,-11191,-3415,13.485574368
7977,31,34,-13297,-3751,13.486761792
7977,32,144,-7014,-3114,13.487949216
7977,33,64,-2086,-3070,13.489136640
7977,34,287,-6216,-2721,13.490324064
7977,35,318,-8441,-2111,13.491511488
7977,36,416,-3112,-1896,13.492698912
7977,37,375,-4452,-808,13.493886336
7977,38,334,-6690,-434,13.495073760
7977,39,-140,-3746,-738,13.496261184
7977,40,46,-8333,-1949,13.497448608
7977,41,84,-12199,-2286,13.498636032
7977,42,-174,-8770,-2748,13.499823456
7977,43,-218,-7649,-1705,13.501010880
7977,44,-528,-10669,-1988,13.502198304
7977,45,-205,-11659,-1472,13.503385728
7977,46,-158,-6993,-1259,13.504573152
7977,47,-68,-5241,-1327,13.505760576
7977,48,128,-6429,-12,13.506948000
7977,49,12,-4186,998,13.508135424
7977,50,322,-1099,2767,13.509322848
7977,51,183,-3505,3591,13.510510272
7977,52,255,-5514,2775,13.511697696
7977,53,271,-4033,2959,13.512885120
7977,54,308,-2491,2609,13.514072544
7977,55,-112,-1909,3190,13.515259968
7977,56,-151,-4817,2214,13.516447392
7977,57,-443,-9894,2010,13.517634816
7977,58,-234,-8473,2547,13.518822240
7977,59,-270,-3629,1795,13.520009664
7977,60,-460,-1104,2662,13.521197088
7977,61,-257,-142,1786,13.522384512
7977,62,7,395,1998,13.523571936
7977,63,415,1390,2628,13.524759360
7977,64,-37,4689,4078,13.525946784
7978,1,1024,4128,2824,13.527134208
7978,2,337,733,2984,13.528321632
7978,3,241,5967,2567,13.529509056
7978,4,-41,12448,2461,13.530696480
7978,5,-14,4113,822,13.531883904
7978,6,-31,222,469,13.533071328
7978,7,-540,1443,-1990,13.534258752
7978,8,-322,-260,-951,13.535446176
7978,9,-948,228,-1826,13.536633600
7978,10,-717,3086,-2494,13.537821024
7978,11,-282,2854,-1241,13.539008448
7978,12,141,4224,-2719,13.540195872
7978,13,135,2235,-1645,13.541383296
7978,14,217,-109,-1590,13.542570720
7978,15,571,424,-1660,13.543758144
7978,16,511,-93,-1377,13.544945568
7978,17,313,253,-1677,13.546132992
7978,18,836,-659,-1250,13.547320416
7978,19,-298,-13312,-10270,13.548507840
7978,20,71,-27053,-2654,13.549695264
7978,21,-314,-10178,-1402,13.550882688
7978,22,-863,4902,54,13.552070112
7978,23,-503,-5539,-773,13.553257536
7978,24,-265,-18067,-3699,13.554444960
7978,25,-607,-8103,-3692,13.555632384
7978,26,-412,-2212,-2433,13.556819808
7978,27,-389,-3438,20,13.558007232
7978,28,-18,-5369,-2170,13.559194656
7978,29,737,-10370,-587,13.560382080
7978,30,760,-13457,213,13.561569504
7978,31,736,-5213,1841,13.562756928
7978,32,113,-1907,3445,13.563944352
7978,33,836,-5451,1140,13.565131776
7978,34,309,-10636,627,13.566319200
7978,35,18,-8682,510,13.567506624
7978,36,-196,-9462,4384,13.568694048
7978,37,-358,-6903,2608,13.569881472
7978,38,-742,-3168,2736,13.571068896
7978,39,-186,-9111,2179,13.572256320
7978,40,-274,-10222,2731,13.573443744
7978,41,-40,-8422,5129,13.574631168
7978,42,235,-11262,4671,13.575818592
7978,43,120,-11478,4269,13.577006016
7978,44,525,-1702,4472,13.578193440
7978,45,125,936,5342,13.579380864
7978,46,970,-3248,6275,13.580568288
7978,47,210,-3395,4397,13.581755712
7978,48,-176,-3941,3728,13.582943136
7978,49,-231,-5165,2544,13.584130560
7978,50,-345,-3125,3579,13.585317984
7978,51,-287,-303,2265,13.586505408
7978,52,-885,-674,796,13.587692832
7978,53,-771,-2850,-2256,13.588880256
7978,54,-640,-10446,-2873,13.590067680
7978,55,-187,-10888,-1951,13.591255104
7978,56,54,-3198,-947,13.592442528
7978,57,29,62,-1997,13.593629952
7978,58,283,-2980,-3877,13.594817376
7978,59,651,-2597,-2716,13.596004800
7978,60,804,903,-2544,13.597192224
7978,61,589,1229,-808,13.598379648
7978,62,556,1213,-3109,13.599567072
7978,63,457,1857,-3811,13.600754496
7978,64,25,3570,-3266,13.601941920
7979,1,-60,3248,-4234,13.603129344
7979,2,-724,2575,-3511,13.604316768
7979,3,-398,1423,-6252,13.605504192
7979,4,-452,-32,-5151,13.606691616
7979,5,-378,-209,-4954,13.607879040
7979,6,-424,156,-4103,13.609066464
7979,7,-206,-910,-2987,13.610253888
7979,8,327,-900,-3835,13.611441312
7979,9,399,-401,-2403,13.612628736
7979,10,395,1164,-2217,13.613816160
7979,11,770,1607,895,13.615003584
7979,12,710,51,2135,13.616191008
7979,13,967,-538,1707,13.617378432
7979,14,702,-1265,1489,13.618565856
7979,15,-234,-8313,-1581,13.619753280
7979,16,51,-11816,566,13.620940704
7979,17,-324,-3199,3450,13.622128128
7979,18,-327,-992,3152,13.623315552
7979,19,-948,-1400,3508,13.624502976
7979,20,-803,-2785,2289,13.625690400
7979,21,-240,-3281,2182,13.626877824
7979,22,-556,-11616,2552,13.628065248
7979,23,-215,-14668,4303,13.629252672
7979,24,141,-4316,3952,13.630440096
7979,25,688,-1825,5070,13.631627520
7979,26,437,-10144,3645,13.632814944
7979,27,697,-10359,3890,13.634002368
7979,28,39,-4059,5140,13.635189792
7979,29,312,-6832,2377,13.636377216
7979,30,198,-12842,2033,13.637564640
7979,31,-58,-12581,1638,13.638752064
7979,32,186,-14335,1707,13.639939488
7979,33,-319,-12507,-87,13.641126912
7979,34,-814,-10105,-1111,13.642314336
7979,35,-85,-15226,-2837,13.643501760
7979,36,95,-16108,-1691,13.644689184
7979,37,365,-13138,-1217,13.645876608
7979,38,298,-13302,-1068,13.647064032
7979,39,265,-15032,-1741,13.648251456
7979,40,967,-8712,-2121,13.649438880
7979,41,848,-5839,-721,13.650626304
7979,42,961,-6158,-202,13.651813728
7979,43,643,-2711,133,13.653001152
7979,44,364,-652,-969,13.654188576
7979,45,118,-1779,-941,13.655376000
7979,46,-197,-1355,-2335,13.656563424
7979,47,-541,473,-1418,13.657750848
7979,48,240,-4388,-3956,13.658938272
7979,49,-117,-9150,-3933,13.660125696
7979,50,-323,-4585,-2975,13.661313120
7979,51,-438,-1991,-3456,13.662500544
7979,52,-232,-3918,-786,13.663687968
7979,53,379,201,-2249,13.664875392
7979,54,286,2975,-1526,13.666062816
7979,55,306,-1988,-783,13.667250240
7979,56,465,-1531,57,13.668437664
7979,57,73,-754,1631,13.669625088
7979,58,507,-2186,1716,13.670812512
7979,59,-141,-1405,601,13.671999936
7979,60,-282,-1055,408,13.673187360
7979,61,-23,-2006,1018,13.674374784
7979,62,-848,41,550,13.675562208
7979,63,-1137,1903,1645,13.676749632
7979,64,-673,420,1003,13.677937056
7980,1,-1238,1509,222,13.679124480
7980,2,-195,4178,1792,13.680311904
7980,3,-465,2416,1743,13.681499328
7980,4,-30,-449,1025,13.682686752
7980,5,171,-1574,447,13.683874176
7980,6,-7,-2132,1914,13.685061600
7980,7,1463,-9668,220,13.686249024
7980,8,-135,-24958,4459,13.687436448
7980,9,680,-18867,443,13.688623872
7980,10,-65,-1276,851,13.689811296
7980,11,563,-1741,1626,13.690998720
7980,12,7,-582,-2201,13.692186144
7980,13,53,1438,-443,13.693373568
7980,14,-201,-705,3479,13.694560992
7980,15,-599,-555,431,13.695748416
7980,16,-292,323,5,13.696935840
7980,17,-179,-276,1290,13.698123264
7980,18,-115,1609,353,13.699310688
7980,19,-266,-76,711,13.700498112
7980,20,-191,-3402,-565,13.701685536
7980,21,524,-2568,-1205,13.702872960
7980,22,204,-11255,-1721,13.704060384
7980,23,642,-15833,-108,13.705247808
7980,24,253,-6107,2922,13.706435232
7980,25,648,295,2634,13.707622656
7980,26,464,-3264,1105,13.708810080
7980,27,436,-8985,88,13.709997504
7980,28,214,-6563,-1932,13.711184928
7980,29,349,-9399,-749,13.712372352
7980,30,363,-9109,-1026,13.713559776
7980,31,-452,-4655,-2266,13.714747200
7980,32,-268,-7180,-3539,13.715934624
7980,33,-366,-7641,-2667,13.717122048
7980,34,-323,-2762,-2151,13.718309472
7980,35,-595,-1826,-571,13.719496896
7980,36,-755,-3299,-1292,13.720684320
7980,37,-348,-2963,-695,13.721871744
7980,38,-297,-2432,-85,13.723059168
7980,39,-238,-2755,8,13.724246592
7980,40,44,-1162,582,13.725434016
7980,41,-211,390,-1089,13.726621440
7980,42,253,-1163,1330,13.727808864
7980,43,216,-2171,444,13.728996288
7980,44,-342,-8314,3,13.730183712
7980,45,1,-13371,-2375,13.731371136
7980,46,-258,-8655,-2039,13.732558560
7980,47,-190,-638,-1205,13.733745984
7980,48,-709,-1368,-320,13.734933408
7980,49,-776,-3708,337,13.736120832
7980,50,-462,-1543,135,13.737308256
7980,51,-562,-2473,-311,13.738495680
7980,52,-166,-5339,1203,13.739683104
7980,53,-95,-4932,3212,13.740870528
7980,54,432,-2787,3292,13.742057952
7980,55,120,-7160,3368,13.743245376
7980,56,545,-4771,1971,13.744432800
7980,57,239,-103,2463,13.745620224
7980,58,1006,-3210,3988,13.746807648
7980,59,514,-2545,2658,13.747995072
7980,60,465,-6000,1619,13.749182496
7980,61,536,-10878,-813,13.750369920
7980,62,243,-6773,-369,13.751557344
7980,63,105,-1723,698,13.752744768
7980,64,-244,-2559,89,13.753932192
7981,1,35,-7508,-2420,13.755119616
7981,2,316,-6351,-1571,13.756307040
7981,3,168,-2537,293,13.757494464
7981,4,137,631,-2,13.758681888
7981,5,215,-531,2244,13.759869312
7981,6,688,-732,235,13.761056736
7981,7,650,-6694,-451,13.762244160
7981,8,715,-6493,-1016,13.763431584
7981,9,539,233,27,13.764619008
7981,10,641,-1099,-110,13.765806432
7981,11,249,-2741,-2241,13.766993856
7981,12,196,-4305,-2917,13.768181280
7981,13,-153,-5642,-3848,13.769368704
7981,14,-74,-4343,-3165,13.770556128
7981,15,-413,-2777,-3002,13.771743552
7981,16,-576,-5076,-2718,13.772930976
7981,17,-687,-6131,-2549,13.774118400
7981,18,-483,-1333,-1424,13.775305824
7981,19,-376,176,-286,13.776493248
7981,20,-187,-1131,-340,13.777680672
7981,21,-17,-1110,-221,13.778868096
7981,22,-94,-442,482,13.780055520
7981,23,222,23,1813,13.781242944
7981,24,44,-1193,1189,13.782430368
7981,25,81,-2774,917,13.783617792
7981,26,-9,-1274,10,13.784805216
7981,27,-445,-5769,-472,13.785992640
7981,28,-302,-7289,-216,13.787180064
7981,29,-429,836,-554,13.788367488
7981,30,-580,-99,2262,13.789554912
7981,31,-977,-2084,-457,13.790742336
7981,32,-291,-6894,-918,13.791929760
7981,33,-169,-5446,1874,13.793117184
7981,34,-85,-1228,3257,13.794304608
7981,35,-50,-740,3840,13.795492032
7981,36,220,-183,3531,13.796679456
7981,37,365,39,3548,13.797866880
7981,38,472,-3678,826,13.799054304
7981,39,707,-16069,1374,13.800241728
7981,40,458,-13243,2383,13.801429152
7981,41,345,-3644,-36,13.802616576
7981,42,379,-6350,582,13.803804000
7981,43,-40,-12576,-2166,13.804991424
7981,44,48,-15700,-1832,13.806178848
7981,45,213,-10015,-330,13.807366272
7981,46,-60,-790,-1383,13.808553696
7981,47,283,-5866,-1973,13.809741120
7981,48,327,-12876,-2169,13.810928544
7981,49,467,-16254,-976,13.812115968
7981,50,784,-12486,-152,13.813303392
7981,51,487,-5671,241,13.814490816
7981,52,1104,-2745,-750,13.815678240
7981,53,704,-10786,-757,13.816865664
7981,54,547,-10041,-398,13.818053088
7981,55,190,50,66,13.819240512
7981,56,-102,-1798,-936,13.820427936
7981,57,131,-3885,-2385,13.821615360
7981,58,-154,-1992,-2175,13.822802784
7981,59,-382,-496,-1481,13.823990208
7981,60,-335,-5198,-1139,13.825177632
7981,61,-297,-2948,-1853,13.826365056
7981,62,-270,735,-68,13.827552480
7981,63,-127,-1193,-390,13.828739904
7981,64,-138,-2095,1078,13.829927328
7982,1,98,200,1523,13.831114752
7982,2,101,98,2335,13.832302176
7982,3,-123,-1707,1914,13.833489600
7982,4,-313,-2786,1232,13.834677024
7982,5,-324,-6372,1772,13.835864448
7982,6,-175,-9626,2126,13.837051872
7982,7,-524,-1828,1974,13.838239296
7982,8,-1026,1267,1030,13.839426720
7982,9,-964,207,1765,13.840614144
7982,10,-760,1296,728,13.841801568
7982,11,-565,1679,961,13.842988992
7982,12,-477,1923,2012,13.844176416
7982,13,-342,1115,358,13.845363840
7982,14,-50,-901,1044,13.846551264
7982,15,195,529,817,13.847738688
7982,16,501,-554,2729,13.848926112
7982,17,-19,-10994,-344,13.850113536
7982,18,235,-11634,-1550,13.851300960
7982,19,255,-8081,-657,13.852488384
7982,20,460,-3687,1218,13.853675808
7982,21,-7,-85,-67,13.854863232
7982,22,41,-9089,-2651,13.856050656
7982,23,187,-13940,-3260,13.857238080
7982,24,79,-2551,-2375,13.858425504
7982,25,-61,647,113,13.859612928
7982,26,176,-4395,-1821,13.860800352
7982,27,481,-6972,-1557,13.861987776
7982,28,762,-6397,-3340,13.863175200
7982,29,647,-8429,-1438,13.864362624
7982,30,550,-5624,-1419,13.865550048
7982,31,650,-10453,-610,13.866737472
7982,32,869,-15686,-652,13.867924896
7982,33,395,-7703,-835,13.869112320
7982,34,143,-2237,83,13.870299744
7982,35,130,-5809,1005,13.871487168
7982,36,-62,-3219,32,13.872674592
7982,37,27,700,409,13.873862016
7982,38,-426,-851,66,13.875049440
7982,39,32,-3848,905,13.876236864
7982,40,-149,-2792,839,13.877424288
7982,41,-213,-8445,-634,13.878611712
7982,42,127,-11872,-88,13.879799136
7982,43,-58,-4753,-694,13.880986560
7982,44,209,-3969,797,13.882173984
7982,45,-35,-11409,1277,13.883361408
7982,46,-104,-4304,964,13.884548832
7982,47,-470,1653,2519,13.885736256
7982,48,-330,-2434,4116,13.886923680
7982,49,-532,354,2006,13.888111104
7982,50,-632,360,3047,13.889298528
7982,51,-833,538,3128,13.890485952
7982,52,-821,-2364,1850,13.891673376
7982,53,-512,-6121,1009,13.892860800
7982,54,-398,-8765,505,13.894048224
7982,55,-269,-5018,242,13.895235648
7982,56,-106,752,570,13.896423072
7982,57,-289,-2279,-511,13.897610496
7982,58,123,-8859,-826,13.898797920
7982,59,-151,-4979,-863,13.899985344
7982,60,-148,-4767,-1260,13.901172768
7982,61,-141,-11178,8,13.902360192
7982,62,-163,-6851,-916,13.903547616
7982,63,-74,-3989,-88,13.904735040
7982,64,-137,-4091,-5,13.905922464
7983,1,-92,-310,-671,13.907109888
7983,2,70,448,797,13.908297312
7983,3,279,-351,-498,13.909484736
7983,4,540,679,-968,13.910672160
7983,5,506,1395,-500,13.911859584
7983,6,707,1173,-1520,13.913047008
7983,7,941,122,-1383,13.914234432
7983,8,653,15,-2616,13.915421856
7983,9,771,60,-2235,13.916609280
7983,10,228,-4134,-2333,13.917796704
7983,11,374,-3661,-1580,13.918984128
7983,12,86,625,-601,13.920171552
7983,13,-89,833,-642,13.921358976
7983,14,0,-817,-254,13.922546400
7983,15,63,-2789,-305,13.923733824
7983,16,283,124,969,13.924921248
7983,17,95,243,1177,13.926108672
7983,18,130,-2723,380,13.927296096
7983,19,358,-5400,-424,13.928483520
7983,20,598,-5307,412,13.929670944
7983,21,618,-354,306,13.930858368
7983,22,361,-2059,-718,13.932045792
7983,23,413,-6910,-1572,13.933233216
7983,24,11,-7448,-1735,13.934420640
7983,25,73,-6223,-55,13.935608064
7983,26,-419,-1516,505,13.936795488
7983,27,-543,135,269,13.937982912
7983,28,-1024,-779,742,13.939170336
7983,29,-788,-293,-201,13.940357760
7983,30,-920,-1433,1231,13.941545184
7983,31,-458,-9809,1553,13.942732608
7983,32,-134,-12749,1692,13.943920032
7983,33,-3,-6066,1226,13.945107456
7983,34,85,-1856,1857,13.946294880
7983,35,21,-4556,-38,13.947482304
7983,36,145,-11382,-75,13.948669728
7983,37,15,-8379,-82,13.949857152
7983,38,83,-451,-901,13.951044576
7983,39,-633,-5301,-334,13.952232000
7983,40,356,-21867,1712,13.953419424
7983,41,-184,-14699,-825,13.954606848
7983,42,-432,-5466,-13,13.955794272
7983,43,-272,-12479,-331,13.956981696
7983,44,-311,-11829,-1135,13.958169120
7983,45,136,-3470,1305,13.959356544
7983,46,279,-1657,3050,13.960543968
7983,47,168,-701,2291,13.961731392
7983,48,768,-592,2790,13.962918816
7983,49,580,-4409,829,13.964106240
7983,50,1157,-6443,371,13.965293664
7983,51,729,-10180,518,13.966481088
7983,52,692,-12674,-741,13.967668512
7983,53,544,-9306,-1265,13.968855936
7983,54,174,-5474,-1964,13.970043360
7983,55,-154,-6794,-2263,13.971230784
7983,56,7,-4362,-1798,13.972418208
7983,57,-111,-162,-629,13.973605632
7983,58,118,-863,-40,13.974793056
7983,59,-191,-736,293,13.975980480
7983,60,-100,-3505,-202,13.977167904
7983,61,603,-8297,1059,13.978355328
7983,62,548,-4417,692,13.979542752
7983,63,430,1236,220,13.980730176
7983,64,497,-1191,456,13.981917600
7984,1,462,-6006,-1534,13.983105024
7984,2,632,-10273,-1176,13.984292448
7984,3,166,-9694,-1707,13.985479872
7984,4,-247,-5994,-1425,13.986667296
7984,5,-390,-1164,-2541,13.987854720
7984,6,-1118,-983,-1623,13.989042144
7984,7,-801,-4328,-2391,13.990229568
7984,8,-1107,-5703,-200,13.991416992
7984,9,-747,-639,-687,13.992604416
7984,10,-461,-1505,288,13.993791840
7984,11,-154,-3369,899,13.994979264
7984,12,-39,600,1411,13.996166688
7984,13,291,-3513,1135,13.997354112
7984,14,166,-11291,1608,13.998541536
7984,15,233,-7241,119,13.999728960
7984,16,2,-9242,627,14.000916384
7984,17,7,-11260,1015,14.002103808
7984,18,-358,-8471,251,14.003291232
7984,19,-541,-8203,-165,14.004478656
7984,20,-690,-5563,-261,14.005666080
7984,21,-483,-351,25,14.006853504
7984,22,-560,399,2297,14.008040928
7984,23,-368,1214,1468,14.009228352
7984,24,-164,1941,1688,14.010415776
7984,25,314,5445,1991,14.011603200
7984,26,557,2797,3184,14.012790624
7984,27,882,829,3989,14.013978048
7984,28,785,498,2635,14.015165472
7984,29,598,-1142,3718,14.016352896
7984,30,429,-2284,1311,14.017540320
7984,31,47,-2511,153,14.018727744
7984,32,-549,-3501,479,14.019915168
7984,33,-112,-18375,273,14.021102592
7984,34,-197,-12277,-528,14.022290016
7984,35,-589,3024,-4117,14.023477440
7984,36,-8,-2176,204,14.024664864
7984,37,-687,1417,-2662,14.025852288
7984,38,293,-3196,-3169,14.027039712
7984,39,664,-9263,-17,14.028227136
7984,40,528,-3193,-1838,14.029414560
7984,41,556,279,1313,14.030601984
7984,42,403,-19,959,14.031789408
7984,43,641,3555,1211,14.032976832
7984,44,-80,2727,1151,14.034164256
7984,45,-141,1867,-3311,14.035351680
7984,46,-552,1423,-1011,14.036539104
7984,47,-578,114,-1690,14.037726528
7984,48,-548,326,-432,14.038913952
7984,49,-967,-1440,-2047,14.040101376
7984,50,-1194,-3236,-3704,14.041288800
7984,51,265,-9553,-4251,14.042476224
7984,52,-572,-10821,-3406,14.043663648
7984,53,443,-10150,243,14.044851072
7984,54,414,-4552,592,14.046038496
7984,55,181,-4100,546,14.047225920
7984,56,853,-12203,334,14.048413344
7984,57,317,-16034,-221,14.049600768
7984,58,541,-6072,1928,14.050788192
7984,59,88,436,3175,14.051975616
7984,60,-567,-3933,1425,14.053163040
7984,61,-295,-14029,-1350,14.054350464
7984,62,-575,-14028,-1553,14.055537888
7984,63,-794,-6057,1808,14.056725312
7984,64,-612,-2610,2518,14.057912736
7985,1,-303,-9310,632,14.059100160
7985,2,201,-13428,485,14.060287584
7985,3,289,-7169,554,14.061475008
7985,4,440,-5665,1865,14.062662432
7985,5,910,-6999,2035,14.063849856
7985,6,1259,-4126,718,14.065037280
7985,7,1169,-4093,1094,14.066224704
7985,8,939,-5448,1078,14.067412128
7985,9,403,-5816,2502,14.068599552
7985,10,91,-5138,1699,14.069786976
7985,11,-115,-3877,412,14.070974400
7985,12,-657,-2264,-355,14.072161824
7985,13,-710,-2081,-792,14.073349248
7985,14,-149,-3755,3,14.074536672
7985,15,-244,-3534,229,14.075724096
7985,16,-51,-6809,-976,14.076911520
7985,17,103,-11704,-1183,14.078098944
7985,18,385,-3832,89,14.079286368
7985,19,560,1783,1347,14.080473792
7985,20,888,-1425,1040,14.081661216
7985,21,640,-423,-609,14.082848640
7985,22,838,983,101,14.084036064
7985,23,395,1440,2223,14.085223488
7985,24,-3,2270,1461,14.086410912
7985,25,-813,1919,389,14.087598336
7985,26,-931,2017,-1916,14.088785760
7985,27,-1156,3741,-1595,14.089973184
7985,28,-978,2941,-1093,14.091160608
7985,29,-951,2014,-1775,14.092348032
7985,30,-917,2466,-1940,14.093535456
7985,31,-604,2110,-1588,14.094722880
7985,32,-166,3168,-778,14.095910304
7985,33,560,4539,-828,14.097097728
7985,34,757,1509,-298,14.098285152
7985,35,1203,-390,-1448,14.099472576
7985,36,898,-1363,-848,14.100660000
7985,37,720,-1647,422,14.101847424
7985,38,883,-2328,215,14.103034848
7985,39,-236,-6581,-1871,14.104222272
7985,40,428,-9248,-1009,14.105409696
7985,41,-326,-3999,-991,14.106597120
7985,42,-304,663,-1402,14.107784544
7985,43,-1205,-1921,-476,14.108971968
7985,44,-1174,-2448,-1256,14.110159392
7985,45,-290,-4775,-2510,14.111346816
7985,46,-374,-17043,-612,14.112534240
7985,47,50,-17654,-559,14.113721664
7985,48,183,-8285,-1169,14.114909088
7985,49,562,-7493,730,14.116096512
7985,50,828,-7747,10,14.117283936
7985,51,1141,-9995,6,14.118471360
7985,52,1023,-13677,1678,14.119658784
7985,53,815,-6002,1116,14.120846208
7985,54,558,-3982,1769,14.122033632
7985,55,161,-14283,249,14.123221056
7985,56,97,-13725,-237,14.124408480
7985,57,-345,-8723,-201,14.125595904
7985,58,-562,-17024,-1063,14.126783328
7985,59,-322,-24079,-723,14.127970752
7985,60,-420,-14576,432,14.129158176
7985,61,20,-9326,1403,14.130345600
7985,62,-54,-13718,2060,14.131533024
7985,63,110,-10613,1392,14.132720448
7985,64,492,-8446,2268,14.133907872
7986,1,742,-4192,3383,14.135095296
7986,2,327,337,3547,14.136282720
7986,3,503,-1228,4713,14.137470144
7986,4,440,-2268,3435,14.138657568
7986,5,122,-7203,1476,14.139844992
7986,6,-29,-7991,1433,14.141032416
7986,7,-572,-2958,1528,14.142219840
7986,8,-45,-918,1031,14.143407264
7986,9,-816,-1011,433,14.144594688
7986,10,-563,966,-1096,14.145782112
7986,11,-759,1176,-187,14.146969536
7986,12,-633,1758,-1500,14.148156960
7986,13,-445,1972,-317,14.149344384
7986,14,-209,2658,24,14.150531808
7986,15,137,2989,1092,14.151719232
7986,16,-53,-813,1285,14.152906656
7986,17,916,-802,1462,14.154094080
7986,18,-149,-8686,-3620,14.155281504
7986,19,860,-13755,-710,14.156468928
7986,20,-356,-6599,-360,14.157656352
7986,21,227,550,-917,14.158843776
7986,22,272,-195,375,14.160031200
7986,23,-135,2543,-737,14.161218624
7986,24,-241,3679,-2445,14.162406048
7986,25,-747,2272,-3746,14.163593472
7986,26,-563,2545,-2475,14.164780896
7986,27,-367,4153,-2355,14.165968320
7986,28,-322,1717,-1235,14.167155744
7986,29,-217,1997,-4089,14.168343168
7986,30,0,3000,-1956,14.169530592
7986,31,-321,2855,-1024,14.170718016
7986,32,210,4022,-991,14.171905440
7986,33,461,2222,794,14.173092864
7986,34,596,3380,-363,14.174280288
7986,35,762,2820,1204,14.175467712
7986,36,448,1307,446,14.176655136
7986,37,314,-8,-354,14.177842560
7986,38,489,-1182,-852,14.179029984
7986,39,-356,-3184,-1388,14.180217408
7986,40,-82,-4508,-699,14.181404832
7986,41,-158,-9766,-3028,14.182592256
7986,42,-729,-23761,1418,14.183779680
7986,43,-242,-17695,-1665,14.184967104
7986,44,-454,3137,1099,14.186154528
7986,45,-292,-1239,2634,14.187341952
7986,46,-212,-2018,2998,14.188529376
7986,47,178,1694,536,14.189716800
7986,48,479,-6555,5744,14.190904224
7986,49,-542,-11276,6892,14.192091648
7986,50,398,-5076,3665,14.193279072
7986,51,300,-2599,4806,14.194466496
7986,52,581,-2470,1609,14.195653920
7986,53,-270,-11189,128,14.196841344
7986,54,-155,-15339,-675,14.198028768
7986,55,41,-7106,404,14.199216192
7986,56,-274,-6265,35,14.200403616
7986,57,-121,-10229,-141,14.201591040
7986,58,-294,-8030,-398,14.202778464
7986,59,-170,-7388,-894,14.203965888
7986,60,-93,-10346,-570,14.205153312
7986,61,-202,-3215,-807,14.206340736
7986,62,-181,-955,1316,14.207528160
7986,63,498,-10495,1950,14.208715584
7986,64,342,-10004,1656,14.209903008
7987,1,45,-2731,498,14.211090432
7987,2,94,-1623,1513,14.212277856
7987,3,9,-1812,-379,14.213465280
7987,4,281,-3499,-36,14.214652704
7987,5,171,-3353,-623,14.215840128
7987,6,-23,-5629,-1365,14.217027552
7987,7,-9,-12735,-1951,14.218214976
7987,8,-137,-9915,-3586,14.219402400
7987,9,-113,-2052,-2586,14.220589824
7987,10,-70,-6516,-3182,14.221777248
7987,11,111,-11405,-2552,14.222964672
7987,12,149,-8949,-1558,14.224152096
7987,13,18,-2664,-1152,14.225339520
7987,14,95,-3626,-486,14.226526944
7987,15,478,-3113,-844,14.227714368
7987,16,305,-4632,517,14.228901792
7987,17,949,-2280,-467,14.230089216
7987,18,55,1129,-667,14.231276640
7987,19,487,-2763,-313,14.232464064
7987,20,351,-3327,-629,14.233651488
7987,21,395,-1621,-823,14.234838912
7987,22,335,-183,-787,14.236026336
7987,23,79,-597,-2241,14.237213760
7987,24,59,-463,-1365,14.238401184
7987,25,-5,-73,-287,14.239588608
7987,26,-207,-59,-95,14.240776032
7987,27,-269,71,205,14.241963456
7987,28,-317,-2250,114,14.243150880
7987,29,306,-12037,1687,14.244338304
7987,30,-6,-8403,1497,14.245525728
7987,31,-129,387,1636,14.246713152
7987,32,46,-8895,727,14.247900576
7987,33,76,-13621,-74,14.249088000
7987,34,103,-4881,1268,14.250275424
7987,35,-100,-6715,1561,14.251462848
7987,36,58,-12822,1276,14.252650272
7987,37,-10,-8053,948,14.253837696
7987,38,-131,-4939,-38,14.255025120
7987,39,-163,-12406,96,14.256212544
7987,40,-384,-10613,73,14.257399968
7987,41,-340,-5188,67,14.258587392
7987,42,-119,-8195,976,14.259774816
7987,43,-270,-6908,594,14.260962240
7987,44,-371,-3973,1011,14.262149664
7987,45,-109,-7372,2080,14.263337088
7987,46,0,-3710,2079,14.264524512
7987,47,91,-1613,1676,14.265711936
7987,48,166,-9009,888,14.266899360
7987,49,274,-6111,938,14.268086784
7987,50,285,2146,730,14.269274208
7987,51,111,-3798,9,14.270461632
7987,52,291,-12623,-1255,14.271649056
7987,53,294,-3758,-1585,14.272836480
7987,54,210,358,-1259,14.274023904
7987,55,394,-4094,-763,14.275211328
7987,56,81,593,-1656,14.276398752
7987,57,-69,1654,-1013,14.277586176
7987,58,21,762,803,14.278773600
7987,59,-74,2984,-783,14.279961024
7987,60,389,4636,2126,14.281148448
7987,61,-9,2984,735,14.282335872
7987,62,149,1784,946,14.283523296
7987,63,-127,746,1002,14.284710720
7987,64,-357,153,407,14.285898144
7988,1,351,-2551,851,14.287085568
7988,2,-25,-6609,-5299,14.288272992
7988,3,2,-12466,-627,14.289460416
7988,4,-343,-3334,57,14.290647840
7988,5,-405,2948,-2236,14.291835264
7988,6,-154,218,2178,14.293022688
7988,7,-99,854,-2008,14.294210112
7988,8,-140,-255,-1753,14.295397536
7988,9,44,-12601,-708,14.296584960
7988,10,-91,-11969,-165,14.297772384
7988,11,-230,-429,-1158,14.298959808
7988,12,-10,39,938,14.300147232
7988,13,-368,1082,-250,14.301334656
7988,14,-38,481,-364,14.302522080
7988,15,-110,-2726,1041,14.303709504
7988,16,-277,-2655,-1617,14.304896928
7988,17,-153,-13727,1142,14.306084352
7988,18,-97,-13615,-791,14.307271776
7988,19,138,-206,4,14.308459200
7988,20,-106,-516,2741,14.309646624
7988,21,-221,-2585,-2355,14.310834048
7988,22,150,-2307,-788,14.312021472
7988,23,220,-288,62,14.313208896
7988,24,357,-5515,-666,14.314396320
7988,25,481,-11587,1686,14.315583744
7988,26,-48,-7037,2834,14.316771168
7988,27,246,-2414,609,14.317958592
7988,28,80,-3027,1864,14.319146016
7988,29,-58,-1563,1750,14.320333440
7988,30,243,-856,2073,14.321520864
7988,31,76,-2895,3442,14.322708288
7988,32,-49,-2380,3417,14.323895712
7988,33,-109,-969,1035,14.325083136
7988,34,131,-2469,1044,14.326270560
7988,35,284,-4494,87,14.327457984
7988,36,168,-11236,-375,14.328645408
7988,37,167,-13215,658,14.329832832
7988,38,155,-4581,1013,14.331020256
7988,39,61,-344,1293,14.332207680
7988,40,219,-2275,602,14.333395104
7988,41,162,-2234,-508,14.334582528
7988,42,39,-2177,-278,14.335769952
7988,43,87,-2298,525,14.336957376
7988,44,-299,-656,1032,14.338144800
7988,45,-199,-271,892,14.339332224
7988,46,-312,1763,-32,14.340519648
7988,47,-296,1385,-1227,14.341707072
7988,48,-39,-3930,-5230,14.342894496
7988,49,86,-14135,-2675,14.344081920
7988,50,-123,-6482,155,14.345269344
7988,51,-179,-39,-1655,14.346456768
7988,52,42,-7385,-1450,14.347644192
7988,53,213,-6095,-3606,14.348831616
7988,54,-96,-1967,-2111,14.350019040
7988,55,131,-2418,-1075,14.351206464
7988,56,-99,389,-1374,14.352393888
7988,57,-70,42,-228,14.353581312
7988,58,-46,859,-1029,14.354768736
7988,59,-223,408,-506,14.355956160
7988,60,-531,-2045,-1014,14.357143584
7988,61,150,-7826,-2103,14.358331008
7988,62,-8,-15220,-2094,14.359518432
7988,63,229,-14728,-553,14.360705856
7988,64,-296,-6975,-209,14.361893280
7989,1,-163,-9159,1028,14.363080704
7989,2,208,-12693,-1399,14.364268128
7989,3,178,-11845,-674,14.365455552
7989,4,272,-8905,-6,14.366642976
7989,5,185,-5367,1691,14.367830400
7989,6,288,-8428,2184,14.369017824
7989,7,592,-13466,2043,14.370205248
7989,8,309,-8249,2028,14.371392672
7989,9,137,-2663,1814,14.372580096
7989,10,374,-4454,2079,14.373767520
7989,11,455,-5595,1501,14.374954944
7989,12,427,-8455,1344,14.376142368
7989,13,240,-11914,1275,14.377329792
7989,14,-12,-10239,1040,14.378517216
7989,15,354,-11108,58,14.379704640
7989,16,334,-11748,-182,14.380892064
7989,17,135,-4214,-464,14.382079488
7989,18,-92,-1052,892,14.383266912
7989,19,131,-4258,1075,14.384454336
7989,20,257,-6708,551,14.385641760
7989,21,318,-3414,1020,14.386829184
7989,22,26,-1734,1521,14.388016608
7989,23,59,-2667,1500,14.389204032
7989,24,329,-3607,1166,14.390391456
7989,25,296,-1936,1536,14.391578880
7989,26,32,-3810,156,14.392766304
7989,27,-53,-7977,-353,14.393953728
7989,28,-104,-2344,-981,14.395141152
7989,29,-121,207,-547,14.396328576
7989,30,-343,-215,-606,14.397516000
7989,31,-589,1499,-2018,14.398703424
7989,32,-561,1507,-848,14.399890848
7989,33,-685,1589,-62,14.401078272
7989,34,-175,3469,-254,14.402265696
7989,35,173,4467,1350,14.403453120
7989,36,-521,4046,-527,14.404640544
7989,37,775,3674,739,14.405827968
7989,38,23,3705,224,14.407015392
7989,39,285,4611,-93,14.408202816
7989,40,-28,3267,528,14.409390240
7989,41,-72,2595,-675,14.410577664
7989,42,315,1077,-935,14.411765088
7989,43,-189,923,-1190,14.412952512
7989,44,-526,1582,-1796,14.414139936
7989,45,-373,-648,-1504,14.415327360
7989,46,-745,-1744,-2657,14.416514784
7989,47,-309,-847,-1816,14.417702208
7989,48,-169,-901,-856,14.418889632
7989,49,-113,-933,-756,14.420077056
7989,50,120,-1261,-744,14.421264480
7989,51,-113,-1758,-139,14.422451904
7989,52,793,-1183,1075,14.423639328
7989,53,665,-6555,-1162,14.424826752
7989,54,516,-20804,967,14.426014176
7989,55,634,-19932,-1532,14.427201600
7989,56,185,-5213,-589,14.428389024
7989,57,-78,-5802,-922,14.429576448
7989,58,-238,-14038,-2392,14.430763872
7989,59,-254,-11931,-1578,14.431951296
7989,60,-108,-2686,-155,14.433138720
7989,61,-460,-2996,-204,14.434326144
7989,62,-380,-12647,-1599,14.435513568
7989,63,-54,-16466,-894,14.436700992
7989,64,63,-12720,1100,14.437888416
7990,1,321,-6733,2009,14.439075840
7990,2,242,-9398,865,14.440263264
7990,3,779,-16711,1485,14.441450688
7990,4,751,-15338,1957,14.442638112
7990,5,383,-5611,3122,14.443825536
7990,6,78,-3415,4094,14.445012960
7990,7,127,-6494,2196,14.446200384
7990,8,94,-10388,2221,14.447387808
7990,9,-263,-12836,702,14.448575232
7990,10,-450,-16827,2034,14.449762656
7990,11,-613,-12538,2373,14.450950080
7990,12,-384,-5780,2269,14.452137504
7990,13,-285,-7149,1473,14.453324928
7990,14,-346,-7571,673,14.454512352
7990,15,98,-4053,1472,14.455699776
7990,16,299,-3801,2480,14.456887200
7990,17,354,-5713,2100,14.458074624
7990,18,198,-2292,2009,14.459262048
7990,19,50,627,1830,14.460449472
7990,20,161,-156,2630,14.461636896
7990,21,-89,-1996,-6,14.462824320
7990,22,-56,-551,-1101,14.464011744
7990,23,-765,1273,-407,14.465199168
7990,24,-471,1003,-757,14.466386592
7990,25,-931,1308,214,14.467574016
7990,26,-538,5452,-1154,14.468761440
7990,27,-303,5610,-1858,14.469948864
7990,28,-32,2953,-2301,14.471136288
7990,29,336,4736,-3167,14.472323712
7990,30,486,5539,-795,14.473511136
7990,31,593,10628,-888,14.474698560
7990,32,197,8053,-1398,14.475885984
7990,33,316,2099,-2582,14.477073408
7990,34,689,2617,-3579,14.478260832
7990,35,307,1223,-1257,14.479448256
7990,36,-21,1924,-1017,14.480635680
7990,37,-418,1711,-1921,14.481823104
7990,38,-343,-702,-2070,14.483010528
7990,39,-321,126,-2762,14.484197952
7990,40,-550,636,-1611,14.485385376
7990,41,-314,-195,-1498,14.486572800
7990,42,-293,-1897,-2021,14.487760224
7990,43,-220,-2819,-641,14.488947648
7990,44,776,-8401,-5620,14.490135072
7990,45,305,-19437,-859,14.491322496
7990,46,676,-9816,1013,14.492509920
7990,47,259,2681,-630,14.493697344
7990,48,633,-1737,4974,14.494884768
7990,49,414,-4462,-2088,14.496072192
7990,50,359,-9376,1856,14.497259616
7990,51,58,-9365,2679,14.498447040
7990,52,-301,-5758,742,14.499634464
7990,53,-207,-11428,-837,14.500821888
7990,54,-144,-13851,-1201,14.502009312
7990,55,-273,-9763,-417,14.503196736
7990,56,-325,-10446,2651,14.504384160
7990,57,-208,-7261,2524,14.505571584
7990,58,29,-8693,592,14.506759008
7990,59,668,-16741,1659,14.507946432
7990,60,369,-11478,2226,14.509133856
7990,61,449,-533,4526,14.510321280
7990,62,546,-3467,3695,14.511508704
7990,63,504,-6625,1013,14.512696128
7990,64,439,-8113,1833,14.513883552
7991,1,109,-7754,2489,14.515070976
7991,2,19,-7208,4609,14.516258400
7991,3,-180,-3775,1945,14.517445824
7991,4,-424,-2091,1570,14.518633248
7991,5,-833,-3217,22,14.519820672
7991,6,-251,-7841,1098,14.521008096
7991,7,-151,-7029,1453,14.522195520
7991,8,-267,-1644,858,14.523382944
7991,9,-397,-4123,731,14.524570368
7991,10,-109,-6765,-444,14.525757792
7991,11,46,-769,1048,14.526945216
7991,12,16,430,1491,14.528132640
7991,13,319,-593,-882,14.529320064
7991,14,2,546,-203,14.530507488
7991,15,-322,881,541,14.531694912
7991,16,282,-2005,-902,14.532882336
7991,17,-436,-3581,-283,14.534069760
7991,18,-259,-4877,-2320,14.535257184
7991,19,-383,-8377,-3652,14.536444608
7991,20,-548,-1051,-3960,14.537632032
7991,21,-302,-1830,-3561,14.538819456
7991,22,-173,-15253,-3605,14.540006880
7991,23,158,-14534,-2835,14.541194304
7991,24,172,1121,-3378,14.542381728
7991,25,24,197,-2285,14.543569152
7991,26,816,-7527,-3445,14.544756576
7991,27,686,-6661,-2223,14.545944000
7991,28,816,1212,-1817,14.547131424
7991,29,532,655,-960,14.548318848
7991,30,333,479,-2510,14.549506272
7991,31,424,1616,-1260,14.550693696
7991,32,132,1991,-1883,14.551881120
7991,33,-253,1074,-809,14.553068544
7991,34,-303,1294,-1710,14.554255968
7991,35,-322,-1139,-919,14.555443392
7991,36,-237,-2179,-1321,14.556630816
7991,37,-240,-3804,-445,14.557818240
7991,38,101,-16420,-2885,14.559005664
7991,39,61,-17997,-479,14.560193088
7991,40,572,-5411,-133,14.561380512
7991,41,58,-176,3536,14.562567936
7991,42,722,-1774,4775,14.563755360
7991,43,367,-9882,4312,14.564942784
7991,44,972,-12644,3534,14.566130208
7991,45,440,-10922,4006,14.567317632
7991,46,84,-2831,5621,14.568505056
7991,47,-147,-3660,4352,14.569692480
7991,48,105,-14917,4238,14.570879904
7991,49,-323,-7406,2010,14.572067328
7991,50,-607,2848,1383,14.573254752
7991,51,-588,-3557,6859,14.574442176
7991,52,-693,-981,260,14.575629600
7991,53,-410,763,2707,14.576817024
7991,54,-526,-867,2653,14.578004448
7991,55,100,-42,390,14.579191872
7991,56,-128,-4670,872,14.580379296
7991,57,308,-5151,1340,14.581566720
7991,58,348,-3570,640,14.582754144
7991,59,-71,-1357,758,14.583941568
7991,60,114,-381,1231,14.585128992
7991,61,266,-1300,-1116,14.586316416
7991,62,175,-4583,-2206,14.587503840
7991,63,-88,-4666,-2607,14.588691264
7991,64,-311,-3608,-2937,14.589878688
7992,1,-306,-3349,-1982,14.591066112
7992,2,-386,-1426,-2955,14.592253536
7992,3,-437,1081,-2571,14.593440960
7992,4,-513,1737,-3074,14.594628384
7992,5,-319,2470,-2498,14.595815808
7992,6,-147,2739,-2002,14.597003232
7992,7,504,3946,-400,14.598190656
7992,8,-230,3285,-1051,14.599378080
7992,9,327,-478,-630,14.600565504
7992,10,1104,-1231,-1631,14.601752928
7992,11,-191,-19015,-6151,14.602940352
7992,12,239,-23523,-3725,14.604127776
7992,13,-108,-7241,-670,14.605315200
7992,14,117,4014,-1126,14.606502624
7992,15,51,-1301,2680,14.607690048
7992,16,-198,-159,-2486,14.608877472
7992,17,-132,960,-3311,14.610064896
7992,18,-100,-5013,-2815,14.611252320
7992,19,-624,-8226,1155,14.612439744
7992,20,241,-2822,-7,14.613627168
7992,21,212,-7003,1307,14.614814592
7992,22,368,-11829,362,14.616002016
7992,23,450,-3742,957,14.617189440
7992,24,-76,-3172,2179,14.618376864
7992,25,513,-10556,2110,14.619564288
7992,26,423,-9692,2646,14.620751712
7992,27,209,-3761,2454,14.621939136
7992,28,549,-4192,3003,14.623126560
7992,29,21,-7932,2599,14.624313984
7992,30,-223,-7256,1166,14.625501408
7992,31,-223,-5952,1425,14.626688832
7992,32,-263,-11053,1476,14.627876256
7992,33,201,-14822,2840,14.629063680
7992,34,13,-12081,2382,14.630251104
7992,35,-173,-10286,1447,14.631438528
7992,36,-27,-11797,859,14.632625952
7992,37,30,-6947,1290,14.633813376
7992,38,464,-4649,2715,14.635000800
7992,39,194,-6859,2538,14.636188224
7992,40,-90,-5481,2474,14.637375648
7992,41,-180,-4412,1365,14.638563072
7992,42,1,-4450,1353,14.639750496
7992,43,-119,-5038,1425,14.640937920
7992,44,-136,-3427,452,14.642125344
7992,45,-311,-2377,515,14.643312768
7992,46,-110,-831,-213,14.644500192
7992,47,-129,151,452,14.645687616
7992,48,-5,717,-461,14.646875040
7992,49,160,1968,-1444,14.648062464
7992,50,205,2396,-1955,14.649249888
7992,51,13,2898,-1285,14.650437312
7992,52,176,4994,-519,14.651624736
7992,53,-415,3485,-1496,14.652812160
7992,54,-237,2613,-498,14.653999584
7992,55,-273,1811,-2095,14.655187008
7992,56,-122,274,-2531,14.656374432
7992,57,-150,-22,-2005,14.657561856
7992,58,-352,29,-1584,14.658749280
7992,59,-152,-1244,-1603,14.659936704
7992,60,182,-1687,-2713,14.661124128
7992,61,236,-7539,-1757,14.662311552
7992,62,481,-5894,-2149,14.663498976
7992,63,327,754,-3100,14.664686400
7992,64,481,-734,-1150,14.665873824
7993,1,368,-6337,-3676,14.667061248
7993,2,217,-8722,-2463,14.668248672
7993,3,150,-7575,-1582,14.669436096
7993,4,-19,-5879,-1351,14.670623520
7993,5,-272,-3831,-801,14.671810944
7993,6,-466,-4054,-1664,14.672998368
7993,7,-637,-8676,-1156,14.674185792
7993,8,-451,-9085,-540,14.675373216
7993,9,-317,-8671,-129,14.676560640
7993,10,58,-12769,504,14.677748064
7993,11,176,-11772,-31,14.678935488
7993,12,319,-12552,-207,14.680122912
7993,13,653,-17391,514,14.681310336
7993,14,723,-14152,1145,14.682497760
7993,15,843,-8349,1669,14.683685184
7993,16,630,-9693,1110,14.684872608
7993,17,465,-17671,1051,14.686060032
7993,18,228,-13812,2000,14.687247456
7993,19,-102,-5418,3064,14.688434880
7993,20,-151,-10022,2989,14.689622304
7993,21,-375,-15961,2707,14.690809728
7993,22,-109,-8609,3496,14.691997152
7993,23,-44,-1392,4627,14.693184576
7993,24,146,-2800,4815,14.694372000
7993,25,-60,-6483,3531,14.695559424
7993,26,457,-6863,3352,14.696746848
7993,27,499,-3236,3666,14.697934272
7993,28,496,-3459,3505,14.699121696
7993,29,487,-6609,2446,14.700309120
7993,30,300,-3071,1864,14.701496544
7993,31,68,-108,813,14.702683968
7993,32,-79,-2584,299,14.703871392
7993,33,-231,-1628,-54,14.705058816
7993,34,-423,2115,-235,14.706246240
7993,35,-956,2656,383,14.707433664
7993,36,-1027,3522,-1378,14.708621088
7993,37,-682,5551,-1604,14.709808512
7993,38,-371,4110,489,14.710995936
7993,39,-73,4808,-184,14.712183360
7993,40,165,11117,170,14.713370784
7993,41,25,16374,-1091,14.714558208
7993,42,-84,6960,-562,14.715745632
7993,43,442,1574,-2060,14.716933056
7993,44,436,4363,-3079,14.718120480
7993,45,390,1410,-2200,14.719307904
7993,46,189,2828,-3551,14.720495328
7993,47,11,5562,-3739,14.721682752
7993,48,-183,4315,-3470,14.722870176
7993,49,-464,4425,-4061,14.724057600
7993,50,-784,3993,-4341,14.725245024
7993,51,12,293,-3144,14.726432448
7993,52,-462,-501,-4027,14.727619872
7993,53,-318,573,-2432,14.728807296
7993,54,-162,-754,-1485,14.729994720
7993,55,-196,-662,-1470,14.731182144
7993,56,84,-2027,-1377,14.732369568
7993,57,213,-2332,-1085,14.733556992
7993,58,489,-21739,-2122,14.734744416
7993,59,866,-24817,938,14.735931840
7993,60,384,-3282,-306,14.737119264
7993,61,362,-190,3323,14.738306688
7993,62,-83,-397,-1608,14.739494112
7993,63,-47,-6743,-2365,14.740681536
7993,64,211,-11181,-1716,14.741868960
7994,1,183,-17206,-979,14.743056384
7994,2,-284,-14394,2439,14.744243808
7994,3,-247,-8320,2535,14.745431232
7994,4,25,-16814,4243,14.746618656
7994,5,53,-18075,3869,14.747806080
7994,6,-4,-5957,2754,14.748993504
7994,7,140,-9554,4007,14.750180928
7994,8,386,-17074,2891,14.751368352
7994,9,649,-9513,4671,14.752555776
7994,10,488,-6806,4657,14.753743200
7994,11,322,-10961,4264,14.754930624
7994,12,529,-6014,3156,14.756118048
7994,13,82,-4563,2681,14.757305472
7994,14,567,-6788,2937,14.758492896
7994,15,-72,-5016,2929,14.759680320
7994,16,-99,-3563,3300,14.760867744
7994,17,-169,-8379,1904,14.762055168
7994,18,-416,-9830,-1258,14.763242592
7994,19,-354,-6403,1736,14.764430016
7994,20,-96,1495,671,14.765617440
7994,21,-498,-3105,1723,14.766804864
7994,22,-325,-13728,1042,14.767992288
7994,23,-581,-9106,382,14.769179712
7994,24,-227,290,312,14.770367136
7994,25,-172,-330,1932,14.771554560
7994,26,14,542,-125,14.772741984
7994,27,-347,1115,-1130,14.773929408
7994,28,-107,42,-2136,14.775116832
7994,29,-652,1500,-1118,14.776304256
7994,30,-217,1619,-2811,14.777491680
7994,31,-84,1102,-2176,14.778679104
7994,32,-143,4203,-4975,14.779866528
7994,33,-385,3738,-3036,14.781053952
7994,34,-372,2414,-4521,14.782241376
7994,35,-388,2519,-3731,14.783428800
7994,36,-168,2249,-2843,14.784616224
7994,37,-135,3305,-3474,14.785803648
7994,38,69,2328,-3282,14.786991072
7994,39,119,1147,-3536,14.788178496
7994,40,347,155,-2433,14.789365920
7994,41,452,-345,-1651,14.790553344
7994,42,390,-9423,-4538,14.791740768
7994,43,765,-13934,-3088,14.792928192
7994,44,764,-6942,-1591,14.794115616
7994,45,645,-262,-742,14.795303040
7994,46,176,-2067,-177,14.796490464
7994,47,262,-11838,-1805,14.797677888
7994,48,399,-11922,-1857,14.798865312
7994,49,127,-3897,-612,14.800052736
7994,50,-193,-3973,1136,14.801240160
7994,51,-163,-10007,158,14.802427584
7994,52,-107,-9446,1396,14.803615008
7994,53,94,-3680,1774,14.804802432
7994,54,-4,-2012,3123,14.805989856
7994,55,-52,-2528,3809,14.807177280
7994,56,286,-7058,3006,14.808364704
7994,57,789,-13163,3374,14.809552128
7994,58,303,-10654,3121,14.810739552
7994,59,456,-5199,3030,14.811926976
7994,60,476,-7782,4009,14.813114400
7994,61,400,-7761,3046,14.814301824
7994,62,312,-6986,2950,14.815489248
7994,63,-43,-8669,2126,14.816676672
7994,64,70,-9082,3064,14.817864096
7995,1,77,-5210,3423,14.819051520
7995,2,-201,-1049,3043,14.820238944
7995,3,-477,-2179,2622,14.821426368
7995,4,-240,-4261,2338,14.822613792
7995,5,-104,-2939,3039,14.823801216
7995,6,41,-869,3043,14.824988640
7995,7,-638,-432,2474,14.826176064
7995,8,130,-279,1826,14.827363488
7995,9,-433,96,1310,14.828550912
7995,10,-64,-1621,560,14.829738336
7995,11,-306,-12143,-1125,14.830925760
7995,12,-338,-13939,-1058,14.832113184
7995,13,-506,-7020,-2312,14.833300608
7995,14,-480,-5642,-1413,14.834488032
7995,15,-777,-5495,-3328,14.835675456
7995,16,-683,-4075,-3636,14.836862880
7995,17,-547,-2885,-2815,14.838050304
7995,18,-333,807,-3713,14.839237728
7995,19,-588,485,-1503,14.840425152
7995,20,31,-62,-2862,14.841612576
7995,21,110,-3183,-3138,14.842800000
7995,22,391,-4335,-4095,14.843987424
7995,23,370,-7872,-4056,14.845174848
7995,24,859,-2686,-3630,14.846362272
7995,25,336,1041,-3548,14.847549696
7995,26,664,-5027,-3183,14.848737120
7995,27,316,-5326,-3570,14.849924544
7995,28,276,-2108,-3636,14.851111968
7995,29,299,-2537,-2134,14.852299392
7995,30,260,51,-2499,14.853486816
7995,31,-325,538,-1184,14.854674240
7995,32,44,-1421,-962,14.855861664
7995,33,324,-1164,-189,14.857049088
7995,34,108,428,1103,14.858236512
7995,35,535,-2981,729,14.859423936
7995,36,214,-4375,1087,14.860611360
7995,37,752,-147,2399,14.861798784
7995,38,276,-5512,2371,14.862986208
7995,39,496,-6706,2483,14.864173632
7995,40,319,931,2393,14.865361056
7995,41,169,-1840,4320,14.866548480
7995,42,92,-5469,1981,14.867735904
7995,43,-237,-3658,3463,14.868923328
7995,44,-297,-5637,3413,14.870110752
7995,45,-476,-8095,3371,14.871298176
7995,46,-456,-5246,3976,14.872485600
7995,47,-320,-3483,4383,14.873673024
7995,48,-304,-5435,4183,14.874860448
7995,49,-168,-8054,2884,14.876047872
7995,50,-224,-8247,3273,14.877235296
7995,51,-152,-8935,2576,14.878422720
7995,52,56,-10746,2415,14.879610144
7995,53,-14,-9396,1806,14.880797568
7995,54,-166,-4196,947,14.881984992
7995,55,-220,-5551,-178,14.883172416
7995,56,-372,-6395,-1191,14.884359840
7995,57,-419,-3679,-949,14.885547264
7995,58,-407,-3076,-992,14.886734688
7995,59,-420,-4728,-618,14.887922112
7995,60,-200,-2385,-1609,14.889109536
7995,61,-364,-3492,-2040,14.890296960
7995,62,41,-8061,-2298,14.891484384
7995,63,171,-4267,-1998,14.892671808
7995,64,236,-219,-1401,14.893859232
7996,1,715,-325,-1508,14.895046656
7996,2,202,-2462,-2760,14.896234080
7996,3,616,-3676,-2922,14.897421504
7996,4,432,-2453,-2387,14.898608928
7996,5,308,-1225,-2970,14.899796352
7996,6,209,-5149,-3255,14.900983776
7996,7,174,-6949,-3591,14.902171200
7996,8,-13,-3942,-3332,14.903358624
7996,9,6,-4029,-2904,14.904546048
7996,10,-84,-6490,-2161,14.905733472
7996,11,186,-3241,-2172,14.906920896
7996,12,102,-1973,-980,14.908108320
7996,13,320,-1365,-47,14.909295744
7996,14,35,-555,525,14.910483168
7996,15,542,-4458,915,14.911670592
7996,16,564,-5870,1156,14.912858016
7996,17,591,-1464,751,14.914045440
7996,18,200,-1900,1536,14.915232864
7996,19,186,-5231,1189,14.916420288
7996,20,-124,-4697,874,14.917607712
7996,21,-328,-7104,504,14.918795136
7996,22,-353,-6108,854,14.919982560
7996,23,-607,-2247,639,14.921169984
7996,24,-419,-6260,748,14.922357408
7996,25,-501,-12178,796,14.923544832
7996,26,-320,-7356,735,14.924732256
7996,27,-118,-7098,1860,14.925919680
7996,28,359,-6764,1902,14.927107104
7996,29,104,-6034,2583,14.928294528
7996,30,371,-3331,2349,14.929481952
7996,31,-49,-5247,2445,14.930669376
7996,32,354,-5391,2251,14.931856800
7996,33,52,-6123,2451,14.933044224
7996,34,215,-5239,2084,14.934231648
7996,35,-115,-2246,2289,14.935419072
7996,36,-647,-3146,772,14.936606496
7996,37,-202,-10564,-460,14.937793920
7996,38,-268,-7790,-269,14.938981344
7996,39,-334,-436,350,14.940168768
7996,40,-140,-2999,554,14.941356192
7996,41,-240,-3426,283,14.942543616
7996,42,168,1307,-315,14.943731040
7996,43,62,755,1296,14.944918464
7996,44,677,-188,-182,14.946105888
7996,45,364,-61,213,14.947293312
7996,46,849,602,1814,14.948480736
7996,47,190,3,989,14.949668160
7996,48,262,-8848,-2012,14.950855584
7996,49,115,-13024,-1870,14.952043008
7996,50,178,-7276,-1861,14.953230432
7996,51,100,-1528,-1373,14.954417856
7996,52,-104,1063,-2062,14.955605280
7996,53,-554,2111,-1797,14.956792704
7996,54,-433,2617,-2314,14.957980128
7996,55,-134,1358,-2235,14.959167552
7996,56,136,2986,-1699,14.960354976
7996,57,330,4799,-669,14.961542400
7996,58,389,3765,-388,14.962729824
7996,59,347,3467,-1147,14.963917248
7996,60,41,2112,-1518,14.965104672
7996,61,246,181,-400,14.966292096
7996,62,447,-1542,-1212,14.967479520
7996,63,-328,-10482,-4780,14.968666944
7996,64,-192,-21738,-2945,14.969854368
7997,1,-473,-10919,-542,14.971041792
7997,2,-579,3822,-918,14.972229216
7997,3,-300,-1435,2567,14.973416640
7997,4,-936,-1037,-3184,14.974604064
7997,5,-76,-712,-803,14.975791488
7997,6,-181,-2825,228,14.976978912
7997,7,-140,-15636,3647,14.978166336
7997,8,376,-14033,-96,14.979353760
7997,9,266,-8382,1089,14.980541184
7997,10,433,-7429,1961,14.981728608
7997,11,224,-5086,523,14.982916032
7997,12,-170,-8569,768,14.984103456
7997,13,149,-15544,261,14.985290880
7997,14,15,-14026,1592,14.986478304
7997,15,-390,-8448,3306,14.987665728
7997,16,-252,-10529,3848,14.988853152
7997,17,-379,-11424,2952,14.990040576
7997,18,-222,-5471,2133,14.991228000
7997,19,6,-4113,722,14.992415424
7997,20,50,-8804,1954,14.993602848
7997,21,704,-12843,2945,14.994790272
7997,22,754,-4013,2869,14.995977696
7997,23,417,-1897,2203,14.997165120
7997,24,791,-7148,28,14.998352544
7997,25,693,-2913,858,14.999539968
7997,26,550,-1386,1574,15.000727392
7997,27,337,-8280,946,15.001914816
7997,28,-331,-10858,177,15.003102240
7997,29,-143,-3770,-12,15.004289664
7997,30,-228,-2693,475,15.005477088
7997,31,-324,-8220,-1387,15.006664512
7997,32,-248,-7929,-1137,15.007851936
7997,33,-219,-2612,-1275,15.009039360
7997,34,31,-2244,381,15.010226784
7997,35,259,-3421,108,15.011414208
7997,36,133,-492,-980,15.012601632
7997,37,512,-434,-996,15.013789056
7997,38,613,-1276,-2419,15.014976480
7997,39,419,1109,-2146,15.016163904
7997,40,297,836,-1509,15.017351328
7997,41,-118,1922,-1248,15.018538752
7997,42,-70,623,-1614,15.019726176
7997,43,-1179,2229,-2935,15.020913600
7997,44,-827,2937,-1875,15.022101024
7997,45,-1143,3319,-2758,15.023288448
7997,46,-549,5665,-2474,15.024475872
7997,47,-739,2294,-715,15.025663296
7997,48,-342,979,-105,15.026850720
7997,49,18,2659,-897,15.028038144
7997,50,248,1290,1278,15.029225568
7997,51,299,397,-349,15.030412992
7997,52,657,-301,-444,15.031600416
7997,53,701,-1087,868,15.032787840
7997,54,804,-1253,112,15.033975264
7997,55,551,-2417,1029,15.035162688
7997,56,236,-2645,-122,15.036350112
7997,57,-140,-2948,-147,15.037537536
7997,58,-441,-2241,454,15.038724960
7997,59,-696,-1621,315,15.039912384
7997,60,-836,-3246,893,15.041099808
7997,61,-693,-4763,502,15.042287232
7997,62,-640,-3774,1775,15.043474656
7997,63,-332,-4632,1207,15.044662080
7997,64,-120,-11988,1911,15.045849504
7998,1,412,-9676,1110,15.047036928
7998,2,507,-5282,1630,15.048224352
7998,3,723,-8093,2262,15.049411776
7998,4,764,-7866,812,15.050599200
7998,5,832,-9262,519,15.051786624
7998,6,902,-12552,237,15.052974048
7998,7,673,-7946,-90,15.054161472
7998,8,243,-6964,96,15.055348896
7998,9,-108,-11431,-322,15.056536320
7998,10,-282,-12941,-902,15.057723744
7998,11,-332,-13433,-1165,15.058911168
7998,12,-195,-13685,-723,15.060098592
7998,13,-149,-5678,-345,15.061286016
7998,14,-220,-4086,410,15.062473440
7998,15,205,-12603,-192,15.063660864
7998,16,123,-12415,276,15.064848288
7998,17,216,-8381,507,15.066035712
7998,18,550,-10917,1097,15.067223136
7998,19,522,-12221,357,15.068410560
7998,20,549,-8186,487,15.069597984
7998,21,295,-4706,-44,15.070785408
7998,22,-91,-10633,-883,15.071972832
7998,23,13,-11291,-506,15.073160256
7998,24,-191,-574,-927,15.074347680
7998,25,-351,-524,726,15.075535104
7998,26,-797,-2296,-1097,15.076722528
7998,27,-745,-460,-1451,15.077909952
7998,28,-236,-1848,-174,15.079097376
7998,29,-356,-7500,175,15.080284800
7998,30,-34,-3530,176,15.081472224
7998,31,-125,-158,879,15.082659648
7998,32,458,-1726,1184,15.083847072
7998,33,-103,-3894,-313,15.085034496
7998,34,153,-6538,42,15.086221920
7998,35,-64,-4311,1204,15.087409344
7998,36,141,-325,18,15.088596768
7998,37,-19,-230,2240,15.089784192
7998,38,-205,756,606,15.090971616
7998,39,-354,-719,-527,15.092159040
7998,40,-355,-571,-598,15.093346464
7998,41,-654,202,-807,15.094533888
7998,42,-250,1709,-613,15.095721312
7998,43,-176,657,135,15.096908736
7998,44,-163,1495,-728,15.098096160
7998,45,-113,1503,435,15.099283584
7998,46,-104,1057,-109,15.100471008
7998,47,225,2142,-152,15.101658432
7998,48,669,3189,731,15.102845856
7998,49,-171,4650,829,15.104033280
7998,50,372,2564,340,15.105220704
7998,51,177,1386,264,15.106408128
7998,52,278,2480,54,15.107595552
7998,53,182,3053,-290,15.108782976
7998,54,175,4896,-425,15.109970400
7998,55,171,3951,-555,15.111157824
7998,56,134,293,-307,15.112345248
7998,57,123,-1111,-548,15.113532672
7998,58,69,-1359,-993,15.114720096
7998,59,171,-1137,-339,15.115907520
7998,60,7,-673,-659,15.117094944
7998,61,67,-1159,-645,15.118282368
7998,62,-1066,-3143,1359,15.119469792
7998,63,635,-18559,-706,15.120657216
7998,64,254,-22028,-717,15.121844640
7999,1,-18,-8956,-97,15.123032064
7999,2,211,-618,910,15.124219488
7999,3,-221,225,-974,15.125406912
7999,4,-82,-11705,-2961,15.126594336
7999,5,193,-14633,-1636,15.127781760
7999,6,280,-1054,-802,15.128969184
7999,7,-94,443,2973,15.130156608
7999,8,117,-9181,-2572,15.131344032
7999,9,676,-15883,-264,15.132531456
7999,10,-102,-13098,395,15.133718880
7999,11,-91,-9377,-2072,15.134906304
7999,12,108,-13098,2148,15.136093728
7999,13,39,-7432,-11,15.137281152
7999,14,153,-8979,760,15.138468576
7999,15,-17,-14700,987,15.139656000
7999,16,-425,-4630,447,15.140843424
7999,17,49,482,1110,15.142030848
7999,18,170,-1898,724,15.143218272
7999,19,-200,285,-144,15.144405696
7999,20,24,1904,2226,15.145593120
7999,21,156,-981,4033,15.146780544
7999,22,180,-733,1460,15.147967968
7999,23,242,-1218,1546,15.149155392
7999,24,161,-2066,358,15.150342816
7999,25,113,-4472,1782,15.151530240
7999,26,112,-11432,2826,15.152717664
7999,27,-62,-8656,1823,15.153905088
7999,28,-168,358,-1055,15.155092512
7999,29,-244,-1448,2021,15.156279936
7999,30,-377,988,751,15.157467360
7999,31,-146,-105,656,15.158654784
7999,32,-363,-7792,119,15.159842208
7999,33,-374,-15721,-1129,15.161029632
7999,34,-66,-13428,1010,15.162217056
7999,35,135,-2114,1269,15.163404480
7999,36,5,-225,1206,15.164591904
7999,37,73,-8108,-1054,15.165779328
7999,38,182,-6564,-2519,15.166966752
7999,39,319,-2136,-2082,15.168154176
7999,40,433,-7207,-193,15.169341600
7999,41,405,-5838,-1352,15.170529024
7999,42,298,-2055,-1506,15.171716448
7999,43,159,-4764,-3845,15.172903872
7999,44,51,-7976,-3200,15.174091296
7999,45,-18,-5397,-2399,15.175278720
7999,46,131,-2962,-2341,15.176466144
7999,47,301,-7016,-2352,15.177653568
7999,48,5,-14647,-3935,15.178840992
7999,49,218,-12739,-2810,15.180028416
7999,50,89,-6340,-2435,15.181215840
7999,51,363,-8086,-2189,15.182403264
7999,52,716,-13418,-1726,15.183590688
7999,53,542,-5059,-1443,15.184778112
7999,54,519,-3887,-250,15.185965536
7999,55,361,-7831,597,15.187152960
7999,56,246,-563,-196,15.188340384
7999,57,284,613,315,15.189527808
7999,58,449,-1563,282,15.190715232
7999,59,85,463,742,15.191902656
7999,60,-243,323,2605,15.193090080
7999,61,-375,-343,4362,15.194277504
7999,62,-351,990,1776,15.195464928
7999,63,-263,1003,3583,15.196652352
7999,64,-249,847,2693,15.197839776
8000,1,-215,-296,4216,15.199027200
8000,2,-365,-387,4268,15.200214624
8000,3,-598,-1039,4407,15.201402048
8000,4,-195,-2979,3233,15.202589472
8000,5,-119,-8652,1100,15.203776896
8000,6,71,-8151,3390,15.204964320
8000,7,-420,-1516,3017,15.206151744
8000,8,-384,-817,2262,15.207339168
8000,9,-395,-760,2527,15.208526592
8000,10,-300,565,1184,15.209714016
8000,11,-224,490,2103,15.210901440
8000,12,-501,471,226,15.212088864
8000,13,-464,-4277,-80,15.213276288
8000,14,-477,-5151,-1955,15.214463712
8000,15,-433,-6456,-1073,15.215651136
8000,16,-414,-3431,-13,15.216838560
8000,17,-385,1784,-1616,15.218025984
8000,18,-333,-1268,-734,15.219213408
8000,19,64,-3884,-3207,15.220400832
8000,20,190,-1675,-2898,15.221588256
8000,21,150,-7548,-2343,15.222775680
8000,22,657,-10485,-2623,15.223963104
8000,23,533,-567,-3351,15.225150528
8000,24,478,775,-2519,15.226337952
8000,25,434,362,-3659,15.227525376
8000,26,249,241,-4411,15.228712800
8000,27,438,1377,-2234,15.229900224
8000,28,65,41,-4084,15.231087648
8000,29,-213,-3882,-3012,15.232275072
8000,30,102,-10142,-1907,15.233462496
8000,31,125,-7826,-2127,15.234649920
8000,32,71,-5816,-960,15.235837344
8000,33,164,-4099,-1412,15.237024768
8000,34,95,-3014,-1117,15.238212192
8000,35,457,-4012,-190,15.239399616
8000,36,292,-4165,1968,15.240587040
8000,37,687,-4627,1192,15.241774464
8000,38,589,-4739,1896,15.242961888
8000,39,665,-7088,1774,15.244149312
8000,40,727,-7149,2022,15.245336736
8000,41,253,-7738,3269,15.246524160
8000,42,19,-6025,2606,15.247711584
8000,43,-230,-5853,2322,15.248899008
8000,44,-404,-10404,960,15.250086432
8000,45,-312,-11771,1310,15.251273856
8000,46,-469,-6903,2542,15.252461280
8000,47,-644,-3335,2995,15.253648704
8000,48,-478,-8259,2073,15.254836128
8000,49,-323,-9262,1312,15.256023552
8000,50,-188,-9172,2066,15.257210976
8000,51,180,-4990,2966,15.258398400
8000,52,-74,-389,3382,15.259585824
8000,53,330,-2728,2306,15.260773248
8000,54,90,-4889,1050,15.261960672
8000,55,31,-659,992,15.263148096
8000,56,-148,-2592,813,15.264335520
8000,57,-43,-12828,432,15.265522944
8000,58,-191,-10794,-1876,15.266710368
8000,59,-330,-8090,-1561,15.267897792
8000,60,-424,-10101,-1604,15.269085216
8000,61,-487,-7803,-1444,15.270272640
8000,62,-436,-4785,-1093,15.271460064
8000,63,-252,-4645,-1276,15.272647488
8000,64,-47,-2759,-1601,15.273834912
8001,1,-10,-3794,124,15.275022336
8001,2,433,-5423,728,15.276209760
8001,3,542,-2774,507,15.277397184
8001,4,636,-3055,-85,15.278584608
8001,5,654,-4273,-1498,15.279772032
8001,6,744,-2455,-836,15.280959456
8001,7,505,-4006,-889,15.282146880
8001,8,537,-4107,-1262,15.283334304
8001,9,33,47,-2217,15.284521728
8001,10,-46,242,-2191,15.285709152
8001,11,-271,287,-2103,15.286896576
8001,12,-155,1240,-2574,15.288084000
8001,13,-447,2039,-1192,15.289271424
8001,14,204,-322,-1767,15.290458848
8001,15,-218,-3810,-1193,15.291646272
8001,16,326,-5812,-1159,15.292833696
8001,17,503,-7932,-843,15.294021120
8001,18,492,-3804,725,15.295208544
8001,19,577,862,-296,15.296395968
8001,20,494,-3120,1060,15.297583392
8001,21,934,-3055,290,15.298770816
8001,22,123,-271,551,15.299958240
8001,23,225,-5166,-818,15.301145664
8001,24,-203,-7352,-734,15.302333088
8001,25,-467,-3344,-178,15.303520512
8001,26,-612,-1754,-655,15.304707936
8001,27,-993,-2342,281,15.305895360
8001,28,-952,-1515,-593,15.307082784
8001,29,-389,-3098,-259,15.308270208
8001,30,-545,-3764,1456,15.309457632
8001,31,-350,-131,1624,15.310645056
8001,32,59,-204,2185,15.311832480
8001,33,260,-921,2627,15.313019904
8001,34,392,534,2258,15.314207328
8001,35,300,375,2572,15.315394752
8001,36,355,-3050,2073,15.316582176
8001,37,-147,-10441,907,15.317769600
8001,38,138,-10155,918,15.318957024
8001,39,-460,-7704,2804,15.320144448
8001,40,-196,-2420,1081,15.321331872
8001,41,-691,-1558,1121,15.322519296
8001,42,-550,-4270,1529,15.323706720
8001,43,-404,-5644,843,15.324894144
8001,44,-483,-7405,394,15.326081568
8001,45,-106,-9201,1182,15.327268992
8001,46,157,-8452,412,15.328456416
8001,47,305,-8143,1037,15.329643840
8001,48,479,-5479,842,15.330831264
8001,49,559,-1571,598,15.332018688
8001,50,759,-4674,183,15.333206112
8001,51,800,-6201,-217,15.334393536
8001,52,645,-4053,50,15.335580960
8001,53,389,-6358,-1047,15.336768384
8001,54,217,-9113,-2035,15.337955808
8001,55,3,-8326,-3836,15.339143232
8001,56,122,-8266,-3748,15.340330656
8001,57,23,-7039,-3264,15.341518080
8001,58,-41,-6214,-3301,15.342705504
8001,59,124,-9653,-3141,15.343892928
8001,60,114,-10530,-3769,15.345080352
8001,61,318,-8679,-2497,15.346267776
8001,62,364,-2326,-1728,15.347455200
8001,63,246,-423,-917,15.348642624
8001,64,544,-6087,-1589,15.349830048
8002,1,525,-11015,-762,15.351017472
8002,2,263,-7730,-721,15.352204896
8002,3,20,-6111,-400,15.353392320
8002,4,99,-6818,97,15.354579744
8002,5,-339,-2246,-1296,15.355767168
8002,6,-425,-4952,-745,15.356954592
8002,7,-691,-7891,191,15.358142016
8002,8,-711,-3259,820,15.359329440
8002,9,-474,-4741,1831,15.360516864
8002,10,-369,-1584,1597,15.361704288
8002,11,-452,913,1506,15.362891712
8002,12,-176,-486,4596,15.364079136
8002,13,-48,-1025,2306,15.365266560
8002,14,128,-1558,3346,15.366453984
8002,15,55,-1155,4368,15.367641408
8002,16,-235,-2370,3144,15.368828832
8002,17,-14,-2517,4056,15.370016256
8002,18,-113,-854,2745,15.371203680
8002,19,-153,491,2504,15.372391104
8002,20,-209,251,2323,15.373578528
8002,21,-463,401,1672,15.374765952
8002,22,-218,1028,2060,15.375953376
8002,23,-456,1627,1930,15.377140800
8002,24,-102,1380,1196,15.378328224
8002,25,28,834,-11,15.379515648
8002,26,-7,935,45,15.380703072
8002,27,226,483,381,15.381890496
8002,28,192,390,-152,15.383077920
8002,29,208,-186,766,15.384265344
8002,30,310,-787,-722,15.385452768
8002,31,428,-1018,-822,15.386640192
8002,32,311,-158,-1653,15.387827616
8002,33,155,-1625,-2648,15.389015040
8002,34,20,-9443,-2649,15.390202464
8002,35,200,-5303,-2902,15.391389888
8002,36,22,432,-3611,15.392577312
8002,37,242,-2278,-2503,15.393764736
8002,38,81,-2724,-5295,15.394952160
8002,39,181,-7087,-4727,15.396139584
8002,40,258,-9589,-3913,15.397327008
8002,41,139,-3539,-3309,15.398514432
8002,42,211,-3008,-2320,15.399701856
8002,43,261,-6678,-1928,15.400889280
8002,44,291,-934,-1879,15.402076704
8002,45,33,1967,-1453,15.403264128
8002,46,64,-1427,-149,15.404451552
8002,47,216,-1718,-1439,15.405638976
8002,48,134,-706,441,15.406826400
8002,49,-100,-2051,926,15.408013824
8002,50,-129,-14380,106,15.409201248
8002,51,-165,-13202,150,15.410388672
8002,52,-103,-194,-527,15.411576096
8002,53,-211,-4771,908,15.412763520
8002,54,-178,-10273,667,15.413950944
8002,55,-127,-5231,2421,15.415138368
8002,56,-115,-1813,3782,15.416325792
8002,57,-153,-2038,4500,15.417513216
8002,58,-51,-1291,3512,15.418700640
8002,59,-261,-4261,3020,15.419888064
8002,60,11,-12274,3112,15.421075488
8002,61,-139,-12957,3163,15.422262912
8002,62,-369,-14202,3740,15.423450336
8002,63,-140,-15346,2336,15.424637760
8002,64,-318,-14147,2164,15.425825184
8003,1,-188,-12405,1605,15.427012608
8003,2,-200,-9618,1028,15.428200032
8003,3,-232,-9170,1516,15.429387456
8003,4,-58,-3255,1419,15.430574880
8003,5,-222,-1453,1068,15.431762304
8003,6,269,-5406,764,15.432949728
8003,7,313,-9674,549,15.434137152
8003,8,541,-6892,-837,15.435324576
8003,9,409,-4226,-699,15.436512000
8003,10,434,-6809,-1030,15.437699424
8003,11,551,-6993,-992,15.438886848
8003,12,573,-4346,-895,15.440074272
8003,13,526,-67,-650,15.441261696
8003,14,224,280,-1056,15.442449120
8003,15,172,-347,-2785,15.443636544
8003,16,231,1168,-1997,15.444823968
8003,17,17,2495,-2284,15.446011392
8003,18,-82,2194,-1258,15.447198816
8003,19,-33,1455,-2530,15.448386240
8003,20,23,1756,-2894,15.449573664
8003,21,190,1282,-728,15.450761088
8003,22,215,-4626,-6236,15.451948512
8003,23,438,-16808,-1713,15.453135936
8003,24,193,-12549,-1516,15.454323360
8003,25,293,-233,-1078,15.455510784
8003,26,141,1087,854,15.456698208
8003,27,58,669,175,15.457885632
8003,28,147,1915,-509,15.459073056
8003,29,-62,1240,614,15.460260480
8003,30,-399,569,1154,15.461447904
8003,31,-152,-3564,-1294,15.462635328
8003,32,-227,-4416,963,15.463822752
8003,33,-405,-6408,-1504,15.465010176
8003,34,-314,-11855,-81,15.466197600
8003,35,-403,-864,-1321,15.467385024
8003,36,-532,1682,632,15.468572448
8003,37,-9,-8565,-1572,15.469759872
8003,38,-63,-11921,908,15.470947296
8003,39,-225,-1264,3146,15.472134720
8003,40,-398,-3771,519,15.473322144
8003,41,-39,-12141,913,15.474509568
8003,42,-294,-9115,719,15.475696992
8003,43,-36,-3558,1631,15.476884416
8003,44,-192,-6931,2599,15.478071840
8003,45,-194,-7426,1131,15.479259264
8003,46,-1,-7795,1111,15.480446688
8003,47,73,-7893,-323,15.481634112
8003,48,3,-6207,1750,15.482821536
8003,49,277,-4335,1507,15.484008960
8003,50,193,-5708,2094,15.485196384
8003,51,468,-3669,966,15.486383808
8003,52,78,-861,1605,15.487571232
8003,53,211,-2751,2103,15.488758656
8003,54,417,-5210,1863,15.489946080
8003,55,450,-4975,1625,15.491133504
8003,56,226,-5975,1330,15.492320928
8003,57,109,-4171,1647,15.493508352
8003,58,-25,-658,2309,15.494695776
8003,59,189,-1914,1859,15.495883200
8003,60,173,-2462,-212,15.497070624
8003,61,18,-1535,-298,15.498258048
8003,62,162,-344,-167,15.499445472
8003,63,-21,-595,297,15.500632896
8003,64,242,-2516,280,15.501820320
8004,1,20,-5892,-1757,15.503007744
8004,2,178,-11008,-2325,15.504195168
8004,3,231,-8864,-1744,15.505382592
8004,4,120,-124,-936,15.506570016
8004,5,-69,1868,-388,15.507757440
8004,6,-146,-244,-893,15.508944864
8004,7,-131,299,-2380,15.510132288
8004,8,41,1297,-1004,15.511319712
8004,9,-188,-130,-961,15.512507136
8004,10,-139,-2257,-1465,15.513694560
8004,11,-339,607,-1677,15.514881984
8004,12,-414,297,-1839,15.516069408
8004,13,-145,-4025,-3112,15.517256832
8004,14,-192,-3840,-3630,15.518444256
8004,15,-284,-4434,-2758,15.519631680
8004,16,-256,-7564,-3016,15.520819104
8004,17,-323,-6392,-3611,15.522006528
8004,18,-157,-10419,-1921,15.523193952
8004,19,-182,-8197,-1419,15.524381376
8004,20,-298,-2634,-82,15.525568800
8004,21,-177,-2640,315,15.526756224
8004,22,-166,-6947,-29,15.527943648
8004,23,97,-7557,722,15.529131072
8004,24,-67,-3442,2148,15.530318496
8004,25,86,-2617,2468,15.531505920
8004,26,68,-8477,1859,15.532693344
8004,27,344,-9854,867,15.533880768
8004,28,282,-6810,1968,15.535068192
8004,29,197,-8867,2055,15.536255616
8004,30,160,-9629,2557,15.537443040
8004,31,215,-4438,2857,15.538630464
8004,32,74,-645,2440,15.539817888
8004,33,-45,-3112,2358,15.541005312
8004,34,50,-7057,3148,15.542192736
8004,35,230,-4273,3267,15.543380160
8004,36,202,-750,2764,15.544567584
8004,37,190,-1548,3308,15.545755008
8004,38,146,-163,2743,15.546942432
8004,39,428,952,3285,15.548129856
8004,40,533,-876,2605,15.549317280
8004,41,594,-2375,409,15.550504704
8004,42,365,-9228,976,15.551692128
8004,43,562,-9042,193,15.552879552
8004,44,231,-743,-648,15.554066976
8004,45,194,350,-424,15.555254400
8004,46,-99,563,-2736,15.556441824
8004,47,-192,974,-2859,15.557629248
8004,48,-150,286,-708,15.558816672
8004,49,-380,834,-1179,15.560004096
8004,50,-347,514,343,15.561191520
8004,51,-328,-2406,-2124,15.562378944
8004,52,42,-10277,-3087,15.563566368
8004,53,-213,-10996,-2248,15.564753792
8004,54,-253,-5460,-2795,15.565941216
8004,55,-194,-3421,-1885,15.567128640
8004,56,-256,-3969,-3275,15.568316064
8004,57,-226,-8185,-3635,15.569503488
8004,58,-47,-12374,-3359,15.570690912
8004,59,-224,-9429,-3669,15.571878336
8004,60,-225,-8201,-3115,15.573065760
8004,61,-270,-5228,-3272,15.574253184
8004,62,-467,-1653,-2700,15.575440608
8004,63,-252,-5648,-2253,15.576628032
8004,64,-218,-9363,-1541,15.577815456
8005,1,13,-5472,-961,15.579002880
8005,2,240,-5489,-506,15.580190304
8005,3,349,-8137,411,15.581377728
8005,4,484,-3810,1356,15.582565152
8005,5,366,-5295,1513,15.583752576
8005,6,678,-9721,1434,15.584940000
8005,7,449,-10424,927,15.586127424
8005,8,637,-9216,1244,15.587314848
8005,9,443,-5923,2873,15.588502272
8005,10,139,-2668,2560,15.589689696
8005,11,136,-10740,2200,15.590877120
8005,12,138,-13618,897,15.592064544
8005,13,74,-3953,2141,15.593251968
8005,14,239,-2297,3697,15.594439392
8005,15,195,-4381,3521,15.595626816
8005,16,109,-5965,3238,15.596814240
8005,17,312,-6912,2566,15.598001664
8005,18,216,-5440,3494,15.599189088
8005,19,371,-1176,3434,15.600376512
8005,20,439,80,4013,15.601563936
8005,21,293,258,3314,15.602751360
8005,22,52,1072,1543,15.603938784
8005,23,-535,2597,2513,15.605126208
8005,24,-360,4773,-237,15.606313632
8005,25,-244,1373,2127,15.607501056
8005,26,-573,5739,552,15.608688480
8005,27,-339,22218,-582,15.609875904
8005,28,-962,14576,976,15.611063328
8005,29,-142,-2992,1759,15.612250752
8005,30,-143,3278,-4388,15.613438176
8005,31,223,-2172,-35,15.614625600
8005,32,78,-2293,-1875,15.615813024
8005,33,629,-529,-1629,15.617000448
8005,34,-338,-3194,-1939,15.618187872
8005,35,404,-7278,-2805,15.619375296
8005,36,-96,-1688,-2291,15.620562720
8005,37,-182,1430,-2718,15.621750144
8005,38,143,785,-2210,15.622937568
8005,39,-635,684,-1488,15.624124992
8005,40,-388,-1375,-5816,15.625312416
8005,41,-303,-9849,-4359,15.626499840
8005,42,-480,-11149,-3811,15.627687264
8005,43,-412,-3716,-3569,15.628874688
8005,44,-593,1194,-2626,15.630062112
8005,45,-399,-481,-1879,15.631249536
8005,46,84,2296,-2216,15.632436960
8005,47,382,1211,-862,15.633624384
8005,48,759,-752,-2011,15.634811808
8005,49,184,-7501,-1819,15.635999232
8005,50,531,-10684,-1531,15.637186656
8005,51,790,-12553,-49,15.638374080
8005,52,543,-12326,1142,15.639561504
8005,53,101,-6431,-489,15.640748928
8005,54,205,-10113,-1031,15.641936352
8005,55,147,-12566,-874,15.643123776
8005,56,-302,-6397,-2,15.644311200
8005,57,-182,-7732,2034,15.645498624
8005,58,-319,-9718,1967,15.646686048
8005,59,44,-9970,2316,15.647873472
8005,60,287,-13761,2864,15.649060896
8005,61,70,-10565,3887,15.650248320
8005,62,139,-7489,4805,15.651435744
8005,63,337,-12080,4630,15.652623168
8005,64,549,-15907,4679,15.653810592
8006,1,564,-8871,4854,15.654998016
8006,2,225,-5594,4794,15.656185440
8006,3,79,-11914,3812,15.657372864
8006,4,-10,-16371,2553,15.658560288
8006,5,-409,-13695,2204,15.659747712
8006,6,-454,-10732,2415,15.660935136
8006,7,-615,-14551,1846,15.662122560
8006,8,-377,-11944,1860,15.663309984
8006,9,-304,-2797,400,15.664497408
8006,10,-337,-4672,-379,15.665684832
8006,11,-20,-11754,-29,15.666872256
8006,12,178,-7312,742,15.668059680
8006,13,463,-1771,1590,15.669247104
8006,14,411,-3067,618,15.670434528
8006,15,424,-2552,-384,15.671621952
8006,16,321,62,-575,15.672809376
8006,17,513,-661,-789,15.673996800
8006,18,511,309,-1079,15.675184224
8006,19,-247,1033,-2488,15.676371648
8006,20,-446,2131,-1931,15.677559072
8006,21,-463,1218,-3003,15.678746496
8006,22,-552,2283,-4022,15.679933920
8006,23,-472,2204,-3624,15.681121344
8006,24,-384,1377,-4225,15.682308768
8006,25,-322,193,-3391,15.683496192
8006,26,-108,431,-3851,15.684683616
8006,27,-19,1577,-2409,15.685871040
8006,28,381,2092,-2249,15.687058464
8006,29,363,897,-1924,15.688245888
8006,30,654,1836,-2028,15.689433312
8006,31,673,3171,-939,15.690620736
8006,32,279,3301,-398,15.691808160
8006,33,120,687,-416,15.692995584
8006,34,47,-220,-1012,15.694183008
8006,35,-206,-410,-1461,15.695370432
8006,36,-728,-2280,-1287,15.696557856
8006,37,-373,-9302,-2519,15.697745280
8006,38,-533,-10645,-1147,15.698932704
8006,39,-646,-2871,107,15.700120128
8006,40,-640,-470,1531,15.701307552
8006,41,-168,-2454,852,15.702494976
8006,42,124,-3915,1757,15.703682400
8006,43,221,-489,2552,15.704869824
8006,44,587,-459,2206,15.706057248
8006,45,520,-4343,3463,15.707244672
8006,46,490,-10362,2235,15.708432096
8006,47,809,-13471,2577,15.709619520
8006,48,307,-8200,2448,15.710806944
8006,49,2,-7014,1091,15.711994368
8006,50,-84,-15548,700,15.713181792
8006,51,-265,-13894,1036,15.714369216
8006,52,-235,-4209,1773,15.715556640
8006,53,-391,-6316,2045,15.716744064
8006,54,-191,-9064,1730,15.717931488
8006,55,-62,-4491,2069,15.719118912
8006,56,239,-1952,2166,15.720306336
8006,57,233,-9586,1203,15.721493760
8006,58,927,-11774,2438,15.722681184
8006,59,589,-3813,4019,15.723868608
8006,60,539,294,2469,15.725056032
8006,61,541,-982,3346,15.726243456
8006,62,206,640,324,15.727430880
8006,63,218,634,837,15.728618304
8006,64,-229,205,344,15.729805728
8007,1,-869,1055,-19,15.730993152
8007,2,-939,2886,-907,15.732180576
8007,3,-793,2887,-364,15.733368000
8007,4,-497,1670,-1317,15.734555424
8007,5,-500,2287,-1730,15.735742848
8007,6,-546,534,-550,15.736930272
8007,7,825,81,-558,15.738117696
8007,8,58,-11515,-5554,15.739305120
8007,9,474,-22980,-2223,15.740492544
8007,10,386,-13440,-1318,15.741679968
8007,11,591,3251,-1048,15.742867392
8007,12,433,820,73,15.744054816
8007,13,344,996,-967,15.745242240
8007,14,-298,3732,-3117,15.746429664
8007,15,-199,-175,-1038,15.747617088
8007,16,-819,-2781,-4142,15.748804512
8007,17,-562,-10983,-3491,15.749991936
8007,18,-390,-14521,-3733,15.751179360
8007,19,-504,-7707,-3652,15.752366784
8007,20,-483,1229,-2305,15.753554208
8007,21,-426,-3508,-4055,15.754741632
8007,22,403,-13607,-3160,15.755929056
8007,23,501,-8541,-1381,15.757116480
8007,24,725,-2729,-468,15.758303904
8007,25,718,-9476,1185,15.759491328
8007,26,831,-7155,577,15.760678752
8007,27,808,-521,433,15.761866176
8007,28,590,-3180,618,15.763053600
8007,29,75,-4847,524,15.764241024
8007,30,260,-1541,1269,15.765428448
8007,31,-10,-2824,1358,15.766615872
8007,32,-231,-1941,705,15.767803296
8007,33,-490,558,1145,15.768990720
8007,34,-511,120,2924,15.770178144
8007,35,-154,-1944,2419,15.771365568
8007,36,556,-7336,2540,15.772552992
8007,37,-352,-19512,6001,15.773740416
8007,38,416,-18854,2260,15.774927840
8007,39,147,-3958,5313,15.776115264
8007,40,437,-4081,4835,15.777302688
8007,41,205,-10760,2340,15.778490112
8007,42,10,-9657,3665,15.779677536
8007,43,426,-684,4839,15.780864960
8007,44,-104,-1700,5747,15.782052384
8007,45,-233,-5793,2518,15.783239808
8007,46,-318,-8846,1816,15.784427232
8007,47,-311,-7538,-790,15.785614656
8007,48,-287,-531,-853,15.786802080
8007,49,-624,-201,-1764,15.787989504
8007,50,-591,-341,-2384,15.789176928
8007,51,-274,187,-2285,15.790364352
8007,52,-115,-2781,-1573,15.791551776
8007,53,-48,-9042,-1764,15.792739200
8007,54,58,-6575,-854,15.793926624
8007,55,127,1454,-1966,15.795114048
8007,56,218,-473,-1534,15.796301472
8007,57,111,-10324,-3436,15.797488896
8007,58,379,-11470,-2991,15.798676320
8007,59,427,-3625,-2172,15.799863744
8007,60,356,727,-2576,15.801051168
8007,61,213,2,-3222,15.802238592
8007,62,123,1972,-4741,15.803426016
8007,63,76,2775,-4193,15.804613440
8007,64,-84,2253,-4369,15.805800864
8008,1,-514,603,-2740,15.806988288
8008,2,-282,799,-3378,15.808175712
8008,3,81,1308,-1338,15.809363136
8008,4,-183,1854,-1503,15.810550560
8008,5,-367,1751,-439,15.811737984
8008,6,-449,-297,200,15.812925408
8008,7,-285,-211,29,15.814112832
8008,8,438,1781,3479,15.815300256
8008,9,342,4648,3280,15.816487680
8008,10,-10,2993,3633,15.817675104
8008,11,619,1549,2483,15.818862528
8008,12,132,279,1298,15.820049952
8008,13,340,-838,1429,15.821237376
8008,14,265,-1411,2395,15.822424800
8008,15,-298,-5762,762,15.823612224
8008,16,644,-28548,2478,15.824799648
8008,17,-649,-22171,169,15.825987072
8008,18,-467,2083,23,15.827174496
8008,19,-308,-1467,3594,15.828361920
8008,20,-848,-1796,1637,15.829549344
8008,21,428,-3277,-1097,15.830736768
8008,22,-596,-9032,3267,15.831924192
8008,23,-222,-10895,6970,15.833111616
8008,24,394,-5512,2705,15.834299040
8008,25,3,-2461,4775,15.835486464
8008,26,957,-1848,3436,15.836673888
8008,27,75,-11182,-1058,15.837861312
8008,28,419,-11422,-1025,15.839048736
8008,29,273,-6509,-1429,15.840236160
8008,30,397,-13363,-3230,15.841423584
8008,31,189,-9567,-1970,15.842611008
8008,32,-55,-2941,-3850,15.843798432
8008,33,112,-13301,-2930,15.844985856
8008,34,-229,-12317,-2528,15.846173280
8008,35,-455,-812,-2006,15.847360704
8008,36,34,-7242,-814,15.848548128
8008,37,434,-17695,-908,15.849735552
8008,38,794,-17063,149,15.850922976
8008,39,397,-6479,465,15.852110400
8008,40,213,-1660,812,15.853297824
8008,41,580,-8226,-748,15.854485248
8008,42,581,-9770,-13,15.855672672
8008,43,752,-1223,304,15.856860096
8008,44,140,-182,764,15.858047520
8008,45,43,-4712,-950,15.859234944
8008,46,-185,-4510,-1079,15.860422368
8008,47,-149,-3551,-3558,15.861609792
8008,48,-438,-5718,-1210,15.862797216
8008,49,-593,-3313,-1381,15.863984640
8008,50,-587,-3077,-313,15.865172064
8008,51,-284,-5156,94,15.866359488
8008,52,-567,-89,-401,15.867546912
8008,53,-348,1828,1544,15.868734336
8008,54,-48,463,2248,15.869921760
8008,55,423,851,1423,15.871109184
8008,56,390,1544,1996,15.872296608
8008,57,150,2907,2841,15.873484032
8008,58,-150,1949,2722,15.874671456
8008,59,187,-1050,1851,15.875858880
8008,60,123,239,-833,15.877046304
8008,61,-58,-472,-1272,15.878233728
8008,62,-540,-3346,-1936,15.879421152
8008,63,-551,-3341,-183,15.880608576
8008,64,-531,-2675,86,15.881796000
8009,1,-597,-2503,-607,15.882983424
8009,2,-467,-756,-878,15.884170848
8009,3,-211,317,589,15.885358272
8009,4,-89,-53,1424,15.886545696
8009,5,20,519,1453,15.887733120
8009,6,12,572,1544,15.888920544
8009,7,392,-101,2036,15.890107968
8009,8,423,488,1655,15.891295392
8009,9,588,-203,1966,15.892482816
8009,10,258,39,53,15.893670240
8009,11,89,-948,-1106,15.894857664
8009,12,106,-2560,-2571,15.896045088
8009,13,22,-2741,-1754,15.897232512
8009,14,13,-3104,-1506,15.898419936
8009,15,-35,-8325,-1512,15.899607360
8009,16,-26,-9614,-1540,15.900794784
8009,17,33,-7649,-2224,15.901982208
8009,18,268,-10007,-226,15.903169632
8009,19,351,-4816,918,15.904357056
8009,20,256,-1025,1125,15.905544480
8009,21,389,-10671,268,15.906731904
8009,22,475,-13939,15,15.907919328
8009,23,470,-7900,122,15.909106752
8009,24,453,-6035,1012,15.910294176
8009,25,239,-9817,-54,15.911481600
8009,26,173,-11849,-2158,15.912669024
8009,27,85,-14993,-2281,15.913856448
8009,28,120,-6944,-2136,15.915043872
8009,29,-240,-700,-574,15.916231296
8009,30,-11,-6375,-1552,15.917418720
8009,31,-56,-5456,-743,15.918606144
8009,32,-93,1420,-1697,15.919793568
8009,33,-109,-2463,-376,15.920980992
8009,34,110,-16049,1128,15.922168416
8009,35,335,-7273,1171,15.923355840
8009,36,-116,871,214,15.924543264
8009,37,-108,-9772,62,15.925730688
8009,38,-103,-14802,-4,15.926918112
8009,39,-127,-7779,846,15.928105536
8009,40,-174,-3006,2145,15.929292960
8009,41,-397,-3837,964,15.930480384
8009,42,-512,-1948,633,15.931667808
8009,43,-667,-2397,482,15.932855232
8009,44,-123,-4828,2338,15.934042656
8009,45,-381,-2153,1671,15.935230080
8009,46,-428,-340,637,15.936417504
8009,47,65,-1243,1889,15.937604928
8009,48,-67,-334,1861,15.938792352
8009,49,11,608,3559,15.939979776
8009,50,-116,-31,3634,15.941167200
8009,51,-71,-2123,-16,15.942354624
8009,52,41,-8151,1267,15.943542048
8009,53,-187,-2931,1432,15.944729472
8009,54,-431,-1364,2033,15.945916896
8009,55,-204,-9071,128,15.947104320
8009,56,-209,-8970,-1062,15.948291744
8009,57,-17,-3257,-1111,15.949479168
8009,58,-92,-357,-74,15.950666592
8009,59,-15,-1049,-639,15.951854016
8009,60,512,-5936,-1506,15.953041440
8009,61,685,-5712,-2112,15.954228864
8009,62,941,-5075,-2145,15.955416288
8009,63,911,-5594,-1302,15.956603712
8009,64,670,-2316,-1249,15.957791136
8010,1,591,-3106,-1957,15.958978560
8010,2,251,-8155,-2091,15.960165984
8010,3,174,-2835,-2247,15.961353408
8010,4,-37,-1572,-2098,15.962540832
8010,5,149,-8982,-1868,15.963728256
8010,6,-104,-6194,-2715,15.964915680
8010,7,-198,-3964,-3033,15.966103104
8010,8,-36,-10436,-2143,15.967290528
8010,9,185,-4256,-2230,15.968477952
8010,10,157,-1236,-1589,15.969665376
8010,11,575,-10409,-1891,15.970852800
8010,12,542,-6653,-1556,15.972040224
8010,13,440,-78,-540,15.973227648
8010,14,724,-3761,304,15.974415072
8010,15,340,-6994,-714,15.975602496
8010,16,124,-7572,-220,15.976789920
8010,17,-91,-9657,701,15.977977344
8010,18,-248,-4794,2064,15.979164768
8010,19,-488,294,2368,15.980352192
8010,20,-801,-455,3546,15.981539616
8010,21,-767,279,1876,15.982727040
8010,22,-759,467,1942,15.983914464
8010,23,-490,-311,4214,15.985101888
8010,24,-33,-44,4270,15.986289312
8010,25,176,-1690,4002,15.987476736
8010,26,-85,-5970,2538,15.988664160
8010,27,457,-13529,2660,15.989851584
8010,28,55,-14087,2510,15.991039008
8010,29,-24,-6050,2705,15.992226432
8010,30,-248,-2627,2547,15.993413856
8010,31,-424,-2583,2212,15.994601280
8010,32,-505,-3603,1107,15.995788704
8010,33,-458,-3385,2205,15.996976128
8010,34,-609,-668,1423,15.998163552
8010,35,-839,82,405,15.999350976
8010,36,-629,-244,274,16.000538400
8010,37,-506,1603,-793,16.001725824
8010,38,-174,2034,139,16.002913248
8010,39,449,630,-1712,16.004100672
8010,40,417,361,-1165,16.005288096
8010,41,888,609,-1346,16.006475520
8010,42,1089,-1295,-1483,16.007662944
8010,43,291,-5570,-2726,16.008850368
8010,44,923,-12963,-3010,16.010037792
8010,45,178,-11236,-2425,16.011225216
8010,46,397,252,-3502,16.012412640
8010,47,8,898,-1949,16.013600064
8010,48,-517,-3186,-3806,16.014787488
8010,49,274,-9235,-1812,16.015974912
8010,50,-249,-3591,-1789,16.017162336
8010,51,-336,967,-2043,16.018349760
8010,52,-75,-1218,-1899,16.019537184
8010,53,-151,1520,-3101,16.020724608
8010,54,701,1791,-722,16.021912032
8010,55,190,-3058,-1891,16.023099456
8010,56,443,-7425,-1726,16.024286880
8010,57,530,-5225,-1116,16.025474304
8010,58,530,-4259,115,16.026661728
8010,59,402,-404,-28,16.027849152
8010,60,-13,1403,1833,16.029036576
8010,61,-152,-2822,-706,16.030224000
8010,62,-72,-3868,494,16.031411424
8010,63,-651,-249,1866,16.032598848
8010,64,-363,-289,2805,16.033786272
8011,1,-405,-571,3047,16.034973696
8011,2,-425,-283,1799,16.036161120
8011,3,-450,-105,2384,16.037348544
8011,4,-133,-1816,762,16.038535968
8011,5,154,-7393,929,16.039723392
8011,6,451,-13287,1109,16.040910816
8011,7,-93,-15936,2327,16.042098240
8011,8,-161,-12186,1229,16.043285664
8011,9,-195,-14031,1167,16.044473088
8011,10,-135,-12083,2384,16.045660512
8011,11,-229,-4606,1621,16.046847936
8011,12,-425,-1972,2634,16.048035360
8011,13,-609,-2807,2647,16.049222784
8011,14,-292,-4516,1733,16.050410208
8011,15,-331,-9821,2574,16.051597632
8011,16,-78,-8333,599,16.052785056
8011,17,62,-5037,-196,16.053972480
8011,18,287,-12943,-1140,16.055159904
8011,19,588,-16245,-1887,16.056347328
8011,20,668,-10481,-1260,16.057534752
8011,21,452,-6538,-816,16.058722176
8011,22,546,-4272,-1495,16.059909600
8011,23,419,-2766,-2035,16.061097024
8011,24,339,-418,-1843,16.062284448
8011,25,38,464,-1220,16.063471872
8011,26,-164,-415,-15,16.064659296
8011,27,111,706,-377,16.065846720
8011,28,144,608,-399,16.067034144
8011,29,373,1907,1308,16.068221568
8011,30,144,1619,-205,16.069408992
8011,31,574,-1066,-359,16.070596416
8011,32,338,-4142,-2628,16.071783840
8011,33,1060,-11646,-1759,16.072971264
8011,34,432,-6056,-218,16.074158688
8011,35,330,2880,-1949,16.075346112
8011,36,282,-22,86,16.076533536
8011,37,-50,291,-1590,16.077720960
8011,38,-403,3204,-2207,16.078908384
8011,39,-257,948,588,16.080095808
8011,40,-589,1021,-92,16.081283232
8011,41,-597,1657,678,16.082470656
8011,42,-493,989,1188,16.083658080
8011,43,-416,472,13,16.084845504
8011,44,147,-1007,-316,16.086032928
8011,45,-235,-9501,-359,16.087220352
8011,46,223,-15504,131,16.088407776
8011,47,133,-8416,1210,16.089595200
8011,48,-120,1110,376,16.090782624
8011,49,-42,-2391,1185,16.091970048
8011,50,-205,-13555,-1912,16.093157472
8011,51,-105,-10315,-2128,16.094344896
8011,52,-561,-3426,-1508,16.095532320
8011,53,-838,-7404,-604,16.096719744
8011,54,-565,-16406,-1960,16.097907168
8011,55,-369,-17801,-1127,16.099094592
8011,56,-272,-11127,-600,16.100282016
8011,57,-270,-10333,390,16.101469440
8011,58,-87,-10827,717,16.102656864
8011,59,451,-12630,1378,16.103844288
8011,60,730,-12737,2610,16.105031712
8011,61,564,-10065,2650,16.106219136
8011,62,712,-8781,2155,16.107406560
8011,63,731,-4588,1719,16.108593984
8011,64,599,-1626,1157,16.109781408
8012,1,118,-3547,735,16.110968832
8012,2,189,-6024,1201,16.112156256
8012,3,285,-2436,1428,16.113343680
8012,4,187,-918,1884,16.114531104
8012,5,20,-981,767,16.115718528
8012,6,-155,1825,62,16.116905952
8012,7,-27,2149,1005,16.118093376
8012,8,206,1918,2740,16.119280800
8012,9,763,2897,1900,16.120468224
8012,10,182,2769,2653,16.121655648
8012,11,154,2584,2906,16.122843072
8012,12,387,1349,2657,16.124030496
8012,13,324,1133,1820,16.125217920
8012,14,87,2948,1033,16.126405344
8012,15,-308,2981,403,16.127592768
8012,16,-273,1615,663,16.128780192
8012,17,-471,3577,-187,16.129967616
8012,18,-624,3628,-132,16.131155040
8012,19,-623,1030,-1913,16.132342464
8012,20,-589,707,-2950,16.133529888
8012,21,-607,-117,-2346,16.134717312
8012,22,-429,-518,-1445,16.135904736
8012,23,-152,-139,-602,16.137092160
8012,24,-33,-265,-1684,16.138279584
8012,25,193,-1375,-1177,16.139467008
8012,26,-33,-8978,-3457,16.140654432
8012,27,214,-6962,-3005,16.141841856
8012,28,-239,-5643,-3504,16.143029280
8012,29,-340,-10259,-2599,16.144216704
8012,30,-259,-7412,-5174,16.145404128
8012,31,-326,-7886,-2656,16.146591552
8012,32,-27,-4425,-2953,16.147778976
8012,33,-448,-1290,-3230,16.148966400
8012,34,-397,-6584,-3102,16.150153824
8012,35,-106,-12958,-1821,16.151341248
8012,36,200,-6131,-1844,16.152528672
8012,37,179,-3732,32,16.153716096
8012,38,566,-9581,-1189,16.154903520
8012,39,716,-8948,-425,16.156090944
8012,40,671,-4770,-406,16.157278368
8012,41,697,-9153,1326,16.158465792
8012,42,554,-16659,2281,16.159653216
8012,43,649,-12710,3459,16.160840640
8012,44,487,-6920,3562,16.162028064
8012,45,255,-11040,2783,16.163215488
8012,46,216,-13911,2227,16.164402912
8012,47,168,-10066,3207,16.165590336
8012,48,387,-5416,3852,16.166777760
8012,49,140,-7794,3528,16.167965184
8012,50,267,-12735,2433,16.169152608
8012,51,552,-12161,3082,16.170340032
8012,52,623,-8084,3542,16.171527456
8012,53,434,-2884,4030,16.172714880
8012,54,175,-7632,2325,16.173902304
8012,55,467,-14154,2298,16.175089728
8012,56,358,-9544,2851,16.176277152
8012,57,-16,-4123,3319,16.177464576
8012,58,-335,-1373,3479,16.178652000
8012,59,-802,-484,1408,16.179839424
8012,60,-575,-1969,333,16.181026848
8012,61,-692,-3066,434,16.182214272
8012,62,-733,1686,-68,16.183401696
8012,63,-791,121,1991,16.184589120
8012,64,-423,-1104,-2237,16.185776544
8013,1,-383,-1453,-2731,16.186963968
8013,2,-234,309,-2760,16.188151392
8013,3,-374,-2376,-2018,16.189338816
8013,4,127,-3543,-2402,16.190526240
8013,5,-287,-73,-3064,16.191713664
8013,6,-231,890,-2659,16.192901088
8013,7,-400,1611,-1924,16.194088512
8013,8,-332,2711,-1989,16.195275936
8013,9,-385,2477,-2605,16.196463360
8013,10,-448,2772,-3793,16.197650784
8013,11,-580,2888,-2189,16.198838208
8013,12,-328,2380,-1754,16.200025632
8013,13,-182,1736,-871,16.201213056
8013,14,-140,2908,-1940,16.202400480
8013,15,123,2817,-2591,16.203587904
8013,16,402,1415,-2376,16.204775328
8013,17,641,1825,-1770,16.205962752
8013,18,569,2377,72,16.207150176
8013,19,630,2015,-132,16.208337600
8013,20,669,2181,-664,16.209525024
8013,21,349,3322,-239,16.210712448
8013,22,218,2004,14,16.211899872
8013,23,151,-254,854,16.213087296
8013,24,-135,-411,875,16.214274720
8013,25,-157,-302,1043,16.215462144
8013,26,-227,-2475,1456,16.216649568
8013,27,-461,-3699,421,16.217836992
8013,28,301,-21387,2359,16.219024416
8013,29,246,-19183,43,16.220211840
8013,30,165,-3819,-184,16.221399264
8013,31,519,-1819,1840,16.222586688
8013,32,164,-2242,-2492,16.223774112
8013,33,602,-15266,-276,16.224961536
8013,34,752,-18090,419,16.226148960
8013,35,495,-9419,1007,16.227336384
8013,36,261,-4122,2985,16.228523808
8013,37,-3,-10634,1360,16.229711232
8013,38,102,-14528,1200,16.230898656
8013,39,-338,-9938,1636,16.232086080
8013,40,-355,-7033,353,16.233273504
8013,41,-314,-6052,1144,16.234460928
8013,42,-302,-5215,489,16.235648352
8013,43,-19,-13865,2031,16.236835776
8013,44,22,-14855,1638,16.238023200
8013,45,-132,-3903,986,16.239210624
8013,46,329,-4463,1016,16.240398048
8013,47,177,-11701,-625,16.241585472
8013,48,332,-9580,472,16.242772896
8013,49,223,-5620,1382,16.243960320
8013,50,25,-6605,1286,16.245147744
8013,51,-115,-5663,1026,16.246335168
8013,52,-489,-2825,-301,16.247522592
8013,53,-395,-2792,1159,16.248710016
8013,54,-316,-6043,1372,16.249897440
8013,55,-440,-4688,1306,16.251084864
8013,56,-538,-5355,1093,16.252272288
8013,57,-464,-2869,212,16.253459712
8013,58,-424,1172,750,16.254647136
8013,59,370,908,1726,16.255834560
8013,60,58,-268,-658,16.257021984
8013,61,500,-2913,-645,16.258209408
8013,62,302,2021,-719,16.259396832
8013,63,68,946,797,16.260584256
8013,64,458,315,-465,16.261771680
8014,1,479,2575,-529,16.262959104
8014,2,-29,2473,-2686,16.264146528
8014,3,234,-213,-3088,16.265333952
8014,4,-380,-265,-3508,16.266521376
8014,5,-438,1800,-1284,16.267708800
8014,6,-48,-384,-1638,16.268896224
8014,7,-793,-703,-3362,16.270083648
8014,8,546,-8778,-5055,16.271271072
8014,9,288,-12226,-2969,16.272458496
8014,10,180,-2436,-627,16.273645920
8014,11,134,-976,-561,16.274833344
8014,12,235,-14020,-2091,16.276020768
8014,13,846,-14911,-2724,16.277208192
8014,14,566,-980,-1938,16.278395616
8014,15,402,-287,-292,16.279583040
8014,16,232,-5015,-1259,16.280770464
8014,17,-1,-10419,-1599,16.281957888
8014,18,282,-12083,-1029,16.283145312
8014,19,-55,-5432,283,16.284332736
8014,20,-457,-1441,1861,16.285520160
8014,21,-268,-5576,541,16.286707584
8014,22,-67,-10110,-261,16.287895008
8014,23,-89,-8522,326,16.289082432
8014,24,-67,-9915,1552,16.290269856
8014,25,94,-10003,3903,16.291457280
8014,26,282,-4394,3496,16.292644704
8014,27,250,-8033,2068,16.293832128
8014,28,415,-14403,1650,16.295019552
8014,29,318,-4609,2682,16.296206976
8014,30,400,565,4353,16.297394400
8014,31,237,-3532,5944,16.298581824
8014,32,-232,-2982,2262,16.299769248
8014,33,123,-1311,3520,16.300956672
8014,34,-60,-1125,3719,16.302144096
8014,35,-89,-569,3713,16.303331520
8014,36,-423,-1082,3069,16.304518944
8014,37,-319,-1693,1540,16.305706368
8014,38,-262,-2701,2043,16.306893792
8014,39,-245,-5800,1263,16.308081216
8014,40,-110,-6225,1543,16.309268640
8014,41,-332,-991,595,16.310456064
8014,42,-390,536,818,16.311643488
8014,43,-530,-5889,-3190,16.312830912
8014,44,-17,-7884,-34,16.314018336
8014,45,-435,1241,801,16.315205760
8014,46,-204,1535,-781,16.316393184
8014,47,-229,386,-825,16.317580608
8014,48,-320,2445,-3312,16.318768032
8014,49,-228,5008,-1422,16.319955456
8014,50,-116,5542,-1311,16.321142880
8014,51,101,3602,-3903,16.322330304
8014,52,-44,1160,-2350,16.323517728
8014,53,-89,2600,-4669,16.324705152
8014,54,-32,2311,-2237,16.325892576
8014,55,-89,1859,-3096,16.327080000
8014,56,-304,246,-3143,16.328267424
8014,57,106,-486,-3975,16.329454848
8014,58,63,84,-3461,16.330642272
8014,59,4,247,-1817,16.331829696
8014,60,155,346,-1606,16.333017120
8014,61,214,-77,-1125,16.334204544
8014,62,379,-560,-2456,16.335391968
8014,63,401,-688,-1070,16.336579392
8014,64,533,-1831,614,16.337766816
8015,1,179,-7238,-3861,16.338954240
8015,2,715,-29899,-774,16.340141664
8015,3,13,-26684,-810,16.341329088
8015,4,108,-3227,86,16.342516512
8015,5,-222,-670,3265,16.343703936
8015,6,-32,-7519,-769,16.344891360
8015,7,3,-14762,853,16.346078784
8015,8,-24,-10794,3179,16.347266208
8015,9,-220,-4111,3378,16.348453632
8015,10,159,-6224,3992,16.349641056
8015,11,259,-9564,2261,16.350828480
8015,12,496,-4913,1475,16.352015904
8015,13,509,-1756,2765,16.353203328
8015,14,356,-5821,2938,16.354390752
8015,15,901,-9871,1771,16.355578176
8015,16,698,-13036,2310,16.356765600
8015,17,443,-15966,1393,16.357953024
8015,18,-16,-14007,2011,16.359140448
8015,19,-241,-6766,1559,16.360327872
8015,20,-213,-4842,920,16.361515296
8015,21,-433,-14084,-147,16.362702720
8015,22,-615,-15106,1047,16.363890144
8015,23,-381,-7296,2892,16.365077568
8015,24,-152,-5461,3246,16.366264992
8015,25,-159,-6492,2486,16.367452416
8015,26,-198,-4607,-244,16.368639840
8015,27,17,-9185,1184,16.369827264
8015,28,494,-10222,1260,16.371014688
8015,29,276,-5751,1865,16.372202112
8015,30,99,-7891,1187,16.373389536
8015,31,-18,-7235,-529,16.374576960
8015,32,-237,-5429,-1026,16.375764384
8015,33,-168,-5751,-1493,16.376951808
8015,34,-157,-506,-1570,16.378139232
8015,35,-682,2222,-1783,16.379326656
8015,36,-825,1957,-556,16.380514080
8015,37,-592,3177,-1034,16.381701504
8015,38,-209,7106,-2496,16.382888928
8015,39,43,4375,-143,16.384076352
8015,40,371,4693,-1875,16.385263776
8015,41,973,6050,-2114,16.386451200
8015,42,836,7458,-840,16.387638624
8015,43,629,4261,-973,16.388826048
8015,44,526,1300,-2343,16.390013472
8015,45,549,-181,-2892,16.391200896
8015,46,526,325,-4019,16.392388320
8015,47,-134,-5,-1095,16.393575744
8015,48,-324,-49,-2809,16.394763168
8015,49,-973,-2249,-2162,16.395950592
8015,50,-941,-4542,-2596,16.397138016
8015,51,-301,-5822,-2441,16.398325440
8015,52,-372,-6034,-1635,16.399512864
8015,53,-75,-5487,-757,16.400700288
8015,54,20,-2461,280,16.401887712
8015,55,369,-973,1007,16.403075136
8015,56,192,-6919,630,16.404262560
8015,57,648,-8747,544,16.405449984
8015,58,624,-1484,483,16.406637408
8015,59,596,-2132,1001,16.407824832
8015,60,641,-4225,-207,16.409012256
8015,61,-189,-3823,-264,16.410199680
8015,62,-318,-8907,-1319,16.411387104
8015,63,-455,-13148,689,16.412574528
8015,64,-564,-8960,600,16.413761952
8016,1,-311,-11591,151,16.414949376
8016,2,-296,-16399,1196,16.416136800
8016,3,-450,-7396,1745,16.417324224
8016,4,-167,-467,3214,16.418511648
8016,5,73,-2137,3926,16.419699072
8016,6,437,-1687,3036,16.420886496
8016,7,824,1626,3828,16.422073920
8016,8,535,1068,5430,16.423261344
8016,9,503,254,4247,16.424448768
8016,10,166,-43,3858,16.425636192
8016,11,76,-371,3385,16.426823616
8016,12,0,-544,2733,16.428011040
8016,13,-229,-1206,2125,16.429198464
8016,14,-385,-8134,-2934,16.430385888
8016,15,-498,-22252,1355,16.431573312
8016,16,-709,-15069,528,16.432760736
8016,17,-151,2048,101,16.433948160
8016,18,-372,-357,2762,16.435135584
8016,19,18,40,1691,16.436323008
8016,20,647,-16181,-754,16.437510432
8016,21,544,-15829,13,16.438697856
8016,22,183,1195,-469,16.439885280
8016,23,481,-664,17,16.441072704
8016,24,59,-570,-2386,16.442260128
8016,25,146,4175,-4796,16.443447552
8016,26,280,435,-519,16.444634976
8016,27,-723,-172,-4727,16.445822400
8016,28,-257,295,-2819,16.447009824
8016,29,-549,-650,-1704,16.448197248
8016,30,-756,-620,-4289,16.449384672
8016,31,-302,-13976,-3491,16.450572096
8016,32,-134,-17195,-5223,16.451759520
8016,33,43,-1253,-3631,16.452946944
8016,34,249,2636,-3204,16.454134368
8016,35,-35,-366,-196,16.455321792
8016,36,1050,800,-2677,16.456509216
8016,37,634,-2661,-695,16.457696640
8016,38,619,-8932,-1716,16.458884064
8016,39,270,-9321,-2231,16.460071488
8016,40,248,-2555,-783,16.461258912
8016,41,199,-332,95,16.462446336
8016,42,-905,-2109,-884,16.463633760
8016,43,-317,-10333,-2073,16.464821184
8016,44,-517,-10544,65,16.466008608
8016,45,-287,-5340,-257,16.467196032
8016,46,-375,-3129,3110,16.468383456
8016,47,-63,-3702,3290,16.469570880
8016,48,-87,-5787,4242,16.470758304
8016,49,570,-9430,3589,16.471945728
8016,50,358,-4804,2834,16.473133152
8016,51,548,-637,4307,16.474320576
8016,52,718,-1151,5266,16.475508000
8016,53,634,63,5368,16.476695424
8016,54,430,-1170,4828,16.477882848
8016,55,-503,-2220,2666,16.479070272
8016,56,-38,-8827,533,16.480257696
8016,57,-359,-14940,3987,16.481445120
8016,58,-353,-10985,1575,16.482632544
8016,59,-520,-5867,766,16.483819968
8016,60,-539,-7981,-670,16.485007392
8016,61,-437,-8498,-1135,16.486194816
8016,62,78,-14710,-313,16.487382240
8016,63,298,-9650,1271,16.488569664
8016,64,141,-307,1310,16.489757088
8017,1,550,-2142,1510,16.490944512
8017,2,693,-2703,919,16.492131936
8017,3,437,-3667,-771,16.493319360
8017,4,531,-5496,-282,16.494506784
8017,5,389,-2875,-1045,16.495694208
8017,6,427,216,-1507,16.496881632
8017,7,-193,-192,-1476,16.498069056
8017,8,-551,696,-2462,16.499256480
8017,9,-755,1434,-2747,16.500443904
8017,10,-662,872,-4660,16.501631328
8017,11,-429,-294,-3953,16.502818752
8017,12,-486,1227,-4323,16.504006176
8017,13,-441,1000,-2090,16.505193600
8017,14,-135,-1007,-1541,16.506381024
8017,15,276,-5762,-3569,16.507568448
8017,16,864,-10172,-2386,16.508755872
8017,17,348,-5758,-1134,16.509943296
8017,18,573,2344,-155,16.511130720
8017,19,554,577,2049,16.512318144
8017,20,649,-504,1323,16.513505568
8017,21,130,-6628,-1616,16.514692992
8017,22,320,-9912,-1979,16.515880416
8017,23,-205,-4840,-1147,16.517067840
8017,24,-198,-888,53,16.518255264
8017,25,-782,19,570,16.519442688
8017,26,-1324,-582,-703,16.520630112
8017,27,-231,-6746,-1568,16.521817536
8017,28,-365,-4844,493,16.523004960
8017,29,-212,-1050,3274,16.524192384
8017,30,45,-3950,3090,16.525379808
8017,31,-1,-7877,1999,16.526567232
8017,32,501,-10505,1581,16.527754656
8017,33,521,-7991,2807,16.528942080
8017,34,549,-215,2829,16.530129504
8017,35,339,-256,3550,16.531316928
8017,36,368,-4049,-170,16.532504352
8017,37,274,-7975,-963,16.533691776
8017,38,-70,-6677,797,16.534879200
8017,39,-93,-8086,1495,16.536066624
8017,40,-85,-4210,740,16.537254048
8017,41,-924,-4504,-773,16.538441472
8017,42,198,-9988,-1204,16.539628896
8017,43,74,-16819,-1026,16.540816320
8017,44,220,-10295,2920,16.542003744
8017,45,79,-536,2356,16.543191168
8017,46,200,-1124,1841,16.544378592
8017,47,638,-2717,1936,16.545566016
8017,48,99,-4622,1960,16.546753440
8017,49,520,-5831,2278,16.547940864
8017,50,239,-5869,1690,16.549128288
8017,51,354,-1393,415,16.550315712
8017,52,-3,172,337,16.551503136
8017,53,-417,-1491,-394,16.552690560
8017,54,-172,-4673,-1574,16.553877984
8017,55,-246,-4264,-2710,16.555065408
8017,56,-230,-1454,-2577,16.556252832
8017,57,-30,-57,-2350,16.557440256
8017,58,-574,933,139,16.558627680
8017,59,-293,3082,-462,16.559815104
8017,60,-76,1289,-299,16.561002528
8017,61,169,932,-1571,16.562189952
8017,62,345,-192,312,16.563377376
8017,63,233,-5143,-2627,16.564564800
8017,64,187,-15475,50,16.565752224
8018,1,277,-9391,-824,16.566939648
8018,2,-65,-327,-795,16.568127072
8018,3,14,-1039,-340,16.569314496
8018,4,46,-1427,-3839,16.570501920
8018,5,-1,-8526,-2467,16.571689344
8018,6,-53,-8128,-1940,16.572876768
8018,7,-594,-7055,-2260,16.574064192
8018,8,-541,-10478,-2125,16.575251616
8018,9,-205,-10172,-1749,16.576439040
8018,10,-125,-8028,-1541,16.577626464
8018,11,16,-10199,-640,16.578813888
8018,12,-220,-7513,-430,16.580001312
8018,13,-124,-4244,95,16.581188736
8018,14,143,-6190,1323,16.582376160
8018,15,251,-4336,1783,16.583563584
8018,16,350,-2263,1864,16.584751008
8018,17,391,-4850,707,16.585938432
8018,18,292,-1912,-71,16.587125856
8018,19,95,279,871,16.588313280
8018,20,83,-2744,2015,16.589500704
8018,21,192,-1989,2049,16.590688128
8018,22,268,911,1156,16.591875552
8018,23,270,265,761,16.593062976
8018,24,114,414,508,16.594250400
8018,25,-9,614,2974,16.595437824
8018,26,-73,-273,4056,16.596625248
8018,27,-164,254,3012,16.597812672
8018,28,-233,1747,4731,16.599000096
8018,29,30,1174,3620,16.600187520
8018,30,-53,-1464,4262,16.601374944
8018,31,-83,10,3926,16.602562368
8018,32,-216,-472,2976,16.603749792
8018,33,-109,-2974,3289,16.604937216
8018,34,125,-12462,-589,16.606124640
8018,35,234,-13378,715,16.607312064
8018,36,48,-5944,-987,16.608499488
8018,37,1,-4562,-1319,16.609686912
8018,38,90,-4087,-2960,16.610874336
8018,39,-51,-1763,-2817,16.612061760
8018,40,-12,-6156,-2501,16.613249184
8018,41,20,-12023,-2765,16.614436608
8018,42,-148,-5067,-1919,16.615624032
8018,43,-344,-301,-2866,16.616811456
8018,44,-72,-5740,-2397,16.617998880
8018,45,-295,-7884,-2940,16.619186304
8018,46,-328,-2145,-2340,16.620373728
8018,47,-162,-3060,-2195,16.621561152
8018,48,-72,-6523,-3636,16.622748576
8018,49,220,-7109,-4045,16.623936000
8018,50,263,-10482,-4604,16.625123424
8018,51,461,-10185,-3121,16.626310848
8018,52,395,-4066,-3593,16.627498272
8018,53,381,-5367,-4277,16.628685696
8018,54,548,-12947,-3389,16.629873120
8018,55,353,-6982,-2308,16.631060544
8018,56,269,-4,378,16.632247968
8018,57,129,-2367,854,16.633435392
8018,58,-110,-1779,-517,16.634622816
8018,59,87,653,531,16.635810240
8018,60,-132,371,3761,16.636997664
8018,61,-168,130,4130,16.638185088
8018,62,240,-2650,5090,16.639372512
8018,63,-66,-12133,2876,16.640559936
8018,64,41,-18591,2788,16.641747360
8019,1,80,-13851,3073,16.642934784
8019,2,20,-7642,4724,16.644122208
8019,3,67,-7574,2433,16.645309632
8019,4,-163,-14404,2323,16.646497056
8019,5,-90,-11045,2519,16.647684480
8019,6,-65,-143,3873,16.648871904
8019,7,-170,-945,5879,16.650059328
8019,8,-433,-2279,3020,16.651246752
8019,9,-124,-8095,1563,16.652434176
8019,10,-73,-4443,2258,16.653621600
8019,11,-210,-2396,2571,16.654809024
8019,12,-47,-10322,2895,16.655996448
8019,13,-100,-7575,93,16.657183872
8019,14,-208,-3734,-345,16.658371296
8019,15,3,-4637,-585,16.659558720
8019,16,-136,-3782,-1070,16.660746144
8019,17,321,-1498,-624,16.661933568
8019,18,-124,-3233,-1585,16.663120992
8019,19,189,-141,-3154,16.664308416
8019,20,-74,1909,-2441,16.665495840
8019,21,29,126,-2334,16.666683264
8019,22,276,1470,-2444,16.667870688
8019,23,141,2661,-3848,16.669058112
8019,24,-97,3096,-3044,16.670245536
8019,25,11,6186,-2834,16.671432960
8019,26,178,2059,-1182,16.672620384
8019,27,76,1166,-763,16.673807808
8019,28,-169,2450,-2999,16.674995232
8019,29,-78,3083,-1988,16.676182656
8019,30,-53,3782,-1971,16.677370080
8019,31,-203,4296,-1290,16.678557504
8019,32,-238,1696,-118,16.679744928
8019,33,-153,955,-1776,16.680932352
8019,34,-31,1025,-341,16.682119776
8019,35,172,415,-1466,16.683307200
8019,36,42,-68,723,16.684494624
8019,37,136,-671,1747,16.685682048
8019,38,192,-14395,-6965,16.686869472
8019,39,609,-27891,-465,16.688056896
8019,40,606,-13877,368,16.689244320
8019,41,188,3225,2010,16.690431744
8019,42,200,-1057,6188,16.691619168
8019,43,-163,-49,2701,16.692806592
8019,44,-465,2012,-844,16.693994016
8019,45,112,-3276,1642,16.695181440
8019,46,-773,-5461,-164,16.696368864
8019,47,-131,-11574,3846,16.697556288
8019,48,-294,-9503,622,16.698743712
8019,49,-346,-5163,-1643,16.699931136
8019,50,-50,-13648,-797,16.701118560
8019,51,-142,-11340,-117,16.702305984
8019,52,609,-5646,376,16.703493408
8019,53,637,-15354,771,16.704680832
8019,54,450,-14806,-566,16.705868256
8019,55,776,-9178,1494,16.707055680
8019,56,295,-9827,1988,16.708243104
8019,57,407,-11788,1519,16.709430528
8019,58,178,-6326,883,16.710617952
8019,59,-168,-5398,300,16.711805376
8019,60,145,-9038,1667,16.712992800
8019,61,-351,-7458,2348,16.714180224
8019,62,-92,-3551,1627,16.715367648
8019,63,-110,-348,1037,16.716555072
8019,64,-344,612,68,16.717742496
8020,1,174,42,1463,16.718929920
8020,2,112,1150,1747,16.720117344
8020,3,337,1539,3151,16.721304768
8020,4,374,-386,2099,16.722492192
8020,5,424,-553,1188,16.723679616
8020,6,46,-11486,-1540,16.724867040
8020,7,286,-19613,-552,16.726054464
8020,8,-58,-11732,1311,16.727241888
8020,9,20,1657,-222,16.728429312
8020,10,-50,456,1977,16.729616736
8020,11,-450,1918,460,16.730804160
8020,12,-357,6035,-2352,16.731991584
8020,13,-266,2419,-450,16.733179008
8020,14,-612,2773,-1871,16.734366432
8020,15,72,4675,-1579,16.735553856
8020,16,-93,2579,-346,16.736741280
8020,17,176,3338,-1852,16.737928704
8020,18,-44,2580,-2242,16.739116128
8020,19,-160,830,-2376,16.740303552
8020,20,130,917,-3646,16.741490976
8020,21,125,-1034,-1848,16.742678400
8020,22,220,-1592,-2160,16.743865824
8020,23,484,-4478,-3898,16.745053248
8020,24,-749,-20387,667,16.746240672
8020,25,137,-13985,-2749,16.747428096
8020,26,-456,240,-2675,16.748615520
8020,27,-35,-6792,-2591,16.749802944
8020,28,275,-12998,-4396,16.750990368
8020,29,-16,-9044,-2289,16.752177792
8020,30,211,-1896,-1443,16.753365216
8020,31,-215,-3874,-2054,16.754552640
8020,32,260,-9155,-869,16.755740064
8020,33,424,-11946,-222,16.756927488
8020,34,338,-9131,1616,16.758114912
8020,35,-147,-3515,2511,16.759302336
8020,36,-8,-6227,826,16.760489760
8020,37,273,-7509,2255,16.761677184
8020,38,-19,-3491,3029,16.762864608
8020,39,34,-2799,4698,16.764052032
8020,40,-54,-2164,4775,16.765239456
8020,41,12,-1081,3659,16.766426880
8020,42,620,-240,5870,16.767614304
8020,43,-107,900,4547,16.768801728
8020,44,302,1604,5116,16.769989152
8020,45,241,-406,3788,16.771176576
8020,46,408,-1850,2735,16.772364000
8020,47,540,-1961,3248,16.773551424
8020,48,-639,-5205,-204,16.774738848
8020,49,-59,-20111,2533,16.775926272
8020,50,-95,-14944,2869,16.777113696
8020,51,-184,-71,1183,16.778301120
8020,52,-652,-1126,2621,16.779488544
8020,53,-665,-6627,287,16.780675968
8020,54,-30,-7031,339,16.781863392
8020,55,3,-5681,1582,16.783050816
8020,56,-357,-8476,669,16.784238240
8020,57,228,-7958,-932,16.785425664
8020,58,204,-5402,-1500,16.786613088
8020,59,531,-1597,-2281,16.787800512
8020,60,305,-345,-2891,16.788987936
8020,61,-204,-880,-3908,16.790175360
8020,62,154,-1685,-4784,16.791362784
8020,63,142,-1251,-4307,16.792550208
8020,64,-513,-361,-3888,16.793737632
8021,1,-530,-70,-4850,16.794925056
8021,2,-719,-263,-4266,16.796112480
8021,3,-589,204,-5369,16.797299904
8021,4,-530,474,-4173,16.798487328
8021,5,-267,-2163,-4057,16.799674752
8021,6,272,-10795,-712,16.800862176
8021,7,376,-10266,-1955,16.802049600
8021,8,78,-4140,-1943,16.803237024
8021,9,727,-3836,-1528,16.804424448
8021,10,535,-4854,-1542,16.805611872
8021,11,949,-5325,-1201,16.806799296
8021,12,774,-9981,-146,16.807986720
8021,13,310,-6814,-259,16.809174144
8021,14,194,-2528,1401,16.810361568
8021,15,-179,-5306,1453,16.811548992
8021,16,-269,-11931,1777,16.812736416
8021,17,-273,-7568,2072,16.813923840
8021,18,-587,47,2460,16.815111264
8021,19,-247,-4679,3787,16.816298688
8021,20,-282,-6434,4296,16.817486112
8021,21,-30,-2399,5354,16.818673536
8021,22,410,-3823,4644,16.819860960
8021,23,200,-12450,4536,16.821048384
8021,24,593,-8625,2803,16.822235808
8021,25,460,-7254,3469,16.823423232
8021,26,456,-9175,3457,16.824610656
8021,27,262,-8143,1527,16.825798080
8021,28,166,-12703,201,16.826985504
8021,29,56,-9894,133,16.828172928
8021,30,-60,-1044,118,16.829360352
8021,31,-584,-3041,1178,16.830547776
8021,32,-671,-6142,-355,16.831735200
8021,33,-75,-4090,-38,16.832922624
8021,34,-297,-6663,150,16.834110048
8021,35,87,-8398,-53,16.835297472
8021,36,-87,-5516,1228,16.836484896
8021,37,144,-1419,626,16.837672320
8021,38,402,-1258,807,16.838859744
8021,39,-172,-7338,-1025,16.840047168
8021,40,387,-9295,-1672,16.841234592
8021,41,-14,-3655,394,16.842422016
8021,42,3,735,-1114,16.843609440
8021,43,-287,-130,-622,16.844796864
8021,44,-294,-1470,-2937,16.845984288
8021,45,-434,-1101,-3651,16.847171712
8021,46,-120,-948,-2544,16.848359136
8021,47,-351,-37,-2651,16.849546560
8021,48,-210,2103,-3087,16.850733984
8021,49,-310,3301,-1320,16.851921408
8021,50,60,4629,-1335,16.853108832
8021,51,305,3758,-604,16.854296256
8021,52,208,3611,-87,16.855483680
8021,53,490,3816,-451,16.856671104
8021,54,234,4517,780,16.857858528
8021,55,-211,4041,151,16.859045952
8021,56,238,2346,452,16.860233376
8021,57,147,3831,-50,16.861420800
8021,58,-191,4016,395,16.862608224
8021,59,-98,2813,-1045,16.863795648
8021,60,-260,2999,-297,16.864983072
8021,61,-28,3954,122,16.866170496
8021,62,-25,692,215,16.867357920
8021,63,-29,-854,-66,16.868545344
8021,64,128,-116,-219,16.869732768
8022,1,136,-1198,433,16.870920192
8022,2,80,-1622,1199,16.872107616
8022,3,-8,-2804,816,16.873295040
8022,4,-816,-6880,-1481,16.874482464
8022,5,664,-19500,767,16.875669888
8022,6,154,-16078,369,16.876857312
8022,7,-195,-2745,222,16.878044736
8022,8,-279,-1851,2596,16.879232160
8022,9,-237,-11666,-3031,16.880419584
8022,10,108,-19518,-2182,16.881607008
8022,11,-95,-16465,-169,16.882794432
8022,12,183,-8724,-810,16.883981856
8022,13,119,-9859,1471,16.885169280
8022,14,164,-11006,257,16.886356704
8022,15,405,-13711,292,16.887544128
8022,16,346,-12741,1586,16.888731552
8022,17,71,-3694,1400,16.889918976
8022,18,454,-7078,1332,16.891106400
8022,19,358,-14447,1490,16.892293824
8022,20,215,-9948,1225,16.893481248
8022,21,153,-6596,1804,16.894668672
8022,22,9,-12257,1255,16.895856096
8022,23,475,-12273,489,16.897043520
8022,24,341,-8011,455,16.898230944
8022,25,143,-6257,705,16.899418368
8022,26,191,-8124,913,16.900605792
8022,27,217,-11945,751,16.901793216
8022,28,572,-6335,217,16.902980640
8022,29,289,-219,413,16.904168064
8022,30,272,-759,1052,16.905355488
8022,31,311,-1938,1656,16.906542912
8022,32,295,-314,886,16.907730336
8022,33,23,258,1915,16.908917760
8022,34,32,-1388,-221,16.910105184
8022,35,-186,-434,202,16.911292608
8022,36,97,-270,566,16.912480032
8022,37,-321,-872,-12,16.913667456
8022,38,-808,-8189,-1275,16.914854880
8022,39,-573,-12198,-1939,16.916042304
8022,40,-312,-5762,-2172,16.917229728
8022,41,-234,-1432,-919,16.918417152
8022,42,-468,-944,-1854,16.919604576
8022,43,-521,-2619,-2631,16.920792000
8022,44,-184,-1807,-1309,16.921979424
8022,45,29,5,-1300,16.923166848
8022,46,55,-1924,-366,16.924354272
8022,47,126,-3357,-1154,16.925541696
8022,48,-57,-4239,-1348,16.926729120
8022,49,222,-810,-1721,16.927916544
8022,50,-163,965,-1601,16.929103968
8022,51,-322,489,-1001,16.930291392
8022,52,-135,865,-1884,16.931478816
8022,53,-308,75,-1119,16.932666240
8022,54,-316,671,-1121,16.933853664
8022,55,-674,755,-972,16.935041088
8022,56,-370,505,-549,16.936228512
8022,57,-93,1034,180,16.937415936
8022,58,0,1515,208,16.938603360
8022,59,335,193,683,16.939790784
8022,60,358,339,997,16.940978208
8022,61,451,-181,2884,16.942165632
8022,62,452,-1003,2605,16.943353056
8022,63,984,-887,2240,16.944540480
8022,64,884,-2148,2319,16.945727904
8023,1,162,-16124,2384,16.946915328
8023,2,113,-12973,1238,16.948102752
8023,3,-276,-1473,463,16.949290176
8023,4,-3,-3775,2497,16.950477600
8023,5,-97,-9586,-686,16.951665024
8023,6,-56,-8362,330,16.952852448
8023,7,-273,-2516,1253,16.954039872
8023,8,-329,-1556,947,16.955227296
8023,9,-266,-1705,1451,16.956414720
8023,10,229,-3801,1348,16.957602144
8023,11,388,-3510,2827,16.958789568
8023,12,350,-295,1747,16.959976992
8023,13,278,323,496,16.961164416
8023,14,553,-1574,1041,16.962351840
8023,15,201,-3091,-1133,16.963539264
8023,16,373,-6544,229,16.964726688
8023,17,89,-10473,-2015,16.965914112
8023,18,-108,-11866,-1888,16.967101536
8023,19,-354,-5447,-1536,16.968288960
8023,20,-927,119,-3014,16.969476384
8023,21,-520,-8544,-3957,16.970663808
8023,22,-520,-11376,-2782,16.971851232
8023,23,-221,-3503,473,16.973038656
8023,24,-202,-2915,-828,16.974226080
8023,25,-581,-17006,-521,16.975413504
8023,26,218,-14582,-1350,16.976600928
8023,27,448,-11383,290,16.977788352
8023,28,407,-11529,783,16.978975776
8023,29,127,-9995,-554,16.980163200
8023,30,20,-6593,-423,16.981350624
8023,31,16,-3031,315,16.982538048
8023,32,-133,-1624,129,16.983725472
8023,33,-338,-3169,897,16.984912896
8023,34,-58,-1863,302,16.986100320
8023,35,-419,290,-1275,16.987287744
8023,36,-627,-1275,210,16.988475168
8023,37,-195,-3778,-724,16.989662592
8023,38,21,-5343,491,16.990850016
8023,39,363,-9232,-181,16.992037440
8023,40,503,-3676,272,16.993224864
8023,41,294,2260,519,16.994412288
8023,42,482,127,4154,16.995599712
8023,43,540,1374,2473,16.996787136
8023,44,747,1675,1043,16.997974560
8023,45,376,1010,1927,16.999161984
8023,46,161,1250,1112,17.000349408
8023,47,165,422,2485,17.001536832
8023,48,-205,186,2121,17.002724256
8023,49,-511,-233,-450,17.003911680
8023,50,-326,-2288,-769,17.005099104
8023,51,-175,-4791,-1887,17.006286528
8023,52,162,-15427,3082,17.007473952
8023,53,-211,-9548,536,17.008661376
8023,54,-232,1590,-1521,17.009848800
8023,55,6,-4222,-220,17.011036224
8023,56,308,-12681,-1727,17.012223648
8023,57,531,-8853,434,17.013411072
8023,58,177,-1327,381,17.014598496
8023,59,-16,-3855,347,17.015785920
8023,60,89,-5812,-1576,17.016973344
8023,61,-73,-2301,-1242,17.018160768
8023,62,-55,-3213,-14,17.019348192
8023,63,-271,-7763,-1406,17.020535616
8023,64,-445,-4957,-2931,17.021723040
8024,1,-150,-2705,-2974,17.022910464
8024,2,-462,-5388,-2683,17.024097888
8024,3,-292,-12205,-1929,17.025285312
8024,4,56,-10660,-1800,17.026472736
8024,5,56,-8058,-1532,17.027660160
8024,6,430,-5883,-1183,17.028847584
8024,7,172,-4083,-298,17.030035008
8024,8,419,-3290,1162,17.031222432
8024,9,593,-5628,1707,17.032409856
8024,10,380,-7584,894,17.033597280
8024,11,433,-4845,1020,17.034784704
8024,12,259,-385,756,17.035972128
8024,13,169,185,2669,17.037159552
8024,14,-56,-319,1740,17.038346976
8024,15,-18,-1306,48,17.039534400
8024,16,-145,-3488,802,17.040721824
8024,17,90,-2291,-68,17.041909248
8024,18,-11,375,1586,17.043096672
8024,19,-5,1564,1147,17.044284096
8024,20,-29,1666,1035,17.045471520
8024,21,-39,1319,1142,17.046658944
8024,22,16,1886,919,17.047846368
8024,23,209,1786,2574,17.049033792
8024,24,223,2573,2258,17.050221216
8024,25,-160,1182,2487,17.051408640
8024,26,-207,-1411,1160,17.052596064
8024,27,-138,-1975,1182,17.053783488
8024,28,-30,-5669,-2291,17.054970912
8024,29,-70,-18901,956,17.056158336
8024,30,-237,-14127,323,17.057345760
8024,31,-271,-3979,-1498,17.058533184
8024,32,-264,-6241,-933,17.059720608
8024,33,-212,-5850,-1938,17.060908032
8024,34,-157,-7952,-1279,17.062095456
8024,35,39,-10457,-595,17.063282880
8024,36,-216,-5039,-1590,17.064470304
8024,37,-122,-4785,-1626,17.065657728
8024,38,-125,-12666,-1683,17.066845152
8024,39,29,-10424,-2005,17.068032576
8024,40,85,-6035,-694,17.069220000
8024,41,-97,-8765,-2459,17.070407424
8024,42,159,-12029,-2435,17.071594848
8024,43,179,-11353,-1013,17.072782272
8024,44,179,-5203,-209,17.073969696
8024,45,370,-4407,255,17.075157120
8024,46,396,-3755,-2450,17.076344544
8024,47,467,-8354,-2670,17.077531968
8024,48,665,-11771,-2431,17.078719392
8024,49,410,-3993,183,17.079906816
8024,50,540,-706,485,17.081094240
8024,51,425,-7230,-1060,17.082281664
8024,52,446,-9058,-1611,17.083469088
8024,53,318,-377,795,17.084656512
8024,54,112,472,2494,17.085843936
8024,55,-18,-80,2723,17.087031360
8024,56,-8,-5,4170,17.088218784
8024,57,9,2687,3398,17.089406208
8024,58,-111,2649,3508,17.090593632
8024,59,-31,2100,3972,17.091781056
8024,60,-201,801,3202,17.092968480
8024,61,0,-1281,2458,17.094155904
8024,62,-188,-1126,3077,17.095343328
8024,63,56,-4503,-16,17.096530752
8024,64,48,-27129,1784,17.097718176
8025,1,-96,-19205,495,17.098905600
8025,2,-404,2392,-1226,17.100093024
8025,3,-393,-1553,990,17.101280448
8025,4,-784,885,-713,17.102467872
8025,5,-286,1805,-377,17.103655296
8025,6,-201,-4097,3211,17.104842720
8025,7,-817,-4960,-1224,17.106030144
8025,8,-504,-3182,607,17.107217568
8025,9,-247,-2146,290,17.108404992
8025,10,-19,2028,-992,17.109592416
8025,11,-71,838,424,17.110779840
8025,12,-287,-1595,-1674,17.111967264
8025,13,81,-708,-2863,17.113154688
8025,14,-8,-1686,-2481,17.114342112
8025,15,230,-2963,-1405,17.115529536
8025,16,-79,-7813,-1328,17.116716960
8025,17,173,-5993,-3246,17.117904384
8025,18,156,724,-3450,17.119091808
8025,19,19,-1017,-2513,17.120279232
8025,20,-102,293,-2219,17.121466656
8025,21,330,976,-1116,17.122654080
8025,22,334,-1177,-220,17.123841504
8025,23,262,-2261,-1168,17.125028928
8025,24,112,-4736,-572,17.126216352
8025,25,458,-4533,264,17.127403776
8025,26,470,-695,924,17.128591200
8025,27,472,-3041,-218,17.129778624
8025,28,316,-7959,-486,17.130966048
8025,29,365,-1640,-459,17.132153472
8025,30,15,1438,929,17.133340896
8025,31,-19,-2076,1393,17.134528320
8025,32,263,-4460,473,17.135715744
8025,33,-4,-563,715,17.136903168
8025,34,43,-2144,1718,17.138090592
8025,35,-98,-2931,2662,17.139278016
8025,36,-251,1239,2351,17.140465440
8025,37,36,-2909,2087,17.141652864
8025,38,58,-6914,858,17.142840288
8025,39,-37,-5777,623,17.144027712
8025,40,8,-5667,1922,17.145215136
8025,41,17,-975,1595,17.146402560
8025,42,-518,-400,2445,17.147589984
8025,43,-178,-7637,-1358,17.148777408
8025,44,-161,-5960,-1378,17.149964832
8025,45,-429,-2346,466,17.151152256
8025,46,-234,-5703,344,17.152339680
8025,47,-639,-10676,-75,17.153527104
8025,48,-352,-11528,-929,17.154714528
8025,49,-333,-11379,-554,17.155901952
8025,50,-36,-7577,-57,17.157089376
8025,51,-260,-6539,255,17.158276800
8025,52,-24,-10283,-354,17.159464224
8025,53,209,-9657,102,17.160651648
8025,54,62,-6474,-446,17.161839072
8025,55,307,-6799,589,17.163026496
8025,56,53,-8585,-603,17.164213920
8025,57,240,-13003,-1402,17.165401344
8025,58,367,-10189,-919,17.166588768
8025,59,-70,-2883,-1470,17.167776192
8025,60,243,-9030,-433,17.168963616
8025,61,139,-6411,-576,17.170151040
8025,62,-9,2845,-1729,17.171338464
8025,63,324,-741,1486,17.172525888
8025,64,36,-699,-1024,17.173713312
8026,1,475,655,416,17.174900736
8026,2,641,958,2379,17.176088160
8026,3,384,1157,389,17.177275584
8026,4,669,141,828,17.178463008
8026,5,392,-474,1145,17.179650432
8026,6,714,-3700,-826,17.180837856
8026,7,519,-5420,351,17.182025280
8026,8,46,-4418,-361,17.183212704
8026,9,245,-1952,-282,17.184400128
8026,10,-210,-966,30,17.185587552
8026,11,-194,-8472,-1697,17.186774976
8026,12,82,-11759,-512,17.187962400
8026,13,-433,-5390,-1022,17.189149824
8026,14,-212,-8629,-140,17.190337248
8026,15,-97,-11194,220,17.191524672
8026,16,-243,986,110,17.192712096
8026,17,-56,-2340,397,17.193899520
8026,18,422,-10643,456,17.195086944
8026,19,-153,155,-5,17.196274368
8026,20,-67,408,947,17.197461792
8026,21,-26,-6239,-609,17.198649216
8026,22,-216,-3020,-56,17.199836640
8026,23,-228,954,-210,17.201024064
8026,24,-730,-3461,-1600,17.202211488
8026,25,-317,-3253,-2301,17.203398912
8026,26,-889,-804,-1623,17.204586336
8026,27,-569,-3860,-2037,17.205773760
8026,28,-184,-7496,21,17.206961184
8026,29,-312,-3655,-598,17.208148608
8026,30,-120,-2453,584,17.209336032
8026,31,162,-2937,956,17.210523456
8026,32,48,-404,886,17.211710880
8026,33,508,-1898,2063,17.212898304
8026,34,434,-5167,1693,17.214085728
8026,35,532,-5210,1729,17.215273152
8026,36,401,-4450,1571,17.216460576
8026,37,169,-4379,1947,17.217648000
8026,38,160,-3876,1539,17.218835424
8026,39,-110,-4508,38,17.220022848
8026,40,-94,-9708,505,17.221210272
8026,41,-51,-8989,525,17.222397696
8026,42,-329,-5277,1135,17.223585120
8026,43,-189,-7919,883,17.224772544
8026,44,-134,-10735,-6,17.225959968
8026,45,62,-7042,92,17.227147392
8026,46,253,-3445,786,17.228334816
8026,47,408,-2795,1193,17.229522240
8026,48,436,-2269,1473,17.230709664
8026,49,725,-402,982,17.231897088
8026,50,352,-7406,-731,17.233084512
8026,51,771,-9518,-1417,17.234271936
8026,52,265,-1981,-1444,17.235459360
8026,53,258,-4563,-1279,17.236646784
8026,54,28,-6719,-2589,17.237834208
8026,55,-308,-4346,-3212,17.239021632
8026,56,-32,-5751,-3134,17.240209056
8026,57,-177,-8593,-2348,17.241396480
8026,58,-207,-2944,-1625,17.242583904
8026,59,-286,-5534,-1754,17.243771328
8026,60,118,-10308,-877,17.244958752
8026,61,-125,-5491,-300,17.246146176
8026,62,-7,-2083,-82,17.247333600
8026,63,32,-5020,1436,17.248521024
8026,64,157,-4741,631,17.249708448
8027,1,66,-2370,790,17.250895872
8027,2,-219,-3329,316,17.252083296
8027,3,-203,-9422,-149,17.253270720
8027,4,-299,-11686,454,17.254458144
8027,5,-393,-2081,-359,17.255645568
8027,6,-715,-1602,469,17.256832992
8027,7,-717,-6213,-137,17.258020416
8027,8,-553,-2658,470,17.259207840
8027,9,-425,1395,1254,17.260395264
8027,10,-343,277,2289,17.261582688
8027,11,220,1611,2313,17.262770112
8027,12,516,3365,3693,17.263957536
8027,13,-93,4638,3008,17.265144960
8027,14,1016,3593,3443,17.266332384
8027,15,42,3349,2506,17.267519808
8027,16,406,6240,3852,17.268707232
8027,17,381,10572,2330,17.269894656
8027,18,-59,5956,1738,17.271082080
8027,19,25,455,1509,17.272269504
8027,20,-404,953,-1121,17.273456928
8027,21,-234,-1354,-436,17.274644352
8027,22,-575,-797,-1452,17.275831776
8027,23,-312,511,-1354,17.277019200
8027,24,73,-30,-334,17.278206624
8027,25,42,556,-1485,17.279394048
8027,26,145,-352,-672,17.280581472
8027,27,140,-1014,-1024,17.281768896
8027,28,260,-1674,-272,17.282956320
8027,29,1505,-2487,-319,17.284143744
8027,30,-194,-17543,-3068,17.285331168
8027,31,409,-20370,-2597,17.286518592
8027,32,129,-6825,-2094,17.287706016
8027,33,-76,2239,-2024,17.288893440
8027,34,-259,-5190,-4266,17.290080864
8027,35,-227,-22194,-4259,17.291268288
8027,36,-71,-8748,-2153,17.292455712
8027,37,-586,3087,-3187,17.293643136
8027,38,-585,-12873,-3214,17.294830560
8027,39,4,-17741,-4199,17.296017984
8027,40,261,-7719,480,17.297205408
8027,41,354,-6665,-148,17.298392832
8027,42,240,-17449,-610,17.299580256
8027,43,551,-20783,-766,17.300767680
8027,44,639,-13338,-807,17.301955104
8027,45,583,-12316,1148,17.303142528
8027,46,13,-12981,1171,17.304329952
8027,47,315,-11383,867,17.305517376
8027,48,407,-7669,2412,17.306704800
8027,49,-163,-9979,1383,17.307892224
8027,50,-194,-12467,2060,17.309079648
8027,51,-314,-11193,3611,17.310267072
8027,52,490,-6419,2917,17.311454496
8027,53,128,-3901,3329,17.312641920
8027,54,-227,-4651,1613,17.313829344
8027,55,123,-8828,2912,17.315016768
8027,56,631,-5797,3494,17.316204192
8027,57,807,373,4226,17.317391616
8027,58,89,-2159,5146,17.318579040
8027,59,184,-8081,1768,17.319766464
8027,60,223,-5949,3380,17.320953888
8027,61,188,-2112,3075,17.322141312
8027,62,-267,-1256,3112,17.323328736
8027,63,-584,-982,1640,17.324516160
8027,64,-621,-795,1322,17.325703584
8028,1,-270,-889,1242,17.326891008
8028,2,-611,1309,-617,17.328078432
8028,3,-687,1287,54,17.329265856
8028,4,-128,669,-1028,17.330453280
8028,5,181,733,-1817,17.331640704
8028,6,447,103,-436,17.332828128
8028,7,-408,-3103,-2623,17.334015552
8028,8,685,-9116,-1324,17.335202976
8028,9,-64,-5347,-1846,17.336390400
8028,10,148,1796,-3537,17.337577824
8028,11,-109,1522,-2337,17.338765248
8028,12,-243,3829,-1490,17.339952672
8028,13,-82,4279,-2139,17.341140096
8028,14,-348,4334,-3187,17.342327520
8028,15,-694,3898,-2585,17.343514944
8028,16,-757,9351,-1002,17.344702368
8028,17,424,21884,-1939,17.345889792
8028,18,-862,17931,-3984,17.347077216
8028,19,415,-1676,-335,17.348264640
8028,20,146,2528,-6815,17.349452064
8028,21,459,-934,-1505,17.350639488
8028,22,331,-2466,-144,17.351826912
8028,23,512,-95,-2482,17.353014336
8028,24,93,-19071,-5215,17.354201760
8028,25,706,-29437,-1381,17.355389184
8028,26,386,-4281,63,17.356576608
8028,27,-280,4678,1078,17.357764032
8028,28,-231,-2452,4263,17.358951456
8028,29,-67,472,2272,17.360138880
8028,30,-99,1811,213,17.361326304
8028,31,57,-946,1533,17.362513728
8028,32,-626,-3791,1202,17.363701152
8028,33,-111,-4709,2622,17.364888576
8028,34,36,-17143,2537,17.366076000
8028,35,293,-16522,1721,17.367263424
8028,36,227,-319,771,17.368450848
8028,37,-101,-706,5782,17.369638272
8028,38,39,-9786,-250,17.370825696
8028,39,419,-17079,1534,17.372013120
8028,40,-99,-10959,1318,17.373200544
8028,41,464,-8104,3203,17.374387968
8028,42,382,-8805,4601,17.375575392
8028,43,-475,-5051,2200,17.376762816
8028,44,72,-8906,672,17.377950240
8028,45,-258,-13369,1234,17.379137664
8028,46,73,-6952,3423,17.380325088
8028,47,180,-7034,3519,17.381512512
8028,48,-282,-11951,2040,17.382699936
8028,49,-76,-10115,-981,17.383887360
8028,50,32,-12314,-529,17.385074784
8028,51,23,-9274,1465,17.386262208
8028,52,-117,-2404,969,17.387449632
8028,53,-382,-6213,715,17.388637056
8028,54,-338,-9816,38,17.389824480
8028,55,-49,-4358,16,17.391011904
8028,56,-415,-4210,1609,17.392199328
8028,57,-162,-3913,514,17.393386752
8028,58,-145,-481,-590,17.394574176
8028,59,-81,-1502,-253,17.395761600
8028,60,494,-2584,-437,17.396949024
8028,61,101,-6925,180,17.398136448
8028,62,435,-4402,-1773,17.399323872
8028,63,344,1436,-3433,17.400511296
8028,64,233,-179,-3376,17.401698720
8029,1,264,1192,-3296,17.402886144
8029,2,312,-867,-2909,17.404073568
8029,3,-155,-795,-2222,17.405260992
8029,4,203,-3612,-2985,17.406448416
8029,5,-227,-1702,-3159,17.407635840
8029,6,-194,2221,-3218,17.408823264
8029,7,243,1794,-466,17.410010688
8029,8,-381,3994,-1441,17.411198112
8029,9,511,2625,-957,17.412385536
8029,10,44,2462,-90,17.413572960
8029,11,338,2388,-377,17.414760384
8029,12,599,1592,750,17.415947808
8029,13,263,1852,-559,17.417135232
8029,14,488,-35,-891,17.418322656
8029,15,356,-562,-735,17.419510080
8029,16,-44,-1069,-1516,17.420697504
8029,17,-763,-2082,-1023,17.421884928
8029,18,-615,-6409,-1653,17.423072352
8029,19,-408,-15482,1870,17.424259776
8029,20,-472,-8401,325,17.425447200
8029,21,-674,-618,282,17.426634624
8029,22,-369,-4751,2344,17.427822048
8029,23,-117,-3507,969,17.429009472
8029,24,79,-3428,2072,17.430196896
8029,25,167,-8016,2822,17.431384320
8029,26,164,-2904,2846,17.432571744
8029,27,670,-256,4147,17.433759168
8029,28,257,-6267,3184,17.434946592
8029,29,464,-12914,2424,17.436134016
8029,30,-6,-10948,913,17.437321440
8029,31,-311,-8401,254,17.438508864
8029,32,19,-7061,1869,17.439696288
8029,33,-586,-4383,522,17.440883712
8029,34,-313,-9704,611,17.442071136
8029,35,-243,-14866,394,17.443258560
8029,36,-218,-9500,990,17.444445984
8029,37,221,-7560,2268,17.445633408
8029,38,267,-7704,1138,17.446820832
8029,39,325,-10620,1462,17.448008256
8029,40,727,-9662,-196,17.449195680
8029,41,595,-12827,99,17.450383104
8029,42,961,-12474,198,17.451570528
8029,43,737,-5057,-207,17.452757952
8029,44,337,-4342,-815,17.453945376
8029,45,348,-8489,-1905,17.455132800
8029,46,-77,-7601,-2782,17.456320224
8029,47,-105,-4386,-1748,17.457507648
8029,48,-143,-4762,-2607,17.458695072
8029,49,-419,-5742,-2496,17.459882496
8029,50,-41,-5318,-2131,17.461069920
8029,51,-21,-2405,-1390,17.462257344
8029,52,-91,-1080,-187,17.463444768
8029,53,11,-4099,-1160,17.464632192
8029,54,280,-3256,-941,17.465819616
8029,55,296,1297,-738,17.467007040
8029,56,598,1077,588,17.468194464
8029,57,160,827,501,17.469381888
8029,58,236,1784,-1810,17.470569312
8029,59,49,1143,146,17.471756736
8029,60,-270,2398,-1573,17.472944160
8029,61,-615,2578,-865,17.474131584
8029,62,-594,2701,-840,17.475319008
8029,63,-584,2086,-914,17.476506432
8029,64,-716,2628,-648,17.477693856
8030,1,-768,1015,172,17.478881280
8030,2,-311,-103,617,17.480068704
8030,3,-149,494,1314,17.481256128
8030,4,-90,1120,2827,17.482443552
8030,5,15,854,2312,17.483630976
8030,6,170,-1576,2414,17.484818400
8030,7,267,-241,2690,17.486005824
8030,8,297,-1177,2609,17.487193248
8030,9,193,-2336,1793,17.488380672
8030,10,214,-2383,972,17.489568096
8030,11,-268,-9989,-2651,17.490755520
8030,12,-38,-14523,-1672,17.491942944
8030,13,-397,-11915,-393,17.493130368
8030,14,-35,-1401,58,17.494317792
8030,15,-396,634,862,17.495505216
8030,16,-194,-5213,-1511,17.496692640
8030,17,-68,-14088,-2,17.497880064
8030,18,229,-10440,81,17.499067488
8030,19,297,-5611,1731,17.500254912
8030,20,499,-4292,737,17.501442336
8030,21,581,-2028,428,17.502629760
8030,22,691,-6140,-196,17.503817184
8030,23,726,-8237,572,17.505004608
8030,24,356,-6371,103,17.506192032
8030,25,482,-11431,-1616,17.507379456
8030,26,495,-17076,-2252,17.508566880
8030,27,231,-15271,-2417,17.509754304
8030,28,110,-11590,-1862,17.510941728
8030,29,-55,-11095,-2574,17.512129152
8030,30,46,-13364,-3030,17.513316576
8030,31,240,-6487,-1321,17.514504000
8030,32,45,1983,460,17.515691424
8030,33,-5,-993,3700,17.516878848
8030,34,555,-2074,713,17.518066272
8030,35,3,-2837,780,17.519253696
8030,36,373,-3747,657,17.520441120
8030,37,56,-7954,1716,17.521628544
8030,38,166,-4626,3165,17.522815968
8030,39,-142,-1370,1931,17.524003392
8030,40,-404,-2342,1043,17.525190816
8030,41,-708,-7960,-839,17.526378240
8030,42,-566,-8737,-1096,17.527565664
8030,43,-681,-3171,1017,17.528753088
8030,44,-654,76,-423,17.529940512
8030,45,-1152,-1,1206,17.531127936
8030,46,-568,-8402,-1940,17.532315360
8030,47,-4,-8939,1483,17.533502784
8030,48,-69,804,2105,17.534690208
8030,49,-181,-50,3155,17.535877632
8030,50,-90,-800,1618,17.537065056
8030,51,305,75,2167,17.538252480
8030,52,38,540,1972,17.539439904
8030,53,196,1180,810,17.540627328
8030,54,-76,34,1112,17.541814752
8030,55,-93,-105,-1061,17.543002176
8030,56,-372,-379,-1305,17.544189600
8030,57,-659,-315,-1011,17.545377024
8030,58,-765,-555,-2023,17.546564448
8030,59,8,-4804,-1467,17.547751872
8030,60,-249,-4471,-2046,17.548939296
8030,61,1,-2124,-2114,17.550126720
8030,62,139,-1561,-1266,17.551314144
8030,63,324,-1168,224,17.552501568
8030,64,1169,-1235,84,17.553688992
8031,1,544,-4760,-1863,17.554876416
8031,2,1238,-5879,-1158,17.556063840
8031,3,774,-3168,188,17.557251264
8031,4,716,-4313,249,17.558438688
8031,5,376,-5594,-426,17.559626112
8031,6,21,-3297,-1775,17.560813536
8031,7,-51,-1875,-2146,17.562000960
8031,8,-123,-3639,-1698,17.563188384
8031,9,-187,-3306,-1021,17.564375808
8031,10,-272,-2693,-1149,17.565563232
8031,11,-160,-3705,-1789,17.566750656
8031,12,-122,-7078,-1759,17.567938080
8031,13,269,-10230,69,17.569125504
8031,14,360,-4172,1506,17.570312928
8031,15,279,22,1486,17.571500352
8031,16,812,-955,1904,17.572687776
8031,17,191,497,1451,17.573875200
8031,18,556,89,1987,17.575062624
8031,19,343,-183,2838,17.576250048
8031,20,-378,50,1679,17.577437472
8031,21,-510,-1906,372,17.578624896
8031,22,-591,-5867,-1015,17.579812320
8031,23,-679,-9306,-652,17.580999744
8031,24,-548,-16148,270,17.582187168
8031,25,-615,-10620,-123,17.583374592
8031,26,-593,-106,-324,17.584562016
8031,27,-52,-1964,1668,17.585749440
8031,28,-382,-10224,38,17.586936864
8031,29,275,-7359,1533,17.588124288
8031,30,194,-2537,2594,17.589311712
8031,31,456,-5320,2736,17.590499136
8031,32,136,-6250,1118,17.591686560
8031,33,-52,-12100,1717,17.592873984
8031,34,3,-12239,1193,17.594061408
8031,35,-447,-6015,283,17.595248832
8031,36,-449,-9006,-579,17.596436256
8031,37,-437,-14727,-1881,17.597623680
8031,38,-435,-9708,-1132,17.598811104
8031,39,-635,-9027,-979,17.599998528
8031,40,-393,-11339,-1029,17.601185952
8031,41,-13,-4018,-1482,17.602373376
8031,42,295,-232,-1259,17.603560800
8031,43,887,-5357,-650,17.604748224
8031,44,631,-4606,1115,17.605935648
8031,45,950,630,353,17.607123072
8031,46,862,-537,1229,17.608310496
8031,47,935,-1916,-124,17.609497920
8031,48,742,1675,-701,17.610685344
8031,49,515,1488,1332,17.611872768
8031,50,126,1446,373,17.613060192
8031,51,-421,594,-2259,17.614247616
8031,52,-510,-338,-1788,17.615435040
8031,53,-567,1584,-1621,17.616622464
8031,54,12,1261,-600,17.617809888
8031,55,-173,524,-987,17.618997312
8031,56,-277,217,-2228,17.620184736
8031,57,-154,-130,-57,17.621372160
8031,58,320,-3384,-1297,17.622559584
8031,59,770,-5614,1926,17.623747008
8031,60,547,-3362,1955,17.624934432
8031,61,593,-395,645,17.626121856
8031,62,361,1438,536,17.627309280
8031,63,79,1753,2023,17.628496704
8031,64,-54,3525,1228,17.629684128
8032,1,-196,2853,1608,17.630871552
8032,2,-540,1612,-159,17.632058976
8032,3,-712,1600,-1438,17.633246400
8032,4,-826,1103,-780,17.634433824
8032,5,-1060,299,-309,17.635621248
8032,6,-989,-1957,-1690,17.636808672
8032,7,-332,-7183,-3868,17.637996096
8032,8,92,-21318,1642,17.639183520
8032,9,455,-15986,756,17.640370944
8032,10,147,688,-30,17.641558368
8032,11,359,-1402,3247,17.642745792
8032,12,1274,-1760,-2834,17.643933216
8032,13,-43,-11868,-1480,17.645120640
8032,14,778,-8105,-147,17.646308064
8032,15,330,-6152,1235,17.647495488
8032,16,85,-9451,3510,17.648682912
8032,17,-190,-7552,-70,17.649870336
8032,18,-173,-9686,-384,17.651057760
8032,19,-219,-7530,-2029,17.652245184
8032,20,-553,-2492,-2171,17.653432608
8032,21,-151,-6627,-902,17.654620032
8032,22,-146,-13925,-966,17.655807456
8032,23,309,-14016,584,17.656994880
8032,24,498,-10130,1499,17.658182304
8032,25,572,-8995,1348,17.659369728
8032,26,956,-10186,1879,17.660557152
8032,27,859,-9416,452,17.661744576
8032,28,809,-7344,1898,17.662932000
8032,29,531,-7162,2918,17.664119424
8032,30,527,-6351,2231,17.665306848
8032,31,113,-3938,2224,17.666494272
8032,32,-383,-4827,-1343,17.667681696
8032,33,-267,-3846,-827,17.668869120
8032,34,-515,-437,-689,17.670056544
8032,35,-87,-2121,-57,17.671243968
8032,36,-433,-10461,66,17.672431392
8032,37,-476,-8377,-1809,17.673618816
8032,38,-179,-2283,-213,17.674806240
8032,39,148,-1998,25,17.675993664
8032,40,179,-1921,1078,17.677181088
8032,41,106,-2972,1277,17.678368512
8032,42,1,-3798,1172,17.679555936
8032,43,153,-1993,2057,17.680743360
8032,44,10,-23,1871,17.681930784
8032,45,-34,1204,2279,17.683118208
8032,46,-354,1910,126,17.684305632
8032,47,-689,534,-2030,17.685493056
8032,48,-684,-882,-1798,17.686680480
8032,49,-964,-101,-1630,17.687867904
8032,50,-979,-1060,-998,17.689055328
8032,51,-589,-3999,-3351,17.690242752
8032,52,-161,-8387,-3840,17.691430176
8032,53,-182,-10701,-3008,17.692617600
8032,54,53,-3835,519,17.693805024
8032,55,-29,2497,354,17.694992448
8032,56,375,503,2509,17.696179872
8032,57,499,1619,436,17.697367296
8032,58,811,2506,1152,17.698554720
8032,59,443,891,1928,17.699742144
8032,60,496,-261,1438,17.700929568
8032,61,344,-1083,149,17.702116992
8032,62,299,-431,-30,17.703304416
8032,63,-1003,-3090,-1680,17.704491840
8032,64,249,-13901,-3003,17.705679264
8033,1,-242,-18943,-3464,17.706866688
8033,2,-107,-11011,-2178,17.708054112
8033,3,27,749,-1297,17.709241536
8033,4,-346,507,0,17.710428960
8033,5,90,-5143,-2581,17.711616384
8033,6,431,-13375,1827,17.712803808
8033,7,711,-6980,873,17.713991232
8033,8,475,-1276,1991,17.715178656
8033,9,631,-4237,2979,17.716366080
8033,10,858,-1286,2673,17.717553504
8033,11,468,-4533,1017,17.718740928
8033,12,307,-7593,1785,17.719928352
8033,13,-12,-462,1004,17.721115776
8033,14,89,-1146,737,17.722303200
8033,15,-210,-4628,-1528,17.723490624
8033,16,-255,-5564,-1279,17.724678048
8033,17,-505,-8280,-1967,17.725865472
8033,18,-462,-10850,-1273,17.727052896
8033,19,-182,-2636,-893,17.728240320
8033,20,-225,1450,911,17.729427744
8033,21,-7,-3310,785,17.730615168
8033,22,-139,-8331,2822,17.731802592
8033,23,130,-5801,2024,17.732990016
8033,24,-103,-99,1839,17.734177440
8033,25,226,-420,3700,17.735364864
8033,26,98,816,2756,17.736552288
8033,27,-160,817,2648,17.737739712
8033,28,-194,-3152,-141,17.738927136
8033,29,-538,-4370,-367,17.740114560
8033,30,-715,-10171,-419,17.741301984
8033,31,-278,-8418,-242,17.742489408
8033,32,-486,2230,-1481,17.743676832
8033,33,-861,-678,-1034,17.744864256
8033,34,-406,-18161,-1419,17.746051680
8033,35,-23,-12874,-1610,17.747239104
8033,36,-65,-710,358,17.748426528
8033,37,378,-5596,725,17.749613952
8033,38,62,-8543,-1800,17.750801376
8033,39,320,-12301,-401,17.751988800
8033,40,710,-9506,721,17.753176224
8033,41,451,499,839,17.754363648
8033,42,123,-25,2248,17.755551072
8033,43,471,-5880,-2862,17.756738496
8033,44,528,-6491,-1763,17.757925920
8033,45,147,-3447,-1027,17.759113344
8033,46,-168,-3913,-3171,17.760300768
8033,47,201,-1667,-2257,17.761488192
8033,48,180,608,-2518,17.762675616
8033,49,308,1297,-2947,17.763863040
8033,50,-71,1655,-1690,17.765050464
8033,51,-81,1932,-891,17.766237888
8033,52,506,1089,336,17.767425312
8033,53,717,2013,648,17.768612736
8033,54,91,3203,1861,17.769800160
8033,55,259,927,1030,17.770987584
8033,56,287,-1604,3236,17.772175008
8033,57,451,-1504,1153,17.773362432
8033,58,-497,-4577,979,17.774549856
8033,59,248,-18046,1038,17.775737280
8033,60,159,-11524,-243,17.776924704
8033,61,-264,812,-58,17.778112128
8033,62,-235,-1902,-484,17.779299552
8033,63,-1421,-1,-3195,17.780486976
8033,64,56,-4365,-2162,17.781674400
8034,1,84,-6465,2780,17.782861824
8034,2,-409,-4305,2955,17.784049248
8034,3,-394,-9063,3797,17.785236672
8034,4,-350,-4891,1123,17.786424096
8034,5,-251,407,2232,17.787611520
8034,6,-230,-2151,3205,17.788798944
8034,7,-308,-14526,147,17.789986368
8034,8,265,-16576,834,17.791173792
8034,9,-241,-10422,20,17.792361216
8034,10,-136,-10790,899,17.793548640
8034,11,-376,-11308,-756,17.794736064
8034,12,-47,-11483,-2260,17.795923488
8034,13,368,-6122,-1842,17.797110912
8034,14,96,-407,-2499,17.798298336
8034,15,-175,-1858,-1756,17.799485760
8034,16,278,-5548,-766,17.800673184
8034,17,676,-4179,387,17.801860608
8034,18,574,-3360,-185,17.803048032
8034,19,394,-5183,-1765,17.804235456
8034,20,409,-3344,81,17.805422880
8034,21,602,-722,796,17.806610304
8034,22,224,-2285,1600,17.807797728
8034,23,126,-7176,1625,17.808985152
8034,24,284,-7170,-537,17.810172576
8034,25,471,-1984,761,17.811360000
8034,26,465,498,513,17.812547424
8034,27,-139,-543,-697,17.813734848
8034,28,197,-6359,-1578,17.814922272
8034,29,451,-8923,-1422,17.816109696
8034,30,573,-7809,-478,17.817297120
8034,31,260,-1369,-291,17.818484544
8034,32,141,1126,532,17.819671968
8034,33,21,-196,617,17.820859392
8034,34,176,-6704,-1700,17.822046816
8034,35,25,-6084,555,17.823234240
8034,36,-311,332,1265,17.824421664
8034,37,-414,-1186,3524,17.825609088
8034,38,-500,-454,1703,17.826796512
8034,39,-706,2044,827,17.827983936
8034,40,-647,54,703,17.829171360
8034,41,-213,-3632,-2790,17.830358784
8034,42,-26,-6734,1226,17.831546208
8034,43,-364,-4617,1202,17.832733632
8034,44,-43,-3396,-762,17.833921056
8034,45,-167,-7680,-1153,17.835108480
8034,46,164,-10165,-2199,17.836295904
8034,47,137,-5810,-1557,17.837483328
8034,48,-33,-1859,-947,17.838670752
8034,49,-365,-4404,-839,17.839858176
8034,50,-126,-14513,-1326,17.841045600
8034,51,-237,-10032,-28,17.842233024
8034,52,-455,-2621,-173,17.843420448
8034,53,-288,-12789,-296,17.844607872
8034,54,-258,-14532,-1468,17.845795296
8034,55,-159,-6281,-759,17.846982720
8034,56,25,-7210,1157,17.848170144
8034,57,-57,-9507,369,17.849357568
8034,58,190,-8957,495,17.850544992
8034,59,570,-4122,-307,17.851732416
8034,60,488,-140,-88,17.852919840
8034,61,732,-431,959,17.854107264
8034,62,308,-1578,807,17.855294688
8034,63,548,-1940,896,17.856482112
8034,64,42,-4317,799,17.857669536
8035,1,100,-9038,683,17.858856960
8035,2,142,-6559,1842,17.860044384
8035,3,-30,-711,1388,17.861231808
8035,4,-118,-2915,1785,17.862419232
8035,5,-298,-3112,643,17.863606656
8035,6,-208,1305,1334,17.864794080
8035,7,54,187,3908,17.865981504
8035,8,148,-201,1485,17.867168928
8035,9,449,2168,933,17.868356352
8035,10,190,2678,1406,17.869543776
8035,11,423,3120,1179,17.870731200
8035,12,657,3142,1575,17.871918624
8035,13,-267,4489,125,17.873106048
8035,14,646,4249,544,17.874293472
8035,15,-175,1820,-339,17.875480896
8035,16,-448,2423,169,17.876668320
8035,17,-563,1959,-627,17.877855744
8035,18,-837,1656,78,17.879043168
8035,19,-660,2644,-388,17.880230592
8035,20,-758,2147,-675,17.881418016
8035,21,-648,537,-661,17.882605440
8035,22,-318,359,-1447,17.883792864
8035,23,-414,612,-576,17.884980288
8035,24,92,-399,-1152,17.886167712
8035,25,437,-421,-2140,17.887355136
8035,26,452,-1575,-1867,17.888542560
8035,27,1104,-2345,-2658,17.889729984
8035,28,0,-7455,-4177,17.890917408
8035,29,905,-12831,-4390,17.892104832
8035,30,-13,-14769,-2665,17.893292256
8035,31,86,-4402,-1719,17.894479680
8035,32,-225,1195,-875,17.895667104
8035,33,-544,-5834,-1830,17.896854528
8035,34,-434,-13876,-1160,17.898041952
8035,35,-308,-10871,-736,17.899229376
8035,36,-534,-6069,424,17.900416800
8035,37,-392,-6878,619,17.901604224
8035,38,-59,-4745,615,17.902791648
8035,39,304,-3946,-602,17.903979072
8035,40,752,-11051,577,17.905166496
8035,41,762,-7099,548,17.906353920
8035,42,841,-1927,1283,17.907541344
8035,43,972,-6475,1623,17.908728768
8035,44,695,-6352,1134,17.909916192
8035,45,334,-2866,908,17.911103616
8035,46,214,-10884,-446,17.912291040
8035,47,-81,-18784,619,17.913478464
8035,48,-144,-4228,1894,17.914665888
8035,49,-481,835,3208,17.915853312
8035,50,-578,-4267,4232,17.917040736
8035,51,-3,-7044,812,17.918228160
8035,52,-243,-9804,926,17.919415584
8035,53,308,-16432,3134,17.920603008
8035,54,29,-10802,1696,17.921790432
8035,55,330,-6194,4023,17.922977856
8035,56,454,-4288,3684,17.924165280
8035,57,242,-9855,1449,17.925352704
8035,58,455,-13636,1294,17.926540128
8035,59,86,-3043,48,17.927727552
8035,60,226,657,89,17.928914976
8035,61,-801,-2399,896,17.930102400
8035,62,-842,-1791,-2343,17.931289824
8035,63,-1099,-2359,40,17.932477248
8035,64,-538,-8979,-2635,17.933664672
8036,1,-535,-9411,-1663,17.934852096
8036,2,-581,-825,-590,17.936039520
8036,3,-232,266,832,17.937226944
8036,4,-47,-7943,-1290,17.938414368
8036,5,223,-10596,-2379,17.939601792
8036,6,466,-4668,-1033,17.940789216
8036,7,811,-2536,-1885,17.941976640
8036,8,622,-3771,-1056,17.943164064
8036,9,671,-6050,-2239,17.944351488
8036,10,540,-7385,-2712,17.945538912
8036,11,346,-5770,-1626,17.946726336
8036,12,267,1140,-2933,17.947913760
8036,13,-253,156,-625,17.949101184
8036,14,-421,1158,-2959,17.950288608
8036,15,-498,2777,-1465,17.951476032
8036,16,-492,2287,-290,17.952663456
8036,17,-459,1124,455,17.953850880
8036,18,-144,919,-641,17.955038304
8036,19,182,165,777,17.956225728
8036,20,545,1630,603,17.957413152
8036,21,131,-499,1967,17.958600576
8036,22,1068,-5261,-1226,17.959788000
8036,23,348,-14741,1922,17.960975424
8036,24,765,-3931,261,17.962162848
8036,25,195,2986,-218,17.963350272
8036,26,617,-3709,3576,17.964537696
8036,27,-91,-3740,-3640,17.965725120
8036,28,-92,-12302,-1770,17.966912544
8036,29,-236,-18776,-464,17.968099968
8036,30,-478,-13244,322,17.969287392
8036,31,-311,-6041,2471,17.970474816
8036,32,-693,-6171,2038,17.971662240
8036,33,-498,-7854,664,17.972849664
8036,34,-549,-2844,1898,17.974037088
8036,35,-259,489,902,17.975224512
8036,36,588,-809,3907,17.976411936
8036,37,-107,-1721,2881,17.977599360
8036,38,250,1009,2138,17.978786784
8036,39,293,-96,2320,17.979974208
8036,40,221,-4245,804,17.981161632
8036,41,294,-2165,93,17.982349056
8036,42,-186,-3875,-545,17.983536480
8036,43,196,-6873,538,17.984723904
8036,44,-205,-2627,-371,17.985911328
8036,45,-607,-865,437,17.987098752
8036,46,-21,-3622,-348,17.988286176
8036,47,-255,249,-1811,17.989473600
8036,48,-430,1329,540,17.990661024
8036,49,-133,-85,2008,17.991848448
8036,50,-556,694,973,17.993035872
8036,51,-343,-40,3092,17.994223296
8036,52,327,323,521,17.995410720
8036,53,342,-2195,864,17.996598144
8036,54,427,-11528,-491,17.997785568
8036,55,294,-11950,-322,17.998972992
8036,56,-96,-4736,239,18.000160416
8036,57,162,-899,-208,18.001347840
8036,58,-38,-4422,-1212,18.002535264
8036,59,471,-5077,-2209,18.003722688
8036,60,85,-2492,-1636,18.004910112
8036,61,-271,-6857,-2447,18.006097536
8036,62,-159,-8390,-1363,18.007284960
8036,63,-131,-2618,-890,18.008472384
8036,64,-29,1346,-141,18.009659808
8037,1,142,1262,68,18.010847232
8037,2,-158,1744,-2929,18.012034656
8037,3,-58,-260,-1169,18.013222080
8037,4,652,-2886,-3432,18.014409504
8037,5,-302,-12761,1080,18.015596928
8037,6,525,-11045,-1991,18.016784352
8037,7,245,-8187,-2242,18.017971776
8037,8,399,-9403,-3032,18.019159200
8037,9,75,-7568,-4996,18.020346624
8037,10,-46,-9349,-3004,18.021534048
8037,11,241,-9501,89,18.022721472
8037,12,195,-5388,127,18.023908896
8037,13,25,-10548,1086,18.025096320
8037,14,106,-10425,324,18.026283744
8037,15,-88,-2619,1058,18.027471168
8037,16,7,-3487,2404,18.028658592
8037,17,175,-5045,1898,18.029846016
8037,18,-75,-5648,1736,18.031033440
8037,19,148,-12547,1584,18.032220864
8037,20,118,-13172,2992,18.033408288
8037,21,-63,-2940,3512,18.034595712
8037,22,-166,419,2905,18.035783136
8037,23,-222,-1635,1925,18.036970560
8037,24,-250,-2034,1494,18.038157984
8037,25,-211,-2840,1964,18.039345408
8037,26,45,-4740,3044,18.040532832
8037,27,-458,-5389,3708,18.041720256
8037,28,-60,-3064,1787,18.042907680
8037,29,-184,-1702,2043,18.044095104
8037,30,151,-2228,2778,18.045282528
8037,31,140,-4596,1891,18.046469952
8037,32,252,-2999,1610,18.047657376
8037,33,121,203,1563,18.048844800
8037,34,101,-330,551,18.050032224
8037,35,35,-155,227,18.051219648
8037,36,82,-1192,-1049,18.052407072
8037,37,-75,-7382,-2171,18.053594496
8037,38,-257,-8203,-1501,18.054781920
8037,39,-174,496,-2034,18.055969344
8037,40,-252,2418,-18,18.057156768
8037,41,-168,1661,-83,18.058344192
8037,42,-193,3243,-2895,18.059531616
8037,43,108,2134,-2756,18.060719040
8037,44,265,1906,-2290,18.061906464
8037,45,253,1720,-2211,18.063093888
8037,46,317,132,-681,18.064281312
8037,47,187,311,-3202,18.065468736
8037,48,97,-3139,-4296,18.066656160
8037,49,358,-14248,-4222,18.067843584
8037,50,152,-10438,-3217,18.069031008
8037,51,-19,356,-3764,18.070218432
8037,52,-111,-1026,-2069,18.071405856
8037,53,-242,-8066,-6776,18.072593280
8037,54,23,-17244,-3672,18.073780704
8037,55,202,-8144,-305,18.074968128
8037,56,-169,3428,-865,18.076155552
8037,57,170,-1673,3734,18.077342976
8037,58,161,296,147,18.078530400
8037,59,354,-399,563,18.079717824
8037,60,361,-8671,-279,18.080905248
8037,61,482,-18210,794,18.082092672
8037,62,497,-9348,2935,18.083280096
8037,63,200,1172,2624,18.084467520
8037,64,-77,-5522,2334,18.085654944
8038,1,132,-21522,3011,18.086842368
8038,2,-184,-11356,2472,18.088029792
8038,3,-139,-488,2202,18.089217216
8038,4,-314,-5213,3164,18.090404640
8038,5,-589,-5886,-302,18.091592064
8038,6,26,-11301,2200,18.092779488
8038,7,275,-10816,4578,18.093966912
8038,8,-94,2068,2644,18.095154336
8038,9,29,-1650,5081,18.096341760
8038,10,371,-362,1038,18.097529184
8038,11,664,840,2549,18.098716608
8038,12,353,844,4687,18.099904032
8038,13,-203,244,3749,18.101091456
8038,14,-182,310,567,18.102278880
8038,15,-327,2880,425,18.103466304
8038,16,-324,851,1727,18.104653728
8038,17,-543,194,1853,18.105841152
8038,18,-797,-2282,317,18.107028576
8038,19,-489,-5147,-2384,18.108216000
8038,20,55,-16067,-6831,18.109403424
8038,21,-358,-15791,-2170,18.110590848
8038,22,14,-7946,68,18.111778272
8038,23,-33,1870,802,18.112965696
8038,24,742,611,2045,18.114153120
8038,25,348,963,-64,18.115340544
8038,26,428,2731,-363,18.116527968
8038,27,676,-1501,82,18.117715392
8038,28,-22,-6893,-2000,18.118902816
8038,29,-79,-8213,-4816,18.120090240
8038,30,23,-1317,-3460,18.121277664
8038,31,-418,2300,-5200,18.122465088
8038,32,-568,2340,-1016,18.123652512
8038,33,-846,-444,-3452,18.124839936
8038,34,-87,-2922,-5408,18.126027360
8038,35,-89,-11314,-3934,18.127214784
8038,36,9,-14091,-2986,18.128402208
8038,37,425,-2011,-527,18.129589632
8038,38,455,1576,-488,18.130777056
8038,39,910,-6278,-2592,18.131964480
8038,40,1004,-7192,-2349,18.133151904
8038,41,481,-5062,-835,18.134339328
8038,42,1123,-15480,1294,18.135526752
8038,43,558,-12813,1814,18.136714176
8038,44,-165,-743,-45,18.137901600
8038,45,-112,-6626,-958,18.139089024
8038,46,-941,-10577,-530,18.140276448
8038,47,-784,-3106,1114,18.141463872
8038,48,-355,-5404,1497,18.142651296
8038,49,-605,-12713,1807,18.143838720
8038,50,-19,-9578,1972,18.145026144
8038,51,-241,-1160,3129,18.146213568
8038,52,-68,-622,4253,18.147400992
8038,53,683,-2264,3391,18.148588416
8038,54,287,-607,3943,18.149775840
8038,55,882,-2062,4548,18.150963264
8038,56,613,-2806,5553,18.152150688
8038,57,-438,-6053,4616,18.153338112
8038,58,171,-15998,3239,18.154525536
8038,59,-486,-14645,1811,18.155712960
8038,60,-616,-1112,760,18.156900384
8038,61,-894,-1996,2689,18.158087808
8038,62,-1087,-7723,919,18.159275232
8038,63,-710,-7061,2844,18.160462656
8038,64,-603,-3275,-142,18.161650080
8039,1,-548,-6100,405,18.162837504
8039,2,436,-4609,153,18.164024928
8039,3,70,2725,-62,18.165212352
8039,4,771,192,2954,18.166399776
8039,5,444,81,161,18.167587200
8039,6,677,553,260,18.168774624
8039,7,982,295,695,18.169962048
8039,8,369,-2109,-1814,18.171149472
8039,9,444,-8403,-1485,18.172336896
8039,10,-365,-2592,-3245,18.173524320
8039,11,-484,-566,-4351,18.174711744
8039,12,-621,-4877,-3575,18.175899168
8039,13,-336,-55,-4655,18.177086592
8039,14,-685,1798,-4061,18.178274016
8039,15,-115,-874,-2990,18.179461440
8039,16,-454,496,-5248,18.180648864
8039,17,206,2078,-3105,18.181836288
8039,18,702,1745,-2284,18.183023712
8039,19,740,1856,-2447,18.184211136
8039,20,1519,-874,-1569,18.185398560
8039,21,747,-783,-2665,18.186585984
8039,22,610,-3279,-2382,18.187773408
8039,23,540,-8056,-1121,18.188960832
8039,24,12,-4953,-619,18.190148256
8039,25,-74,-1954,-769,18.191335680
8039,26,-572,-6085,-1422,18.192523104
8039,27,-533,-4877,-910,18.193710528
8039,28,-792,1066,-112,18.194897952
8039,29,-1140,-940,1789,18.196085376
8039,30,-685,-2053,916,18.197272800
8039,31,-397,-630,1074,18.198460224
8039,32,159,-5971,1035,18.199647648
8039,33,698,-14570,2318,18.200835072
8039,34,454,-11051,3913,18.202022496
8039,35,487,-4290,3803,18.203209920
8039,36,503,-7156,3630,18.204397344
8039,37,305,-10668,3436,18.205584768
8039,38,122,-11728,2659,18.206772192
8039,39,28,-12818,2777,18.207959616
8039,40,-412,-8193,3074,18.209147040
8039,41,-661,-2534,2230,18.210334464
8039,42,-763,-6407,2029,18.211521888
8039,43,-622,-10536,2846,18.212709312
8039,44,-424,-4506,2576,18.213896736
8039,45,-168,397,2202,18.215084160
8039,46,364,-2545,1606,18.216271584
8039,47,719,-2551,1414,18.217459008
8039,48,742,247,1644,18.218646432
8039,49,881,-845,2271,18.219833856
8039,50,632,-1889,946,18.221021280
8039,51,783,-1674,-473,18.222208704
8039,52,216,-2840,39,18.223396128
8039,53,133,-734,-689,18.224583552
8039,54,-500,-1235,-614,18.225770976
8039,55,-446,-6201,-2103,18.226958400
8039,56,-353,-5584,-2388,18.228145824
8039,57,-560,-2628,-2921,18.229333248
8039,58,-381,-4700,-2182,18.230520672
8039,59,-190,-6537,-2069,18.231708096
8039,60,50,-5926,-2519,18.232895520
8039,61,364,-6657,-2753,18.234082944
8039,62,457,-6326,-3202,18.235270368
8039,63,694,-8323,-2837,18.236457792
8039,64,1054,-9191,-2484,18.237645216
8040,1,531,-6667,-2574,18.238832640
8040,2,201,-5361,-2760,18.240020064
8040,3,-191,-3104,-2499,18.241207488
8040,4,-397,-1402,-2376,18.242394912
8040,5,-265,-3504,-2503,18.243582336
8040,6,-623,-5617,-2484,18.244769760
8040,7,-769,-1648,-2230,18.245957184
8040,8,-721,-3116,-2035,18.247144608
8040,9,-190,-9955,-1585,18.248332032
8040,10,96,-8301,-825,18.249519456
8040,11,355,-2986,-627,18.250706880
8040,12,458,-6068,-371,18.251894304
8040,13,888,-9024,-80,18.253081728
8040,14,862,-3935,807,18.254269152
8040,15,577,-2727,1546,18.255456576
8040,16,405,-6438,1336,18.256644000
8040,17,-30,-7306,1222,18.257831424
8040,18,30,-6535,1287,18.259018848
8040,19,-259,-5765,2415,18.260206272
8040,20,-579,-3657,3128,18.261393696
8040,21,-639,-3778,2968,18.262581120
8040,22,-306,-8893,3352,18.263768544
8040,23,-82,-6201,3123,18.264955968
8040,24,-71,-2295,3917,18.266143392
8040,25,165,-9936,4144,18.267330816
8040,26,545,-8314,4237,18.268518240
8040,27,474,70,4004,18.269705664
8040,28,280,-1455,4900,18.270893088
8040,29,387,-3400,3409,18.272080512
8040,30,384,430,2437,18.273267936
8040,31,-8,138,4006,18.274455360
8040,32,-525,2521,1500,18.275642784
8040,33,-813,2391,474,18.276830208
8040,34,-615,3220,49,18.278017632
8040,35,-598,1592,1086,18.279205056
8040,36,-522,-12,-521,18.280392480
8040,37,-389,1640,-1720,18.281579904
8040,38,-273,918,-1029,18.282767328
8040,39,-76,-245,-1038,18.283954752
8040,40,268,-475,-1406,18.285142176
8040,41,573,-448,-1218,18.286329600
8040,42,807,-632,-2491,18.287517024
8040,43,721,-1650,-2966,18.288704448
8040,44,550,-2032,-2415,18.289891872
8040,45,266,-233,-2793,18.291079296
8040,46,122,243,-2199,18.292266720
8040,47,-185,-176,-3334,18.293454144
8040,48,-143,-1945,-4726,18.294641568
8040,49,-220,-6826,-4690,18.295828992
8040,50,-273,-3069,-4012,18.297016416
8040,51,-888,2217,-4001,18.298203840
8040,52,-1116,-2465,-3348,18.299391264
8040,53,-267,-13888,-4880,18.300578688
8040,54,116,-14213,-3136,18.301766112
8040,55,243,-9171,-2741,18.302953536
8040,56,176,-14549,-1722,18.304140960
8040,57,351,-13773,-2341,18.305328384
8040,58,405,-8378,-1344,18.306515808
8040,59,707,-10330,58,18.307703232
8040,60,639,-11286,384,18.308890656
8040,61,525,-8315,1594,18.310078080
8040,62,418,-5142,1649,18.311265504
8040,63,-36,-2667,2026,18.312452928
8040,64,-253,-9834,108,18.313640352
8041,1,-404,-18206,2554,18.314827776
8041,2,-29,-10932,2804,18.316015200
8041,3,-275,-4777,3134,18.317202624
8041,4,-175,-9479,3399,18.318390048
8041,5,-285,-5351,4140,18.319577472
8041,6,147,-1672,4182,18.320764896
8041,7,196,-1794,6718,18.321952320
8041,8,198,-1323,5794,18.323139744
8041,9,507,-1079,5212,18.324327168
8041,10,409,-4524,5325,18.325514592
8041,11,252,-7805,4743,18.326702016
8041,12,-55,-9763,3819,18.327889440
8041,13,-233,-13956,2810,18.329076864
8041,14,44,-9917,2064,18.330264288
8041,15,-404,-3178,1615,18.331451712
8041,16,-501,-7250,1244,18.332639136
8041,17,-354,-10344,259,18.333826560
8041,18,-531,-3374,192,18.335013984
8041,19,-440,-69,-475,18.336201408
8041,20,-488,-52,30,18.337388832
8041,21,-177,1871,565,18.338576256
8041,22,42,1890,-55,18.339763680
8041,23,521,2346,-635,18.340951104
8041,24,175,3536,-1175,18.342138528
8041,25,235,3543,-757,18.343325952
8041,26,304,3203,-1579,18.344513376
8041,27,296,2560,-2693,18.345700800
8041,28,163,1718,-4095,18.346888224
8041,29,-60,1464,-4456,18.348075648
8041,30,55,1053,-5182,18.349263072
8041,31,-155,1791,-5014,18.350450496
8041,32,-579,1892,-5798,18.351637920
8041,33,-63,1598,-5798,18.352825344
8041,34,-356,1291,-5271,18.354012768
8041,35,-237,1515,-4916,18.355200192
8041,36,59,-825,-3374,18.356387616
8041,37,76,-1582,-3536,18.357575040
8041,38,565,-8019,-1738,18.358762464
8041,39,453,-9980,-2042,18.359949888
8041,40,327,-3012,-1891,18.361137312
8041,41,433,-2840,-602,18.362324736
8041,42,653,-3079,-686,18.363512160
8041,43,305,-5236,-373,18.364699584
8041,44,290,-8305,-176,18.365887008
8041,45,-49,-4194,758,18.367074432
8041,46,-54,-1208,1703,18.368261856
8041,47,-104,-5581,1070,18.369449280
8041,48,-99,-11479,1551,18.370636704
8041,49,-140,-6349,2008,18.371824128
8041,50,-275,-3522,2208,18.373011552
8041,51,25,-8724,2941,18.374198976
8041,52,-30,-11976,3316,18.375386400
8041,53,223,-7613,4155,18.376573824
8041,54,153,-5601,4727,18.377761248
8041,55,277,-5385,4955,18.378948672
8041,56,176,-2220,4824,18.380136096
8041,57,131,-6273,3610,18.381323520
8041,58,262,-11589,3692,18.382510944
8041,59,-100,-8578,4790,18.383698368
8041,60,124,-4001,3315,18.384885792
8041,61,-209,-7037,3511,18.386073216
8041,62,-250,-6792,2041,18.387260640
8041,63,-429,-6110,1795,18.388448064
8041,64,-188,-8023,1862,18.389635488
8042,1,-80,-2799,1651,18.390822912
8042,2,-137,-4111,919,18.392010336
8042,3,-162,-9174,-240,18.393197760
8042,4,-262,-7217,156,18.394385184
8042,5,-111,-5456,-80,18.395572608
8042,6,30,-8449,332,18.396760032
8042,7,51,-4773,-500,18.397947456
8042,8,-263,1087,-1011,18.399134880
8042,9,-198,-2981,-1414,18.400322304
8042,10,24,-6058,-2487,18.401509728
8042,11,-224,-3374,-2830,18.402697152
8042,12,-8,-2208,-3879,18.403884576
8042,13,-23,355,-3430,18.405072000
8042,14,84,2362,-3592,18.406259424
8042,15,132,-809,-4683,18.407446848
8042,16,292,-3422,-3963,18.408634272
8042,17,294,4129,-6324,18.409821696
8042,18,310,3324,-2596,18.411009120
8042,19,425,2818,-2838,18.412196544
8042,20,201,6820,-1796,18.413383968
8042,21,-54,5335,-3062,18.414571392
8042,22,-10,2130,-1112,18.415758816
8042,23,-295,2691,-3175,18.416946240
8042,24,148,4343,-1240,18.418133664
8042,25,23,214,-1053,18.419321088
8042,26,-256,103,-983,18.420508512
8042,27,-47,-427,-457,18.421695936
8042,28,-195,-1250,-159,18.422883360
8042,29,-2,-1519,588,18.424070784
8042,30,286,-2251,806,18.425258208
8042,31,121,-2333,1482,18.426445632
8042,32,829,-6471,737,18.427633056
8042,33,-55,-17148,4996,18.428820480
8042,34,346,-12852,1462,18.430007904
8042,35,-33,-5477,1454,18.431195328
8042,36,192,-9856,1874,18.432382752
8042,37,-251,-8035,1541,18.433570176
8042,38,-251,-5583,1131,18.434757600
8042,39,-581,-12878,3664,18.435945024
8042,40,-403,-12055,2763,18.437132448
8042,41,-387,-5307,4327,18.438319872
8042,42,-327,-5204,3825,18.439507296
8042,43,-261,-11312,2538,18.440694720
8042,44,-16,-10915,2255,18.441882144
8042,45,164,-8590,1710,18.443069568
8042,46,690,-11038,1607,18.444256992
8042,47,441,-13648,1384,18.445444416
8042,48,542,-12010,1571,18.446631840
8042,49,739,-9317,974,18.447819264
8042,50,356,-8495,479,18.449006688
8042,51,307,-7518,-234,18.450194112
8042,52,37,-7415,-270,18.451381536
8042,53,98,-6171,474,18.452568960
8042,54,-39,-3067,110,18.453756384
8042,55,-172,-8395,-403,18.454943808
8042,56,42,-10386,-732,18.456131232
8042,57,-37,-2067,-618,18.457318656
8042,58,165,860,-161,18.458506080
8042,59,201,181,253,18.459693504
8042,60,380,-1011,-751,18.460880928
8042,61,524,-5121,-1006,18.462068352
8042,62,601,-8463,-1485,18.463255776
8042,63,468,-5533,-1887,18.464443200
8042,64,302,-2252,-1761,18.465630624
8043,1,136,97,-1828,18.466818048
8043,2,-304,-326,-2507,18.468005472
8043,3,-737,-1742,-2810,18.469192896
8043,4,-266,-173,-2474,18.470380320
8043,5,-475,-70,-1957,18.471567744
8043,6,-993,2932,-781,18.472755168
8043,7,-566,3578,-873,18.473942592
8043,8,-408,2455,-1599,18.475130016
8043,9,180,2610,-608,18.476317440
8043,10,302,3281,-584,18.477504864
8043,11,237,2127,216,18.478692288
8043,12,399,732,-298,18.479879712
8043,13,97,86,436,18.481067136
8043,14,653,-1475,1264,18.482254560
8043,15,-499,-19303,-3553,18.483441984
8043,16,-193,-19828,-2398,18.484629408
8043,17,-261,-3209,-772,18.485816832
8043,18,-236,-974,2568,18.487004256
8043,19,-1230,-442,1115,18.488191680
8043,20,-724,-1990,751,18.489379104
8043,21,-394,-3042,343,18.490566528
8043,22,-125,-4689,-1475,18.491753952
8043,23,-30,-7957,3086,18.492941376
8043,24,160,-8276,972,18.494128800
8043,25,564,-7284,2245,18.495316224
8043,26,453,-5983,2845,18.496503648
8043,27,468,-157,797,18.497691072
8043,28,677,-1405,1985,18.498878496
8043,29,535,-4955,1700,18.500065920
8043,30,377,-9030,2321,18.501253344
8043,31,91,-13632,597,18.502440768
8043,32,57,-12894,2008,18.503628192
8043,33,-109,-8592,1491,18.504815616
8043,34,-299,-7178,338,18.506003040
8043,35,-64,-13166,203,18.507190464
8043,36,161,-11810,-113,18.508377888
8043,37,363,-12049,1652,18.509565312
8043,38,437,-12157,2084,18.510752736
8043,39,88,-8278,1181,18.511940160
8043,40,441,-9475,324,18.513127584
8043,41,944,-10521,371,18.514315008
8043,42,619,-4659,567,18.515502432
8043,43,362,343,668,18.516689856
8043,44,80,-765,564,18.517877280
8043,45,-312,331,-846,18.519064704
8043,46,-37,454,-384,18.520252128
8043,47,-480,1185,-1193,18.521439552
8043,48,-595,809,-382,18.522626976
8043,49,-689,638,-2148,18.523814400
8043,50,-636,504,-915,18.525001824
8043,51,-558,443,-779,18.526189248
8043,52,-45,-621,-588,18.527376672
8043,53,-166,-6441,-3177,18.528564096
8043,54,458,-6960,-1971,18.529751520
8043,55,-218,1029,-2921,18.530938944
8043,56,154,1837,206,18.532126368
8043,57,46,2190,696,18.533313792
8043,58,-26,2828,-540,18.534501216
8043,59,66,3112,-766,18.535688640
8043,60,-516,2889,-1137,18.536876064
8043,61,-460,2263,316,18.538063488
8043,62,-455,1212,-170,18.539250912
8043,63,-885,977,-251,18.540438336
8043,64,-617,-99,-679,18.541625760
8044,1,-427,-484,-58,18.542813184
8044,2,-440,-1471,1303,18.544000608
8044,3,185,-1754,862,18.545188032
8044,4,840,-3697,-952,18.546375456
8044,5,-125,-12735,509,18.547562880
8044,6,778,-11314,563,18.548750304
8044,7,475,-589,1019,18.549937728
8044,8,669,292,1648,18.551125152
8044,9,561,723,736,18.552312576
8044,10,259,1635,-1504,18.553500000
8044,11,433,693,946,18.554687424
8044,12,-180,770,-842,18.555874848
8044,13,-318,-1319,781,18.557062272
8044,14,-121,-2342,-770,18.558249696
8044,15,-290,-1923,-855,18.559437120
8044,16,-218,-2026,788,18.560624544
8044,17,-278,-3155,-554,18.561811968
8044,18,325,-9349,800,18.562999392
8044,19,634,-8924,-587,18.564186816
8044,20,483,-5258,1112,18.565374240
8044,21,477,-5403,1809,18.566561664
8044,22,818,-4005,398,18.567749088
8044,23,718,-10237,-183,18.568936512
8044,24,706,-10978,-565,18.570123936
8044,25,471,-2996,-349,18.571311360
8044,26,-82,-2042,1125,18.572498784
8044,27,-62,-10430,-120,18.573686208
8044,28,-171,-9134,-1006,18.574873632
8044,29,-551,-8244,-1253,18.576061056
8044,30,-380,-12248,-1446,18.577248480
8044,31,-438,-10120,-285,18.578435904
8044,32,-423,-9812,-379,18.579623328
8044,33,-250,-16711,-246,18.580810752
8044,34,-140,-16594,-249,18.581998176
8044,35,9,-5494,560,18.583185600
8044,36,260,-5527,869,18.584373024
8044,37,291,-12116,563,18.585560448
8044,38,10,-5424,356,18.586747872
8044,39,-175,-3817,154,18.587935296
8044,40,91,-13981,394,18.589122720
8044,41,-77,-12560,-860,18.590310144
8044,42,-271,-9336,-1463,18.591497568
8044,43,-165,-15355,-1358,18.592684992
8044,44,-378,-10233,-916,18.593872416
8044,45,-413,-431,155,18.595059840
8044,46,-209,-3838,123,18.596247264
8044,47,-65,-9629,269,18.597434688
8044,48,26,-860,389,18.598622112
8044,49,68,1918,1400,18.599809536
8044,50,467,-388,3235,18.600996960
8044,51,361,687,48,18.602184384
8044,52,1160,2279,1582,18.603371808
8044,53,-43,3052,2345,18.604559232
8044,54,245,2972,595,18.605746656
8044,55,-10,1135,480,18.606934080
8044,56,101,1300,-385,18.608121504
8044,57,90,602,775,18.609308928
8044,58,-255,1308,-327,18.610496352
8044,59,-208,1883,-346,18.611683776
8044,60,-134,1572,-625,18.612871200
8044,61,-489,1206,-439,18.614058624
8044,62,-399,2463,677,18.615246048
8044,63,-63,2721,1661,18.616433472
8044,64,254,2686,1712,18.617620896
8045,1,464,2737,1012,18.618808320
8045,2,52,3090,963,18.619995744
8045,3,-28,1280,888,18.621183168
8045,4,252,546,681,18.622370592
8045,5,139,2009,419,18.623558016
8045,6,193,800,-423,18.624745440
8045,7,26,-554,-1385,18.625932864
8045,8,-205,-1052,-1716,18.627120288
8045,9,-1309,-3326,-843,18.628307712
8045,10,342,-29179,-2073,18.629495136
8045,11,-343,-31703,-1558,18.630682560
8045,12,305,-3309,1121,18.631869984
8045,13,-26,1467,-1538,18.633057408
8045,14,-439,-2000,-3045,18.634244832
8045,15,-14,-11055,-5327,18.635432256
8045,16,767,-14598,-1113,18.636619680
8045,17,323,-11615,390,18.637807104
8045,18,138,-5845,1906,18.638994528
8045,19,315,-330,1003,18.640181952
8045,20,538,-1039,2305,18.641369376
8045,21,-254,-1926,-329,18.642556800
8045,22,-227,2251,-5690,18.643744224
8045,23,-206,70,-852,18.644931648
8045,24,72,-2947,-148,18.646119072
8045,25,289,-2030,1792,18.647306496
8045,26,-541,-4869,1623,18.648493920
8045,27,148,-14240,3765,18.649681344
8045,28,382,-8615,654,18.650868768
8045,29,24,-898,653,18.652056192
8045,30,491,-3364,5629,18.653243616
8045,31,446,-636,1774,18.654431040
8045,32,150,223,6467,18.655618464
8045,33,539,-4893,3792,18.656805888
8045,34,18,-8899,2203,18.657993312
8045,35,17,-4881,3420,18.659180736
8045,36,12,-245,2938,18.660368160
8045,37,-276,1360,4784,18.661555584
8045,38,-630,-78,4288,18.662743008
8045,39,-818,1480,-419,18.663930432
8045,40,-681,1743,1225,18.665117856
8045,41,-367,1440,1091,18.666305280
8045,42,-378,867,897,18.667492704
8045,43,-396,-3669,236,18.668680128
8045,44,-82,-17954,-555,18.669867552
8045,45,120,-16025,522,18.671054976
8045,46,23,-4465,-493,18.672242400
8045,47,252,-1850,-205,18.673429824
8045,48,160,-4192,-3355,18.674617248
8045,49,190,-8662,-4020,18.675804672
8045,50,334,-12626,-2400,18.676992096
8045,51,8,-7130,-2000,18.678179520
8045,52,120,-488,-2183,18.679366944
8045,53,88,-3773,-5240,18.680554368
8045,54,-43,-8205,-6589,18.681741792
8045,55,-62,-3699,-5398,18.682929216
8045,56,-29,-442,-4800,18.684116640
8045,57,100,-7493,-4662,18.685304064
8045,58,344,-14903,-4264,18.686491488
8045,59,403,-11371,-2698,18.687678912
8045,60,311,-5222,-1018,18.688866336
8045,61,439,-4401,-694,18.690053760
8045,62,489,-4271,-426,18.691241184
8045,63,581,-6370,-1472,18.692428608
8045,64,664,-10408,442,18.693616032
8046,1,454,-3976,1710,18.694803456
8046,2,305,669,1534,18.695990880
8046,3,59,-3839,983,18.697178304
8046,4,285,-7961,-1353,18.698365728
8046,5,290,-6327,-290,18.699553152
8046,6,245,-6803,1749,18.700740576
8046,7,220,-4646,4326,18.701928000
8046,8,-85,-985,2864,18.703115424
8046,9,-221,-2637,2886,18.704302848
8046,10,-150,-1023,3083,18.705490272
8046,11,147,1867,4406,18.706677696
8046,12,-167,-652,6184,18.707865120
8046,13,-110,-1692,5401,18.709052544
8046,14,-513,-1310,5336,18.710239968
8046,15,-321,-702,6140,18.711427392
8046,16,-257,-8173,988,18.712614816
8046,17,-102,-12483,3161,18.713802240
8046,18,-313,-1492,2254,18.714989664
8046,19,-478,-91,1870,18.716177088
8046,20,-657,-3311,1349,18.717364512
8046,21,-211,-988,-305,18.718551936
8046,22,-322,1476,-295,18.719739360
8046,23,-700,-1247,-2600,18.720926784
8046,24,-360,-2027,-1767,18.722114208
8046,25,-655,-217,-2152,18.723301632
8046,26,-549,-443,-297,18.724489056
8046,27,-410,-1158,58,18.725676480
8046,28,-254,-217,-1524,18.726863904
8046,29,109,-3456,-2420,18.728051328
8046,30,144,-8286,-2873,18.729238752
8046,31,6,-1798,-1426,18.730426176
8046,32,-22,3316,-2202,18.731613600
8046,33,413,-1025,-685,18.732801024
8046,34,674,-626,-4282,18.733988448
8046,35,690,1693,-3923,18.735175872
8046,36,489,137,-3122,18.736363296
8046,37,154,-6322,-5639,18.737550720
8046,38,592,-13899,-5720,18.738738144
8046,39,405,-15077,-3553,18.739925568
8046,40,291,-6562,-3005,18.741112992
8046,41,171,-2897,-584,18.742300416
8046,42,159,-3847,-417,18.743487840
8046,43,318,-4931,-1599,18.744675264
8046,44,210,-2678,-149,18.745862688
8046,45,-27,191,711,18.747050112
8046,46,482,-1352,3347,18.748237536
8046,47,476,-4260,1632,18.749424960
8046,48,647,-6165,518,18.750612384
8046,49,319,-8304,266,18.751799808
8046,50,224,-8702,-292,18.752987232
8046,51,646,-4443,1500,18.754174656
8046,52,470,-3118,1686,18.755362080
8046,53,190,-8120,713,18.756549504
8046,54,-21,-11443,-398,18.757736928
8046,55,-329,-9265,99,18.758924352
8046,56,-174,-8939,1657,18.760111776
8046,57,-430,-5626,2559,18.761299200
8046,58,-722,-5057,3122,18.762486624
8046,59,-339,-7613,3203,18.763674048
8046,60,-413,-11925,3518,18.764861472
8046,61,-294,-10326,3000,18.766048896
8046,62,-317,-7671,3704,18.767236320
8046,63,-79,-3866,3357,18.768423744
8046,64,-58,-4650,2329,18.769611168
8047,1,-15,-16501,1729,18.770798592
8047,2,-153,-11799,1170,18.771986016
8047,3,-664,-4960,610,18.773173440
8047,4,-404,-8451,527,18.774360864
8047,5,-609,-7206,191,18.775548288
8047,6,-125,1347,-557,18.776735712
8047,7,-633,129,2226,18.777923136
8047,8,-573,-1614,-426,18.779110560
8047,9,-386,582,312,18.780297984
8047,10,-358,315,268,18.781485408
8047,11,156,1649,1123,18.782672832
8047,12,337,2521,1797,18.783860256
8047,13,235,2354,620,18.785047680
8047,14,619,-360,580,18.786235104
8047,15,469,-579,-2720,18.787422528
8047,16,408,-7054,-2417,18.788609952
8047,17,391,-8221,-1759,18.789797376
8047,18,492,-334,-2301,18.790984800
8047,19,404,1902,-3241,18.792172224
8047,20,152,1963,-1736,18.793359648
8047,21,-214,4422,-3332,18.794547072
8047,22,102,2641,-1883,18.795734496
8047,23,99,2200,-1320,18.796921920
8047,24,199,1854,-1707,18.798109344
8047,25,110,-913,-1221,18.799296768
8047,26,208,-7607,-6110,18.800484192
8047,27,290,-16951,-2562,18.801671616
8047,28,388,-8296,-496,18.802859040
8047,29,-2,1601,-604,18.804046464
8047,30,173,-1396,831,18.805233888
8047,31,348,-820,-1325,18.806421312
8047,32,-129,-3659,-1636,18.807608736
8047,33,258,-6427,-1423,18.808796160
8047,34,-460,-2862,-2069,18.809983584
8047,35,-232,-1347,-872,18.811171008
8047,36,-222,-3384,-1894,18.812358432
8047,37,-290,-6872,-1242,18.813545856
8047,38,-149,-10152,-536,18.814733280
8047,39,-409,-11864,256,18.815920704
8047,40,-182,-10039,886,18.817108128
8047,41,-32,-8918,2203,18.818295552
8047,42,-85,-4543,3232,18.819482976
8047,43,-231,-3460,3979,18.820670400
8047,44,-2,-4388,3072,18.821857824
8047,45,-214,-2265,3157,18.823045248
8047,46,23,-1612,3717,18.824232672
8047,47,-87,-2134,4889,18.825420096
8047,48,-222,-2928,4775,18.826607520
8047,49,176,-5191,3758,18.827794944
8047,50,-160,-6034,2318,18.828982368
8047,51,-95,-7195,2230,18.830169792
8047,52,54,-5167,2950,18.831357216
8047,53,-183,-4548,3415,18.832544640
8047,54,78,-5933,3040,18.833732064
8047,55,-99,-7008,1819,18.834919488
8047,56,-76,-6872,1036,18.836106912
8047,57,-10,-9664,1208,18.837294336
8047,58,43,-10398,1003,18.838481760
8047,59,77,-6677,1095,18.839669184
8047,60,-18,-6278,-190,18.840856608
8047,61,144,-7833,-469,18.842044032
8047,62,347,-3546,-814,18.843231456
8047,63,367,2246,-2035,18.844418880
8047,64,382,891,-943,18.845606304
8048,1,370,357,-3435,18.846793728
8048,2,397,1118,-3339,18.847981152
8048,3,330,1883,-2720,18.849168576
8048,4,273,2622,-2911,18.850356000
8048,5,199,937,-3510,18.851543424
8048,6,-50,-133,-5104,18.852730848
8048,7,-43,-7740,-6954,18.853918272
8048,8,97,-13510,-4708,18.855105696
8048,9,-246,-7965,-2316,18.856293120
8048,10,-163,-952,-2744,18.857480544
8048,11,-203,-7702,-2699,18.858667968
8048,12,115,-8345,-3566,18.859855392
8048,13,-145,1031,-2455,18.861042816
8048,14,141,-1349,-1773,18.862230240
8048,15,383,-9124,-1316,18.863417664
8048,16,494,-5402,-2140,18.864605088
8048,17,489,-3468,-1262,18.865792512
8048,18,420,-10028,-129,18.866979936
8048,19,141,-2407,153,18.868167360
8048,20,-186,631,1382,18.869354784
8048,21,82,-5674,770,18.870542208
8048,22,-279,-5074,1989,18.871729632
8048,23,-335,-189,2977,18.872917056
8048,24,-463,-1215,5895,18.874104480
8048,25,-627,-1122,3397,18.875291904
8048,26,-173,-85,3729,18.876479328
8048,27,13,-700,3873,18.877666752
8048,28,117,-11580,2235,18.878854176
8048,29,543,-19517,4029,18.880041600
8048,30,-30,-9571,4819,18.881229024
8048,31,356,409,3275,18.882416448
8048,32,151,-2982,3726,18.883603872
8048,33,463,-9323,1298,18.884791296
8048,34,497,-5547,1839,18.885978720
8048,35,253,-1188,2118,18.887166144
8048,36,-602,-2892,3454,18.888353568
8048,37,-511,-1802,411,18.889540992
8048,38,-560,397,2520,18.890728416
8048,39,-538,103,1760,18.891915840
8048,40,128,-3987,-1466,18.893103264
8048,41,-708,-8420,2049,18.894290688
8048,42,221,-1904,-727,18.895478112
8048,43,-271,1728,1223,18.896665536
8048,44,400,-1315,284,18.897852960
8048,45,99,40,-2426,18.899040384
8048,46,656,568,-2477,18.900227808
8048,47,703,273,-2604,18.901415232
8048,48,341,1239,-2538,18.902602656
8048,49,85,-119,-2734,18.903790080
8048,50,183,-2042,-2977,18.904977504
8048,51,76,-4775,-4915,18.906164928
8048,52,-225,-2071,-4005,18.907352352
8048,53,-373,1921,-4813,18.908539776
8048,54,-454,2299,-2896,18.909727200
8048,55,-689,757,-1340,18.910914624
8048,56,-719,2095,-2558,18.912102048
8048,57,-181,-4066,-3823,18.913289472
8048,58,196,-19227,-2256,18.914476896
8048,59,425,-14934,-1662,18.915664320
8048,60,225,-252,-568,18.916851744
8048,61,183,2191,-554,18.918039168
8048,62,442,-8,581,18.919226592
8048,63,726,1170,-1156,18.920414016
8048,64,306,-2025,308,18.921601440
8049,1,475,-15529,-133,18.922788864
8049,2,-72,-14282,3,18.923976288
8049,3,-15,-5771,-790,18.925163712
8049,4,-159,-10260,818,18.926351136
8049,5,-770,-9061,5,18.927538560
8049,6,-510,-9433,-75,18.928725984
8049,7,-210,-13278,1539,18.929913408
8049,8,-244,-4816,2011,18.931100832
8049,9,105,634,4144,18.932288256
8049,10,-400,-7072,2567,18.933475680
8049,11,755,-18446,3591,18.934663104
8049,12,673,-10681,3124,18.935850528
8049,13,182,-4279,1805,18.937037952
8049,14,897,-4549,3476,18.938225376
8049,15,73,-3407,2143,18.939412800
8049,16,414,-11058,2010,18.940600224
8049,17,197,-14960,2512,18.941787648
8049,18,-187,-3971,1495,18.942975072
8049,19,-140,-1649,3188,18.944162496
8049,20,-388,-7209,1141,18.945349920
8049,21,-321,-7722,1793,18.946537344
8049,22,-93,-6855,1149,18.947724768
8049,23,-340,-12250,1325,18.948912192
8049,24,182,-10870,1679,18.950099616
8049,25,110,-2484,1360,18.951287040
8049,26,-39,-776,1933,18.952474464
8049,27,152,-4599,820,18.953661888
8049,28,118,-5016,-613,18.954849312
8049,29,313,-2588,219,18.956036736
8049,30,285,-425,-604,18.957224160
8049,31,187,434,-501,18.958411584
8049,32,-29,83,-1172,18.959599008
8049,33,22,273,-2566,18.960786432
8049,34,-372,-374,-1961,18.961973856
8049,35,-452,897,-3296,18.963161280
8049,36,-150,-373,-2501,18.964348704
8049,37,-274,-2286,-2947,18.965536128
8049,38,-246,91,-2656,18.966723552
8049,39,-604,2028,-1996,18.967910976
8049,40,-233,2234,-3016,18.969098400
8049,41,294,2792,-2001,18.970285824
8049,42,308,4205,-2500,18.971473248
8049,43,160,3858,-1162,18.972660672
8049,44,295,2452,-1602,18.973848096
8049,45,322,3654,-1296,18.975035520
8049,46,52,2543,-1668,18.976222944
8049,47,217,996,-1785,18.977410368
8049,48,232,1244,-2006,18.978597792
8049,49,-21,420,-1248,18.979785216
8049,50,-289,-1061,-177,18.980972640
8049,51,-635,-484,-1262,18.982160064
8049,52,-497,58,921,18.983347488
8049,53,-350,-738,870,18.984534912
8049,54,-491,-2060,685,18.985722336
8049,55,-290,-3048,1161,18.986909760
8049,56,-395,-4140,1386,18.988097184
8049,57,321,-7417,2224,18.989284608
8049,58,95,-13913,1401,18.990472032
8049,59,367,-17875,1891,18.991659456
8049,60,240,-10521,1516,18.992846880
8049,61,195,-5748,2539,18.994034304
8049,62,224,-9917,1662,18.995221728
8049,63,359,-15310,1205,18.996409152
8049,64,340,-13350,2324,18.997596576
8050,1,135,-3716,2645,18.998784000
8050,2,-80,-1961,3635,18.999971424
8050,3,-303,-6064,1525,19.001158848
8050,4,204,-13832,1844,19.002346272
8050,5,182,-11902,1617,19.003533696
8050,6,167,-5152,1836,19.004721120
8050,7,178,-6857,1759,19.005908544
8050,8,348,-11937,356,19.007095968
8050,9,505,-11778,92,19.008283392
8050,10,414,-3867,275,19.009470816
8050,11,369,-3356,-33,19.010658240
8050,12,657,-9825,-1024,19.011845664
8050,13,554,-11748,-424,19.013033088
8050,14,440,-3502,-455,19.014220512
8050,15,161,145,400,19.015407936
8050,16,17,-1492,-865,19.016595360
8050,17,56,-815,-1696,19.017782784
8050,18,473,-676,-757,19.018970208
8050,19,-623,180,-671,19.020157632
8050,20,133,-5794,-1823,19.021345056
8050,21,-122,-13906,-1648,19.022532480
8050,22,-29,-4774,-420,19.023719904
8050,23,-391,3015,-1197,19.024907328
8050,24,-595,-2469,-746,19.026094752
8050,25,6,-10445,-2233,19.027282176
8050,26,-245,-6993,-1189,19.028469600
8050,27,-494,-3510,-1471,19.029657024
8050,28,-603,-4020,-1397,19.030844448
8050,29,-431,-6810,-2183,19.032031872
8050,30,-84,-9073,-1641,19.033219296
8050,31,-261,-1765,-1001,19.034406720
8050,32,-443,3228,-1810,19.035594144
8050,33,-312,-53,1328,19.036781568
8050,34,78,810,-993,19.037968992
8050,35,91,343,498,19.039156416
8050,36,-393,-694,545,19.040343840
8050,37,94,-9664,-2836,19.041531264
8050,38,-81,-11508,-2325,19.042718688
8050,39,236,-1960,597,19.043906112
8050,40,-194,-41,1339,19.045093536
8050,41,-194,952,1337,19.046280960
8050,42,25,-582,571,19.047468384
8050,43,292,1534,-141,19.048655808
8050,44,-273,6414,742,19.049843232
8050,45,262,1319,2340,19.051030656
8050,46,519,-1769,1217,19.052218080
8050,47,794,-1417,1486,19.053405504
8050,48,377,-2193,3374,19.054592928
8050,49,139,-2304,803,19.055780352
8050,50,-28,-5966,783,19.056967776
8050,51,323,-19524,1846,19.058155200
8050,52,418,-20454,367,19.059342624
8050,53,124,-4553,1166,19.060530048
8050,54,-124,214,3133,19.061717472
8050,55,-443,-2069,2223,19.062904896
8050,56,132,-13594,-1939,19.064092320
8050,57,346,-14803,-1025,19.065279744
8050,58,141,-9870,-171,19.066467168
8050,59,229,-7007,4082,19.067654592
8050,60,67,-2446,700,19.068842016
8050,61,258,-12771,38,19.070029440
8050,62,483,-12028,-1707,19.071216864
8050,63,137,-1120,-2494,19.072404288
8050,64,510,-3855,1447,19.073591712
8051,1,245,-6917,-155,19.074779136
8051,2,190,-3869,-340,19.075966560
8051,3,-147,-5579,-864,19.077153984
8051,4,80,-2803,-1112,19.078341408
8051,5,-149,2401,-754,19.079528832
8051,6,-381,-165,-629,19.080716256
8051,7,-67,1411,-2710,19.081903680
8051,8,-281,1148,-1381,19.083091104
8051,9,-344,830,-39,19.084278528
8051,10,-296,1628,535,19.085465952
8051,11,-19,-685,-1782,19.086653376
8051,12,-45,1194,-1671,19.087840800
8051,13,-204,-28,-600,19.089028224
8051,14,-207,-697,2246,19.090215648
8051,15,164,-2655,620,19.091403072
8051,16,-583,-6794,299,19.092590496
8051,17,189,-14392,-1501,19.093777920
8051,18,34,-9021,857,19.094965344
8051,19,-249,4159,-643,19.096152768
8051,20,5,-1776,3346,19.097340192
8051,21,-610,193,-2214,19.098527616
8051,22,-475,497,155,19.099715040
8051,23,-69,-1683,3373,19.100902464
8051,24,-342,129,1507,19.102089888
8051,25,125,-826,1295,19.103277312
8051,26,-515,-779,15,19.104464736
8051,27,-190,-1175,-1079,19.105652160
8051,28,-48,356,1119,19.106839584
8051,29,-186,162,1680,19.108027008
8051,30,221,709,170,19.109214432
8051,31,320,-869,33,19.110401856
8051,32,448,-1118,-18,19.111589280
8051,33,198,-7813,148,19.112776704
8051,34,319,-14212,-623,19.113964128
8051,35,576,-10686,-837,19.115151552
8051,36,615,-2146,-414,19.116338976
8051,37,193,1105,-143,19.117526400
8051,38,51,-846,324,19.118713824
8051,39,500,-12244,-1547,19.119901248
8051,40,535,-8561,-2127,19.121088672
8051,41,111,-3209,-1431,19.122276096
8051,42,227,-4393,1145,19.123463520
8051,43,96,-299,-646,19.124650944
8051,44,177,-216,736,19.125838368
8051,45,117,-7502,-614,19.127025792
8051,46,423,-3954,-1831,19.128213216
8051,47,-130,12,1504,19.129400640
8051,48,252,-5531,419,19.130588064
8051,49,144,-12040,875,19.131775488
8051,50,-168,-12023,-46,19.132962912
8051,51,-37,-8899,-918,19.134150336
8051,52,-30,-7422,-533,19.135337760
8051,53,-322,-3646,-90,19.136525184
8051,54,-156,-2620,-45,19.137712608
8051,55,-324,-8413,-158,19.138900032
8051,56,-159,-11488,-516,19.140087456
8051,57,-4,-3137,360,19.141274880
8051,58,-184,460,1263,19.142462304
8051,59,10,-2232,574,19.143649728
8051,60,-122,-11275,307,19.144837152
8051,61,-217,-15842,771,19.146024576
8051,62,-16,-9879,156,19.147212000
8051,63,-212,-3844,1708,19.148399424
8051,64,-217,-3522,593,19.149586848
8052,1,-212,-8127,572,19.150774272
8052,2,-445,-6364,972,19.151961696
8052,3,-424,-674,909,19.153149120
8052,4,-280,-3118,1312,19.154336544
8052,5,-13,-3978,448,19.155523968
8052,6,42,-1970,214,19.156711392
8052,7,-68,-5157,-716,19.157898816
8052,8,131,-6469,-644,19.159086240
8052,9,162,-2688,-1619,19.160273664
8052,10,459,-4482,-407,19.161461088
8052,11,649,-4097,-188,19.162648512
8052,12,264,-413,197,19.163835936
8052,13,254,-2108,-213,19.165023360
8052,14,106,-3024,-1266,19.166210784
8052,15,106,-4946,-584,19.167398208
8052,16,219,-3234,-683,19.168585632
8052,17,205,-630,733,19.169773056
8052,18,376,-1249,595,19.170960480
8052,19,-190,-3340,-859,19.172147904
8052,20,94,-6754,-548,19.173335328
8052,21,191,-4116,34,19.174522752
8052,22,480,-281,336,19.175710176
8052,23,398,-2010,426,19.176897600
8052,24,478,-3635,-143,19.178085024
8052,25,129,-3581,-1399,19.179272448
8052,26,197,-11678,-1373,19.180459872
8052,27,326,-10668,-238,19.181647296
8052,28,-2,753,-620,19.182834720
8052,29,21,238,1248,19.184022144
8052,30,-528,-310,52,19.185209568
8052,31,-258,-2008,-650,19.186396992
8052,32,-285,-1719,1235,19.187584416
8052,33,-221,-2139,145,19.188771840
8052,34,17,533,-480,19.189959264
8052,35,84,1771,503,19.191146688
8052,36,39,2259,834,19.192334112
8052,37,-74,283,1298,19.193521536
8052,38,337,190,-869,19.194708960
8052,39,148,-876,418,19.195896384
8052,40,254,-2248,-1114,19.197083808
8052,41,-145,-7051,-980,19.198271232
8052,42,-250,-8253,-1506,19.199458656
8052,43,-381,-5484,691,19.200646080
8052,44,-288,-1002,468,19.201833504
8052,45,-448,311,604,19.203020928
8052,46,-1017,-617,1454,19.204208352
8052,47,-86,-8617,-2550,19.205395776
8052,48,-288,-15453,-975,19.206583200
8052,49,-219,-10878,2183,19.207770624
8052,50,-267,-6658,1839,19.208958048
8052,51,227,-4977,2273,19.210145472
8052,52,73,-5425,828,19.211332896
8052,53,67,-9322,-747,19.212520320
8052,54,234,-12127,-13,19.213707744
8052,55,154,-3848,548,19.214895168
8052,56,108,209,708,19.216082592
8052,57,105,-5937,-997,19.217270016
8052,58,-38,-15144,-2149,19.218457440
8052,59,1,-10415,653,19.219644864
8052,60,-37,-133,-75,19.220832288
8052,61,-163,-5046,175,19.222019712
8052,62,368,-13207,-121,19.223207136
8052,63,412,-8162,-125,19.224394560
8052,64,393,-6315,1244,19.225581984
8053,1,266,-6672,519,19.226769408
8053,2,490,-3302,-603,19.227956832
8053,3,798,-1156,-235,19.229144256
8053,4,525,-9998,279,19.230331680
8053,5,497,-8140,555,19.231519104
8053,6,64,1083,-172,19.232706528
8053,7,236,-2085,773,19.233893952
8053,8,138,-2210,-2276,19.235081376
8053,9,-64,-264,-228,19.236268800
8053,10,-146,381,1793,19.237456224
8053,11,-207,-1867,76,19.238643648
8053,12,-205,-2802,413,19.239831072
8053,13,-237,-2282,633,19.241018496
8053,14,-101,-3241,-359,19.242205920
8053,15,-108,-6911,1564,19.243393344
8053,16,64,-2288,256,19.244580768
8053,17,-411,1676,-376,19.245768192
8053,18,-112,-1416,2475,19.246955616
8053,19,-418,1148,133,19.248143040
8053,20,34,-9703,-990,19.249330464
8053,21,-17,-16024,-1350,19.250517888
8053,22,-440,-8428,-1196,19.251705312
8053,23,-624,-3227,248,19.252892736
8053,24,-650,-3982,-738,19.254080160
8053,25,-334,-8288,-311,19.255267584
8053,26,-193,-8576,-585,19.256455008
8053,27,-262,-2233,-697,19.257642432
8053,28,-309,52,25,19.258829856
8053,29,-221,-1187,982,19.260017280
8053,30,398,-1133,443,19.261204704
8053,31,100,-5531,1098,19.262392128
8053,32,333,-4377,-400,19.263579552
8053,33,168,-1169,-355,19.264766976
8053,34,347,-918,314,19.265954400
8053,35,158,1017,-677,19.267141824
8053,36,20,535,-211,19.268329248
8053,37,115,-851,-1194,19.269516672
8053,38,295,-1602,-1755,19.270704096
8053,39,268,-3922,-1083,19.271891520
8053,40,67,-7432,-623,19.273078944
8053,41,6,-5229,447,19.274266368
8053,42,267,-3828,230,19.275453792
8053,43,565,-5652,-21,19.276641216
8053,44,520,-2938,33,19.277828640
8053,45,386,-946,770,19.279016064
8053,46,432,-2561,1760,19.280203488
8053,47,467,-7434,1508,19.281390912
8053,48,548,-4634,397,19.282578336
8053,49,199,-3387,1077,19.283765760
8053,50,137,-2138,1052,19.284953184
8053,51,-352,1189,965,19.286140608
8053,52,-198,-2193,1074,19.287328032
8053,53,-411,-9508,-273,19.288515456
8053,54,-198,-7281,-368,19.289702880
8053,55,-457,-1322,805,19.290890304
8053,56,-332,-1777,1647,19.292077728
8053,57,-293,-1808,-782,19.293265152
8053,58,-347,-8157,-753,19.294452576
8053,59,92,-4965,-769,19.295640000
8053,60,-194,1209,287,19.296827424
8053,61,242,-3655,1963,19.298014848
8053,62,38,-4916,-502,19.299202272
8053,63,-128,-2143,-482,19.300389696
8053,64,-126,-6146,-1585,19.301577120
8054,1,116,-3620,-1205,19.302764544
8054,2,-205,961,31,19.303951968
8054,3,-87,-4414,261,19.305139392
8054,4,-410,-10153,-2077,19.306326816
8054,5,-316,-5032,-1250,19.307514240
8054,6,-202,-2665,-5,19.308701664
8054,7,-35,-3330,-859,19.309889088
8054,8,-238,-4715,-321,19.311076512
8054,9,-123,-5990,-922,19.312263936
8054,10,169,-6923,466,19.313451360
8054,11,201,-7007,878,19.314638784
8054,12,144,-2996,1055,19.315826208
8054,13,179,-2534,420,19.317013632
8054,14,335,-1511,-332,19.318201056
8054,15,134,-820,-472,19.319388480
8054,16,210,-2462,98,19.320575904
8054,17,79,-5244,518,19.321763328
8054,18,202,-5161,-1178,19.322950752
8054,19,269,-6166,-380,19.324138176
8054,20,268,-5135,-464,19.325325600
8054,21,231,-1018,-150,19.326513024
8054,22,74,-5712,-288,19.327700448
8054,23,362,-8089,-315,19.328887872
8054,24,255,-925,376,19.330075296
8054,25,340,641,2264,19.331262720
8054,26,350,-1455,2812,19.332450144
8054,27,395,-429,331,19.333637568
8054,28,267,442,1509,19.334824992
8054,29,253,-4982,-1464,19.336012416
8054,30,218,-5103,732,19.337199840
8054,31,-95,240,976,19.338387264
8054,32,71,-4333,-395,19.339574688
8054,33,-72,-9429,-292,19.340762112
8054,34,-161,-2314,-1383,19.341949536
8054,35,-301,-81,218,19.343136960
8054,36,-252,-2337,84,19.344324384
8054,37,-244,320,-285,19.345511808
8054,38,-213,-4782,-2667,19.346699232
8054,39,53,-15058,-346,19.347886656
8054,40,-221,-10895,-110,19.349074080
8054,41,-233,-6741,483,19.350261504
8054,42,-144,-11765,848,19.351448928
8054,43,-133,-11573,-711,19.352636352
8054,44,-215,-8982,-301,19.353823776
8054,45,-130,-8161,-142,19.355011200
8054,46,-70,-7637,32,19.356198624
8054,47,-191,-5408,-543,19.357386048
8054,48,-192,-7256,-1483,19.358573472
8054,49,-50,-10539,-1295,19.359760896
8054,50,-42,-7503,-95,19.360948320
8054,51,-9,-2110,431,19.362135744
8054,52,27,-659,148,19.363323168
8054,53,-4,-3907,-854,19.364510592
8054,54,417,-6715,358,19.365698016
8054,55,209,-2671,891,19.366885440
8054,56,132,128,782,19.368072864
8054,57,335,-1957,1530,19.369260288
8054,58,179,-1081,89,19.370447712
8054,59,206,-1895,812,19.371635136
8054,60,149,-8559,561,19.372822560
8054,61,261,-9694,-43,19.374009984
8054,62,197,-8074,729,19.375197408
8054,63,247,-3247,95,19.376384832
8054,64,-5,-3884,72,19.377572256
8055,1,294,-10498,-204,19.378759680
8055,2,233,-5736,79,19.379947104
8055,3,210,-97,-245,19.381134528
8055,4,166,-949,1771,19.382321952
8055,5,-93,433,1158,19.383509376
8055,6,330,-436,2057,19.384696800
8055,7,-33,-7330,435,19.385884224
8055,8,-36,-6462,-222,19.387071648
8055,9,-242,-1785,1143,19.388259072
8055,10,-257,-1707,1087,19.389446496
8055,11,-135,907,682,19.390633920
8055,12,-349,1592,855,19.391821344
8055,13,-424,1434,-180,19.393008768
8055,14,-316,1290,-1022,19.394196192
8055,15,-302,-476,-1114,19.395383616
8055,16,-336,-690,-1136,19.396571040
8055,17,-55,-7421,-2654,19.397758464
8055,18,-109,-18990,-1768,19.398945888
8055,19,28,-10852,-1593,19.400133312
8055,20,-251,1853,-577,19.401320736
8055,21,-38,-1656,1787,19.402508160
8055,22,175,-4933,-452,19.403695584
8055,23,203,-7427,-66,19.404883008
8055,24,139,-7964,637,19.406070432
8055,25,-197,-6650,674,19.407257856
8055,26,84,-7040,-647,19.408445280
8055,27,-19,-7850,-199,19.409632704
8055,28,-32,-6629,-1536,19.410820128
8055,29,-185,-3151,138,19.412007552
8055,30,-323,-3767,229,19.413194976
8055,31,56,-9012,-696,19.414382400
8055,32,179,-7670,723,19.415569824
8055,33,-144,-2449,-374,19.416757248
8055,34,126,-5287,781,19.417944672
8055,35,259,-4266,-817,19.419132096
8055,36,236,-587,-110,19.420319520
8055,37,484,-1522,806,19.421506944
8055,38,82,-510,1276,19.422694368
8055,39,541,-1416,1852,19.423881792
8055,40,470,-5622,825,19.425069216
8055,41,415,-1716,527,19.426256640
8055,42,68,699,1125,19.427444064
8055,43,129,-5273,785,19.428631488
8055,44,333,-4580,59,19.429818912
8055,45,218,-856,472,19.431006336
8055,46,-115,-7385,284,19.432193760
8055,47,-89,-3684,323,19.433381184
8055,48,-114,1386,1883,19.434568608
8055,49,-253,-531,2365,19.435756032
8055,50,25,515,-445,19.436943456
8055,51,-269,-28,1147,19.438130880
8055,52,-206,-382,1478,19.439318304
8055,53,-137,-1148,1011,19.440505728
8055,54,-300,-1966,1832,19.441693152
8055,55,-307,32,132,19.442880576
8055,56,-263,-4233,-246,19.444068000
8055,57,-269,-8359,-854,19.445255424
8055,58,-233,-2879,-696,19.446442848
8055,59,-554,-2171,-121,19.447630272
8055,60,-395,-3625,-1317,19.448817696
8055,61,-191,-224,-1782,19.450005120
8055,62,-484,-187,-1181,19.451192544
8055,63,124,-2602,-1796,19.452379968
8055,64,-214,-2250,-618,19.453567392
8056,1,63,-112,-953,19.454754816
8056,2,225,-1015,-476,19.455942240
8056,3,453,-7536,-1353,19.457129664
8056,4,382,-9155,-1467,19.458317088
8056,5,473,-6423,-1875,19.459504512
8056,6,380,-7870,-1051,19.460691936
8056,7,479,-7917,-1413,19.461879360
8056,8,301,-6264,-1061,19.463066784
8056,9,207,-8064,-667,19.464254208
8056,10,130,-10099,-1867,19.465441632
8056,11,31,-11819,-1568,19.466629056
8056,12,200,-9761,-1018,19.467816480
8056,13,115,-2096,-26,19.469003904
8056,14,90,-183,760,19.470191328
8056,15,102,-10366,-804,19.471378752
8056,16,473,-10607,-791,19.472566176
8056,17,388,-1446,459,19.473753600
8056,18,560,-2960,1872,19.474941024
8056,19,557,-5443,966,19.476128448
8056,20,522,-3186,1069,19.477315872
8056,21,520,-4117,278,19.478503296
8056,22,67,-8682,374,19.479690720
8056,23,61,-10387,255,19.480878144
8056,24,162,-9535,1012,19.482065568
8056,25,151,-8590,1006,19.483252992
8056,26,-249,-7580,903,19.484440416
8056,27,-542,-7546,685,19.485627840
8056,28,-235,-7129,1029,19.486815264
8056,29,-88,-7346,1953,19.488002688
8056,30,59,-2521,2119,19.489190112
8056,31,-87,1145,2023,19.490377536
8056,32,-59,-711,3433,19.491564960
8056,33,-39,-612,2481,19.492752384
8056,34,-63,-977,1135,19.493939808
8056,35,-155,-3717,333,19.495127232
8056,36,-213,-8935,316,19.496314656
8056,37,-109,-5111,917,19.497502080
8056,38,-572,1066,411,19.498689504
8056,39,-657,-129,1020,19.499876928
8056,40,-1084,315,-1304,19.501064352
8056,41,-349,138,-1029,19.502251776
8056,42,-276,603,-702,19.503439200
8056,43,-399,1023,-533,19.504626624
8056,44,-174,-117,621,19.505814048
8056,45,175,756,-318,19.507001472
8056,46,459,404,-230,19.508188896
8056,47,489,-2466,-1954,19.509376320
8056,48,647,-3168,-1411,19.510563744
8056,49,368,-1918,-1293,19.511751168
8056,50,524,-1567,-1325,19.512938592
8056,51,-66,-687,-1349,19.514126016
8056,52,87,-6120,-2675,19.515313440
8056,53,98,-8242,-2018,19.516500864
8056,54,-194,559,-2416,19.517688288
8056,55,-467,204,-1029,19.518875712
8056,56,-361,-4930,-3114,19.520063136
8056,57,-160,-8660,-1713,19.521250560
8056,58,99,-9780,-569,19.522437984
8056,59,191,-4371,-864,19.523625408
8056,60,232,1328,-380,19.524812832
8056,61,624,-126,948,19.526000256
8056,62,728,-9762,-2707,19.527187680
8056,63,851,-14677,-207,19.528375104
8056,64,631,-9081,-98,19.529562528
8057,1,502,-9387,538,19.530749952
8057,2,202,-7407,-576,19.531937376
8057,3,-305,-10502,-1206,19.533124800
8057,4,-2,-14302,-1165,19.534312224
8057,5,-319,-4677,212,19.535499648
8057,6,-431,29,1368,19.536687072
8057,7,-311,-6966,625,19.537874496
8057,8,-479,-8211,1940,19.539061920
8057,9,125,-1057,2946,19.540249344
8057,10,12,-3132,2852,19.541436768
8057,11,353,-4827,3602,19.542624192
8057,12,186,803,1426,19.543811616
8057,13,397,-16,4096,19.544999040
8057,14,346,238,4669,19.546186464
8057,15,123,826,2680,19.547373888
8057,16,19,750,3334,19.548561312
8057,17,-427,769,1932,19.549748736
8057,18,-966,1199,1035,19.550936160
8057,19,-777,425,2368,19.552123584
8057,20,-892,-1309,2719,19.553311008
8057,21,-580,-1385,922,19.554498432
8057,22,-604,-2092,254,19.555685856
8057,23,-890,-2160,72,19.556873280
8057,24,421,-9713,-1337,19.558060704
8057,25,256,-8900,541,19.559248128
8057,26,215,-146,1378,19.560435552
8057,27,224,-558,1683,19.561622976
8057,28,612,-31,717,19.562810400
8057,29,615,-33,450,19.563997824
8057,30,250,439,-672,19.565185248
8057,31,11,-2817,-3653,19.566372672
8057,32,-104,-4605,-2084,19.567560096
8057,33,-217,-3548,-2945,19.568747520
8057,34,-77,-2635,-2390,19.569934944
8057,35,-725,-2327,-4116,19.571122368
8057,36,-688,-7898,-4728,19.572309792
8057,37,-184,-8338,-3971,19.573497216
8057,38,-172,-2565,-4116,19.574684640
8057,39,291,-5406,-2522,19.575872064
8057,40,493,-8139,-3192,19.577059488
8057,41,567,-3299,-2490,19.578246912
8057,42,945,-952,-2157,19.579434336
8057,43,825,-1331,-2423,19.580621760
8057,44,686,-2538,-2232,19.581809184
8057,45,654,-9005,-1756,19.582996608
8057,46,321,-13159,-1466,19.584184032
8057,47,-31,-9571,-1333,19.585371456
8057,48,-336,-5664,-1323,19.586558880
8057,49,-441,-7258,-1184,19.587746304
8057,50,-256,-11970,-1150,19.588933728
8057,51,-235,-11323,111,19.590121152
8057,52,-146,-8847,1454,19.591308576
8057,53,133,-8446,2270,19.592496000
8057,54,218,-8840,3546,19.593683424
8057,55,328,-9262,3313,19.594870848
8057,56,505,-15014,3895,19.596058272
8057,57,730,-13427,4126,19.597245696
8057,58,483,-6138,4524,19.598433120
8057,59,384,-10510,4557,19.599620544
8057,60,14,-15040,4214,19.600807968
8057,61,-323,-8203,3969,19.601995392
8057,62,-562,-3989,3363,19.603182816
8057,63,-723,-6122,2428,19.604370240
8057,64,-818,-3554,2463,19.605557664
8058,1,-605,-342,2746,19.606745088
8058,2,-554,-2981,1844,19.607932512
8058,3,-226,-5987,1741,19.609119936
8058,4,25,-4682,1095,19.610307360
8058,5,264,-8694,801,19.611494784
8058,6,467,-7362,1716,19.612682208
8058,7,357,1118,1047,19.613869632
8058,8,200,-1161,2091,19.615057056
8058,9,244,-10140,-694,19.616244480
8058,10,329,-5303,-1226,19.617431904
8058,11,116,197,-459,19.618619328
8058,12,-140,-1753,-981,19.619806752
8058,13,-417,-1210,-2505,19.620994176
8058,14,-521,780,-2799,19.622181600
8058,15,-464,1713,-2867,19.623369024
8058,16,-527,1585,-3540,19.624556448
8058,17,-494,1642,-3016,19.625743872
8058,18,-94,1450,-3211,19.626931296
8058,19,536,1727,-2431,19.628118720
8058,20,-64,596,-2851,19.629306144
8058,21,566,-925,-3229,19.630493568
8058,22,474,46,-1987,19.631680992
8058,23,618,1258,-2478,19.632868416
8058,24,606,1661,-2231,19.634055840
8058,25,226,1451,-2030,19.635243264
8058,26,379,1642,-1826,19.636430688
8058,27,223,825,-1477,19.637618112
8058,28,-363,2526,-1451,19.638805536
8058,29,-64,1908,-2015,19.639992960
8058,30,-249,423,-1672,19.641180384
8058,31,-413,946,-1036,19.642367808
8058,32,-287,397,-414,19.643555232
8058,33,-643,-1393,210,19.644742656
8058,34,511,-5629,-1603,19.645930080
8058,35,-10,-11677,165,19.647117504
8058,36,270,-7762,2112,19.648304928
8058,37,83,-298,2645,19.649492352
8058,38,-56,-478,3357,19.650679776
8058,39,791,-1022,3619,19.651867200
8058,40,-261,-5347,935,19.653054624
8058,41,723,-11494,2606,19.654242048
8058,42,-171,-15885,2433,19.655429472
8058,43,34,-11959,1753,19.656616896
8058,44,-134,-8222,1998,19.657804320
8058,45,-409,-6358,1067,19.658991744
8058,46,-408,-8816,1928,19.660179168
8058,47,-277,-6484,1970,19.661366592
8058,48,-334,-6107,2355,19.662554016
8058,49,157,-13695,1407,19.663741440
8058,50,-47,-7635,2266,19.664928864
8058,51,-111,-745,2651,19.666116288
8058,52,352,-4538,2817,19.667303712
8058,53,59,-6561,1054,19.668491136
8058,54,485,-2488,573,19.669678560
8058,55,75,-4561,1690,19.670865984
8058,56,208,-9255,1656,19.672053408
8058,57,213,-10420,2032,19.673240832
8058,58,2,-3715,-296,19.674428256
8058,59,-179,-819,-685,19.675615680
8058,60,-236,-3689,-1764,19.676803104
8058,61,-106,-3334,-718,19.677990528
8058,62,95,-2833,53,19.679177952
8058,63,134,-1649,-223,19.680365376
8058,64,-320,458,158,19.681552800
8059,1,54,-2346,-1705,19.682740224
8059,2,415,-10302,-1258,19.683927648
8059,3,660,-3772,-1510,19.685115072
8059,4,7,3187,-1565,19.686302496
8059,5,-44,-1678,-738,19.687489920
8059,6,172,-2195,-2323,19.688677344
8059,7,-83,-812,-2107,19.689864768
8059,8,87,-6621,-2730,19.691052192
8059,9,-148,-4758,-2351,19.692239616
8059,10,-66,4176,-3328,19.693427040
8059,11,-257,1453,-277,19.694614464
8059,12,15,286,-2185,19.695801888
8059,13,-15,2819,-3341,19.696989312
8059,14,268,468,-358,19.698176736
8059,15,258,-6566,-2997,19.699364160
8059,16,403,-2716,-2082,19.700551584
8059,17,-164,3,-1757,19.701739008
8059,18,159,-9179,-355,19.702926432
8059,19,87,-4717,-1242,19.704113856
8059,20,-109,1366,383,19.705301280
8059,21,-128,-2330,844,19.706488704
8059,22,-297,-1139,-1218,19.707676128
8059,23,-488,-1208,1331,19.708863552
8059,24,-24,-6720,184,19.710050976
8059,25,-365,-9844,722,19.711238400
8059,26,-26,-6582,1788,19.712425824
8059,27,-158,-1216,1726,19.713613248
8059,28,246,-1155,2693,19.714800672
8059,29,122,-2039,3084,19.715988096
8059,30,-86,-6603,249,19.717175520
8059,31,737,-12506,1145,19.718362944
8059,32,-22,-9997,4970,19.719550368
8059,33,230,-820,3017,19.720737792
8059,34,-471,-2545,5333,19.721925216
8059,35,196,-11911,2666,19.723112640
8059,36,-121,-7978,1951,19.724300064
8059,37,-195,-2417,2341,19.725487488
8059,38,-138,-4091,4250,19.726674912
8059,39,-139,-3722,965,19.727862336
8059,40,-25,-6051,-84,19.729049760
8059,41,137,-9439,-146,19.730237184
8059,42,308,-3968,620,19.731424608
8059,43,279,1865,1093,19.732612032
8059,44,394,-950,2064,19.733799456
8059,45,837,-897,-840,19.734986880
8059,46,-123,-9005,-791,19.736174304
8059,47,597,-14259,-2686,19.737361728
8059,48,207,-13275,-1260,19.738549152
8059,49,73,-6696,-1576,19.739736576
8059,50,-102,-3409,-2700,19.740924000
8059,51,-360,-8005,-3683,19.742111424
8059,52,-84,-12517,-3219,19.743298848
8059,53,-110,-10870,-3034,19.744486272
8059,54,-365,-9454,-1993,19.745673696
8059,55,-57,-7848,-2201,19.746861120
8059,56,60,-7139,-2478,19.748048544
8059,57,228,-11262,-2440,19.749235968
8059,58,310,-7156,-2713,19.750423392
8059,59,2,-1466,-2043,19.751610816
8059,60,483,-1253,-1748,19.752798240
8059,61,389,-4,-1406,19.753985664
8059,62,220,523,-1108,19.755173088
8059,63,-63,-145,-713,19.756360512
8059,64,-567,-1242,-1300,19.757547936
8060,1,-224,-3727,-529,19.758735360
8060,2,-294,-7611,-1006,19.759922784
8060,3,-401,-8117,813,19.761110208
8060,4,-361,-3630,1423,19.762297632
8060,5,-341,-169,1741,19.763485056
8060,6,-238,-3626,924,19.764672480
8060,7,401,-7572,1051,19.765859904
8060,8,44,-3197,2844,19.767047328
8060,9,461,-2698,3278,19.768234752
8060,10,400,-7953,3961,19.769422176
8060,11,219,-5287,2259,19.770609600
8060,12,219,-6352,2717,19.771797024
8060,13,82,-7767,2923,19.772984448
8060,14,-141,-5316,2902,19.774171872
8060,15,-147,-5499,2585,19.775359296
8060,16,-282,-4546,1966,19.776546720
8060,17,-559,-143,1764,19.777734144
8060,18,-495,218,3062,19.778921568
8060,19,-443,677,2449,19.780108992
8060,20,35,2222,739,19.781296416
8060,21,756,2530,2013,19.782483840
8060,22,-428,5431,1070,19.783671264
8060,23,459,1486,1747,19.784858688
8060,24,448,1034,308,19.786046112
8060,25,558,3104,-873,19.787233536
8060,26,358,2174,-1213,19.788420960
8060,27,130,1577,-1958,19.789608384
8060,28,245,112,-1657,19.790795808
8060,29,-256,-946,-1907,19.791983232
8060,30,-363,-1435,-1747,19.793170656
8060,31,-255,-1163,-2668,19.794358080
8060,32,-387,-1094,-2533,19.795545504
8060,33,-925,-877,-2120,19.796732928
8060,34,466,-12903,-7687,19.797920352
8060,35,-556,-26557,-2022,19.799107776
8060,36,613,-14734,-1371,19.800295200
8060,37,-75,5177,-383,19.801482624
8060,38,134,-63,3751,19.802670048
8060,39,834,206,-1290,19.803857472
8060,40,-284,-1735,-2411,19.805044896
8060,41,909,-6380,-872,19.806232320
8060,42,-246,-7719,-1054,19.807419744
8060,43,87,-1880,-766,19.808607168
8060,44,186,746,181,19.809794592
8060,45,-410,-870,-1944,19.810982016
8060,46,-310,-9828,-2319,19.812169440
8060,47,-432,-6100,-729,19.813356864
8060,48,-97,286,747,19.814544288
8060,49,160,-4498,1550,19.815731712
8060,50,-193,-7104,-18,19.816919136
8060,51,5,-9279,421,19.818106560
8060,52,312,-12873,872,19.819293984
8060,53,305,-2933,932,19.820481408
8060,54,283,1024,1866,19.821668832
8060,55,389,-2634,3728,19.822856256
8060,56,14,-10717,480,19.824043680
8060,57,312,-15064,1120,19.825231104
8060,58,-364,-12568,3822,19.826418528
8060,59,88,-1344,2873,19.827605952
8060,60,-368,490,4873,19.828793376
8060,61,-180,-3627,3665,19.829980800
8060,62,-106,-10002,3139,19.831168224
8060,63,-416,-9820,2119,19.832355648
8060,64,-268,-9898,2271,19.833543072
8061,1,145,-4909,1668,19.834730496
8061,2,109,-2165,1057,19.835917920
8061,3,178,-7328,-143,19.837105344
8061,4,171,-10044,714,19.838292768
8061,5,8,-3616,722,19.839480192
8061,6,205,-1712,649,19.840667616
8061,7,97,-1579,-94,19.841855040
8061,8,-240,-34,-569,19.843042464
8061,9,282,-4580,-2103,19.844229888
8061,10,-26,-8526,-2171,19.845417312
8061,11,-6,-4394,-1362,19.846604736
8061,12,-8,-1079,-1528,19.847792160
8061,13,291,-1487,-623,19.848979584
8061,14,422,-2825,-1296,19.850167008
8061,15,115,294,-1544,19.851354432
8061,16,494,1929,-1577,19.852541856
8061,17,95,-37,-946,19.853729280
8061,18,603,-23,-1766,19.854916704
8061,19,487,-1020,-1351,19.856104128
8061,20,225,-5289,-2398,19.857291552
8061,21,122,-5265,-3071,19.858478976
8061,22,-305,-1323,-2235,19.859666400
8061,23,-14,-3556,-3354,19.860853824
8061,24,-198,-5828,-2407,19.862041248
8061,25,-228,-7061,-2043,19.863228672
8061,26,-199,-7515,-1993,19.864416096
8061,27,-289,-4009,-1286,19.865603520
8061,28,-372,-1836,-964,19.866790944
8061,29,119,-9238,-921,19.867978368
8061,30,321,-8399,794,19.869165792
8061,31,203,1698,-361,19.870353216
8061,32,122,-348,1370,19.871540640
8061,33,89,-1262,1368,19.872728064
8061,34,52,-1262,-725,19.873915488
8061,35,231,-3654,1699,19.875102912
8061,36,-71,-7027,1162,19.876290336
8061,37,-115,-3575,1203,19.877477760
8061,38,-416,-2721,619,19.878665184
8061,39,-461,-9947,1668,19.879852608
8061,40,-228,-6361,1887,19.881040032
8061,41,-431,-1409,1631,19.882227456
8061,42,-53,-7337,2180,19.883414880
8061,43,-73,-6699,2202,19.884602304
8061,44,-161,633,2758,19.885789728
8061,45,327,-2238,5004,19.886977152
8061,46,61,-10960,1957,19.888164576
8061,47,406,-4560,2326,19.889352000
8061,48,106,-215,2644,19.890539424
8061,49,105,-5540,1705,19.891726848
8061,50,8,-8941,1796,19.892914272
8061,51,-11,-4414,1375,19.894101696
8061,52,21,-4964,819,19.895289120
8061,53,-69,-3934,-245,19.896476544
8061,54,-357,1659,-407,19.897663968
8061,55,-65,-241,1178,19.898851392
8061,56,-118,-1522,-738,19.900038816
8061,57,71,-5379,-498,19.901226240
8061,58,184,-10066,-513,19.902413664
8061,59,307,-7797,-141,19.903601088
8061,60,372,-1263,8,19.904788512
8061,61,260,-1176,-193,19.905975936
8061,62,167,-10514,-2801,19.907163360
8061,63,596,-13536,-2733,19.908350784
8061,64,282,-1844,-2438,19.909538208
8062,1,56,-564,-1744,19.910725632
8062,2,75,-8891,-3644,19.911913056
8062,3,-185,-8622,-4252,19.913100480
8062,4,-153,-5080,-3895,19.914287904
8062,5,-129,-7006,-2935,19.915475328
8062,6,-142,-3651,-2158,19.916662752
8062,7,74,94,-1634,19.917850176
8062,8,108,-1852,-1554,19.919037600
8062,9,25,-3632,-1814,19.920225024
8062,10,12,269,-1326,19.921412448
8062,11,332,211,152,19.922599872
8062,12,680,-4546,193,19.923787296
8062,13,55,-7621,-345,19.924974720
8062,14,54,-3473,-185,19.926162144
8062,15,-203,-7697,473,19.927349568
8062,16,61,-8775,314,19.928536992
8062,17,-295,-300,375,19.929724416
8062,18,-258,-94,1295,19.930911840
8062,19,-619,-2433,559,19.932099264
8062,20,-337,-1546,1594,19.933286688
8062,21,-303,138,3373,19.934474112
8062,22,-380,21,3563,19.935661536
8062,23,-95,-335,2925,19.936848960
8062,24,137,-670,3582,19.938036384
8062,25,143,-141,2924,19.939223808
8062,26,-79,-497,4958,19.940411232
8062,27,-179,-1418,3338,19.941598656
8062,28,-100,-1186,3213,19.942786080
8062,29,-31,-651,2706,19.943973504
8062,30,-109,239,2473,19.945160928
8062,31,-343,453,2552,19.946348352
8062,32,-455,-1077,1149,19.947535776
8062,33,-658,-1877,359,19.948723200
8062,34,-107,-7278,-1128,19.949910624
8062,35,-30,-11858,-685,19.951098048
8062,36,-51,-12302,-662,19.952285472
8062,37,51,-9220,-684,19.953472896
8062,38,212,-7438,-1619,19.954660320
8062,39,368,-13602,-2647,19.955847744
8062,40,603,-17596,-2385,19.957035168
8062,41,636,-12429,-1745,19.958222592
8062,42,437,-6983,-1663,19.959410016
8062,43,291,-11336,-2660,19.960597440
8062,44,253,-14582,-3671,19.961784864
8062,45,243,-9346,-2662,19.962972288
8062,46,134,-4177,-2467,19.964159712
8062,47,171,-6037,-2649,19.965347136
8062,48,200,-5883,-3044,19.966534560
8062,49,165,371,-3384,19.967721984
8062,50,254,-32,-2334,19.968909408
8062,51,272,-2717,-2241,19.970096832
8062,52,461,349,-2313,19.971284256
8062,53,634,708,-1517,19.972471680
8062,54,597,-354,-1039,19.973659104
8062,55,315,878,-1058,19.974846528
8062,56,268,190,699,19.976033952
8062,57,206,-3100,-757,19.977221376
8062,58,229,-11997,1628,19.978408800
8062,59,-211,-14081,652,19.979596224
8062,60,-121,-6378,953,19.980783648
8062,61,-193,-3942,2648,19.981971072
8062,62,-366,-1319,1586,19.983158496
8062,63,-475,451,1386,19.984345920
8062,64,-205,-1202,4319,19.985533344
8063,1,-166,603,4234,19.986720768
8063,2,-64,364,5018,19.987908192
8063,3,-38,-12,5445,19.989095616
8063,4,-293,945,3566,19.990283040
8063,5,-245,170,3298,19.991470464
8063,6,-499,-313,3368,19.992657888
8063,7,-696,1130,2443,19.993845312
8063,8,-616,-1187,2693,19.995032736
8063,9,-765,-1731,1237,19.996220160
8063,10,-732,-1337,981,19.997407584
8063,11,-913,-1658,651,19.998595008
8063,12,-589,-3440,33,19.999782432
8063,13,-447,-8009,-840,20.000969856
8063,14,-75,-5988,-661,20.002157280
8063,15,64,1506,-1261,20.003344704
8063,16,487,631,465,20.004532128
8063,17,651,-151,-1969,20.005719552
8063,18,811,-871,-3128,20.006906976
8063,19,930,-4050,-3512,20.008094400
8063,20,600,-13988,-3010,20.009281824
8063,21,679,-10767,-1884,20.010469248
8063,22,-50,895,-2475,20.011656672
8063,23,-231,-3044,-2967,20.012844096
8063,24,-40,-11200,-4588,20.014031520
8063,25,-4,-6225,-3576,20.015218944
8063,26,141,-1176,-1354,20.016406368
8063,27,-53,-5192,-849,20.017593792
8063,28,54,-9163,-2288,20.018781216
8063,29,424,-12185,-2245,20.019968640
8063,30,710,-10386,-1902,20.021156064
8063,31,777,-4274,-826,20.022343488
8063,32,843,-84,-1254,20.023530912
8063,33,1030,446,-1172,20.024718336
8063,34,656,-1296,-541,20.025905760
8063,35,673,-9598,-729,20.027093184
8063,36,310,-10151,79,20.028280608
8063,37,-50,-2347,-1049,20.029468032
8063,38,-253,-2979,-592,20.030655456
8063,39,-455,-8164,-1773,20.031842880
8063,40,-500,-7430,796,20.033030304
8063,41,-235,-2313,3105,20.034217728
8063,42,-341,-928,3537,20.035405152
8063,43,37,-2048,3448,20.036592576
8063,44,-135,-2360,2983,20.037780000
8063,45,382,-1956,4214,20.038967424
8063,46,125,-4798,4102,20.040154848
8063,47,182,-5782,3830,20.041342272
8063,48,-181,-7688,2817,20.042529696
8063,49,-231,-13562,2045,20.043717120
8063,50,-516,-12040,2252,20.044904544
8063,51,-928,-3480,2594,20.046091968
8063,52,-955,-1990,1798,20.047279392
8063,53,-1453,-4787,229,20.048466816
8063,54,-1455,-3661,627,20.049654240
8063,55,-729,-5698,314,20.050841664
8063,56,-674,-11141,1363,20.052029088
8063,57,-217,-8214,683,20.053216512
8063,58,-18,-5705,305,20.054403936
8063,59,418,-5553,-224,20.055591360
8063,60,406,-8963,-438,20.056778784
8063,61,808,-14185,-338,20.057966208
8063,62,850,-12513,-142,20.059153632
8063,63,871,-2476,-780,20.060341056
8063,64,563,484,-625,20.061528480
8064,1,168,-2488,-2095,20.062715904
8064,2,316,-2854,-2475,20.063903328
8064,3,108,663,-2362,20.065090752
8064,4,-136,-16,-2174,20.066278176
8064,5,-254,497,-2582,20.067465600
8064,6,-254,2241,-1691,20.068653024
8064,7,68,2870,-1052,20.069840448
8064,8,-41,1985,-1135,20.071027872
8064,9,554,1962,-1966,20.072215296
8064,10,772,177,-1245,20.073402720
8064,11,1118,-1420,-803,20.074590144
8064,12,669,-5483,-1557,20.075777568
8064,13,780,-7042,-783,20.076964992
8064,14,597,-1995,-1496,20.078152416
8064,15,419,2013,-2070,20.079339840
8064,16,213,2232,85,20.080527264
8064,17,-138,2401,-119,20.081714688
8064,18,-125,1059,-159,20.082902112
8064,19,-597,-1213,35,20.084089536
8064,20,-635,-2955,-1493,20.085276960
8064,21,-622,-6569,-1352,20.086464384
8064,22,-595,-8644,164,20.087651808
8064,23,-344,-3893,1155,20.088839232
8064,24,-388,-3386,1102,20.090026656
8064,25,-277,-7291,1604,20.091214080
8064,26,-265,-3424,2054,20.092401504
8064,27,-20,-799,3139,20.093588928
8064,28,-307,-5929,2047,20.094776352
8064,29,79,-4674,1530,20.095963776
8064,30,-373,57,1495,20.097151200
8064,31,29,-1312,2066,20.098338624
8064,32,-509,-2783,1465,20.099526048
8064,33,-628,-348,1815,20.100713472
8064,34,-543,-1015,649,20.101900896
8064,35,-747,-4778,-778,20.103088320
8064,36,178,-13098,-202,20.104275744
8064,37,-95,-8824,-170,20.105463168
8064,38,-321,-5588,2991,20.106650592
8064,39,-92,-5982,1753,20.107838016
8064,40,166,-7551,927,20.109025440
8064,41,553,-9568,764,20.110212864
8064,42,662,-5461,2662,20.111400288
8064,43,653,-2597,926,20.112587712
8064,44,497,-8428,1665,20.113775136
8064,45,600,-7950,284,20.114962560
8064,46,637,1034,237,20.116149984
8064,47,556,186,1924,20.117337408
8064,48,327,298,-317,20.118524832
8064,49,132,-371,-103,20.119712256
8064,50,580,-911,-1263,20.120899680
8064,51,220,-8006,-1765,20.122087104
8064,52,425,-6529,-1363,20.123274528
8064,53,140,-305,-1178,20.124461952
8064,54,215,-2619,-1740,20.125649376
8064,55,296,-7480,-3092,20.126836800
8064,56,202,-7902,-3111,20.128024224
8064,57,265,-9185,-1612,20.129211648
8064,58,222,-10526,-1186,20.130399072
8064,59,-34,-7872,-2295,20.131586496
8064,60,-25,-12976,-3272,20.132773920
8064,61,302,-14575,-2145,20.133961344
8064,62,8,-187,-1386,20.135148768
8064,63,-107,3302,-936,20.136336192
8064,64,-328,-3380,-474,20.137523616
8065,1,46,-16501,-1686,20.138711040
8065,2,-30,-10800,-815,20.139898464
8065,3,-342,-4617,-1865,20.141085888
8065,4,-168,-8559,60,20.142273312
8065,5,-437,-203,-3732,20.143460736
8065,6,-799,845,-1104,20.144648160
8065,7,-199,-6567,322,20.145835584
8065,8,-663,-7089,2106,20.147023008
8065,9,-450,682,2209,20.148210432
8065,10,-154,-1308,2741,20.149397856
8065,11,-219,-3614,1004,20.150585280
8065,12,-483,283,1678,20.151772704
8065,13,222,-1070,2442,20.152960128
8065,14,82,-4839,2682,20.154147552
8065,15,227,-4365,2091,20.155334976
8065,16,261,-6954,2434,20.156522400
8065,17,209,-10969,2027,20.157709824
8065,18,337,-8675,2095,20.158897248
8065,19,214,-5136,3576,20.160084672
8065,20,33,-1126,1220,20.161272096
8065,21,-66,-265,2243,20.162459520
8065,22,-521,392,3813,20.163646944
8065,23,-160,2368,3037,20.164834368
8065,24,-123,771,4208,20.166021792
8065,25,-161,285,1902,20.167209216
8065,26,160,705,1508,20.168396640
8065,27,214,-430,2759,20.169584064
8065,28,312,-16027,-4057,20.170771488
8065,29,853,-23928,-514,20.171958912
8065,30,390,-5681,-903,20.173146336
8065,31,445,2867,-226,20.174333760
8065,32,593,-2335,351,20.175521184
8065,33,289,-10602,-4195,20.176708608
8065,34,517,-9678,-5241,20.177896032
8065,35,102,-5960,-4961,20.179083456
8065,36,-185,-4066,-2948,20.180270880
8065,37,-112,-1438,-3566,20.181458304
8065,38,-49,-507,-956,20.182645728
8065,39,-151,-2340,-4095,20.183833152
8065,40,-50,-3637,-4868,20.185020576
8065,41,-414,-901,-2172,20.186208000
8065,42,438,359,-2667,20.187395424
8065,43,317,-9163,-2599,20.188582848
8065,44,184,-17156,-3379,20.189770272
8065,45,323,-7796,-1211,20.190957696
8065,46,86,1059,-825,20.192145120
8065,47,203,-3627,-850,20.193332544
8065,48,118,-5519,-837,20.194519968
8065,49,-296,-2859,-502,20.195707392
8065,50,143,-6899,1370,20.196894816
8065,51,-316,-3508,639,20.198082240
8065,52,-623,-784,1545,20.199269664
8065,53,-577,-3079,1204,20.200457088
8065,54,-204,-6293,2453,20.201644512
8065,55,-152,-3127,4562,20.202831936
8065,56,-435,-4006,4180,20.204019360
8065,57,-263,-8529,3306,20.205206784
8065,58,-48,-3897,2685,20.206394208
8065,59,-133,-292,4328,20.207581632
8065,60,-122,-1316,5322,20.208769056
8065,61,-61,-2133,2800,20.209956480
8065,62,-157,-166,2639,20.211143904
8065,63,-183,-940,4636,20.212331328
8065,64,-273,1477,3280,20.213518752
8066,1,-148,-89,4331,20.214706176
8066,2,18,-148,744,20.215893600
8066,3,-326,-13,465,20.217081024
8066,4,174,-7232,-1537,20.218268448
8066,5,-401,-11740,1209,20.219455872
8066,6,253,-7882,2344,20.220643296
8066,7,86,-1057,-409,20.221830720
8066,8,260,135,-799,20.223018144
8066,9,-1,846,-1619,20.224205568
8066,10,193,1721,-1244,20.225392992
8066,11,416,-1280,-622,20.226580416
8066,12,109,-872,-1792,20.227767840
8066,13,289,774,-2253,20.228955264
8066,14,255,206,-2103,20.230142688
8066,15,347,281,-2460,20.231330112
8066,16,179,133,-3856,20.232517536
8066,17,-29,-3525,-3580,20.233704960
8066,18,580,-3238,-4859,20.234892384
8066,19,172,-5896,-2395,20.236079808
8066,20,347,-11268,-2634,20.237267232
8066,21,352,-3173,-2150,20.238454656
8066,22,-99,2229,-2439,20.239642080
8066,23,298,-873,-3522,20.240829504
8066,24,248,-2224,-3317,20.242016928
8066,25,24,2247,-1060,20.243204352
8066,26,250,-176,396,20.244391776
8066,27,222,-3241,-1165,20.245579200
8066,28,-122,-1600,-31,20.246766624
8066,29,233,-2029,-1539,20.247954048
8066,30,-78,-6173,906,20.249141472
8066,31,59,-3410,330,20.250328896
8066,32,-157,-2197,789,20.251516320
8066,33,-391,-10129,263,20.252703744
8066,34,-56,-14721,416,20.253891168
8066,35,-224,-11403,1971,20.255078592
8066,36,-331,-8345,2795,20.256266016
8066,37,-189,-6639,2633,20.257453440
8066,38,-703,-8170,1792,20.258640864
8066,39,-215,-9251,2231,20.259828288
8066,40,-336,-8684,3089,20.261015712
8066,41,-274,-5702,4075,20.262203136
8066,42,-143,-2990,3170,20.263390560
8066,43,-250,-4463,1623,20.264577984
8066,44,-87,-10355,1276,20.265765408
8066,45,144,-11986,1423,20.266952832
8066,46,132,-7075,2327,20.268140256
8066,47,127,-3566,1971,20.269327680
8066,48,0,-4631,570,20.270515104
8066,49,25,-6699,397,20.271702528
8066,50,129,-4235,511,20.272889952
8066,51,37,-5463,1329,20.274077376
8066,52,94,-10014,1001,20.275264800
8066,53,53,-3343,-165,20.276452224
8066,54,-160,-901,607,20.277639648
8066,55,344,-9655,-612,20.278827072
8066,56,476,-12050,35,20.280014496
8066,57,473,-3162,-573,20.281201920
8066,58,501,-373,-449,20.282389344
8066,59,473,-4366,-952,20.283576768
8066,60,599,-6007,-1152,20.284764192
8066,61,595,-6872,-820,20.285951616
8066,62,461,-6076,-1751,20.287139040
8066,63,258,-1775,-2029,20.288326464
8066,64,102,446,-2083,20.289513888
8067,1,36,741,-869,20.290701312
8067,2,-83,19,-941,20.291888736
8067,3,-35,-3764,-1741,20.293076160
8067,4,0,-4101,-1730,20.294263584
8067,5,100,2103,-3158,20.295451008
8067,6,-62,2412,149,20.296638432
8067,7,142,2031,-1009,20.297825856
8067,8,199,2206,-1727,20.299013280
8067,9,493,-847,-1306,20.300200704
8067,10,-13,-11189,-6468,20.301388128
8067,11,286,-19858,-2229,20.302575552
8067,12,154,-7651,-648,20.303762976
8067,13,-255,1840,52,20.304950400
8067,14,-424,-2621,1335,20.306137824
8067,15,-579,-2355,-1824,20.307325248
8067,16,-521,-1463,-1856,20.308512672
8067,17,-580,-6267,139,20.309700096
8067,18,-518,-3660,1840,20.310887520
8067,19,-632,-2651,649,20.312074944
8067,20,-302,-12672,1554,20.313262368
8067,21,-69,-10545,1695,20.314449792
8067,22,-95,-4013,1722,20.315637216
8067,23,-167,-8652,2479,20.316824640
8067,24,84,-6553,1400,20.318012064
8067,25,67,528,1657,20.319199488
8067,26,-38,-931,3544,20.320386912
8067,27,-267,-5138,1483,20.321574336
8067,28,75,-2652,3017,20.322761760
8067,29,-109,-66,1846,20.323949184
8067,30,-385,-1577,1745,20.325136608
8067,31,-280,-823,2290,20.326324032
8067,32,-241,-1188,4009,20.327511456
8067,33,563,-6412,1134,20.328698880
8067,34,-201,-13664,3234,20.329886304
8067,35,361,-9828,2348,20.331073728
8067,36,427,458,1001,20.332261152
8067,37,444,-635,3904,20.333448576
8067,38,496,-505,2105,20.334636000
8067,39,110,-2159,-2467,20.335823424
8067,40,660,-3264,1103,20.337010848
8067,41,494,2918,-178,20.338198272
8067,42,137,3600,2433,20.339385696
8067,43,112,948,743,20.340573120
8067,44,-40,3230,-985,20.341760544
8067,45,-118,3099,-1140,20.342947968
8067,46,-132,1795,-900,20.344135392
8067,47,-45,2727,-2224,20.345322816
8067,48,-153,2026,-2014,20.346510240
8067,49,-215,-297,-2577,20.347697664
8067,50,-217,-876,-2585,20.348885088
8067,51,-163,-1010,-1065,20.350072512
8067,52,85,-12611,-3033,20.351259936
8067,53,352,-13386,-3483,20.352447360
8067,54,-302,-3536,-4081,20.353634784
8067,55,92,-341,-3185,20.354822208
8067,56,-39,-8246,-4627,20.356009632
8067,57,45,-14573,-4147,20.357197056
8067,58,100,-8167,-3739,20.358384480
8067,59,-248,-5816,-2876,20.359571904
8067,60,-78,-8338,-1970,20.360759328
8067,61,-150,-13536,-1283,20.361946752
8067,62,-108,-7980,373,20.363134176
8067,63,-401,-2862,-343,20.364321600
8067,64,-313,-8453,-1553,20.365509024
8068,1,-151,-16363,-595,20.366696448
8068,2,-58,-12586,342,20.367883872
8068,3,-108,-8890,2202,20.369071296
8068,4,-69,-13039,1670,20.370258720
8068,5,174,-10320,1924,20.371446144
8068,6,125,-5548,1955,20.372633568
8068,7,419,-4179,2294,20.373820992
8068,8,181,-8667,2465,20.375008416
8068,9,639,-8279,2691,20.376195840
8068,10,677,-2721,4518,20.377383264
8068,11,361,-1789,3735,20.378570688
8068,12,293,-8451,2329,20.379758112
8068,13,255,-4960,3935,20.380945536
8068,14,498,157,3252,20.382132960
8068,15,255,-843,4982,20.383320384
8068,16,-31,-2095,3349,20.384507808
8068,17,33,-724,3714,20.385695232
8068,18,318,-1001,4100,20.386882656
8068,19,-107,-8280,3745,20.388070080
8068,20,-128,-6202,2342,20.389257504
8068,21,-147,-3061,308,20.390444928
8068,22,-40,-4723,2592,20.391632352
8068,23,1,-255,88,20.392819776
8068,24,-358,-3215,525,20.394007200
8068,25,43,-4849,-205,20.395194624
8068,26,-45,2397,-3065,20.396382048
8068,27,2,771,409,20.397569472
8068,28,-85,2249,-1523,20.398756896
8068,29,-252,1742,-1552,20.399944320
8068,30,-522,-1781,-2624,20.401131744
8068,31,-137,-13258,-4118,20.402319168
8068,32,-205,-15795,-4329,20.403506592
8068,33,-458,-10543,-4548,20.404694016
8068,34,-250,-4352,-3741,20.405881440
8068,35,-636,541,-5509,20.407068864
8068,36,-322,960,-4829,20.408256288
8068,37,-144,1876,-3039,20.409443712
8068,38,74,2375,-3726,20.410631136
8068,39,404,1842,-2260,20.411818560
8068,40,398,1362,-2889,20.413005984
8068,41,563,1738,-2147,20.414193408
8068,42,499,2026,-1879,20.415380832
8068,43,141,1784,-2980,20.416568256
8068,44,202,1296,-3079,20.417755680
8068,45,290,-271,-2069,20.418943104
8068,46,227,97,-817,20.420130528
8068,47,-217,-2246,558,20.421317952
8068,48,-364,-7160,-126,20.422505376
8068,49,-442,-11303,1013,20.423692800
8068,50,-192,-13429,1833,20.424880224
8068,51,165,-7240,1457,20.426067648
8068,52,48,-5668,3293,20.427255072
8068,53,183,-5162,4012,20.428442496
8068,54,487,-7135,4099,20.429629920
8068,55,524,-8112,4665,20.430817344
8068,56,511,-4150,4842,20.432004768
8068,57,770,-6885,4043,20.433192192
8068,58,527,-5582,4285,20.434379616
8068,59,74,-5403,3179,20.435567040
8068,60,-11,-9425,2890,20.436754464
8068,61,-530,-9513,2357,20.437941888
8068,62,-253,-8657,1836,20.439129312
8068,63,-350,-10712,2494,20.440316736
8068,64,-560,-8753,2312,20.441504160
8069,1,-402,-2664,2251,20.442691584
8069,2,-541,-3930,1633,20.443879008
8069,3,41,-7909,523,20.445066432
8069,4,219,-9639,1214,20.446253856
8069,5,313,-3535,944,20.447441280
8069,6,510,-600,1237,20.448628704
8069,7,384,-6778,-900,20.449816128
8069,8,608,-9631,-1369,20.451003552
8069,9,494,-4634,-1465,20.452190976
8069,10,250,-788,-1997,20.453378400
8069,11,-129,-2477,-2301,20.454565824
8069,12,-253,-1058,-3413,20.455753248
8069,13,-505,1044,-2551,20.456940672
8069,14,-353,1022,-2073,20.458128096
8069,15,-758,1885,-1976,20.459315520
8069,16,-612,2087,-2536,20.460502944
8069,17,-286,2684,-1733,20.461690368
8069,18,278,4551,-543,20.462877792
8069,19,-57,1859,-1302,20.464065216
8069,20,563,440,-46,20.465252640
8069,21,737,242,-1871,20.466440064
8069,22,858,-569,-513,20.467627488
8069,23,57,-8878,-3964,20.468814912
8069,24,321,-12706,-3580,20.470002336
8069,25,336,-10771,-2402,20.471189760
8069,26,97,-4474,-1724,20.472377184
8069,27,-586,-2538,-1643,20.473564608
8069,28,-535,-7244,-2877,20.474752032
8069,29,-776,-12818,-2499,20.475939456
8069,30,-457,-12765,-878,20.477126880
8069,31,-553,-1828,1213,20.478314304
8069,32,-504,409,1314,20.479501728
8069,33,346,-2810,2843,20.480689152
8069,34,56,-5500,1020,20.481876576
8069,35,636,-798,2163,20.483064000
8069,36,212,-6391,1477,20.484251424
8069,37,990,-8612,1602,20.485438848
8069,38,642,-1265,1295,20.486626272
8069,39,581,-1081,1140,20.487813696
8069,40,-280,-7997,255,20.489001120
8069,41,-109,-13965,1190,20.490188544
8069,42,-180,-11283,-219,20.491375968
8069,43,-238,-5683,107,20.492563392
8069,44,-313,-3061,2132,20.493750816
8069,45,-779,-2708,1287,20.494938240
8069,46,-223,-2324,1389,20.496125664
8069,47,128,-3026,2760,20.497313088
8069,48,166,-818,2068,20.498500512
8069,49,668,-1113,4352,20.499687936
8069,50,902,-4029,5677,20.500875360
8069,51,577,-8414,3475,20.502062784
8069,52,330,-12748,1598,20.503250208
8069,53,200,-11134,1437,20.504437632
8069,54,309,-3053,1781,20.505625056
8069,55,-93,246,2228,20.506812480
8069,56,-355,-1120,1777,20.507999904
8069,57,-432,-134,-843,20.509187328
8069,58,-1054,523,-92,20.510374752
8069,59,-698,754,-227,20.511562176
8069,60,-737,1599,-117,20.512749600
8069,61,-346,3761,22,20.513937024
8069,62,459,3620,137,20.515124448
8069,63,143,1549,-502,20.516311872
8069,64,393,2419,-277,20.517499296
8070,1,203,3075,-890,20.518686720
8070,2,497,2168,-1740,20.519874144
8070,3,541,1684,-2795,20.521061568
8070,4,192,1553,-3494,20.522248992
8070,5,204,727,-3095,20.523436416
8070,6,-178,1484,-3781,20.524623840
8070,7,-538,654,-3811,20.525811264
8070,8,-779,-3001,-5727,20.526998688
8070,9,-130,-11144,-6349,20.528186112
8070,10,-116,-14282,-4391,20.529373536
8070,11,-392,-8041,-2572,20.530560960
8070,12,-335,-4126,-2304,20.531748384
8070,13,164,-13381,-2600,20.532935808
8070,14,478,-14573,-1702,20.534123232
8070,15,206,-4232,-334,20.535310656
8070,16,477,-3633,-453,20.536498080
8070,17,246,-11543,-68,20.537685504
8070,18,351,-10815,-931,20.538872928
8070,19,340,-8721,468,20.540060352
8070,20,-27,-8674,602,20.541247776
8070,21,-152,-3565,658,20.542435200
8070,22,-501,-3216,51,20.543622624
8070,23,-20,-12592,-120,20.544810048
8070,24,-2,-15944,124,20.545997472
8070,25,-11,-8212,2312,20.547184896
8070,26,153,-4947,4105,20.548372320
8070,27,355,-5881,3174,20.549559744
8070,28,184,-9194,2605,20.550747168
8070,29,630,-10921,3474,20.551934592
8070,30,697,-5943,5857,20.553122016
8070,31,554,-1493,6484,20.554309440
8070,32,422,-3665,6812,20.555496864
8070,33,64,-3893,4224,20.556684288
8070,34,125,-1399,4177,20.557871712
8070,35,-310,-1439,3943,20.559059136
8070,36,24,-3179,3568,20.560246560
8070,37,-541,-2917,2516,20.561433984
8070,38,-406,-6077,1492,20.562621408
8070,39,-381,-9893,1332,20.563808832
8070,40,-138,-4840,819,20.564996256
8070,41,-64,-2023,1034,20.566183680
8070,42,-81,-3433,-905,20.567371104
8070,43,-201,-4609,-679,20.568558528
8070,44,20,-1467,-117,20.569745952
8070,45,-39,984,445,20.570933376
8070,46,245,411,356,20.572120800
8070,47,-173,2837,-2364,20.573308224
8070,48,-142,2199,-3267,20.574495648
8070,49,-244,2044,-3443,20.575683072
8070,50,-465,2254,-3346,20.576870496
8070,51,-328,1047,-3721,20.578057920
8070,52,-510,1034,-5096,20.579245344
8070,53,-579,1704,-5746,20.580432768
8070,54,-462,1347,-4767,20.581620192
8070,55,152,-1625,-6502,20.582807616
8070,56,-151,-11554,-4068,20.583995040
8070,57,210,-10261,-3906,20.585182464
8070,58,113,-1148,-3721,20.586369888
8070,59,252,-519,-1917,20.587557312
8070,60,428,-3943,-3060,20.588744736
8070,61,550,-3174,-1855,20.589932160
8070,62,533,440,-987,20.591119584
8070,63,299,916,-642,20.592307008
8070,64,304,327,1353,20.593494432
8071,1,272,457,237,20.594681856
8071,2,179,-129,364,20.595869280
8071,3,-282,-4146,-3466,20.597056704
8071,4,150,-14036,1936,20.598244128
8071,5,-128,-9353,851,20.599431552
8071,6,213,-3351,1657,20.600618976
8071,7,70,-8026,2783,20.601806400
8071,8,70,-5576,2014,20.602993824
8071,9,316,-5118,2785,20.604181248
8071,10,337,-8260,3682,20.605368672
8071,11,450,-6514,4837,20.606556096
8071,12,464,-8673,5059,20.607743520
8071,13,372,-7865,5532,20.608930944
8071,14,149,-5933,4920,20.610118368
8071,15,171,-6470,4643,20.611305792
8071,16,-146,-8096,3163,20.612493216
8071,17,24,-10945,2420,20.613680640
8071,18,-100,-9078,2366,20.614868064
8071,19,-452,-4692,2466,20.616055488
8071,20,-305,-6586,1947,20.617242912
8071,21,-624,-13895,769,20.618430336
8071,22,-106,-9647,-110,20.619617760
8071,23,-398,-2765,398,20.620805184
8071,24,-226,-1342,937,20.621992608
8071,25,-134,-3358,974,20.623180032
8071,26,-362,-11770,1231,20.624367456
8071,27,32,-9443,478,20.625554880
8071,28,-292,-3710,-397,20.626742304
8071,29,114,-5069,-629,20.627929728
8071,30,194,-2968,-1620,20.629117152
8071,31,-29,1826,-2606,20.630304576
8071,32,-81,-3442,-2398,20.631492000
8071,33,-24,-9415,-4246,20.632679424
8071,34,138,-3161,-2981,20.633866848
8071,35,103,268,-3412,20.635054272
8071,36,116,1062,-2965,20.636241696
8071,37,-195,1785,-3647,20.637429120
8071,38,-270,2997,-4084,20.638616544
8071,39,24,2988,-1583,20.639803968
8071,40,196,4538,-1326,20.640991392
8071,41,85,5291,-543,20.642178816
8071,42,119,3270,-1062,20.643366240
8071,43,260,2638,-678,20.644553664
8071,44,31,1954,-1156,20.645741088
8071,45,79,-393,-541,20.646928512
8071,46,360,-1551,195,20.648115936
8071,47,132,-14562,-5876,20.649303360
8071,48,273,-23415,-1779,20.650490784
8071,49,194,-8625,-648,20.651678208
8071,50,-166,3676,-492,20.652865632
8071,51,276,-1087,2839,20.654053056
8071,52,-103,1795,-773,20.655240480
8071,53,-314,2489,-280,20.656427904
8071,54,249,-97,1603,20.657615328
8071,55,-281,-966,2047,20.658802752
8071,56,-151,-2000,3638,20.659990176
8071,57,-46,-1465,3732,20.661177600
8071,58,203,-8246,391,20.662365024
8071,59,-183,-24020,3349,20.663552448
8071,60,-67,-21632,364,20.664739872
8071,61,-172,-9345,1595,20.665927296
8071,62,182,-8224,594,20.667114720
8071,63,-412,-10670,-372,20.668302144
8071,64,295,-14760,265,20.669489568
8072,1,214,-8085,2243,20.670676992
8072,2,-129,-1628,2321,20.671864416
8072,3,405,-5007,2029,20.673051840
8072,4,116,-4341,2125,20.674239264
8072,5,557,-3933,1882,20.675426688
8072,6,189,-13223,2288,20.676614112
8072,7,-263,-11195,786,20.677801536
8072,8,160,-6414,365,20.678988960
8072,9,294,-13206,1178,20.680176384
8072,10,-57,-15176,2015,20.681363808
8072,11,-56,-9167,1516,20.682551232
8072,12,-470,-7473,864,20.683738656
8072,13,-192,-6977,323,20.684926080
8072,14,80,-2312,-331,20.686113504
8072,15,-81,-2223,647,20.687300928
8072,16,426,-1523,353,20.688488352
8072,17,321,1083,-433,20.689675776
8072,18,132,-682,170,20.690863200
8072,19,820,-395,-1739,20.692050624
8072,20,143,2857,-590,20.693238048
8072,21,617,1641,305,20.694425472
8072,22,317,562,-2650,20.695612896
8072,23,-493,215,-1703,20.696800320
8072,24,-665,-616,-1741,20.697987744
8072,25,-682,-9652,-4979,20.699175168
8072,26,-503,-15290,-2282,20.700362592
8072,27,-313,-2263,-2863,20.701550016
8072,28,-639,3457,-585,20.702737440
8072,29,-546,924,-62,20.703924864
8072,30,47,116,-1992,20.705112288
8072,31,-16,654,-1755,20.706299712
8072,32,983,1258,-740,20.707487136
8072,33,525,823,-984,20.708674560
8072,34,652,-145,-550,20.709861984
8072,35,1397,-1422,-984,20.711049408
8072,36,-340,-7346,-2189,20.712236832
8072,37,170,-8194,-2884,20.713424256
8072,38,-748,-3337,413,20.714611680
8072,39,-456,-2905,-677,20.715799104
8072,40,-635,-2151,-681,20.716986528
8072,41,-1618,-652,1154,20.718173952
8072,42,-1091,-1904,-46,20.719361376
8072,43,-377,-6930,229,20.720548800
8072,44,-353,-4919,1846,20.721736224
8072,45,356,-5931,1924,20.722923648
8072,46,728,-5261,2034,20.724111072
8072,47,693,-1328,3106,20.725298496
8072,48,1284,-1027,2683,20.726485920
8072,49,870,-1497,2153,20.727673344
8072,50,986,365,1995,20.728860768
8072,51,1366,-196,3605,20.730048192
8072,52,267,-595,2306,20.731235616
8072,53,-600,-1833,2546,20.732423040
8072,54,-1178,-202,1276,20.733610464
8072,55,-1306,525,1135,20.734797888
8072,56,-693,-575,1938,20.735985312
8072,57,-886,-256,1445,20.737172736
8072,58,-546,-515,2661,20.738360160
8072,59,-262,-1164,2338,20.739547584
8072,60,414,-841,953,20.740735008
8072,61,260,-7205,1264,20.741922432
8072,62,1293,-9896,1566,20.743109856
8072,63,836,-2367,1666,20.744297280
8072,64,1493,2652,-656,20.745484704
8073,1,1033,-569,1123,20.746672128
8073,2,706,999,-2364,20.747859552
8073,3,-330,-2219,-3406,20.749046976
8073,4,-437,-13929,-2954,20.750234400
8073,5,-1040,-8456,-3287,20.751421824
8073,6,-582,1017,-3662,20.752609248
8073,7,-1938,-2100,-1502,20.753796672
8073,8,-944,-2517,-4564,20.754984096
8073,9,-1082,-7693,-1319,20.756171520
8073,10,-506,-9726,-2883,20.757358944
8073,11,378,-6800,-3173,20.758546368
8073,12,613,-5053,-1211,20.759733792
8073,13,851,-6823,-2212,20.760921216
8073,14,1234,-10843,-1721,20.762108640
8073,15,1080,-7137,-2051,20.763296064
8073,16,828,-2328,-1889,20.764483488
8073,17,599,-7158,-1922,20.765670912
8073,18,-26,-10039,-2001,20.766858336
8073,19,-25,-11143,-2001,20.768045760
8073,20,-660,-7912,-1218,20.769233184
8073,21,-1184,-2938,-1793,20.770420608
8073,22,-1178,-4054,-1163,20.771608032
8073,23,-970,-2760,-341,20.772795456
8073,24,-48,-413,1247,20.773982880
8073,25,203,-1129,3014,20.775170304
8073,26,560,-2165,3962,20.776357728
8073,27,1040,-578,4259,20.777545152
8073,28,1368,-884,4362,20.778732576
8073,29,1351,-4752,3601,20.779920000
8073,30,1317,-13427,4670,20.781107424
8073,31,878,-8479,3231,20.782294848
8073,32,162,-3923,2704,20.783482272
8073,33,-241,-13524,1583,20.784669696
8073,34,-942,-16256,319,20.785857120
8073,35,-836,-9359,882,20.787044544
8073,36,-993,-4444,2203,20.788231968
8073,37,-1442,-6356,956,20.789419392
8073,38,-514,-16477,1353,20.790606816
8073,39,-49,-19755,244,20.791794240
8073,40,303,-12519,1236,20.792981664
8073,41,676,-4706,1707,20.794169088
8073,42,628,-4449,-175,20.795356512
8073,43,1217,-10722,98,20.796543936
8073,44,1031,-8735,-166,20.797731360
8073,45,502,-7242,783,20.798918784
8073,46,402,-5022,807,20.800106208
8073,47,13,-3065,-895,20.801293632
8073,48,-443,-3065,-1843,20.802481056
8073,49,-941,-2293,-3603,20.803668480
8073,50,-1198,-1657,-4179,20.804855904
8073,51,-884,-2345,-2776,20.806043328
8073,52,-677,-2643,-3900,20.807230752
8073,53,-517,-1762,-2771,20.808418176
8073,54,-22,-5303,-2809,20.809605600
8073,55,585,-4321,-2437,20.810793024
8073,56,589,-1104,-142,20.811980448
8073,57,1038,1482,-1935,20.813167872
8073,58,988,4170,326,20.814355296
8073,59,516,5287,1008,20.815542720
8073,60,676,6366,1330,20.816730144
8073,61,77,1646,817,20.817917568
8073,62,24,3227,-258,20.819104992
8073,63,-1107,10652,1212,20.820292416
8073,64,-525,7979,-236,20.821479840
8074,1,-797,606,2039,20.822667264
8074,2,-1145,1696,-1178,20.823854688
8074,3,-697,902,990,20.825042112
8074,4,-425,-486,1457,20.826229536
8074,5,-162,2123,1106,20.827416960
8074,6,93,1473,3149,20.828604384
8074,7,288,34,1950,20.829791808
8074,8,806,61,2086,20.830979232
8074,9,391,-1504,1869,20.832166656
8074,10,807,-2267,2904,20.833354080
8074,11,976,-5364,-871,20.834541504
8074,12,-923,-26255,2252,20.835728928
8074,13,345,-25218,-910,20.836916352
8074,14,-574,-2957,-1727,20.838103776
8074,15,-248,-71,1382,20.839291200
8074,16,-825,-1349,-3050,20.840478624
8074,17,-793,-5065,-4747,20.841666048
8074,18,-11,-8516,340,20.842853472
8074,19,-499,-10116,-1053,20.844040896
8074,20,75,-3978,1283,20.845228320
8074,21,504,-816,561,20.846415744
8074,22,877,-4095,226,20.847603168
8074,23,692,-9940,-1645,20.848790592
8074,24,719,-8972,-1965,20.849978016
8074,25,608,-6201,1131,20.851165440
8074,26,706,-1914,669,20.852352864
8074,27,208,-1234,1266,20.853540288
8074,28,-378,-4671,184,20.854727712
8074,29,329,-13226,39,20.855915136
8074,30,-413,-19094,-1325,20.857102560
8074,31,-290,-12181,-1261,20.858289984
8074,32,-270,-2713,105,20.859477408
8074,33,-52,-2857,655,20.860664832
8074,34,337,-4764,561,20.861852256
8074,35,230,-130,1372,20.863039680
8074,36,166,-570,1772,20.864227104
8074,37,678,-2505,2481,20.865414528
8074,38,593,-1016,3307,20.866601952
8074,39,639,-3358,3326,20.867789376
8074,40,206,-10132,2754,20.868976800
8074,41,-262,-6126,410,20.870164224
8074,42,-383,-177,-77,20.871351648
8074,43,-628,31,412,20.872539072
8074,44,-610,831,251,20.873726496
8074,45,-1075,1948,1377,20.874913920
8074,46,-658,-436,186,20.876101344
8074,47,-689,-4047,-1509,20.877288768
8074,48,-43,-12662,-2187,20.878476192
8074,49,-111,-9048,344,20.879663616
8074,50,205,2235,-1409,20.880851040
8074,51,593,525,1879,20.882038464
8074,52,229,754,-806,20.883225888
8074,53,467,1557,-710,20.884413312
8074,54,496,1023,413,20.885600736
8074,55,60,1085,-2371,20.886788160
8074,56,-14,57,-1940,20.887975584
8074,57,-314,-627,-2688,20.889163008
8074,58,-650,37,-2281,20.890350432
8074,59,-964,-1873,-1898,20.891537856
8074,60,-637,-4242,-3094,20.892725280
8074,61,241,-6148,-3219,20.893912704
8074,62,-14,-13261,-2089,20.895100128
8074,63,85,-13178,-1350,20.896287552
8074,64,143,-3249,-291,20.897474976
8075,1,601,-6433,-558,20.898662400
8075,2,1049,-14470,-122,20.899849824
8075,3,1038,-7605,-730,20.901037248
8075,4,759,-1210,1585,20.902224672
8075,5,492,-8804,1175,20.903412096
8075,6,404,-13152,943,20.904599520
8075,7,82,-5736,803,20.905786944
8075,8,-241,-5693,-141,20.906974368
8075,9,-137,-7650,101,20.908161792
8075,10,-546,-5093,28,20.909349216
8075,11,120,-3430,661,20.910536640
8075,12,-236,-5792,1000,20.911724064
8075,13,37,-7525,1208,20.912911488
8075,14,407,-3074,2231,20.914098912
8075,15,232,477,1890,20.915286336
8075,16,906,-363,3121,20.916473760
8075,17,392,-496,2163,20.917661184
8075,18,702,-447,2582,20.918848608
8075,19,567,-495,2668,20.920036032
8075,20,255,-427,1810,20.921223456
8075,21,-728,-1498,1890,20.922410880
8075,22,-28,-13950,-267,20.923598304
8075,23,-594,-13414,-553,20.924785728
8075,24,-709,-3039,-1729,20.925973152
8075,25,-724,-3650,690,20.927160576
8075,26,-975,-3723,-1995,20.928348000
8075,27,-493,-3502,-1349,20.929535424
8075,28,-352,-5085,-592,20.930722848
8075,29,26,-4427,-175,20.931910272
8075,30,282,-189,771,20.933097696
8075,31,-19,-3680,1061,20.934285120
8075,32,471,-7855,544,20.935472544
8075,33,-2,-6642,583,20.936659968
8075,34,-227,-7155,-380,20.937847392
8075,35,-185,-10285,-940,20.939034816
8075,36,-370,-7583,-978,20.940222240
8075,37,-582,-760,-1417,20.941409664
8075,38,-701,-6305,-2385,20.942597088
8075,39,-779,-14110,-2254,20.943784512
8075,40,-400,-4509,-1617,20.944971936
8075,41,-283,1068,-1407,20.946159360
8075,42,243,-1587,-1127,20.947346784
8075,43,384,271,-1856,20.948534208
8075,44,685,1881,-300,20.949721632
8075,45,907,419,724,20.950909056
8075,46,929,1653,-824,20.952096480
8075,47,996,1525,1154,20.953283904
8075,48,843,1017,958,20.954471328
8075,49,454,1338,921,20.955658752
8075,50,-79,501,1703,20.956846176
8075,51,-537,539,-573,20.958033600
8075,52,-387,-3157,-508,20.959221024
8075,53,-372,-4224,-885,20.960408448
8075,54,-301,-9623,1134,20.961595872
8075,55,-181,-8885,-220,20.962783296
8075,56,-165,-3567,-835,20.963970720
8075,57,134,-10527,-1047,20.965158144
8075,58,428,-13993,-919,20.966345568
8075,59,575,-6359,1398,20.967532992
8075,60,770,-759,1882,20.968720416
8075,61,684,-4005,1324,20.969907840
8075,62,646,-5223,551,20.971095264
8075,63,273,-2581,1532,20.972282688
8075,64,235,-1221,1876,20.973470112
8076,1,-502,-1793,1196,20.974657536
8076,2,-783,-3638,-139,20.975844960
8076,3,-1023,-4712,-1286,20.977032384
8076,4,-842,-16974,29,20.978219808
8076,5,-619,-16532,-82,20.979407232
8076,6,-676,-1180,-211,20.980594656
8076,7,-369,-5024,-1010,20.981782080
8076,8,30,-19647,-1799,20.982969504
8076,9,422,-10891,-603,20.984156928
8076,10,535,-1660,1466,20.985344352
8076,11,809,-7778,1598,20.986531776
8076,12,550,-9271,619,20.987719200
8076,13,518,-1362,500,20.988906624
8076,14,308,-2507,2112,20.990094048
8076,15,-30,-6419,1014,20.991281472
8076,16,-181,-3807,445,20.992468896
8076,17,-374,-2457,-95,20.993656320
8076,18,-359,-4640,46,20.994843744
8076,19,-600,-4222,7,20.996031168
8076,20,-360,-4403,879,20.997218592
8076,21,-89,-5607,-200,20.998406016
8076,22,-14,-3783,-67,20.999593440
8076,23,306,1011,-730,21.000780864
8076,24,199,1982,1664,21.001968288
8076,25,972,1663,2609,21.003155712
8076,26,1109,3511,738,21.004343136
8076,27,712,4346,1211,21.005530560
8076,28,387,4857,62,21.006717984
8076,29,316,2368,1270,21.007905408
8076,30,-5,2468,1105,21.009092832
8076,31,-1173,7712,188,21.010280256
8076,32,-408,6122,-429,21.011467680
8076,33,-810,1174,-1555,21.012655104
8076,34,-741,1613,-2325,21.013842528
8076,35,-764,1116,-1004,21.015029952
8076,36,-778,177,-526,21.016217376
8076,37,-601,-91,-1599,21.017404800
8076,38,-37,35,633,21.018592224
8076,39,567,1150,-235,21.019779648
8076,40,1803,-3153,-2059,21.020967072
8076,41,-162,-19662,-5066,21.022154496
8076,42,1235,-21986,-1643,21.023341920
8076,43,185,-8401,329,21.024529344
8076,44,289,3447,1014,21.025716768
8076,45,111,-630,4219,21.026904192
8076,46,-813,-3249,-3068,21.028091616
8076,47,-105,-10484,-4488,21.029279040
8076,48,-1118,-11797,-4088,21.030466464
8076,49,-1186,-12658,-944,21.031653888
8076,50,-698,-12439,-1345,21.032841312
8076,51,-482,-10701,-418,21.034028736
8076,52,298,-12605,-2149,21.035216160
8076,53,356,-9894,-1391,21.036403584
8076,54,330,-7984,459,21.037591008
8076,55,1249,-9199,841,21.038778432
8076,56,1138,-12087,2374,21.039965856
8076,57,1041,-12948,1411,21.041153280
8076,58,1230,-7650,1952,21.042340704
8076,59,612,-4995,2348,21.043528128
8076,60,224,-8492,1186,21.044715552
8076,61,-152,-13954,1259,21.045902976
8076,62,-504,-9215,1128,21.047090400
8076,63,-83,-8247,2976,21.048277824
8076,64,-302,-8225,2761,21.049465248
8077,1,-456,-1304,2176,21.050652672
8077,2,-182,526,1054,21.051840096
8077,3,276,-944,1450,21.053027520
8077,4,402,-3850,2927,21.054214944
8077,5,839,-2978,3530,21.055402368
8077,6,430,-1922,4200,21.056589792
8077,7,569,-1545,2483,21.057777216
8077,8,446,13,1868,21.058964640
8077,9,198,391,1606,21.060152064
8077,10,280,733,1444,21.061339488
8077,11,-382,274,1180,21.062526912
8077,12,-930,-2046,240,21.063714336
8077,13,-832,-3392,-737,21.064901760
8077,14,-1162,-2870,-1470,21.066089184
8077,15,-970,-5556,-2331,21.067276608
8077,16,-772,-5534,-2217,21.068464032
8077,17,-663,1518,-3416,21.069651456
8077,18,-475,809,-896,21.070838880
8077,19,30,521,-715,21.072026304
8077,20,118,848,-2325,21.073213728
8077,21,510,-2330,-1444,21.074401152
8077,22,489,-8822,-1870,21.075588576
8077,23,648,-2320,-2308,21.076776000
8077,24,122,2978,-1985,21.077963424
8077,25,179,-2579,-1721,21.079150848
8077,26,-97,-4991,-3571,21.080338272
8077,27,5,458,-3360,21.081525696
8077,28,-109,323,-2076,21.082713120
8077,29,-422,-468,-4093,21.083900544
8077,30,-438,28,-2640,21.085087968
8077,31,-140,1224,-2278,21.086275392
8077,32,-275,1599,-1306,21.087462816
8077,33,-75,1954,-1641,21.088650240
8077,34,363,1355,-958,21.089837664
8077,35,737,1632,-470,21.091025088
8077,36,422,1703,1166,21.092212512
8077,37,397,-66,1994,21.093399936
8077,38,521,-1543,1767,21.094587360
8077,39,954,-4030,2685,21.095774784
8077,40,-69,-16004,-1676,21.096962208
8077,41,321,-15271,166,21.098149632
8077,42,-91,-5174,2838,21.099337056
8077,43,112,-1032,2976,21.100524480
8077,44,-137,-560,5030,21.101711904
8077,45,-344,-24,5187,21.102899328
8077,46,263,-2960,467,21.104086752
8077,47,2,-13403,1264,21.105274176
8077,48,-51,-13213,2473,21.106461600
8077,49,-146,-6487,2258,21.107649024
8077,50,-98,-2389,3904,21.108836448
8077,51,-175,-3053,1987,21.110023872
8077,52,103,-11026,951,21.111211296
8077,53,-156,-15051,1236,21.112398720
8077,54,-300,-11142,561,21.113586144
8077,55,-379,-13573,1102,21.114773568
8077,56,-524,-19737,228,21.115960992
8077,57,-197,-18607,-619,21.117148416
8077,58,-188,-11577,-434,21.118335840
8077,59,-375,-6243,-1142,21.119523264
8077,60,-117,-2935,-1567,21.120710688
8077,61,-249,-7689,-1559,21.121898112
8077,62,606,-6801,-531,21.123085536
8077,63,284,-808,548,21.124272960
8077,64,313,-1240,-732,21.125460384
8078,1,341,-2677,-1456,21.126647808
8078,2,245,-1098,-1630,21.127835232
8078,3,323,-542,-183,21.129022656
8078,4,119,-661,-393,21.130210080
8078,5,-75,124,-107,21.131397504
8078,6,-280,-864,-166,21.132584928
8078,7,-241,336,-1735,21.133772352
8078,8,-36,-94,-264,21.134959776
8078,9,-95,-38,-422,21.136147200
8078,10,265,-4041,-414,21.137334624
8078,11,148,-5872,-229,21.138522048
8078,12,354,-1470,-756,21.139709472
8078,13,353,-2115,-284,21.140896896
8078,14,732,-7130,-778,21.142084320
8078,15,851,-2389,-701,21.143271744
8078,16,454,2721,-1074,21.144459168
8078,17,189,1519,1275,21.145646592
8078,18,-232,1670,415,21.146834016
8078,19,-732,3134,1067,21.148021440
8078,20,-266,1577,1061,21.149208864
8078,21,-712,1097,33,21.150396288
8078,22,-703,1071,273,21.151583712
8078,23,-745,-1455,1153,21.152771136
8078,24,-169,-9733,-5231,21.153958560
8078,25,63,-18900,-514,21.155145984
8078,26,50,-11548,194,21.156333408
8078,27,150,432,519,21.157520832
8078,28,658,431,3191,21.158708256
8078,29,866,-466,252,21.159895680
8078,30,482,-182,-789,21.161083104
8078,31,566,-2834,-1002,21.162270528
8078,32,-29,-11794,-2235,21.163457952
8078,33,-52,-12657,-2708,21.164645376
8078,34,-10,-3110,618,21.165832800
8078,35,-723,-813,-412,21.167020224
8078,36,-857,-7710,-1961,21.168207648
8078,37,-805,-8051,975,21.169395072
8078,38,-114,-4039,-628,21.170582496
8078,39,-204,-12837,1320,21.171769920
8078,40,-51,-13001,1787,21.172957344
8078,41,254,-4108,1448,21.174144768
8078,42,448,-8632,1268,21.175332192
8078,43,725,-14013,764,21.176519616
8078,44,826,-7254,628,21.177707040
8078,45,532,-5245,3283,21.178894464
8078,46,780,-7646,3029,21.180081888
8078,47,361,-6796,2351,21.181269312
8078,48,-105,-6221,679,21.182456736
8078,49,-125,-6651,394,21.183644160
8078,50,-562,-3665,672,21.184831584
8078,51,-446,-1068,862,21.186019008
8078,52,-396,-3103,174,21.187206432
8078,53,-566,-10482,1834,21.188393856
8078,54,-204,-7594,748,21.189581280
8078,55,-283,2131,210,21.190768704
8078,56,163,142,1777,21.191956128
8078,57,488,1178,-503,21.193143552
8078,58,524,1491,712,21.194330976
8078,59,605,279,2139,21.195518400
8078,60,491,1288,552,21.196705824
8078,61,588,-211,271,21.197893248
8078,62,193,-1146,-808,21.199080672
8078,63,-318,-7964,-3472,21.200268096
8078,64,-483,-8973,-2770,21.201455520
8079,1,-292,-1185,-2108,21.202642944
8079,2,-659,-448,-645,21.203830368
8079,3,-802,-442,-1831,21.205017792
8079,4,-709,1375,-2964,21.206205216
8079,5,-737,3562,-1557,21.207392640
8079,6,-287,4288,-1266,21.208580064
8079,7,-229,4523,-126,21.209767488
8079,8,501,622,54,21.210954912
8079,9,646,1662,82,21.212142336
8079,10,524,3134,803,21.213329760
8079,11,349,1161,-859,21.214517184
8079,12,458,-1245,-721,21.215704608
8079,13,25,-1409,-1679,21.216892032
8079,14,436,-1915,-519,21.218079456
8079,15,-598,-14858,-6939,21.219266880
8079,16,419,-26105,-2592,21.220454304
8079,17,-156,-10413,-673,21.221641728
8079,18,-352,5009,-805,21.222829152
8079,19,-237,-538,1139,21.224016576
8079,20,-189,827,961,21.225204000
8079,21,459,2055,1657,21.226391424
8079,22,110,-1749,5705,21.227578848
8079,23,-75,-12789,-3402,21.228766272
8079,24,412,-20021,-421,21.229953696
8079,25,632,-11848,1645,21.231141120
8079,26,190,-4243,2249,21.232328544
8079,27,183,-5096,1616,21.233515968
8079,28,64,-1908,4756,21.234703392
8079,29,-17,-8094,732,21.235890816
8079,30,731,-24416,508,21.237078240
8079,31,-394,-17061,535,21.238265664
8079,32,393,-10282,-454,21.239453088
8079,33,511,-14429,-786,21.240640512
8079,34,-124,-7399,-3562,21.241827936
8079,35,328,-8582,-89,21.243015360
8079,36,-5,-9193,1482,21.244202784
8079,37,438,-5092,2383,21.245390208
8079,38,800,-9443,2486,21.246577632
8079,39,-110,-8621,-58,21.247765056
8079,40,-74,-6268,1070,21.248952480
8079,41,-168,-6351,459,21.250139904
8079,42,-360,-7176,1024,21.251327328
8079,43,72,-1720,129,21.252514752
8079,44,-627,1264,-108,21.253702176
8079,45,-364,-23,3397,21.254889600
8079,46,-371,820,818,21.256077024
8079,47,-290,1282,-486,21.257264448
8079,48,259,1343,256,21.258451872
8079,49,394,3808,788,21.259639296
8079,50,-403,4086,1567,21.260826720
8079,51,733,1091,1738,21.262014144
8079,52,-101,1130,674,21.263201568
8079,53,189,2656,374,21.264388992
8079,54,-244,4075,-286,21.265576416
8079,55,-260,2597,-115,21.266763840
8079,56,-212,2230,289,21.267951264
8079,57,-894,3609,927,21.269138688
8079,58,-765,2973,746,21.270326112
8079,59,-558,3030,-429,21.271513536
8079,60,-388,4160,-583,21.272700960
8079,61,117,2870,-607,21.273888384
8079,62,52,1904,-1082,21.275075808
8079,63,203,804,-748,21.276263232
8079,64,417,272,-834,21.277450656
8080,1,500,-50,-647,21.278638080
8080,2,553,-717,-998,21.279825504
8080,3,871,-1171,-1232,21.281012928
8080,4,41,-6306,-6188,21.282200352
8080,5,424,-24101,-1955,21.283387776
8080,6,-64,-15088,-2899,21.284575200
8080,7,-453,2408,-1985,21.285762624
8080,8,-79,-2194,424,21.286950048
8080,9,-689,-6396,-6701,21.288137472
8080,10,-354,-9505,-2649,21.289324896
8080,11,53,-9126,-1512,21.290512320
8080,12,-288,-7595,-449,21.291699744
8080,13,232,-8045,-207,21.292887168
8080,14,184,-10084,-1471,21.294074592
8080,15,654,-9678,-2517,21.295262016
8080,16,306,-8946,-74,21.296449440
8080,17,322,-8750,-497,21.297636864
8080,18,904,-11477,767,21.298824288
8080,19,379,-9000,1590,21.300011712
8080,20,150,-5245,1049,21.301199136
8080,21,-30,-10339,3057,21.302386560
8080,22,-320,-8598,1917,21.303573984
8080,23,5,-4333,2207,21.304761408
8080,24,-238,-6839,1902,21.305948832
8080,25,-360,-9012,3300,21.307136256
8080,26,140,-9050,4958,21.308323680
8080,27,-31,-10790,4606,21.309511104
8080,28,264,-14112,3830,21.310698528
8080,29,162,-10187,2789,21.311885952
8080,30,133,-6163,3758,21.313073376
8080,31,517,-7623,4692,21.314260800
8080,32,-27,-8398,4451,21.315448224
8080,33,-229,-5335,3481,21.316635648
8080,34,-354,-4038,2418,21.317823072
8080,35,-294,-3901,1970,21.319010496
8080,36,-112,571,947,21.320197920
8080,37,-715,1790,1721,21.321385344
8080,38,-701,2119,1068,21.322572768
8080,39,-602,580,-641,21.323760192
8080,40,-425,76,-365,21.324947616
8080,41,-234,1043,-779,21.326135040
8080,42,-115,471,-446,21.327322464
8080,43,116,-1113,-3049,21.328509888
8080,44,69,-4841,-3003,21.329697312
8080,45,-59,-9480,-1323,21.330884736
8080,46,214,-8089,-2499,21.332072160
8080,47,30,260,-2579,21.333259584
8080,48,59,-336,-3006,21.334447008
8080,49,167,-1464,-5217,21.335634432
8080,50,34,-2683,-5234,21.336821856
8080,51,192,-1249,-3355,21.338009280
8080,52,2,-1811,-3800,21.339196704
8080,53,328,-2839,-3009,21.340384128
8080,54,110,-176,-3942,21.341571552
8080,55,68,-2634,-3833,21.342758976
8080,56,192,-10515,-3998,21.343946400
8080,57,374,-6996,-2793,21.345133824
8080,58,409,-2623,-961,21.346321248
8080,59,312,-1089,-1017,21.347508672
8080,60,199,-99,-240,21.348696096
8080,61,149,1377,-587,21.349883520
8080,62,180,1490,62,21.351070944
8080,63,224,1412,642,21.352258368
8080,64,269,1249,2081,21.353445792
8081,1,219,1953,2318,21.354633216
8081,2,38,1555,3003,21.355820640
8081,3,61,-126,1713,21.357008064
8081,4,216,101,1322,21.358195488
8081,5,303,-1798,1904,21.359382912
8081,6,277,-2076,1672,21.360570336
8081,7,-323,-4644,1785,21.361757760
8081,8,258,-11180,3763,21.362945184
8081,9,-210,-10963,3238,21.364132608
8081,10,-211,-8051,2766,21.365320032
8081,11,-91,-3409,3904,21.366507456
8081,12,-169,-567,3797,21.367694880
8081,13,-159,-8742,3148,21.368882304
8081,14,-281,-13290,3088,21.370069728
8081,15,-304,-10131,2739,21.371257152
8081,16,-163,-7804,3145,21.372444576
8081,17,-313,-4738,2592,21.373632000
8081,18,-296,-9235,751,21.374819424
8081,19,-319,-18355,-878,21.376006848
8081,20,-393,-13662,-1284,21.377194272
8081,21,-497,-6642,-625,21.378381696
8081,22,-393,-10114,-744,21.379569120
8081,23,-283,-11637,-1206,21.380756544
8081,24,-248,-4191,-1755,21.381943968
8081,25,-362,-1171,-1508,21.383131392
8081,26,-183,-1936,-1059,21.384318816
8081,27,-96,-1126,-1230,21.385506240
8081,28,318,-72,-623,21.386693664
8081,29,453,-1930,-1058,21.387881088
8081,30,245,-5624,-2970,21.389068512
8081,31,711,-7212,-2442,21.390255936
8081,32,390,-4687,-1375,21.391443360
8081,33,528,1356,-1879,21.392630784
8081,34,305,126,115,21.393818208
8081,35,340,-3976,-2267,21.395005632
8081,36,513,-2176,-2549,21.396193056
8081,37,77,1713,-3026,21.397380480
8081,38,76,663,-478,21.398567904
8081,39,186,697,-2581,21.399755328
8081,40,287,1887,757,21.400942752
8081,41,403,271,-644,21.402130176
8081,42,289,67,19,21.403317600
8081,43,165,2153,1212,21.404505024
8081,44,249,3240,1522,21.405692448
8081,45,226,1565,852,21.406879872
8081,46,325,274,872,21.408067296
8081,47,-152,476,1238,21.409254720
8081,48,6,-13670,-1235,21.410442144
8081,49,-111,-17687,-199,21.411629568
8081,50,-389,-11278,-1400,21.412816992
8081,51,-403,-10220,709,21.414004416
8081,52,-222,-3450,-566,21.415191840
8081,53,-562,-165,1140,21.416379264
8081,54,-413,-6132,-152,21.417566688
8081,55,-150,-2585,-1069,21.418754112
8081,56,-205,672,1781,21.419941536
8081,57,349,-3680,987,21.421128960
8081,58,208,-2717,2051,21.422316384
8081,59,38,755,1760,21.423503808
8081,60,46,-795,758,21.424691232
8081,61,-152,-1725,307,21.425878656
8081,62,-83,-610,496,21.427066080
8081,63,62,-3644,362,21.428253504
8081,64,-502,-6930,-67,21.429440928
8082,1,-352,-12296,1153,21.430628352
8082,2,-372,-17289,-942,21.431815776
8082,3,-227,-12145,-325,21.433003200
8082,4,-116,-7548,1236,21.434190624
8082,5,22,-5282,358,21.435378048
8082,6,-84,-10988,383,21.436565472
8082,7,354,-14344,788,21.437752896
8082,8,549,-8474,1670,21.438940320
8082,9,702,-180,2451,21.440127744
8082,10,594,-1099,3566,21.441315168
8082,11,401,-2863,644,21.442502592
8082,12,494,-9425,483,21.443690016
8082,13,68,-8361,434,21.444877440
8082,14,-43,-98,-88,21.446064864
8082,15,-350,-215,1333,21.447252288
8082,16,-170,-42,-632,21.448439712
8082,17,-413,958,-1254,21.449627136
8082,18,-481,777,-680,21.450814560
8082,19,-67,-474,296,21.452001984
8082,20,71,-4072,-437,21.453189408
8082,21,884,-494,-741,21.454376832
8082,22,-94,-1941,-2331,21.455564256
8082,23,827,-10277,-1876,21.456751680
8082,24,575,-7088,-924,21.457939104
8082,25,782,694,-1654,21.459126528
8082,26,255,-2980,-822,21.460313952
8082,27,-19,-5234,-2703,21.461501376
8082,28,-139,-7449,-2276,21.462688800
8082,29,-273,-12791,-2139,21.463876224
8082,30,-591,-4806,-1386,21.465063648
8082,31,-703,2211,-2701,21.466251072
8082,32,-824,-406,-53,21.467438496
8082,33,-910,754,-1956,21.468625920
8082,34,-184,-645,-1087,21.469813344
8082,35,-296,-7906,-299,21.471000768
8082,36,859,-15458,-158,21.472188192
8082,37,375,-11658,1142,21.473375616
8082,38,413,-2031,1077,21.474563040
8082,39,225,-9899,699,21.475750464
8082,40,221,-17841,26,21.476937888
8082,41,167,-7458,466,21.478125312
8082,42,151,-3204,1126,21.479312736
8082,43,-279,-7550,1225,21.480500160
8082,44,-420,-4698,919,21.481687584
8082,45,-506,-3329,715,21.482875008
8082,46,-319,-11128,32,21.484062432
8082,47,-378,-4749,800,21.485249856
8082,48,-4,1309,2469,21.486437280
8082,49,306,-1306,3944,21.487624704
8082,50,792,-2585,2323,21.488812128
8082,51,360,-410,3400,21.489999552
8082,52,580,-909,2613,21.491186976
8082,53,664,-3771,1863,21.492374400
8082,54,939,-496,2359,21.493561824
8082,55,433,625,2911,21.494749248
8082,56,230,110,2500,21.495936672
8082,57,-31,1302,1947,21.497124096
8082,58,-539,3030,507,21.498311520
8082,59,-430,1895,75,21.499498944
8082,60,-430,3980,-1230,21.500686368
8082,61,-434,2787,115,21.501873792
8082,62,-452,417,-747,21.503061216
8082,63,-616,656,-1719,21.504248640
8082,64,-284,961,-964,21.505436064
8083,1,-113,278,-402,21.506623488
8083,2,98,824,-880,21.507810912
8083,3,130,143,-248,21.508998336
8083,4,-91,-84,-1284,21.510185760
8083,5,39,-502,-752,21.511373184
8083,6,97,-898,-1073,21.512560608
8083,7,90,-506,-1301,21.513748032
8083,8,156,-1253,-1778,21.514935456
8083,9,-542,-5037,-4573,21.516122880
8083,10,165,-19602,-3229,21.517310304
8083,11,-205,-15330,-2774,21.518497728
8083,12,-461,1344,-3113,21.519685152
8083,13,75,421,-1685,21.520872576
8083,14,-669,556,-2555,21.522060000
8083,15,-365,-1941,-5010,21.523247424
8083,16,268,-17020,588,21.524434848
8083,17,-115,-18098,-671,21.525622272
8083,18,204,-5895,1383,21.526809696
8083,19,243,-1190,595,21.527997120
8083,20,38,-672,-1221,21.529184544
8083,21,300,-12867,19,21.530371968
8083,22,496,-10186,-484,21.531559392
8083,23,383,200,171,21.532746816
8083,24,827,-3897,2592,21.533934240
8083,25,186,-6136,470,21.535121664
8083,26,600,-10248,813,21.536309088
8083,27,435,-12705,923,21.537496512
8083,28,318,-4949,141,21.538683936
8083,29,254,-2925,1343,21.539871360
8083,30,236,-8673,1358,21.541058784
8083,31,372,-16128,3055,21.542246208
8083,32,354,-14748,2999,21.543433632
8083,33,-92,-7724,3600,21.544621056
8083,34,200,-4018,3344,21.545808480
8083,35,97,-7537,2340,21.546995904
8083,36,247,-9085,3667,21.548183328
8083,37,61,-285,4148,21.549370752
8083,38,-221,-969,4138,21.550558176
8083,39,-114,-2680,2926,21.551745600
8083,40,-40,-893,-80,21.552933024
8083,41,-257,-1006,377,21.554120448
8083,42,133,-9191,-361,21.555307872
8083,43,-471,-10198,496,21.556495296
8083,44,-434,-3100,-1097,21.557682720
8083,45,-694,-6533,-1848,21.558870144
8083,46,-576,-12286,-2298,21.560057568
8083,47,-384,-11354,-1463,21.561244992
8083,48,-218,-7339,-376,21.562432416
8083,49,-398,-5214,-577,21.563619840
8083,50,-610,-1404,-1243,21.564807264
8083,51,-318,668,-639,21.565994688
8083,52,-49,800,307,21.567182112
8083,53,146,2085,-518,21.568369536
8083,54,131,1454,-2818,21.569556960
8083,55,151,1719,-3864,21.570744384
8083,56,194,1804,-2108,21.571931808
8083,57,16,3435,-1504,21.573119232
8083,58,41,2700,-990,21.574306656
8083,59,51,443,-3170,21.575494080
8083,60,58,-401,-5009,21.576681504
8083,61,-55,-1136,-2543,21.577868928
8083,62,-185,302,-1276,21.579056352
8083,63,-163,-571,95,21.580243776
8083,64,102,-1869,-1069,21.581431200
8084,1,180,-1092,-1799,21.582618624
8084,2,529,-145,2011,21.583806048
8084,3,174,53,1555,21.584993472
8084,4,668,-1396,2445,21.586180896
8084,5,702,-379,643,21.587368320
8084,6,817,748,1406,21.588555744
8084,7,325,1389,131,21.589743168
8084,8,350,90,1361,21.590930592
8084,9,-564,-3127,-914,21.592118016
8084,10,258,-26516,-764,21.593305440
8084,11,-651,-25707,-519,21.594492864
8084,12,-520,-3999,-51,21.595680288
8084,13,-709,-3270,2983,21.596867712
8084,14,-574,-11514,-1928,21.598055136
8084,15,-38,-13409,231,21.599242560
8084,16,130,-6855,2641,21.600429984
8084,17,259,-1318,4480,21.601617408
8084,18,342,-5364,4709,21.602804832
8084,19,516,-11970,3290,21.603992256
8084,20,816,-12985,1244,21.605179680
8084,21,608,-7492,404,21.606367104
8084,22,266,-2785,1,21.607554528
8084,23,193,-4594,-864,21.608741952
8084,24,-91,-7468,-1227,21.609929376
8084,25,-307,-11349,-1018,21.611116800
8084,26,-762,-10820,-753,21.612304224
8084,27,-802,-3564,-528,21.613491648
8084,28,-523,251,165,21.614679072
8084,29,-287,-655,-264,21.615866496
8084,30,-399,1058,224,21.617053920
8084,31,436,1194,3549,21.618241344
8084,32,505,1089,3360,21.619428768
8084,33,1074,1597,2889,21.620616192
8084,34,764,2479,2392,21.621803616
8084,35,632,1391,1868,21.622991040
8084,36,642,-1125,1492,21.624178464
8084,37,539,-2150,494,21.625365888
8084,38,-754,-15899,-1577,21.626553312
8084,39,-418,-16607,-1829,21.627740736
8084,40,-824,303,-3361,21.628928160
8084,41,-657,339,-262,21.630115584
8084,42,-1137,314,-2536,21.631303008
8084,43,-1168,3177,-3143,21.632490432
8084,44,-963,3015,210,21.633677856
8084,45,5,2084,331,21.634865280
8084,46,489,1277,1523,21.636052704
8084,47,834,1045,1980,21.637240128
8084,48,918,2249,1196,21.638427552
8084,49,715,69,740,21.639614976
8084,50,964,760,-2275,21.640802400
8084,51,1152,-1564,-1252,21.641989824
8084,52,-261,-12224,-5449,21.643177248
8084,53,417,-12771,-4874,21.644364672
8084,54,-668,-3043,-2351,21.645552096
8084,55,-709,-1003,-2923,21.646739520
8084,56,-1267,-3894,-3308,21.647926944
8084,57,-1177,-3760,-2493,21.649114368
8084,58,-513,-4360,-2955,21.650301792
8084,59,-132,-7713,-1140,21.651489216
8084,60,-29,-4418,1187,21.652676640
8084,61,374,-7142,709,21.653864064
8084,62,759,-14744,389,21.655051488
8084,63,936,-11194,1150,21.656238912
8084,64,1272,-259,2260,21.657426336
8085,1,693,-838,3839,21.658613760
8085,2,872,-7059,1427,21.659801184
8085,3,-164,-15619,2758,21.660988608
8085,4,-157,-13532,-422,21.662176032
8085,5,-153,-5121,498,21.663363456
8085,6,-743,-2710,1451,21.664550880
8085,7,-1361,-5681,-1011,21.665738304
8085,8,-146,-15098,-1141,21.666925728
8085,9,-225,-14677,554,21.668113152
8085,10,1,-7680,3543,21.669300576
8085,11,423,-3400,5843,21.670488000
8085,12,208,-1048,3895,21.671675424
8085,13,1284,-2879,4452,21.672862848
8085,14,710,-6193,4472,21.674050272
8085,15,983,-2612,2740,21.675237696
8085,16,474,-530,3080,21.676425120
8085,17,387,-2499,4003,21.677612544
8085,18,-149,2267,1071,21.678799968
8085,19,-657,1778,1338,21.679987392
8085,20,-862,-1116,-468,21.681174816
8085,21,-835,-2365,-3495,21.682362240
8085,22,-1120,-3451,-1653,21.683549664
8085,23,-572,-11369,-1015,21.684737088
8085,24,-374,-10133,-734,21.685924512
8085,25,2,592,-1120,21.687111936
8085,26,217,1094,-761,21.688299360
8085,27,212,669,-2033,21.689486784
8085,28,570,1535,-1870,21.690674208
8085,29,886,2112,1139,21.691861632
8085,30,507,2965,1210,21.693049056
8085,31,677,2989,-85,21.694236480
8085,32,-88,2566,-2607,21.695423904
8085,33,-267,1353,-3104,21.696611328
8085,34,-801,2185,-3961,21.697798752
8085,35,-739,2179,-4105,21.698986176
8085,36,-636,181,-3881,21.700173600
8085,37,-691,-1210,-4853,21.701361024
8085,38,-1086,-3054,-3682,21.702548448
8085,39,631,-10503,-5832,21.703735872
8085,40,-515,-13520,-3732,21.704923296
8085,41,815,-12896,285,21.706110720
8085,42,752,-5860,-142,21.707298144
8085,43,701,-3356,3036,21.708485568
8085,44,1065,-7634,2008,21.709672992
8085,45,622,-16674,1796,21.710860416
8085,46,631,-13840,1766,21.712047840
8085,47,207,-2781,1035,21.713235264
8085,48,-38,-8240,-1164,21.714422688
8085,49,-124,-16627,-683,21.715610112
8085,50,-571,-13067,-1560,21.716797536
8085,51,-561,-8255,553,21.717984960
8085,52,-511,-5685,1347,21.719172384
8085,53,-73,-3601,97,21.720359808
8085,54,399,-8078,857,21.721547232
8085,55,434,-12372,1432,21.722734656
8085,56,537,-6015,3766,21.723922080
8085,57,340,-422,3499,21.725109504
8085,58,1203,-2397,3500,21.726296928
8085,59,832,-3091,3300,21.727484352
8085,60,593,-1791,4406,21.728671776
8085,61,73,-3581,3974,21.729859200
8085,62,-221,-11543,1239,21.731046624
8085,63,-384,-11444,312,21.732234048
8085,64,-549,-7343,1800,21.733421472
8086,1,-666,-4043,1118,21.734608896
8086,2,-610,-8260,1353,21.735796320
8086,3,-451,-10259,-837,21.736983744
8086,4,-264,-5081,-232,21.738171168
8086,5,-137,-1862,1096,21.739358592
8086,6,10,-730,2623,21.740546016
8086,7,333,-376,2816,21.741733440
8086,8,364,375,1255,21.742920864
8086,9,356,750,1729,21.744108288
8086,10,-106,308,1602,21.745295712
8086,11,-19,1204,2388,21.746483136
8086,12,-249,1393,1183,21.747670560
8086,13,-483,943,-388,21.748857984
8086,14,-861,1119,-2566,21.750045408
8086,15,-934,1935,-3350,21.751232832
8086,16,-564,2494,-3075,21.752420256
8086,17,-531,2448,-3746,21.753607680
8086,18,-412,2458,-4015,21.754795104
8086,19,-256,2699,-3671,21.755982528
8086,20,664,4962,-1818,21.757169952
8086,21,215,5150,-3096,21.758357376
8086,22,854,2155,-1679,21.759544800
8086,23,905,834,-2681,21.760732224
8086,24,843,338,-1872,21.761919648
8086,25,574,-473,-310,21.763107072
8086,26,162,-504,-90,21.764294496
8086,27,-353,-862,-857,21.765481920
8086,28,28,-14452,-7436,21.766669344
8086,29,-309,-23914,-3575,21.767856768
8086,30,-239,-12382,-1366,21.769044192
8086,31,-675,1408,-824,21.770231616
8086,32,-533,-7193,-1551,21.771419040
8086,33,203,-23995,-3777,21.772606464
8086,34,106,-18045,-1448,21.773793888
8086,35,450,-1388,98,21.774981312
8086,36,-1,-1071,3692,21.776168736
8086,37,731,-7364,1001,21.777356160
8086,38,808,-14623,3483,21.778543584
8086,39,876,-10937,2102,21.779731008
8086,40,148,-3147,3557,21.780918432
8086,41,56,-3938,3591,21.782105856
8086,42,-79,-9126,106,21.783293280
8086,43,-210,-16182,300,21.784480704
8086,44,-194,-13497,1299,21.785668128
8086,45,-558,-5432,2879,21.786855552
8086,46,-229,-4355,3496,21.788042976
8086,47,-34,-3971,2212,21.789230400
8086,48,-10,-2895,1844,21.790417824
8086,49,139,-4618,3783,21.791605248
8086,50,371,-2787,4980,21.792792672
8086,51,642,302,3487,21.793980096
8086,52,467,-1185,5039,21.795167520
8086,53,267,220,3030,21.796354944
8086,54,14,2267,5309,21.797542368
8086,55,-147,109,5306,21.798729792
8086,56,-297,-1228,2782,21.799917216
8086,57,-981,-549,1749,21.801104640
8086,58,-1246,-1428,1205,21.802292064
8086,59,-563,-3608,-124,21.803479488
8086,60,-564,-5906,-669,21.804666912
8086,61,-661,-3936,-1125,21.805854336
8086,62,-492,-1470,-2899,21.807041760
8086,63,-211,881,-2571,21.808229184
8086,64,510,2413,266,21.809416608
8087,1,422,2573,-1369,21.810604032
8087,2,740,657,-1853,21.811791456
8087,3,1007,636,-4186,21.812978880
8087,4,272,285,-1387,21.814166304
8087,5,599,-317,-3699,21.815353728
8087,6,-80,-366,-2945,21.816541152
8087,7,-150,-1072,-4635,21.817728576
8087,8,-271,-1038,-5300,21.818916000
8087,9,-653,6,-4976,21.820103424
8087,10,-412,-975,-5468,21.821290848
8087,11,-440,-2881,-4406,21.822478272
8087,12,-338,-4538,-4840,21.823665696
8087,13,153,-4455,-4311,21.824853120
8087,14,288,-3567,-3774,21.826040544
8087,15,561,-2606,-3005,21.827227968
8087,16,1057,-7139,-2420,21.828415392
8087,17,1005,-6313,-1448,21.829602816
8087,18,977,-1462,-808,21.830790240
8087,19,603,-6736,-437,21.831977664
8087,20,315,-10781,338,21.833165088
8087,21,28,-11354,1041,21.834352512
8087,22,-177,-8051,1099,21.835539936
8087,23,-653,-6474,1046,21.836727360
8087,24,-510,-8679,1076,21.837914784
8087,25,-604,-9891,1753,21.839102208
8087,26,-350,-10175,2707,21.840289632
8087,27,-16,-10672,3323,21.841477056
8087,28,143,-9018,3304,21.842664480
8087,29,619,-7631,3927,21.843851904
8087,30,647,-9309,4342,21.845039328
8087,31,698,-10540,4702,21.846226752
8087,32,766,-10598,5255,21.847414176
8087,33,564,-8786,5155,21.848601600
8087,34,337,-4591,5656,21.849789024
8087,35,-346,-4461,5092,21.850976448
8087,36,-316,-14020,4119,21.852163872
8087,37,-615,-15508,3572,21.853351296
8087,38,-654,-2751,3005,21.854538720
8087,39,-774,-1028,4204,21.855726144
8087,40,-904,-838,2453,21.856913568
8087,41,-319,754,196,21.858100992
8087,42,-6,-147,1170,21.859288416
8087,43,160,359,-440,21.860475840
8087,44,155,-770,196,21.861663264
8087,45,825,130,-205,21.862850688
8087,46,780,2404,-109,21.864038112
8087,47,546,-2138,-937,21.865225536
8087,48,-265,-9687,-3135,21.866412960
8087,49,-171,-8704,-3046,21.867600384
8087,50,-212,-4740,-2484,21.868787808
8087,51,-446,735,-2867,21.869975232
8087,52,-833,797,-2532,21.871162656
8087,53,-761,-799,-3800,21.872350080
8087,54,-820,-69,-3666,21.873537504
8087,55,-778,669,-4521,21.874724928
8087,56,-415,663,-3431,21.875912352
8087,57,410,1866,-3741,21.877099776
8087,58,623,2824,-2296,21.878287200
8087,59,700,-1292,-4743,21.879474624
8087,60,578,-8085,-4697,21.880662048
8087,61,921,-9817,-4743,21.881849472
8087,62,862,-4273,-3046,21.883036896
8087,63,765,1273,-1977,21.884224320
8087,64,-110,267,-2118,21.885411744
8088,1,-15,-2882,-2366,21.886599168
8088,2,-112,-2185,-867,21.887786592
8088,3,-737,1171,-485,21.888974016
8088,4,-492,-222,823,21.890161440
8088,5,-464,-1820,53,21.891348864
8088,6,-506,-1633,1381,21.892536288
8088,7,358,-11541,1087,21.893723712
8088,8,86,-11688,1122,21.894911136
8088,9,504,-3254,787,21.896098560
8088,10,771,-4966,2427,21.897285984
8088,11,828,-6120,1463,21.898473408
8088,12,722,-5770,1921,21.899660832
8088,13,325,-7954,2888,21.900848256
8088,14,336,-8593,3067,21.902035680
8088,15,-40,-4759,4175,21.903223104
8088,16,-351,-4288,4454,21.904410528
8088,17,-425,-7115,5011,21.905597952
8088,18,-741,-7769,4420,21.906785376
8088,19,-587,-13797,5136,21.907972800
8088,20,-309,-12063,3574,21.909160224
8088,21,-301,-8192,3765,21.910347648
8088,22,172,-9832,2959,21.911535072
8088,23,151,-12230,2668,21.912722496
8088,24,72,-11151,2174,21.913909920
8088,25,172,-8592,1380,21.915097344
8088,26,53,-8188,609,21.916284768
8088,27,37,-3930,881,21.917472192
8088,28,-9,-1878,604,21.918659616
8088,29,-170,-1206,110,21.919847040
8088,30,-897,-1926,-165,21.921034464
8088,31,-328,-4705,-2238,21.922221888
8088,32,-522,-9472,-426,21.923409312
8088,33,-60,-627,-939,21.924596736
8088,34,-295,3815,-217,21.925784160
8088,35,-205,78,427,21.926971584
8088,36,180,2167,-3041,21.928159008
8088,37,585,3414,-1435,21.929346432
8088,38,633,3535,-974,21.930533856
8088,39,638,4139,-2215,21.931721280
8088,40,576,3511,-2504,21.932908704
8088,41,-103,5055,-3529,21.934096128
8088,42,-41,4898,-4897,21.935283552
8088,43,-81,4278,-3527,21.936470976
8088,44,-428,5239,-3086,21.937658400
8088,45,-406,5151,-3343,21.938845824
8088,46,-573,4410,-1723,21.940033248
8088,47,-487,6337,-1761,21.941220672
8088,48,-374,3561,-1208,21.942408096
8088,49,-45,-1033,-609,21.943595520
8088,50,209,1103,-1230,21.944782944
8088,51,119,-62,310,21.945970368
8088,52,458,-5938,-2475,21.947157792
8088,53,508,-22391,-1128,21.948345216
8088,54,556,-11979,1566,21.949532640
8088,55,186,4713,-2085,21.950720064
8088,56,354,-1132,2924,21.951907488
8088,57,-192,1399,-1986,21.953094912
8088,58,-287,1057,-201,21.954282336
8088,59,207,-12784,-3019,21.955469760
8088,60,-1031,-32063,-192,21.956657184
8088,61,56,-23115,2030,21.957844608
8088,62,-369,-2379,940,21.959032032
8088,63,-451,-9714,1458,21.960219456
8088,64,-146,-22958,621,21.961406880
8089,1,359,-14610,1044,21.962594304
8089,2,678,-7672,5188,21.963781728
8089,3,650,-6156,3613,21.964969152
8089,4,431,-11137,2680,21.966156576
8089,5,1077,-17163,1971,21.967344000
8089,6,837,-17479,2521,21.968531424
8089,7,580,-4459,2614,21.969718848
8089,8,300,-502,3230,21.970906272
8089,9,-184,-5385,2196,21.972093696
8089,10,163,-3985,2126,21.973281120
8089,11,12,-1883,2004,21.974468544
8089,12,-555,-4872,3263,21.975655968
8089,13,-213,-3402,1454,21.976843392
8089,14,-71,485,656,21.978030816
8089,15,43,-243,2457,21.979218240
8089,16,381,1675,3886,21.980405664
8089,17,-123,-5653,1448,21.981593088
8089,18,613,-13797,1222,21.982780512
8089,19,353,-4533,1097,21.983967936
8089,20,207,1907,278,21.985155360
8089,21,404,-436,2156,21.986342784
8089,22,70,211,581,21.987530208
8089,23,163,1271,-2543,21.988717632
8089,24,-682,-626,-1141,21.989905056
8089,25,-614,-169,-3510,21.991092480
8089,26,-798,704,-830,21.992279904
8089,27,-685,919,-1875,21.993467328
8089,28,-901,-1719,-4433,21.994654752
8089,29,-931,-292,-2871,21.995842176
8089,30,-603,-266,-3395,21.997029600
8089,31,-110,-7733,-2258,21.998217024
8089,32,173,-4760,-3177,21.999404448
8089,33,-13,590,-3223,22.000591872
8089,34,371,-1866,-3203,22.001779296
8089,35,495,-2358,-3402,22.002966720
8089,36,313,-162,-3629,22.004154144
8089,37,351,-3036,-4137,22.005341568
8089,38,254,-4021,-4439,22.006528992
8089,39,276,-4279,-3860,22.007716416
8089,40,67,-4775,-3050,22.008903840
8089,41,-412,-2504,-3204,22.010091264
8089,42,-95,-10396,-4428,22.011278688
8089,43,167,-11960,-3031,22.012466112
8089,44,73,-3068,57,22.013653536
8089,45,252,-1243,935,22.014840960
8089,46,-6,-11728,464,22.016028384
8089,47,688,-13605,1290,22.017215808
8089,48,892,-9021,3350,22.018403232
8089,49,767,-4033,3819,22.019590656
8089,50,679,-1646,5192,22.020778080
8089,51,826,-3298,4656,22.021965504
8089,52,615,-5026,4427,22.023152928
8089,53,433,-4698,4352,22.024340352
8089,54,146,-3402,5019,22.025527776
8089,55,48,-2868,4600,22.026715200
8089,56,113,-2589,4431,22.027902624
8089,57,-537,-1808,4493,22.029090048
8089,58,-317,-1148,3571,22.030277472
8089,59,-502,-2030,4227,22.031464896
8089,60,-233,-1640,3814,22.032652320
8089,61,-137,-828,3537,22.033839744
8089,62,3,33,3934,22.035027168
8089,63,-167,-416,3795,22.036214592
8089,64,-130,-2893,1989,22.037402016
8090,1,-181,-6517,1906,22.038589440
8090,2,-188,-7160,597,22.039776864
8090,3,-154,-8919,323,22.040964288
8090,4,-294,-9919,-398,22.042151712
8090,5,-291,-5247,-1530,22.043339136
8090,6,-429,-5157,-2776,22.044526560
8090,7,-456,-9213,-3632,22.045713984
8090,8,-577,-7929,-3646,22.046901408
8090,9,-683,-4958,-4064,22.048088832
8090,10,-672,-6028,-3569,22.049276256
8090,11,-626,-2810,-3930,22.050463680
8090,12,-584,1874,-3498,22.051651104
8090,13,-500,-1128,-3949,22.052838528
8090,14,-242,-4315,-4169,22.054025952
8090,15,-236,-329,-3555,22.055213376
8090,16,169,2047,-3647,22.056400800
8090,17,391,-1430,-2947,22.057588224
8090,18,221,-4200,-4673,22.058775648
8090,19,600,-1190,-3709,22.059963072
8090,20,671,143,-3436,22.061150496
8090,21,467,-1682,-3779,22.062337920
8090,22,536,-6101,-3427,22.063525344
8090,23,620,-3164,-2360,22.064712768
8090,24,567,-1745,-668,22.065900192
8090,25,484,-1344,-709,22.067087616
8090,26,-128,-606,597,22.068275040
8090,27,232,-1802,650,22.069462464
8090,28,223,-3499,1907,22.070649888
8090,29,290,-4805,3094,22.071837312
8090,30,453,-4456,4578,22.073024736
8090,31,225,-4470,4575,22.074212160
8090,32,367,-6300,4227,22.075399584
8090,33,239,-10018,4031,22.076587008
8090,34,213,-12874,4093,22.077774432
8090,35,402,-8784,4771,22.078961856
8090,36,57,-2092,4575,22.080149280
8090,37,-133,-4537,3753,22.081336704
8090,38,-3,-13025,2436,22.082524128
8090,39,-281,-8037,2558,22.083711552
8090,40,-74,113,2210,22.084898976
8090,41,-270,-2134,3223,22.086086400
8090,42,-791,-4540,758,22.087273824
8090,43,122,-4580,791,22.088461248
8090,44,-501,-9845,942,22.089648672
8090,45,-166,-12487,845,22.090836096
8090,46,-349,-6265,2,22.092023520
8090,47,-261,-3257,20,22.093210944
8090,48,55,-4839,-302,22.094398368
8090,49,-283,-9212,-713,22.095585792
8090,50,-40,-10502,-1193,22.096773216
8090,51,37,-8190,-1507,22.097960640
8090,52,-42,-6551,-2053,22.099148064
8090,53,-92,-11072,-2968,22.100335488
8090,54,50,-13918,-2398,22.101522912
8090,55,-7,-7000,-1998,22.102710336
8090,56,22,-4975,-1924,22.103897760
8090,57,31,-7011,-2284,22.105085184
8090,58,122,-3701,-2088,22.106272608
8090,59,253,-1143,-1386,22.107460032
8090,60,194,-4476,-675,22.108647456
8090,61,238,-2057,-1586,22.109834880
8090,62,-100,2009,-2017,22.111022304
8090,63,144,-627,-1024,22.112209728
8090,64,228,1326,-1653,22.113397152
8091,1,70,2015,-969,22.114584576
8091,2,381,-915,-890,22.115772000
8091,3,123,-1737,-1872,22.116959424
8091,4,360,-2034,-1405,22.118146848
8091,5,213,-6690,-679,22.119334272
8091,6,489,-8152,-809,22.120521696
8091,7,368,-2927,23,22.121709120
8091,8,375,360,36,22.122896544
8091,9,75,631,1264,22.124083968
8091,10,247,-166,1154,22.125271392
8091,11,22,141,1895,22.126458816
8091,12,-10,571,1828,22.127646240
8091,13,-38,-953,1904,22.128833664
8091,14,-231,562,941,22.130021088
8091,15,-410,665,2171,22.131208512
8091,16,-540,91,1644,22.132395936
8091,17,-552,-130,672,22.133583360
8091,18,-411,-453,335,22.134770784
8091,19,-353,-881,994,22.135958208
8091,20,-208,-1300,997,22.137145632
8091,21,-268,-2371,941,22.138333056
8091,22,-329,-11412,-1941,22.139520480
8091,23,363,-13442,-1190,22.140707904
8091,24,-333,-7678,2335,22.141895328
8091,25,173,-3760,2281,22.143082752
8091,26,-39,-7971,1829,22.144270176
8091,27,138,-6484,1901,22.145457600
8091,28,205,-1509,789,22.146645024
8091,29,-52,-1995,352,22.147832448
8091,30,-22,-2529,1420,22.149019872
8091,31,32,-628,122,22.150207296
8091,32,-173,-305,745,22.151394720
8091,33,-98,-1205,-701,22.152582144
8091,34,-6,-745,89,22.153769568
8091,35,-211,-668,554,22.154956992
8091,36,113,-4013,47,22.156144416
8091,37,152,-922,-218,22.157331840
8091,38,-40,1605,558,22.158519264
8091,39,581,-3020,306,22.159706688
8091,40,334,-5994,-74,22.160894112
8091,41,505,-2349,-741,22.162081536
8091,42,389,-5055,-185,22.163268960
8091,43,536,-5987,-908,22.164456384
8091,44,469,-6192,-1529,22.165643808
8091,45,448,-10677,-1685,22.166831232
8091,46,341,-4877,-1803,22.168018656
8091,47,-112,297,-2284,22.169206080
8091,48,73,-3563,-1944,22.170393504
8091,49,64,-3275,-2448,22.171580928
8091,50,-213,-2000,-2578,22.172768352
8091,51,-57,-12269,-2937,22.173955776
8091,52,-24,-14913,-1233,22.175143200
8091,53,-174,-3060,-1110,22.176330624
8091,54,-213,-4743,-255,22.177518048
8091,55,-83,-11145,-928,22.178705472
8091,56,-256,-6697,-812,22.179892896
8091,57,-43,-8381,186,22.181080320
8091,58,-101,-4494,1343,22.182267744
8091,59,-112,856,127,22.183455168
8091,60,-217,-616,2316,22.184642592
8091,61,-316,-4155,-1100,22.185830016
8091,62,68,-5843,-325,22.187017440
8091,63,-312,-12655,-1138,22.188204864
8091,64,-89,-16004,-765,22.189392288
8092,1,-207,-4581,70,22.190579712
8092,2,-295,-2366,872,22.191767136
8092,3,-75,-11534,305,22.192954560
8092,4,-116,-11879,769,22.194141984
8092,5,91,-3715,1974,22.195329408
8092,6,118,-2993,3699,22.196516832
8092,7,42,-2606,4151,22.197704256
8092,8,207,248,4572,22.198891680
8092,9,44,-1806,3854,22.200079104
8092,10,313,-8678,2581,22.201266528
8092,11,305,-6192,2687,22.202453952
8092,12,259,-3893,1758,22.203641376
8092,13,443,-4976,2946,22.204828800
8092,14,99,-2613,1029,22.206016224
8092,15,44,-3961,156,22.207203648
8092,16,285,-3897,64,22.208391072
8092,17,129,1312,-1451,22.209578496
8092,18,-28,-316,376,22.210765920
8092,19,31,-1487,-1330,22.211953344
8092,20,-200,-1817,361,22.213140768
8092,21,-5,-1660,-31,22.214328192
8092,22,119,-4851,-984,22.215515616
8092,23,238,-4798,-822,22.216703040
8092,24,262,1172,-1653,22.217890464
8092,25,206,1138,-437,22.219077888
8092,26,166,281,-1138,22.220265312
8092,27,182,531,-2265,22.221452736
8092,28,388,343,-1992,22.222640160
8092,29,184,-1417,-3586,22.223827584
8092,30,148,-2738,-3766,22.225015008
8092,31,-163,-2692,-3880,22.226202432
8092,32,-319,-2978,-3313,22.227389856
8092,33,-356,-3624,-2904,22.228577280
8092,34,-389,-775,-2305,22.229764704
8092,35,-397,1585,-2042,22.230952128
8092,36,-510,743,-705,22.232139552
8092,37,-382,-742,-1030,22.233326976
8092,38,-396,-7706,460,22.234514400
8092,39,-132,-8391,457,22.235701824
8092,40,-30,-7366,949,22.236889248
8092,41,151,-6811,1137,22.238076672
8092,42,-87,-4223,148,22.239264096
8092,43,-11,-10211,-155,22.240451520
8092,44,150,-13140,307,22.241638944
8092,45,11,-5107,667,22.242826368
8092,46,-10,-1026,1594,22.244013792
8092,47,47,-7263,333,22.245201216
8092,48,-156,-9053,273,22.246388640
8092,49,-81,-7133,1452,22.247576064
8092,50,-121,-5375,2087,22.248763488
8092,51,46,-1831,3444,22.249950912
8092,52,45,-888,3573,22.251138336
8092,53,480,-766,4205,22.252325760
8092,54,91,-8548,2370,22.253513184
8092,55,332,-11251,2913,22.254700608
8092,56,350,-7514,1750,22.255888032
8092,57,505,-8828,2658,22.257075456
8092,58,414,-9859,1054,22.258262880
8092,59,131,-10640,419,22.259450304
8092,60,186,-9137,877,22.260637728
8092,61,-6,-4018,-43,22.261825152
8092,62,-71,-1900,-281,22.263012576
8092,63,-15,-5561,-1276,22.264200000
8092,64,18,-8554,-1085,22.265387424
8093,1,101,-6047,352,22.266574848
8093,2,-146,-1977,-43,22.267762272
8093,3,-38,-5008,-398,22.268949696
8093,4,334,-6410,-1027,22.270137120
8093,5,212,-5510,-240,22.271324544
8093,6,310,-5416,648,22.272511968
8093,7,-74,-1582,28,22.273699392
8093,8,-69,-946,-442,22.274886816
8093,9,-134,-6107,-2058,22.276074240
8093,10,-60,-7543,-2338,22.277261664
8093,11,-233,-3816,-1589,22.278449088
8093,12,-398,-4980,-1841,22.279636512
8093,13,-339,-3156,-2097,22.280823936
8093,14,-546,438,-2495,22.282011360
8093,15,-202,-217,-2185,22.283198784
8093,16,-12,-3079,-1750,22.284386208
8093,17,181,-100,-1670,22.285573632
8093,18,167,1435,-372,22.286761056
8093,19,174,-432,-847,22.287948480
8093,20,124,1106,-167,22.289135904
8093,21,208,2221,443,22.290323328
8093,22,177,186,1045,22.291510752
8093,23,60,465,-926,22.292698176
8093,24,-294,-382,1020,22.293885600
8093,25,-363,143,540,22.295073024
8093,26,-168,-7262,-869,22.296260448
8093,27,-133,-6353,33,22.297447872
8093,28,-398,-3415,-130,22.298635296
8093,29,-132,-8814,-100,22.299822720
8093,30,-121,-11223,-957,22.301010144
8093,31,97,-13053,355,22.302197568
8093,32,300,-12858,628,22.303384992
8093,33,323,-6069,1449,22.304572416
8093,34,229,-3010,1839,22.305759840
8093,35,369,-7965,798,22.306947264
8093,36,425,-8589,1542,22.308134688
8093,37,278,-2338,1477,22.309322112
8093,38,230,-517,2310,22.310509536
8093,39,-124,-1472,1920,22.311696960
8093,40,-254,168,1094,22.312884384
8093,41,-306,1642,1465,22.314071808
8093,42,-173,480,570,22.315259232
8093,43,42,312,190,22.316446656
8093,44,125,932,655,22.317634080
8093,45,214,5,1373,22.318821504
8093,46,216,-1180,858,22.320008928
8093,47,159,-3293,-62,22.321196352
8093,48,221,-10475,-2173,22.322383776
8093,49,727,-11343,-2508,22.323571200
8093,50,111,-2835,1905,22.324758624
8093,51,288,606,1543,22.325946048
8093,52,110,-638,4317,22.327133472
8093,53,-28,766,1142,22.328320896
8093,54,-74,1538,-30,22.329508320
8093,55,-228,1452,-424,22.330695744
8093,56,-303,490,914,22.331883168
8093,57,-362,719,-243,22.333070592
8093,58,-405,937,132,22.334258016
8093,59,-470,838,-1201,22.335445440
8093,60,-245,1456,-1125,22.336632864
8093,61,116,-1991,-477,22.337820288
8093,62,-42,-6239,-2503,22.339007712
8093,63,131,-10786,-1377,22.340195136
8093,64,-202,-7855,-1525,22.341382560
8094,1,208,7,-1143,22.342569984
8094,2,8,-2651,-871,22.343757408
8094,3,126,-9029,-2791,22.344944832
8094,4,139,-5414,-1973,22.346132256
8094,5,-31,1553,-2614,22.347319680
8094,6,-188,-1894,-146,22.348507104
8094,7,92,-10911,-4441,22.349694528
8094,8,-319,-20124,-3993,22.350881952
8094,9,266,-16533,-1972,22.352069376
8094,10,-297,-4734,-1625,22.353256800
8094,11,64,-6277,-970,22.354444224
8094,12,198,-12639,-1042,22.355631648
8094,13,84,-11980,-1190,22.356819072
8094,14,258,-10797,1036,22.358006496
8094,15,269,-4098,1428,22.359193920
8094,16,362,-1323,986,22.360381344
8094,17,686,-9491,463,22.361568768
8094,18,491,-16857,647,22.362756192
8094,19,289,-13438,2215,22.363943616
8094,20,349,-10050,2381,22.365131040
8094,21,416,-10686,2177,22.366318464
8094,22,300,-7789,1003,22.367505888
8094,23,156,-9018,731,22.368693312
8094,24,222,-8851,2066,22.369880736
8094,25,54,-4807,1933,22.371068160
8094,26,202,-7801,1571,22.372255584
8094,27,182,-8368,2375,22.373443008
8094,28,84,484,2201,22.374630432
8094,29,-19,984,5232,22.375817856
8094,30,27,-444,3563,22.377005280
8094,31,92,1198,1559,22.378192704
8094,32,307,1729,4220,22.379380128
8094,33,-35,2878,3613,22.380567552
8094,34,330,2985,4004,22.381754976
8094,35,-394,2298,1528,22.382942400
8094,36,-25,3172,1249,22.384129824
8094,37,-461,1864,-141,22.385317248
8094,38,-278,1798,-513,22.386504672
8094,39,-307,1437,26,22.387692096
8094,40,-508,1519,-1117,22.388879520
8094,41,-766,821,-1151,22.390066944
8094,42,-895,1287,-2023,22.391254368
8094,43,-610,2994,-1802,22.392441792
8094,44,-203,3311,-1257,22.393629216
8094,45,-58,3374,-1729,22.394816640
8094,46,-86,2618,-1747,22.396004064
8094,47,-167,1675,-1919,22.397191488
8094,48,-193,-284,-1410,22.398378912
8094,49,11,122,-2561,22.399566336
8094,50,1136,-2065,-1027,22.400753760
8094,51,-529,-25267,-4334,22.401941184
8094,52,579,-27550,-777,22.403128608
8094,53,-121,-249,-537,22.404316032
8094,54,-229,3805,-811,22.405503456
8094,55,-108,-270,-2466,22.406690880
8094,56,-460,-34,-10717,22.407878304
8094,57,682,-6457,-3530,22.409065728
8094,58,-151,-19237,-4047,22.410253152
8094,59,-161,-18953,2507,22.411440576
8094,60,268,-3195,726,22.412628000
8094,61,473,-4411,2290,22.413815424
8094,62,398,-13334,-1414,22.415002848
8094,63,578,-7444,-2078,22.416190272
8094,64,478,-575,1481,22.417377696
8095,1,430,-5939,1129,22.418565120
8095,2,310,-12282,1224,22.419752544
8095,3,344,-11839,1729,22.420939968
8095,4,746,-8109,3669,22.422127392
8095,5,251,-2720,2935,22.423314816
8095,6,-334,-3164,2712,22.424502240
8095,7,307,-4829,2364,22.425689664
8095,8,110,-1737,3047,22.426877088
8095,9,424,-7094,4534,22.428064512
8095,10,256,-11695,5757,22.429251936
8095,11,-247,-6136,5078,22.430439360
8095,12,75,-3250,4504,22.431626784
8095,13,-34,-9787,3918,22.432814208
8095,14,132,-11106,5666,22.434001632
8095,15,-280,-3444,5858,22.435189056
8095,16,-558,-4366,4087,22.436376480
8095,17,-671,-12490,2414,22.437563904
8095,18,-746,-4474,307,22.438751328
8095,19,-766,2690,2977,22.439938752
8095,20,-349,-4331,1376,22.441126176
8095,21,-667,-6479,-187,22.442313600
8095,22,-694,-3353,-751,22.443501024
8095,23,-320,-5701,-1224,22.444688448
8095,24,-347,-3908,245,22.445875872
8095,25,-149,2489,-2377,22.447063296
8095,26,51,1576,-2115,22.448250720
8095,27,61,136,-2717,22.449438144
8095,28,1,2141,-3789,22.450625568
8095,29,-172,991,-346,22.451812992
8095,30,-214,1742,-1790,22.453000416
8095,31,-21,1731,-3319,22.454187840
8095,32,28,1811,-4526,22.455375264
8095,33,-28,2819,-5139,22.456562688
8095,34,-66,2627,-2889,22.457750112
8095,35,-65,2238,-3624,22.458937536
8095,36,118,1852,-4007,22.460124960
8095,37,318,2122,-4961,22.461312384
8095,38,419,3169,-3933,22.462499808
8095,39,638,2826,-2649,22.463687232
8095,40,616,322,-1405,22.464874656
8095,41,327,-3360,-3972,22.466062080
8095,42,682,-18044,-2247,22.467249504
8095,43,418,-12546,52,22.468436928
8095,44,203,3254,-1294,22.469624352
8095,45,279,355,2580,22.470811776
8095,46,-371,746,-1128,22.471999200
8095,47,-78,1667,-865,22.473186624
8095,48,169,-917,2947,22.474374048
8095,49,-215,-2565,1596,22.475561472
8095,50,-4,-14803,2918,22.476748896
8095,51,40,-13439,2716,22.477936320
8095,52,14,-720,-718,22.479123744
8095,53,246,-1338,2675,22.480311168
8095,54,74,-1429,1072,22.481498592
8095,55,387,-7866,-854,22.482686016
8095,56,357,-19236,2042,22.483873440
8095,57,-8,-15214,3373,22.485060864
8095,58,222,-6920,4700,22.486248288
8095,59,-80,-8115,4109,22.487435712
8095,60,-55,-10941,4239,22.488623136
8095,61,-329,-5292,1958,22.489810560
8095,62,-340,-590,2952,22.490997984
8095,63,-539,-2678,3660,22.492185408
8095,64,-99,-4448,2284,22.493372832
8096,1,-54,-6679,3441,22.494560256
8096,2,-3,-14901,-1082,22.495747680
8096,3,-96,-22979,743,22.496935104
8096,4,87,-11125,19,22.498122528
8096,5,40,-6962,1325,22.499309952
8096,6,-68,-12264,752,22.500497376
8096,7,-302,-11750,-376,22.501684800
8096,8,-140,-9760,-956,22.502872224
8096,9,-93,-8971,460,22.504059648
8096,10,-2,-2329,260,22.505247072
8096,11,-228,1566,881,22.506434496
8096,12,-293,-1285,610,22.507621920
8096,13,216,-1963,-973,22.508809344
8096,14,-127,-2305,76,22.509996768
8096,15,407,-649,-1341,22.511184192
8096,16,278,-552,-1122,22.512371616
8096,17,678,-1657,-3089,22.513559040
8096,18,488,-6167,-2464,22.514746464
8096,19,508,-5752,-3988,22.515933888
8096,20,217,-5511,-3459,22.517121312
8096,21,395,-7905,-3093,22.518308736
8096,22,267,520,-3955,22.519496160
8096,23,16,2442,-2208,22.520683584
8096,24,96,-806,-1929,22.521871008
8096,25,-125,-870,-2963,22.523058432
8096,26,-99,128,-626,22.524245856
8096,27,-52,10,-1188,22.525433280
8096,28,334,-1618,-748,22.526620704
8096,29,301,1451,-347,22.527808128
8096,30,235,966,-660,22.528995552
8096,31,390,-642,184,22.530182976
8096,32,176,750,-1921,22.531370400
8096,33,248,243,357,22.532557824
8096,34,158,314,-539,22.533745248
8096,35,-209,266,-480,22.534932672
8096,36,-467,-547,-391,22.536120096
8096,37,-768,-926,256,22.537307520
8096,38,-721,-262,790,22.538494944
8096,39,-699,-1029,1260,22.539682368
8096,40,-69,-2568,1254,22.540869792
8096,41,-255,-5540,2742,22.542057216
8096,42,-104,-6646,2228,22.543244640
8096,43,-36,-5911,3485,22.544432064
8096,44,159,-2089,3715,22.545619488
8096,45,321,81,3638,22.546806912
8096,46,568,-1659,3379,22.547994336
8096,47,432,-1228,2081,22.549181760
8096,48,79,-177,2287,22.550369184
8096,49,-557,-1725,2402,22.551556608
8096,50,-750,-3523,1658,22.552744032
8096,51,-201,-10266,-90,22.553931456
8096,52,-523,-13163,-45,22.555118880
8096,53,-591,-9231,1945,22.556306304
8096,54,-427,-5518,2363,22.557493728
8096,55,-141,-4923,1709,22.558681152
8096,56,31,-9845,1574,22.559868576
8096,57,277,-6730,918,22.561056000
8096,58,356,-1682,849,22.562243424
8096,59,797,-3504,1450,22.563430848
8096,60,1009,-9142,24,22.564618272
8096,61,1087,-6851,-859,22.565805696
8096,62,511,-1135,-2195,22.566993120
8096,63,157,-3269,-2741,22.568180544
8096,64,-150,-4422,-3092,22.569367968
8097,1,-346,-2037,-4078,22.570555392
8097,2,-280,-2686,-3743,22.571742816
8097,3,-381,-3550,-3400,22.572930240
8097,4,-504,416,-2805,22.574117664
8097,5,-571,1313,-1781,22.575305088
8097,6,-97,407,-1360,22.576492512
8097,7,-33,-2565,-2608,22.577679936
8097,8,723,-4702,-1411,22.578867360
8097,9,677,-4539,-485,22.580054784
8097,10,743,-3937,132,22.581242208
8097,11,560,-1330,-1081,22.582429632
8097,12,302,-4078,-1684,22.583617056
8097,13,576,-9161,-1655,22.584804480
8097,14,158,-7548,-807,22.585991904
8097,15,-281,-1376,-945,22.587179328
8097,16,-852,-3196,-913,22.588366752
8097,17,-1199,-5437,-1207,22.589554176
8097,18,-1128,-7345,-751,22.590741600
8097,19,-740,-6856,624,22.591929024
8097,20,-570,-1926,1970,22.593116448
8097,21,-246,-579,2202,22.594303872
8097,22,408,-2745,2532,22.595491296
8097,23,48,-7419,2508,22.596678720
8097,24,622,-9661,3774,22.597866144
8097,25,682,-8313,3361,22.599053568
8097,26,675,-2935,3133,22.600240992
8097,27,662,-1329,3069,22.601428416
8097,28,160,-3491,2186,22.602615840
8097,29,-308,-8483,1086,22.603803264
8097,30,-323,-11101,-342,22.604990688
8097,31,-466,-8016,135,22.606178112
8097,32,-455,-7307,-633,22.607365536
8097,33,-330,-10830,-653,22.608552960
8097,34,-363,-10535,-83,22.609740384
8097,35,111,-8966,62,22.610927808
8097,36,271,-6082,1018,22.612115232
8097,37,680,-1578,1132,22.613302656
8097,38,1060,-1583,1853,22.614490080
8097,39,893,-6757,1744,22.615677504
8097,40,1201,-7664,1674,22.616864928
8097,41,742,-3099,1006,22.618052352
8097,42,318,-2315,-36,22.619239776
8097,43,280,-8733,-1502,22.620427200
8097,44,-106,-10977,-1786,22.621614624
8097,45,-177,-5493,-1736,22.622802048
8097,46,-477,-1654,-1922,22.623989472
8097,47,-797,-3769,-3094,22.625176896
8097,48,-402,-5988,-3159,22.626364320
8097,49,-395,-7866,-2965,22.627551744
8097,50,41,-8159,-1719,22.628739168
8097,51,24,-6472,-639,22.629926592
8097,52,254,-1892,-988,22.631114016
8097,53,465,-753,-19,22.632301440
8097,54,534,-5719,-587,22.633488864
8097,55,542,-11937,-4,22.634676288
8097,56,548,-7622,-136,22.635863712
8097,57,216,-1842,63,22.637051136
8097,58,-25,-1381,6,22.638238560
8097,59,-612,-3525,-1600,22.639425984
8097,60,-622,-6991,-1255,22.640613408
8097,61,-379,-1375,-892,22.641800832
8097,62,-886,1558,-1509,22.642988256
8097,63,-684,-402,159,22.644175680
8097,64,-457,785,-660,22.645363104
8098,1,-249,1708,1035,22.646550528
8098,2,-109,1066,1417,22.647737952
8098,3,-2,523,261,22.648925376
8098,4,541,64,1173,22.650112800
8098,5,639,1907,2850,22.651300224
8098,6,60,1754,3995,22.652487648
8098,7,183,281,2306,22.653675072
8098,8,-225,469,1873,22.654862496
8098,9,-150,-61,1586,22.656049920
8098,10,-115,-436,1530,22.657237344
8098,11,-403,-1478,177,22.658424768
8098,12,-206,-6007,-1323,22.659612192
8098,13,-82,-21032,-2302,22.660799616
8098,14,-123,-18087,-592,22.661987040
8098,15,-172,-5802,-682,22.663174464
8098,16,300,-682,1828,22.664361888
8098,17,368,-4347,1384,22.665549312
8098,18,631,-11669,697,22.666736736
8098,19,193,-2164,1690,22.667924160
8098,20,267,900,57,22.669111584
8098,21,290,-2491,3963,22.670299008
8098,22,92,-1014,2091,22.671486432
8098,23,202,-7620,-892,22.672673856
8098,24,107,-12360,-589,22.673861280
8098,25,-348,-3758,-1292,22.675048704
8098,26,-194,-3262,-549,22.676236128
8098,27,-317,-8660,-3009,22.677423552
8098,28,194,-11734,-4056,22.678610976
8098,29,130,-10845,-3154,22.679798400
8098,30,130,-1488,-1886,22.680985824
8098,31,279,937,-780,22.682173248
8098,32,412,-581,-1453,22.683360672
8098,33,610,-703,-2223,22.684548096
8098,34,432,-4684,-315,22.685735520
8098,35,421,-6721,428,22.686922944
8098,36,255,-5541,1133,22.688110368
8098,37,-58,-5062,-252,22.689297792
8098,38,-296,-6013,-322,22.690485216
8098,39,-172,-5193,-366,22.691672640
8098,40,-426,-940,552,22.692860064
8098,41,-617,-4383,-533,22.694047488
8098,42,-660,-5604,-608,22.695234912
8098,43,-577,-790,-362,22.696422336
8098,44,-336,-858,1766,22.697609760
8098,45,99,-406,1644,22.698797184
8098,46,-67,1818,-294,22.699984608
8098,47,366,959,1294,22.701172032
8098,48,65,106,1236,22.702359456
8098,49,322,930,2492,22.703546880
8098,50,272,716,3401,22.704734304
8098,51,-22,689,2451,22.705921728
8098,52,-34,-740,2061,22.707109152
8098,53,-604,-448,1260,22.708296576
8098,54,-569,-458,1415,22.709484000
8098,55,-519,-1084,1554,22.710671424
8098,56,-520,-1268,88,22.711858848
8098,57,-537,-1553,-337,22.713046272
8098,58,-507,-1165,-669,22.714233696
8098,59,-136,-714,666,22.715421120
8098,60,392,-1819,83,22.716608544
8098,61,484,-4233,382,22.717795968
8098,62,771,-4680,-274,22.718983392
8098,63,644,-2997,-459,22.720170816
8098,64,632,-4527,291,22.721358240
8099,1,638,-7684,0,22.722545664
8099,2,413,-7689,-907,22.723733088
8099,3,300,-6723,-1674,22.724920512
8099,4,55,-8148,-2560,22.726107936
8099,5,-180,-9763,-2228,22.727295360
8099,6,-116,-8119,-1458,22.728482784
8099,7,-274,-2064,-1674,22.729670208
8099,8,-229,-3612,-2385,22.730857632
8099,9,121,-7071,-3540,22.732045056
8099,10,184,-6346,-2405,22.733232480
8099,11,519,-4459,-1362,22.734419904
8099,12,453,-3447,-792,22.735607328
8099,13,536,-5813,-1990,22.736794752
8099,14,743,-10343,-2160,22.737982176
8099,15,680,-14732,-1715,22.739169600
8099,16,439,-9788,148,22.740357024
8099,17,-109,-3474,314,22.741544448
8099,18,-257,-10565,-901,22.742731872
8099,19,-143,-14026,-650,22.743919296
8099,20,-431,-3826,390,22.745106720
8099,21,-377,622,2285,22.746294144
8099,22,-591,-3677,874,22.747481568
8099,23,-280,-8266,866,22.748668992
8099,24,105,-4948,922,22.749856416
8099,25,24,303,1949,22.751043840
8099,26,464,-1640,3907,22.752231264
8099,27,129,-4001,1522,22.753418688
8099,28,425,-3825,1220,22.754606112
8099,29,44,-6693,2520,22.755793536
8099,30,105,-1465,2539,22.756980960
8099,31,-548,987,4302,22.758168384
8099,32,-824,-2091,4144,22.759355808
8099,33,-527,-5583,-1217,22.760543232
8099,34,-1274,-8321,1453,22.761730656
8099,35,-793,-11770,1390,22.762918080
8099,36,-451,-11933,1579,22.764105504
8099,37,-377,-5890,992,22.765292928
8099,38,-265,-6987,-664,22.766480352
8099,39,222,-15367,-1378,22.767667776
8099,40,569,-11194,760,22.768855200
8099,41,744,619,1350,22.770042624
8099,42,694,-679,624,22.771230048
8099,43,567,-6733,-1820,22.772417472
8099,44,700,-11962,-2501,22.773604896
8099,45,412,-9621,-33,22.774792320
8099,46,308,899,-362,22.775979744
8099,47,-345,994,-1152,22.777167168
8099,48,-679,350,-2230,22.778354592
8099,49,-681,2455,-3643,22.779542016
8099,50,-576,4688,1620,22.780729440
8099,51,-462,4737,-853,22.781916864
8099,52,90,1105,-1188,22.783104288
8099,53,614,1778,-3252,22.784291712
8099,54,757,5055,-3336,22.785479136
8099,55,223,2990,351,22.786666560
8099,56,859,1220,-1644,22.787853984
8099,57,656,-1280,-1569,22.789041408
8099,58,897,-799,-2090,22.790228832
8099,59,387,-677,-1081,22.791416256
8099,60,211,-261,936,22.792603680
8099,61,-199,-290,1152,22.793791104
8099,62,-766,-1442,-1317,22.794978528
8099,63,-1124,-3218,-1072,22.796165952
8099,64,-474,-1780,-463,22.797353376
8100,1,-468,-7138,1641,22.798540800
8100,2,-141,-9031,1242,22.799728224
8100,3,-638,-6099,608,22.800915648
8100,4,-452,-8496,534,22.802103072
8100,5,-13,-6640,472,22.803290496
8100,6,130,-4973,2273,22.804477920
8100,7,316,-7387,1742,22.805665344
8100,8,91,-7266,1299,22.806852768
8100,9,197,-2361,991,22.808040192
8100,10,-54,-1345,1372,22.809227616
8100,11,-27,-4326,1334,22.810415040
8100,12,-368,-5725,1495,22.811602464
8100,13,-293,-5501,-741,22.812789888
8100,14,-296,-10053,-1050,22.813977312
8100,15,-415,-15231,-806,22.815164736
8100,16,-190,-13544,-2,22.816352160
8100,17,-247,-9151,654,22.817539584
8100,18,-155,-10514,-435,22.818727008
8100,19,124,-15997,-1221,22.819914432
8100,20,433,-12449,-95,22.821101856
8100,21,518,-3262,1955,22.822289280
8100,22,516,-2227,2526,22.823476704
8100,23,609,-4412,1643,22.824664128
8100,24,618,-2242,584,22.825851552
8100,25,806,-3664,304,22.827038976
8100,26,523,-7268,2060,22.828226400
8100,27,526,-1702,1364,22.829413824
8100,28,247,-362,1225,22.830601248
8100,29,255,-8062,-1391,22.831788672
8100,30,-55,-14318,-1338,22.832976096
8100,31,65,-12189,-198,22.834163520
8100,32,330,-7935,-324,22.835350944
8100,33,204,-9817,-93,22.836538368
8100,34,-29,-5473,-713,22.837725792
8100,35,-102,-628,-362,22.838913216
8100,36,29,-239,1968,22.840100640
8100,37,13,447,1037,22.841288064
8100,38,565,836,340,22.842475488
8100,39,111,1296,71,22.843662912
8100,40,385,1490,142,22.844850336
8100,41,103,2146,1131,22.846037760
8100,42,167,1053,883,22.847225184
8100,43,184,920,-1517,22.848412608
8100,44,-130,366,-1403,22.849600032
8100,45,-77,627,-2658,22.850787456
8100,46,-487,-1119,-722,22.851974880
8100,47,-981,-1956,-1720,22.853162304
8100,48,-682,-7296,-2891,22.854349728
8100,49,-752,-6342,-2647,22.855537152
8100,50,-788,1699,-1892,22.856724576
8100,51,-455,262,641,22.857912000
8100,52,-205,129,-866,22.859099424
8100,53,-367,1405,-460,22.860286848
8100,54,275,898,504,22.861474272
8100,55,755,2922,-151,22.862661696
8100,56,442,2810,1533,22.863849120
8100,57,551,3045,544,22.865036544
8100,58,407,-426,-78,22.866223968
8100,59,37,-1256,-1302,22.867411392
8100,60,-253,451,-769,22.868598816
8100,61,-357,-281,245,22.869786240
8100,62,-426,-1074,-531,22.870973664
8100,63,-676,-501,-141,22.872161088
8100,64,-790,-520,778,22.873348512
8101,1,-488,-1198,1447,22.874535936
8101,2,-360,-1518,1332,22.875723360
8101,3,109,-2837,2002,22.876910784
8101,4,1417,-4442,1933,22.878098208
8101,5,-293,-24332,1994,22.879285632
8101,6,864,-31077,608,22.880473056
8101,7,1029,-12378,840,22.881660480
8101,8,961,-1112,2924,22.882847904
8101,9,498,-1437,53,22.884035328
8101,10,307,-7678,-3178,22.885222752
8101,11,316,-12914,-2636,22.886410176
8101,12,35,-7640,304,22.887597600
8101,13,-384,-27,1102,22.888785024
8101,14,-355,-2199,3175,22.889972448
8101,15,-358,-2751,-530,22.891159872
8101,16,-60,-8151,-531,22.892347296
8101,17,-255,-14209,-2749,22.893534720
8101,18,231,-15306,92,22.894722144
8101,19,625,-6960,90,22.895909568
8101,20,570,-2042,197,22.897096992
8101,21,462,-7486,-1483,22.898284416
8101,22,325,-13453,-1993,22.899471840
8101,23,788,-11554,-551,22.900659264
8101,24,367,-4419,-806,22.901846688
8101,25,392,-1279,-8,22.903034112
8101,26,-360,-1878,-94,22.904221536
8101,27,-693,-2541,-501,22.905408960
8101,28,-337,-3978,-696,22.906596384
8101,29,-1041,-3500,-2244,22.907783808
8101,30,-606,-980,-1963,22.908971232
8101,31,-350,-808,-483,22.910158656
8101,32,-159,239,1636,22.911346080
8101,33,-114,-175,2498,22.912533504
8101,34,-720,-1998,1368,22.913720928
8101,35,257,-7453,311,22.914908352
8101,36,395,-3544,1089,22.916095776
8101,37,168,1673,2583,22.917283200
8101,38,188,-656,3082,22.918470624
8101,39,-238,-271,1271,22.919658048
8101,40,-446,146,1383,22.920845472
8101,41,16,-1130,286,22.922032896
8101,42,-273,-855,-33,22.923220320
8101,43,-229,349,768,22.924407744
8101,44,-322,-1626,102,22.925595168
8101,45,-441,-2003,-535,22.926782592
8101,46,-512,-465,-385,22.927970016
8101,47,9,-317,141,22.929157440
8101,48,221,-10565,255,22.930344864
8101,49,764,-9616,-618,22.931532288
8101,50,213,-5237,-1517,22.932719712
8101,51,463,-8685,-287,22.933907136
8101,52,666,-7288,-675,22.935094560
8101,53,640,-4823,-239,22.936281984
8101,54,752,-6670,-428,22.937469408
8101,55,463,-3085,-1981,22.938656832
8101,56,158,-3414,-1504,22.939844256
8101,57,394,-12067,-1835,22.941031680
8101,58,284,-12093,-1324,22.942219104
8101,59,160,-6627,-1797,22.943406528
8101,60,335,-8113,-3560,22.944593952
8101,61,176,-15036,-3721,22.945781376
8101,62,319,-11074,-2430,22.946968800
8101,63,125,-3345,-770,22.948156224
8101,64,312,-6113,-264,22.949343648
8102,1,217,-7210,-455,22.950531072
8102,2,99,-708,-353,22.951718496
8102,3,178,-772,1717,22.952905920
8102,4,-171,-4348,1182,22.954093344
8102,5,-104,-1219,1127,22.955280768
8102,6,16,274,1661,22.956468192
8102,7,-12,-731,2552,22.957655616
8102,8,-20,577,2819,22.958843040
8102,9,-567,-355,2319,22.960030464
8102,10,42,-5543,1123,22.961217888
8102,11,-239,-7124,1777,22.962405312
8102,12,-157,-6317,1957,22.963592736
8102,13,-370,-3112,2038,22.964780160
8102,14,-758,-2565,3330,22.965967584
8102,15,-720,-5365,1692,22.967155008
8102,16,-685,-4643,1934,22.968342432
8102,17,-744,-2131,2319,22.969529856
8102,18,-499,-3289,2834,22.970717280
8102,19,-565,-3231,2679,22.971904704
8102,20,-585,-4270,1981,22.973092128
8102,21,-451,-8745,803,22.974279552
8102,22,-342,-10618,522,22.975466976
8102,23,81,-4524,-24,22.976654400
8102,24,100,-389,334,22.977841824
8102,25,218,-2097,-245,22.979029248
8102,26,-133,-5516,-1772,22.980216672
8102,27,22,-2703,-1978,22.981404096
8102,28,-50,-2297,-2066,22.982591520
8102,29,326,-6996,-2200,22.983778944
8102,30,214,-2515,-2867,22.984966368
8102,31,0,-1000,-2680,22.986153792
8102,32,79,-5660,-3247,22.987341216
8102,33,115,-7059,-2611,22.988528640
8102,34,421,-1906,-2057,22.989716064
8102,35,377,1263,-1359,22.990903488
8102,36,660,-963,-1362,22.992090912
8102,37,548,-111,-2265,22.993278336
8102,38,876,-754,-1570,22.994465760
8102,39,445,-12257,-2046,22.995653184
8102,40,740,-20415,-2465,22.996840608
8102,41,601,-9288,-1825,22.998028032
8102,42,492,-796,-292,22.999215456
8102,43,277,-4537,-1791,23.000402880
8102,44,-61,-8595,-1248,23.001590304
8102,45,75,-2189,-371,23.002777728
8102,46,31,1888,-234,23.003965152
8102,47,-379,-1237,3760,23.005152576
8102,48,-149,2980,2045,23.006340000
8102,49,-36,1940,3527,23.007527424
8102,50,-49,-546,2761,23.008714848
8102,51,95,1091,2456,23.009902272
8102,52,29,-2360,1831,23.011089696
8102,53,352,-10376,1113,23.012277120
8102,54,248,-9903,1773,23.013464544
8102,55,-42,-2202,2528,23.014651968
8102,56,-188,226,1883,23.015839392
8102,57,-241,302,2284,23.017026816
8102,58,-330,773,1124,23.018214240
8102,59,-403,844,1330,23.019401664
8102,60,-558,1365,1549,23.020589088
8102,61,-466,-733,2811,23.021776512
8102,62,-567,344,845,23.022963936
8102,63,-672,59,1452,23.024151360
8102,64,-526,7,386,23.025338784
8103,1,-315,421,534,23.026526208
8103,2,-168,-1021,1188,23.027713632
8103,3,-132,-2100,713,23.028901056
8103,4,-288,-737,342,23.030088480
8103,5,-417,-1165,-84,23.031275904
8103,6,-63,-2335,-927,23.032463328
8103,7,-148,-1108,-1430,23.033650752
8103,8,-18,-2036,-1734,23.034838176
8103,9,18,-8073,-2857,23.036025600
8103,10,69,-9925,-3501,23.037213024
8103,11,121,-8294,-26,23.038400448
8103,12,291,122,-1628,23.039587872
8103,13,218,1232,-566,23.040775296
8103,14,414,-649,-1125,23.041962720
8103,15,475,-1076,-3152,23.043150144
8103,16,475,-5908,-1702,23.044337568
8103,17,480,-16435,-1922,23.045524992
8103,18,540,-18218,-2381,23.046712416
8103,19,480,-9475,-2176,23.047899840
8103,20,425,-8669,-2918,23.049087264
8103,21,437,-12896,-2459,23.050274688
8103,22,360,-7590,-1939,23.051462112
8103,23,396,-2648,-1177,23.052649536
8103,24,431,-3767,-252,23.053836960
8103,25,323,-3988,-379,23.055024384
8103,26,509,-8296,-865,23.056211808
8103,27,685,-10187,2,23.057399232
8103,28,452,-2432,-373,23.058586656
8103,29,308,-594,275,23.059774080
8103,30,412,-9606,-1005,23.060961504
8103,31,445,-13643,-200,23.062148928
8103,32,254,-9456,1590,23.063336352
8103,33,70,-2114,1363,23.064523776
8103,34,-151,-2889,589,23.065711200
8103,35,-97,-17114,-197,23.066898624
8103,36,-146,-20672,-545,23.068086048
8103,37,-460,-12686,1810,23.069273472
8103,38,-579,-6043,3046,23.070460896
8103,39,-562,-8568,1748,23.071648320
8103,40,-190,-10982,1076,23.072835744
8103,41,-355,-6810,2318,23.074023168
8103,42,-267,-1639,3361,23.075210592
8103,43,-430,-1329,5415,23.076398016
8103,44,-150,-4925,3341,23.077585440
8103,45,-47,-3959,3687,23.078772864
8103,46,-375,-944,2628,23.079960288
8103,47,-444,-3687,1994,23.081147712
8103,48,-533,-5383,1564,23.082335136
8103,49,-553,-2191,611,23.083522560
8103,50,-529,129,1274,23.084709984
8103,51,-943,345,982,23.085897408
8103,52,-852,90,1259,23.087084832
8103,53,201,-3647,-1203,23.088272256
8103,54,-624,-9628,-721,23.089459680
8103,55,-69,-4677,323,23.090647104
8103,56,-65,844,-487,23.091834528
8103,57,956,-1261,2196,23.093021952
8103,58,737,-90,-1262,23.094209376
8103,59,854,1602,-2394,23.095396800
8103,60,761,697,-687,23.096584224
8103,61,411,2778,-1369,23.097771648
8103,62,480,2658,-918,23.098959072
8103,63,-67,3438,-1255,23.100146496
8103,64,-361,5228,-4144,23.101333920
8104,1,-447,2514,-2432,23.102521344
8104,2,-553,2761,-3870,23.103708768
8104,3,-515,3512,-3292,23.104896192
8104,4,-349,1411,-2511,23.106083616
8104,5,-100,1229,-2868,23.107271040
8104,6,-25,64,-1210,23.108458464
8104,7,552,-1197,-522,23.109645888
8104,8,1189,-2360,-4833,23.110833312
8104,9,250,-20904,-964,23.112020736
8104,10,1133,-21163,-2998,23.113208160
8104,11,702,-4247,116,23.114395584
8104,12,558,2665,-138,23.115583008
8104,13,-193,-4252,-853,23.116770432
8104,14,-24,-13931,-1648,23.117957856
8104,15,-420,-4389,-1026,23.119145280
8104,16,-300,1295,-2088,23.120332704
8104,17,-1227,-4980,1812,23.121520128
8104,18,-872,-1359,-780,23.122707552
8104,19,-710,315,2416,23.123894976
8104,20,-335,-3577,3039,23.125082400
8104,21,-10,-1064,1017,23.126269824
8104,22,311,-1970,3629,23.127457248
8104,23,1007,-8003,4598,23.128644672
8104,24,717,-6912,4608,23.129832096
8104,25,406,-6329,4830,23.131019520
8104,26,656,-7320,5203,23.132206944
8104,27,470,-3834,3352,23.133394368
8104,28,-197,-6155,2704,23.134581792
8104,29,-231,-10283,3088,23.135769216
8104,30,-701,-7514,2993,23.136956640
8104,31,-635,-7864,3103,23.138144064
8104,32,-653,-7632,2278,23.139331488
8104,33,-1104,-695,1503,23.140518912
8104,34,-781,-441,1738,23.141706336
8104,35,195,-7791,-194,23.142893760
8104,36,239,-7843,1110,23.144081184
8104,37,405,-5726,2242,23.145268608
8104,38,320,-6194,1928,23.146456032
8104,39,538,-5656,1583,23.147643456
8104,40,920,-6723,95,23.148830880
8104,41,435,-7357,114,23.150018304
8104,42,516,-5615,-1025,23.151205728
8104,43,306,-2700,-1454,23.152393152
8104,44,-185,-3156,-1717,23.153580576
8104,45,-208,-2052,-3113,23.154768000
8104,46,-641,-490,-3654,23.155955424
8104,47,-377,354,-4601,23.157142848
8104,48,-234,1109,-4640,23.158330272
8104,49,-364,1203,-4804,23.159517696
8104,50,-106,1187,-4166,23.160705120
8104,51,57,1595,-3601,23.161892544
8104,52,764,999,-2823,23.163079968
8104,53,417,-2183,-3388,23.164267392
8104,54,849,-7425,-3871,23.165454816
8104,55,711,-6633,-2630,23.166642240
8104,56,595,-3092,-1775,23.167829664
8104,57,245,-2017,-450,23.169017088
8104,58,-63,-4976,-1952,23.170204512
8104,59,-40,-9212,-2491,23.171391936
8104,60,-192,-9212,-1426,23.172579360
8104,61,-303,-6874,-1127,23.173766784
8104,62,-411,-6665,368,23.174954208
8104,63,-603,-7507,-657,23.176141632
8104,64,-433,-14328,-1033,23.177329056
8105,1,-184,-16821,648,23.178516480
8105,2,111,-7179,1323,23.179703904
8105,3,404,-7171,2842,23.180891328
8105,4,491,-9875,2920,23.182078752
8105,5,222,-3550,3395,23.183266176
8105,6,298,-3209,4064,23.184453600
8105,7,330,-9874,4482,23.185641024
8105,8,372,-7895,3455,23.186828448
8105,9,-39,-2808,3241,23.188015872
8105,10,-241,-8466,2720,23.189203296
8105,11,-322,-9978,2558,23.190390720
8105,12,-496,-7136,2882,23.191578144
8105,13,-166,-7498,2622,23.192765568
8105,14,-131,-4546,1730,23.193952992
8105,15,-11,7,1597,23.195140416
8105,16,251,-2008,2126,23.196327840
8105,17,489,-2764,1803,23.197515264
8105,18,324,250,2470,23.198702688
8105,19,504,-650,1337,23.199890112
8105,20,433,-2825,1131,23.201077536
8105,21,417,-3863,835,23.202264960
8105,22,245,-5279,798,23.203452384
8105,23,-304,-3198,1285,23.204639808
8105,24,-556,-1940,-352,23.205827232
8105,25,-240,-7892,-661,23.207014656
8105,26,-193,-5765,-275,23.208202080
8105,27,-326,2252,-973,23.209389504
8105,28,-450,-945,-1182,23.210576928
8105,29,-190,-3953,-2563,23.211764352
8105,30,-43,1542,-3260,23.212951776
8105,31,130,1612,-2062,23.214139200
8105,32,271,1116,-2585,23.215326624
8105,33,341,2509,-2544,23.216514048
8105,34,117,2049,-2711,23.217701472
8105,35,248,-39,-3648,23.218888896
8105,36,-129,-789,-4532,23.220076320
8105,37,-49,-4564,-3260,23.221263744
8105,38,0,-2666,-2958,23.222451168
8105,39,-299,2181,-3613,23.223638592
8105,40,-400,2511,-1579,23.224826016
8105,41,-546,3948,-2645,23.226013440
8105,42,-111,1966,-1587,23.227200864
8105,43,215,1342,-709,23.228388288
8105,44,357,1049,-778,23.229575712
8105,45,-56,-6085,-4395,23.230763136
8105,46,880,-22755,-1577,23.231950560
8105,47,396,-15755,-3,23.233137984
8105,48,321,1958,-77,23.234325408
8105,49,355,-1164,2997,23.235512832
8105,50,-57,-536,571,23.236700256
8105,51,-281,-2072,-732,23.237887680
8105,52,58,-9604,2461,23.239075104
8105,53,-734,-15915,2983,23.240262528
8105,54,-50,-12042,3644,23.241449952
8105,55,-454,-2368,2688,23.242637376
8105,56,-268,-3071,2593,23.243824800
8105,57,-115,-6226,3336,23.245012224
8105,58,-134,-1298,3112,23.246199648
8105,59,416,-1131,3812,23.247387072
8105,60,579,-4909,4464,23.248574496
8105,61,366,-1258,3667,23.249761920
8105,62,810,-1512,4183,23.250949344
8105,63,80,-9427,2451,23.252136768
8105,64,160,-10856,1450,23.253324192
8106,1,-174,-7469,1648,23.254511616
8106,2,-258,-5501,2001,23.255699040
8106,3,-25,-8584,2832,23.256886464
8106,4,-326,-8536,1978,23.258073888
8106,5,-459,-5130,1295,23.259261312
8106,6,-412,-4441,-223,23.260448736
8106,7,-320,-2037,248,23.261636160
8106,8,119,-2682,503,23.262823584
8106,9,188,-6121,618,23.264011008
8106,10,38,-9423,164,23.265198432
8106,11,384,-6885,-1782,23.266385856
8106,12,339,-3871,-1688,23.267573280
8106,13,496,-7171,-3349,23.268760704
8106,14,465,-12988,-2734,23.269948128
8106,15,105,-8865,-2974,23.271135552
8106,16,-114,-1330,-3101,23.272322976
8106,17,-328,-5474,-3420,23.273510400
8106,18,-262,-9055,-4145,23.274697824
8106,19,-210,-2688,-3409,23.275885248
8106,20,-367,1817,-3413,23.277072672
8106,21,-302,-144,-2466,23.278260096
8106,22,-252,-193,-3769,23.279447520
8106,23,289,543,-2292,23.280634944
8106,24,353,-760,-1953,23.281822368
8106,25,594,-957,-2235,23.283009792
8106,26,595,-475,-2586,23.284197216
8106,27,608,-4072,-2974,23.285384640
8106,28,491,-6611,-1335,23.286572064
8106,29,66,-4133,-898,23.287759488
8106,30,-19,-3330,225,23.288946912
8106,31,-125,-3656,71,23.290134336
8106,32,-301,-2105,332,23.291321760
8106,33,-596,-155,1398,23.292509184
8106,34,-700,12,2652,23.293696608
8106,35,-479,-1431,3870,23.294884032
8106,36,-269,-1481,2950,23.296071456
8106,37,106,-1063,3748,23.297258880
8106,38,427,-912,4714,23.298446304
8106,39,7,-7962,3179,23.299633728
8106,40,450,-9051,2863,23.300821152
8106,41,133,-3291,2844,23.302008576
8106,42,43,-4175,3620,23.303196000
8106,43,-41,-4956,2450,23.304383424
8106,44,-240,-2734,2827,23.305570848
8106,45,-109,-1730,2746,23.306758272
8106,46,-507,-689,1007,23.307945696
8106,47,-672,190,1622,23.309133120
8106,48,-480,-442,2936,23.310320544
8106,49,-345,835,2349,23.311507968
8106,50,-139,822,2061,23.312695392
8106,51,90,218,832,23.313882816
8106,52,831,-1685,-1287,23.315070240
8106,53,414,-9032,-660,23.316257664
8106,54,649,-12436,-723,23.317445088
8106,55,615,-8949,-317,23.318632512
8106,56,491,-1629,-962,23.319819936
8106,57,208,222,-1504,23.321007360
8106,58,78,-4586,-4748,23.322194784
8106,59,-10,-5591,-3680,23.323382208
8106,60,-375,733,-1987,23.324569632
8106,61,-440,-5183,-2872,23.325757056
8106,62,-217,-10726,-1596,23.326944480
8106,63,-351,-932,-2365,23.328131904
8106,64,-62,-2603,-2587,23.329319328
8107,1,174,-11907,-2624,23.330506752
8107,2,133,-7069,-3038,23.331694176
8107,3,418,-6736,-3774,23.332881600
8107,4,595,-16072,-2081,23.334069024
8107,5,528,-11742,-2596,23.335256448
8107,6,476,-4656,-1641,23.336443872
8107,7,379,-6710,-2109,23.337631296
8107,8,66,-6917,-3499,23.338818720
8107,9,-109,-5402,-1681,23.340006144
8107,10,-296,-1452,-532,23.341193568
8107,11,23,-941,1320,23.342380992
8107,12,-455,-1254,795,23.343568416
8107,13,-495,699,-266,23.344755840
8107,14,-570,-161,789,23.345943264
8107,15,267,-9278,477,23.347130688
8107,16,605,-9394,1851,23.348318112
8107,17,23,-4270,3918,23.349505536
8107,18,276,-4318,4342,23.350692960
8107,19,-74,-9737,2000,23.351880384
8107,20,316,-8628,2388,23.353067808
8107,21,-179,-3481,3523,23.354255232
8107,22,-31,-2977,1947,23.355442656
8107,23,-534,-6206,2786,23.356630080
8107,24,-537,-8587,3435,23.357817504
8107,25,-234,-4056,3710,23.359004928
8107,26,-498,-31,2378,23.360192352
8107,27,-684,-3236,1994,23.361379776
8107,28,-141,-6617,1725,23.362567200
8107,29,388,-2529,1494,23.363754624
8107,30,127,-6711,2549,23.364942048
8107,31,285,-13804,1495,23.366129472
8107,32,338,-9747,945,23.367316896
8107,33,325,-1011,506,23.368504320
8107,34,180,-539,585,23.369691744
8107,35,86,-5801,-2384,23.370879168
8107,36,-20,-6635,-711,23.372066592
8107,37,-13,-2742,-236,23.373254016
8107,38,-26,-2278,-148,23.374441440
8107,39,-180,-4029,-2061,23.375628864
8107,40,98,-4755,-2131,23.376816288
8107,41,164,-3268,-2020,23.378003712
8107,42,259,1609,-2496,23.379191136
8107,43,321,1465,-2433,23.380378560
8107,44,508,2381,-1590,23.381565984
8107,45,556,2620,-1974,23.382753408
8107,46,568,372,-1710,23.383940832
8107,47,185,-2003,-5166,23.385128256
8107,48,379,-14906,-3067,23.386315680
8107,49,42,-7181,-1341,23.387503104
8107,50,-395,3552,-3285,23.388690528
8107,51,-193,-1056,77,23.389877952
8107,52,-384,1682,-2594,23.391065376
8107,53,-128,4665,-2277,23.392252800
8107,54,-75,2259,960,23.393440224
8107,55,-296,2659,-1365,23.394627648
8107,56,166,2417,1332,23.395815072
8107,57,230,-673,1216,23.397002496
8107,58,968,-1010,786,23.398189920
8107,59,-20,-16390,-1525,23.399377344
8107,60,73,-16939,-589,23.400564768
8107,61,-42,-6563,814,23.401752192
8107,62,25,-1543,1934,23.402939616
8107,63,-705,-777,2613,23.404127040
8107,64,-530,-4363,678,23.405314464
8108,1,-686,-5911,2083,23.406501888
8108,2,-687,-117,1203,23.407689312
8108,3,-851,-1683,3560,23.408876736
8108,4,-332,-5753,1907,23.410064160
8108,5,49,-3665,3415,23.411251584
8108,6,255,-6983,2593,23.412439008
8108,7,210,-9280,2656,23.413626432
8108,8,109,-7906,579,23.414813856
8108,9,512,-12508,1231,23.416001280
8108,10,620,-7632,1940,23.417188704
8108,11,113,-2478,1377,23.418376128
8108,12,68,-10761,1463,23.419563552
8108,13,-135,-10297,734,23.420750976
8108,14,27,998,131,23.421938400
8108,15,-522,-524,2127,23.423125824
8108,16,-685,-3669,-166,23.424313248
8108,17,320,-7974,-188,23.425500672
8108,18,130,-14241,-1465,23.426688096
8108,19,409,-10471,370,23.427875520
8108,20,189,859,-278,23.429062944
8108,21,564,-396,1547,23.430250368
8108,22,1298,-3005,571,23.431437792
8108,23,464,-3644,-543,23.432625216
8108,24,593,-7585,-2942,23.433812640
8108,25,387,-7336,-1240,23.435000064
8108,26,526,-2407,-1507,23.436187488
8108,27,167,-2428,-1273,23.437374912
8108,28,-383,-7329,-2973,23.438562336
8108,29,-412,-8966,-3047,23.439749760
8108,30,-389,-7604,-1913,23.440937184
8108,31,-390,-4290,-1205,23.442124608
8108,32,-201,-3313,-897,23.443312032
8108,33,-266,-6653,-2249,23.444499456
8108,34,59,-9841,-2271,23.445686880
8108,35,113,-9963,-2097,23.446874304
8108,36,282,-4288,-1129,23.448061728
8108,37,192,33,-383,23.449249152
8108,38,577,-382,-186,23.450436576
8108,39,171,-1925,-1093,23.451624000
8108,40,89,-4909,-1451,23.452811424
8108,41,-160,-1512,53,23.453998848
8108,42,-372,528,-504,23.455186272
8108,43,-349,-759,1034,23.456373696
8108,44,-663,954,-582,23.457561120
8108,45,-810,1644,833,23.458748544
8108,46,-721,1156,1909,23.459935968
8108,47,-463,666,1060,23.461123392
8108,48,23,731,2115,23.462310816
8108,49,-29,-305,2241,23.463498240
8108,50,473,-1511,2146,23.464685664
8108,51,255,-5683,1394,23.465873088
8108,52,147,-12981,165,23.467060512
8108,53,441,-15920,-750,23.468247936
8108,54,112,-7210,1425,23.469435360
8108,55,290,1087,2406,23.470622784
8108,56,49,-948,5631,23.471810208
8108,57,-627,-1517,3269,23.472997632
8108,58,211,-9367,677,23.474185056
8108,59,-225,-12430,644,23.475372480
8108,60,-253,-7038,2271,23.476559904
8108,61,-49,-2647,1515,23.477747328
8108,62,-124,-649,659,23.478934752
8108,63,-84,-949,958,23.480122176
8108,64,14,-1053,272,23.481309600
8109,1,450,-2144,685,23.482497024
8109,2,993,-1334,34,23.483684448
8109,3,359,-8383,-1595,23.484871872
8109,4,642,-16258,-2023,23.486059296
8109,5,469,-7084,-704,23.487246720
8109,6,274,1279,-1419,23.488434144
8109,7,356,-1498,-2146,23.489621568
8109,8,146,-2290,-2853,23.490808992
8109,9,-14,1082,-3400,23.491996416
8109,10,132,-645,-1239,23.493183840
8109,11,-253,-2409,-1504,23.494371264
8109,12,-144,809,-2253,23.495558688
8109,13,-110,325,-1282,23.496746112
8109,14,78,-4030,-4058,23.497933536
8109,15,62,-11164,-2441,23.499120960
8109,16,-52,-10035,-259,23.500308384
8109,17,-121,-4105,-949,23.501495808
8109,18,-112,-6885,-463,23.502683232
8109,19,-115,-10328,-2066,23.503870656
8109,20,-13,-10256,-1100,23.505058080
8109,21,-229,-8246,140,23.506245504
8109,22,-592,-4055,477,23.507432928
8109,23,-589,-6304,217,23.508620352
8109,24,-229,-5707,332,23.509807776
8109,25,-385,-2173,986,23.510995200
8109,26,-281,-2902,1599,23.512182624
8109,27,-546,-5546,1189,23.513370048
8109,28,-76,-5628,604,23.514557472
8109,29,81,-2750,1849,23.515744896
8109,30,-59,-1410,2265,23.516932320
8109,31,-46,-4307,2355,23.518119744
8109,32,-42,-8933,1119,23.519307168
8109,33,131,-2797,1057,23.520494592
8109,34,-19,1215,1305,23.521682016
8109,35,-134,-1518,3524,23.522869440
8109,36,-4,-2765,1924,23.524056864
8109,37,170,-2101,2400,23.525244288
8109,38,65,-3196,1329,23.526431712
8109,39,92,-6585,522,23.527619136
8109,40,191,-2584,1645,23.528806560
8109,41,605,-386,2804,23.529993984
8109,42,737,-3079,1261,23.531181408
8109,43,306,-6590,-716,23.532368832
8109,44,383,-4694,-189,23.533556256
8109,45,353,-6023,68,23.534743680
8109,46,429,-2635,580,23.535931104
8109,47,46,1873,-1073,23.537118528
8109,48,-159,528,-38,23.538305952
8109,49,-206,90,-1080,23.539493376
8109,50,-332,459,-1155,23.540680800
8109,51,61,-685,976,23.541868224
8109,52,-159,-601,-1734,23.543055648
8109,53,315,-2444,-597,23.544243072
8109,54,103,-1654,-2410,23.545430496
8109,55,203,-1536,-539,23.546617920
8109,56,584,457,-1443,23.547805344
8109,57,169,1946,-1564,23.548992768
8109,58,700,-140,-1759,23.550180192
8109,59,334,1581,-3457,23.551367616
8109,60,108,1463,-1468,23.552555040
8109,61,-539,-68,-1238,23.553742464
8109,62,-342,-3963,-3208,23.554929888
8109,63,-601,-9264,-3273,23.556117312
8109,64,-292,-6581,-2491,23.557304736
8110,1,-638,-2585,-659,23.558492160
8110,2,-479,-3908,-419,23.559679584
8110,3,-417,-8060,-351,23.560867008
8110,4,-252,-5670,-111,23.562054432
8110,5,110,-2113,651,23.563241856
8110,6,263,-4215,1279,23.564429280
8110,7,380,-5430,1500,23.565616704
8110,8,345,-5556,1088,23.566804128
8110,9,348,-5176,971,23.567991552
8110,10,-169,-6163,-180,23.569178976
8110,11,-40,-11263,-79,23.570366400
8110,12,-83,-8577,1201,23.571553824
8110,13,-230,-299,684,23.572741248
8110,14,-920,-4057,1080,23.573928672
8110,15,-324,-11759,-957,23.575116096
8110,16,-506,-10687,-56,23.576303520
8110,17,51,-6264,3014,23.577490944
8110,18,-132,-1675,2481,23.578678368
8110,19,272,-4643,2584,23.579865792
8110,20,711,-11622,3196,23.581053216
8110,21,717,-10048,2146,23.582240640
8110,22,677,-7079,2247,23.583428064
8110,23,590,-8611,2280,23.584615488
8110,24,693,-7699,1210,23.585802912
8110,25,554,-7286,609,23.586990336
8110,26,69,-10913,459,23.588177760
8110,27,-97,-8485,377,23.589365184
8110,28,-227,-1437,621,23.590552608
8110,29,-490,-2901,382,23.591740032
8110,30,-17,-4122,-780,23.592927456
8110,31,-383,-2371,-34,23.594114880
8110,32,165,-1851,-85,23.595302304
8110,33,135,-9645,-322,23.596489728
8110,34,414,-11011,-1234,23.597677152
8110,35,319,-5661,-655,23.598864576
8110,36,476,-8577,-774,23.600052000
8110,37,745,-15100,-553,23.601239424
8110,38,569,-8655,-1306,23.602426848
8110,39,206,-2579,-1708,23.603614272
8110,40,100,-4865,-1697,23.604801696
8110,41,-307,-4403,-2221,23.605989120
8110,42,-298,-4562,-2171,23.607176544
8110,43,-335,-6758,-2190,23.608363968
8110,44,-620,-5929,-2606,23.609551392
8110,45,-500,-4277,-2615,23.610738816
8110,46,-451,-7325,-2371,23.611926240
8110,47,-52,-7804,-1668,23.613113664
8110,48,-106,-3753,-777,23.614301088
8110,49,-73,804,-762,23.615488512
8110,50,363,81,253,23.616675936
8110,51,278,-33,429,23.617863360
8110,52,304,1347,969,23.619050784
8110,53,111,1496,1176,23.620238208
8110,54,-14,-603,1456,23.621425632
8110,55,-142,-1797,-1229,23.622613056
8110,56,-231,-6031,431,23.623800480
8110,57,-476,-7146,231,23.624987904
8110,58,-558,-3857,1122,23.626175328
8110,59,-300,-870,767,23.627362752
8110,60,-285,-754,1043,23.628550176
8110,61,-200,601,1200,23.629737600
8110,62,-217,1338,1953,23.630925024
8110,63,64,267,2904,23.632112448
8110,64,-43,-75,2507,23.633299872
8111,1,303,625,2442,23.634487296
8111,2,297,1653,3159,23.635674720
8111,3,-10,850,3158,23.636862144
8111,4,47,-73,3099,23.638049568
8111,5,-58,-663,1723,23.639236992
8111,6,-29,-946,1457,23.640424416
8111,7,-259,445,1751,23.641611840
8111,8,21,-5254,-740,23.642799264
8111,9,-39,-11457,1516,23.643986688
8111,10,38,-6226,-1338,23.645174112
8111,11,-131,-4026,-374,23.646361536
8111,12,145,-3607,-852,23.647548960
8111,13,136,-6064,-1275,23.648736384
8111,14,611,-10501,-1286,23.649923808
8111,15,435,-7094,-1596,23.651111232
8111,16,331,-4103,-1689,23.652298656
8111,17,452,-921,-1429,23.653486080
8111,18,212,661,-866,23.654673504
8111,19,113,1182,-73,23.655860928
8111,20,-50,1364,-1958,23.657048352
8111,21,-195,544,-2154,23.658235776
8111,22,-139,243,-1593,23.659423200
8111,23,-93,500,-1300,23.660610624
8111,24,-40,197,-1893,23.661798048
8111,25,-17,-2275,-2534,23.662985472
8111,26,-8,-6090,-2344,23.664172896
8111,27,186,-5923,-2567,23.665360320
8111,28,233,-4365,-1205,23.666547744
8111,29,200,-2167,231,23.667735168
8111,30,215,736,-821,23.668922592
8111,31,104,-1316,-83,23.670110016
8111,32,139,-7243,-1223,23.671297440
8111,33,6,-6584,366,23.672484864
8111,34,-222,-3854,1422,23.673672288
8111,35,-332,-3015,2261,23.674859712
8111,36,-468,-2655,1607,23.676047136
8111,37,-656,-2398,1273,23.677234560
8111,38,-610,-4976,975,23.678421984
8111,39,-374,-9757,898,23.679609408
8111,40,-106,-9263,1245,23.680796832
8111,41,-108,-7893,2070,23.681984256
8111,42,-198,-3627,1675,23.683171680
8111,43,-318,-9222,1287,23.684359104
8111,44,210,-9888,1314,23.685546528
8111,45,36,-3969,1391,23.686733952
8111,46,151,-4741,1130,23.687921376
8111,47,-13,-8754,1089,23.689108800
8111,48,15,-10378,541,23.690296224
8111,49,240,-9793,905,23.691483648
8111,50,148,-9926,364,23.692671072
8111,51,190,-5052,-404,23.693858496
8111,52,160,-4264,-436,23.695045920
8111,53,438,-6580,-958,23.696233344
8111,54,476,-12133,-305,23.697420768
8111,55,487,-10950,-966,23.698608192
8111,56,468,-3688,-387,23.699795616
8111,57,661,-4056,-1104,23.700983040
8111,58,581,-10951,-1719,23.702170464
8111,59,638,-10164,-947,23.703357888
8111,60,383,-1249,-252,23.704545312
8111,61,260,-1545,1000,23.705732736
8111,62,356,-7644,-2004,23.706920160
8111,63,416,-5093,-698,23.708107584
8111,64,109,-839,26,23.709295008
8112,1,164,-6678,-825,23.710482432
8112,2,157,-10883,-424,23.711669856
8112,3,196,-4558,-1192,23.712857280
8112,4,173,-4559,-79,23.714044704
8112,5,4,-5792,-80,23.715232128
8112,6,-61,-46,-175,23.716419552
8112,7,63,-437,-654,23.717606976
8112,8,149,-2911,-1177,23.718794400
8112,9,-92,620,-790,23.719981824
8112,10,-276,1313,1309,23.721169248
8112,11,-173,-800,2067,23.722356672
8112,12,-227,395,816,23.723544096
8112,13,-579,286,225,23.724731520
8112,14,-549,-3351,-1424,23.725918944
8112,15,-303,-10286,-33,23.727106368
8112,16,-398,-10409,1275,23.728293792
8112,17,-576,-4575,152,23.729481216
8112,18,-699,-3132,600,23.730668640
8112,19,-487,-3397,-261,23.731856064
8112,20,-215,-1803,-96,23.733043488
8112,21,-239,-3463,477,23.734230912
8112,22,-267,-3404,-29,23.735418336
8112,23,-343,-1570,-102,23.736605760
8112,24,-235,-1490,510,23.737793184
8112,25,134,-3738,-464,23.738980608
8112,26,6,-10962,1753,23.740168032
8112,27,110,-10357,-817,23.741355456
8112,28,23,-2036,-1140,23.742542880
8112,29,18,-1824,423,23.743730304
8112,30,65,-2802,-160,23.744917728
8112,31,139,-1507,-257,23.746105152
8112,32,169,-1736,1208,23.747292576
8112,33,286,-1690,-95,23.748480000
8112,34,300,-356,-336,23.749667424
8112,35,381,-508,1708,23.750854848
8112,36,426,-352,962,23.752042272
8112,37,287,-1446,104,23.753229696
8112,38,609,-6015,457,23.754417120
8112,39,662,-3855,-649,23.755604544
8112,40,491,644,701,23.756791968
8112,41,281,-869,2117,23.757979392
8112,42,103,-510,775,23.759166816
8112,43,267,-385,421,23.760354240
8112,44,85,-4326,178,23.761541664
8112,45,34,-6728,1173,23.762729088
8112,46,-128,-2537,526,23.763916512
8112,47,-145,-1598,1631,23.765103936
8112,48,-140,-6969,-48,23.766291360
8112,49,-193,-4027,68,23.767478784
8112,50,-279,-590,509,23.768666208
8112,51,81,-1835,1102,23.769853632
8112,52,5,-3950,-1499,23.771041056
8112,53,18,-7007,-1535,23.772228480
8112,54,-203,-5088,-324,23.773415904
8112,55,-200,63,-496,23.774603328
8112,56,-199,-1270,951,23.775790752
8112,57,-282,-4226,-1545,23.776978176
8112,58,-426,-2527,-1719,23.778165600
8112,59,-661,-3475,-1571,23.779353024
8112,60,-504,-4006,-573,23.780540448
8112,61,-617,-6561,-1195,23.781727872
8112,62,-470,-12631,-2035,23.782915296
8112,63,-398,-13775,-1836,23.784102720
8112,64,-302,-10594,-2040,23.785290144
8113,1,-120,-15005,-902,23.786477568
8113,2,15,-15665,-928,23.787664992
8113,3,-61,-9242,-863,23.788852416
8113,4,64,-9972,-965,23.790039840
8113,5,317,-12852,-573,23.791227264
8113,6,359,-10701,-19,23.792414688
8113,7,344,-6585,535,23.793602112
8113,8,216,-8935,267,23.794789536
8113,9,303,-12076,113,23.795976960
8113,10,437,-11080,854,23.797164384
8113,11,443,-6715,1428,23.798351808
8113,12,322,-4948,1908,23.799539232
8113,13,213,-3890,1179,23.800726656
8113,14,483,-4187,1380,23.801914080
8113,15,553,-2877,1921,23.803101504
8113,16,345,840,1935,23.804288928
8113,17,384,189,3196,23.805476352
8113,18,422,15,2323,23.806663776
8113,19,495,-566,1761,23.807851200
8113,20,580,-1231,1158,23.809038624
8113,21,382,-4769,1590,23.810226048
8113,22,425,-3649,1334,23.811413472
8113,23,297,-931,1236,23.812600896
8113,24,167,-586,1322,23.813788320
8113,25,210,-221,197,23.814975744
8113,26,-17,589,1011,23.816163168
8113,27,-81,1768,687,23.817350592
8113,28,-194,1681,197,23.818538016
8113,29,-519,3043,1056,23.819725440
8113,30,-401,4213,588,23.820912864
8113,31,-434,3232,16,23.822100288
8113,32,-76,3562,488,23.823287712
8113,33,-234,4893,-945,23.824475136
8113,34,-267,4855,-418,23.825662560
8113,35,-403,11609,-888,23.826849984
8113,36,-327,6573,-671,23.828037408
8113,37,-240,-1079,324,23.829224832
8113,38,30,1599,-4312,23.830412256
8113,39,-6,-1471,-1944,23.831599680
8113,40,-175,-1685,-2642,23.832787104
8113,41,-416,-955,-3257,23.833974528
8113,42,237,-8895,-5312,23.835161952
8113,43,-477,-25379,-888,23.836349376
8113,44,91,-15735,-2083,23.837536800
8113,45,-198,4008,-1682,23.838724224
8113,46,-53,-1490,336,23.839911648
8113,47,-148,-3581,-5793,23.841099072
8113,48,268,-10943,-2114,23.842286496
8113,49,223,-8658,2617,23.843473920
8113,50,-200,-2090,564,23.844661344
8113,51,200,-6747,719,23.845848768
8113,52,55,-11614,-1410,23.847036192
8113,53,404,-6845,-2028,23.848223616
8113,54,247,-485,1482,23.849411040
8113,55,-255,-574,1513,23.850598464
8113,56,620,-4298,-2043,23.851785888
8113,57,634,-13607,2606,23.852973312
8113,58,517,-9284,1859,23.854160736
8113,59,440,-3428,2832,23.855348160
8113,60,201,-6527,2430,23.856535584
8113,61,609,-6268,-1018,23.857723008
8113,62,735,-11362,-442,23.858910432
8113,63,243,-7889,2718,23.860097856
8113,64,396,351,3720,23.861285280
8114,1,56,-2224,5292,23.862472704
8114,2,-183,-581,968,23.863660128
8114,3,-327,-684,2349,23.864847552
8114,4,2,-7442,1450,23.866034976
8114,5,32,-16462,2760,23.867222400
8114,6,-23,-12169,2830,23.868409824
8114,7,-601,-6790,3778,23.869597248
8114,8,-640,-10481,525,23.870784672
8114,9,-264,-17066,2079,23.871972096
8114,10,-362,-9112,1073,23.873159520
8114,11,-167,-2312,262,23.874346944
8114,12,-728,-8772,740,23.875534368
8114,13,-733,-8829,-1229,23.876721792
8114,14,-249,-10675,756,23.877909216
8114,15,-454,-11149,189,23.879096640
8114,16,-429,-2042,-781,23.880284064
8114,17,-883,-79,-1415,23.881471488
8114,18,-173,-7472,-3289,23.882658912
8114,19,-92,-7889,-1471,23.883846336
8114,20,-295,1407,-1344,23.885033760
8114,21,-175,973,30,23.886221184
8114,22,190,-2887,-2638,23.887408608
8114,23,273,347,-4102,23.888596032
8114,24,463,2519,-2718,23.889783456
8114,25,549,527,-1410,23.890970880
8114,26,334,1023,-2398,23.892158304
8114,27,500,503,-1865,23.893345728
8114,28,276,1877,-2881,23.894533152
8114,29,286,3784,-1589,23.895720576
8114,30,151,3614,-526,23.896908000
8114,31,167,2351,-1336,23.898095424
8114,32,194,2401,-1422,23.899282848
8114,33,-72,849,-1027,23.900470272
8114,34,149,-396,406,23.901657696
8114,35,65,-320,1019,23.902845120
8114,36,34,-1187,909,23.904032544
8114,37,90,-1454,898,23.905219968
8114,38,39,-393,-100,23.906407392
8114,39,146,-2950,2398,23.907594816
8114,40,290,-14904,1964,23.908782240
8114,41,324,-17089,2406,23.909969664
8114,42,254,-3822,-295,23.911157088
8114,43,17,-28,598,23.912344512
8114,44,-13,-3562,-258,23.913531936
8114,45,107,-6823,767,23.914719360
8114,46,-245,-8895,1937,23.915906784
8114,47,-159,-9089,-360,23.917094208
8114,48,-274,-7947,1475,23.918281632
8114,49,-444,-6415,-50,23.919469056
8114,50,-128,-12271,1111,23.920656480
8114,51,-391,-10438,1352,23.921843904
8114,52,-297,369,-395,23.923031328
8114,53,-242,-2011,1229,23.924218752
8114,54,149,-5518,1008,23.925406176
8114,55,197,-1912,1264,23.926593600
8114,56,191,-7403,1826,23.927781024
8114,57,-17,-16108,-864,23.928968448
8114,58,375,-8842,-622,23.930155872
8114,59,60,-1308,1143,23.931343296
8114,60,31,-6334,831,23.932530720
8114,61,288,-8005,-228,23.933718144
8114,62,-192,-3384,-60,23.934905568
8114,63,247,-1943,-219,23.936092992
8114,64,26,-1085,483,23.937280416
8115,1,-181,-262,2210,23.938467840
8115,2,264,-1950,2050,23.939655264
8115,3,114,-15136,1595,23.940842688
8115,4,209,-13591,698,23.942030112
8115,5,148,-2347,456,23.943217536
8115,6,84,-772,1011,23.944404960
8115,7,108,-1941,-236,23.945592384
8115,8,289,-4604,-1856,23.946779808
8115,9,-4,-5891,962,23.947967232
8115,10,113,-1008,31,23.949154656
8115,11,-137,1487,493,23.950342080
8115,12,-66,-741,1550,23.951529504
8115,13,-98,3674,-1794,23.952716928
8115,14,-248,2194,-37,23.953904352
8115,15,-48,375,-2085,23.955091776
8115,16,14,1066,-185,23.956279200
8115,17,4,-4296,-3591,23.957466624
8115,18,287,-16632,-1564,23.958654048
8115,19,71,-10016,-2282,23.959841472
8115,20,-64,-1665,-807,23.961028896
8115,21,143,-1148,-735,23.962216320
8115,22,-16,266,-1635,23.963403744
8115,23,-60,-1845,-1442,23.964591168
8115,24,130,-6897,-2182,23.965778592
8115,25,-161,-6663,-986,23.966966016
8115,26,25,-1538,-1918,23.968153440
8115,27,-246,-9817,-2077,23.969340864
8115,28,65,-10746,-1911,23.970528288
8115,29,-85,-180,-1424,23.971715712
8115,30,-179,365,697,23.972903136
8115,31,121,-4794,-271,23.974090560
8115,32,-118,-5876,-807,23.975277984
8115,33,342,-3136,-433,23.976465408
8115,34,-115,-6597,1760,23.977652832
8115,35,211,-2275,1285,23.978840256
8115,36,-219,356,2285,23.980027680
8115,37,104,-5062,2561,23.981215104
8115,38,-59,-3488,1846,23.982402528
8115,39,-113,-694,1671,23.983589952
8115,40,226,-4729,3136,23.984777376
8115,41,-30,-5242,2341,23.985964800
8115,42,81,-2095,1268,23.987152224
8115,43,102,-8079,1933,23.988339648
8115,44,268,-9734,2610,23.989527072
8115,45,243,-2793,2698,23.990714496
8115,46,98,-6666,1942,23.991901920
8115,47,242,-5757,2240,23.993089344
8115,48,-95,198,1566,23.994276768
8115,49,215,-3531,1445,23.995464192
8115,50,145,-8439,1920,23.996651616
8115,51,-34,-94,319,23.997839040
8115,52,-145,830,1479,23.999026464
8115,53,-27,-1791,1140,24.000213888
8115,54,-285,697,-297,24.001401312
8115,55,-100,-1509,441,24.002588736
8115,56,60,-1957,-1904,24.003776160
8115,57,-50,231,-1603,24.004963584
8115,58,107,-657,-2241,24.006151008
8115,59,-133,-4778,-2613,24.007338432
8115,60,47,-7453,-3578,24.008525856
8115,61,53,-5807,-3722,24.009713280
8115,62,77,-5457,-3329,24.010900704
8115,63,208,-5105,-3426,24.012088128
8115,64,-53,-3146,-2448,24.013275552
8116,1,-146,-4833,-2908,24.014462976
8116,2,38,-6996,-2446,24.015650400
8116,3,-84,-5553,-1972,24.016837824
8116,4,133,-2498,-1486,24.018025248
8116,5,-24,-3443,-1051,24.019212672
8116,6,-17,-5992,-1570,24.020400096
8116,7,123,-8527,-1227,24.021587520
8116,8,119,-7336,-704,24.022774944
8116,9,172,-2652,-92,24.023962368
8116,10,181,-1722,-17,24.025149792
8116,11,136,-1999,20,24.026337216
8116,12,70,-1515,120,24.027524640
8116,13,-55,-1159,957,24.028712064
8116,14,-4,-833,1658,24.029899488
8116,15,56,-582,1449,24.031086912
8116,16,22,-274,2637,24.032274336
8116,17,27,-1011,2318,24.033461760
8116,18,-69,-4235,2038,24.034649184
8116,19,112,-2447,2335,24.035836608
8116,20,169,-3038,2433,24.037024032
8116,21,405,-8234,2032,24.038211456
8116,22,307,-8109,1845,24.039398880
8116,23,315,-4769,2383,24.040586304
8116,24,217,-2123,2253,24.041773728
8116,25,158,-703,1606,24.042961152
8116,26,-155,-1014,1979,24.044148576
8116,27,185,-2950,761,24.045336000
8116,28,-61,-1669,1649,24.046523424
8116,29,-431,-440,2087,24.047710848
8116,30,-219,-2692,1002,24.048898272
8116,31,-335,-6780,289,24.050085696
8116,32,-212,-7648,-515,24.051273120
8116,33,-255,-9436,-643,24.052460544
8116,34,-258,-10466,-62,24.053647968
8116,35,-244,-6799,-889,24.054835392
8116,36,-159,-5735,-680,24.056022816
8116,37,-98,-3602,-1451,24.057210240
8116,38,-2,-6646,-2225,24.058397664
8116,39,159,-13039,-2464,24.059585088
8116,40,50,-8417,-2708,24.060772512
8116,41,-46,-7095,-2257,24.061959936
8116,42,97,-8027,-2490,24.063147360
8116,43,143,-6332,-2337,24.064334784
8116,44,340,-5491,-2407,24.065522208
8116,45,211,-3978,-1797,24.066709632
8116,46,234,-733,-1948,24.067897056
8116,47,225,-1212,-500,24.069084480
8116,48,361,-3367,-927,24.070271904
8116,49,504,-5884,-267,24.071459328
8116,50,81,-9839,-1263,24.072646752
8116,51,274,-11503,-1718,24.073834176
8116,52,192,-8572,-140,24.075021600
8116,53,26,-2620,-12,24.076209024
8116,54,-18,-3387,785,24.077396448
8116,55,28,-3633,457,24.078583872
8116,56,-19,557,528,24.079771296
8116,57,118,-529,1654,24.080958720
8116,58,-87,-578,1416,24.082146144
8116,59,130,-1526,1426,24.083333568
8116,60,80,-10524,998,24.084520992
8116,61,216,-12914,879,24.085708416
8116,62,-32,-7741,1186,24.086895840
8116,63,-84,-7562,1307,24.088083264
8116,64,-48,-12148,801,24.089270688
8117,1,-94,-9017,1267,24.090458112
8117,2,-371,-4710,1809,24.091645536
8117,3,-298,-5198,1864,24.092832960
8117,4,-629,-6146,2263,24.094020384
8117,5,-404,-3604,1406,24.095207808
8117,6,-528,-4916,1934,24.096395232
8117,7,-285,-3789,1265,24.097582656
8117,8,-471,-1640,1501,24.098770080
8117,9,-128,-2450,1200,24.099957504
8117,10,-119,-3156,228,24.101144928
8117,11,50,-6717,-1201,24.102332352
8117,12,295,-9293,-1062,24.103519776
8117,13,50,-8207,485,24.104707200
8117,14,239,-1024,-160,24.105894624
8117,15,-166,-415,292,24.107082048
8117,16,-164,-1977,-199,24.108269472
8117,17,-23,-985,-1188,24.109456896
8117,18,-90,-815,24,24.110644320
8117,19,-149,-403,209,24.111831744
8117,20,-229,433,-941,24.113019168
8117,21,155,461,763,24.114206592
8117,22,232,1559,-496,24.115394016
8117,23,308,2141,-48,24.116581440
8117,24,545,1300,161,24.117768864
8117,25,490,2073,-631,24.118956288
8117,26,547,1254,-115,24.120143712
8117,27,343,672,-743,24.121331136
8117,28,218,1165,-866,24.122518560
8117,29,-32,-342,-440,24.123705984
8117,30,-175,-5343,-2866,24.124893408
8117,31,-324,-9067,-2098,24.126080832
8117,32,-222,-9856,-1762,24.127268256
8117,33,-193,-6154,241,24.128455680
8117,34,-182,-1486,-510,24.129643104
8117,35,-347,-4050,-660,24.130830528
8117,36,-126,-8824,-1091,24.132017952
8117,37,299,-6654,-645,24.133205376
8117,38,323,-3498,580,24.134392800
8117,39,607,-2583,354,24.135580224
8117,40,382,-2534,-113,24.136767648
8117,41,394,-2597,-924,24.137955072
8117,42,109,-4847,-1619,24.139142496
8117,43,-89,-11123,-1540,24.140329920
8117,44,59,-6475,-710,24.141517344
8117,45,-234,1209,-464,24.142704768
8117,46,-876,-2520,203,24.143892192
8117,47,-664,-7046,-1366,24.145079616
8117,48,-666,-7925,2162,24.146267040
8117,49,-264,-7041,-711,24.147454464
8117,50,17,-7181,761,24.148641888
8117,51,122,-8997,1534,24.149829312
8117,52,290,-5768,1339,24.151016736
8117,53,215,-6518,2519,24.152204160
8117,54,357,-5494,2422,24.153391584
8117,55,504,-3261,2080,24.154579008
8117,56,647,-1467,1770,24.155766432
8117,57,308,-2297,2775,24.156953856
8117,58,20,-6810,667,24.158141280
8117,59,-372,-10501,2344,24.159328704
8117,60,-273,-5969,846,24.160516128
8117,61,-64,-225,1311,24.161703552
8117,62,-443,-916,1673,24.162890976
8117,63,-159,1264,786,24.164078400
8117,64,-37,503,2165,24.165265824
8118,1,34,794,2182,24.166453248
8118,2,326,1189,1957,24.167640672
8118,3,719,2186,1683,24.168828096
8118,4,693,2775,1749,24.170015520
8118,5,1074,-315,853,24.171202944
8118,6,193,-8317,-4473,24.172390368
8118,7,394,-17235,-2685,24.173577792
8118,8,439,-9816,-1760,24.174765216
8118,9,-45,1218,-558,24.175952640
8118,10,196,117,-933,24.177140064
8118,11,-817,-318,-2961,24.178327488
8118,12,-376,517,-4047,24.179514912
8118,13,-671,619,-2995,24.180702336
8118,14,-909,-880,-2056,24.181889760
8118,15,172,-3529,-2406,24.183077184
8118,16,16,-8791,-2536,24.184264608
8118,17,357,-9077,-2570,24.185452032
8118,18,65,-1807,-1864,24.186639456
8118,19,139,1349,-1525,24.187826880
8118,20,658,-2635,-1500,24.189014304
8118,21,347,-4378,-2283,24.190201728
8118,22,452,-3522,-1756,24.191389152
8118,23,66,-6811,-925,24.192576576
8118,24,28,-2802,-1486,24.193764000
8118,25,-164,291,-1302,24.194951424
8118,26,-418,-1409,-1326,24.196138848
8118,27,-579,247,-1126,24.197326272
8118,28,-641,-16,1428,24.198513696
8118,29,-396,-2078,2005,24.199701120
8118,30,-227,-3076,190,24.200888544
8118,31,240,-9647,1944,24.202075968
8118,32,322,-11872,2001,24.203263392
8118,33,310,-4256,3511,24.204450816
8118,34,210,-2595,5381,24.205638240
8118,35,274,-5889,2199,24.206825664
8118,36,319,-12217,2821,24.208013088
8118,37,313,-7933,2578,24.209200512
8118,38,257,-5429,3094,24.210387936
8118,39,25,-12546,2937,24.211575360
8118,40,-201,-13625,1595,24.212762784
8118,41,-104,-9454,2203,24.213950208
8118,42,-155,-5198,2394,24.215137632
8118,43,-206,-6469,1544,24.216325056
8118,44,-69,-9381,469,24.217512480
8118,45,-43,-9155,90,24.218699904
8118,46,72,-6196,-24,24.219887328
8118,47,213,-10801,273,24.221074752
8118,48,419,-14877,-365,24.222262176
8118,49,546,-8136,135,24.223449600
8118,50,292,-2222,-812,24.224637024
8118,51,139,-4784,-1279,24.225824448
8118,52,254,-8394,-2165,24.227011872
8118,53,236,-9551,-2289,24.228199296
8118,54,295,-10491,-1987,24.229386720
8118,55,-126,-6255,-2758,24.230574144
8118,56,-92,-6557,-2676,24.231761568
8118,57,224,-13398,-2613,24.232948992
8118,58,177,-9735,-2041,24.234136416
8118,59,-31,-1724,-1550,24.235323840
8118,60,1,-2836,-1935,24.236511264
8118,61,351,-5373,-1349,24.237698688
8118,62,304,-5092,-1250,24.238886112
8118,63,169,-4389,-276,24.240073536
8118,64,-123,-1339,-322,24.241260960
8119,1,-154,-205,-597,24.242448384
8119,2,42,-1164,456,24.243635808
8119,3,-354,1103,-357,24.244823232
8119,4,-619,2807,1237,24.246010656
8119,5,-522,2552,1173,24.247198080
8119,6,-513,5878,359,24.248385504
8119,7,118,3338,1550,24.249572928
8119,8,-148,3313,1359,24.250760352
8119,9,149,4495,2648,24.251947776
8119,10,63,9362,2749,24.253135200
8119,11,95,10882,2023,24.254322624
8119,12,-166,7347,2361,24.255510048
8119,13,-139,1682,2085,24.256697472
8119,14,12,1229,1836,24.257884896
8119,15,-140,1623,3203,24.259072320
8119,16,-289,2512,1183,24.260259744
8119,17,-584,3505,1966,24.261447168
8119,18,-504,4366,780,24.262634592
8119,19,-280,2033,1275,24.263822016
8119,20,-307,661,584,24.265009440
8119,21,-330,1387,-111,24.266196864
8119,22,-3,419,544,24.267384288
8119,23,-68,-705,420,24.268571712
8119,24,12,-86,15,24.269759136
8119,25,147,-1145,-272,24.270946560
8119,26,258,-2490,-1512,24.272133984
8119,27,332,-3644,-1515,24.273321408
8119,28,84,-9683,-3273,24.274508832
8119,29,191,-21036,200,24.275696256
8119,30,207,-20365,-1140,24.276883680
8119,31,-104,-1390,-972,24.278071104
8119,32,-58,89,-562,24.279258528
8119,33,114,-7686,-4889,24.280445952
8119,34,114,-14673,-4223,24.281633376
8119,35,321,-9981,741,24.282820800
8119,36,-282,-9252,-1300,24.284008224
8119,37,294,-14823,-1982,24.285195648
8119,38,322,-16017,-2250,24.286383072
8119,39,265,-9895,-3900,24.287570496
8119,40,170,-12065,-614,24.288757920
8119,41,17,-10960,-1135,24.289945344
8119,42,376,-8968,-700,24.291132768
8119,43,567,-13026,1233,24.292320192
8119,44,154,-14545,749,24.293507616
8119,45,446,-10400,2221,24.294695040
8119,46,178,-5860,1216,24.295882464
8119,47,402,-7765,-309,24.297069888
8119,48,334,-14028,803,24.298257312
8119,49,43,-8820,1364,24.299444736
8119,50,298,-3809,3910,24.300632160
8119,51,323,-4719,2838,24.301819584
8119,52,-168,-7884,1397,24.303007008
8119,53,52,-6917,596,24.304194432
8119,54,-149,-4948,2028,24.305381856
8119,55,72,-5013,3955,24.306569280
8119,56,-101,-1677,3029,24.307756704
8119,57,-694,-1332,2390,24.308944128
8119,58,-157,-3468,2413,24.310131552
8119,59,-544,-5532,2013,24.311318976
8119,60,-145,-7241,2190,24.312506400
8119,61,-294,-3988,2302,24.313693824
8119,62,-451,-669,1397,24.314881248
8119,63,-471,-1259,2241,24.316068672
8119,64,-415,-2162,-126,24.317256096
8120,1,-168,-2586,914,24.318443520
8120,2,-208,-983,-507,24.319630944
8120,3,-439,-1000,-1502,24.320818368
8120,4,-187,-1502,-529,24.322005792
8120,5,-319,1,-1081,24.323193216
8120,6,-300,-53,94,24.324380640
8120,7,-57,-1238,-1780,24.325568064
8120,8,-141,-1902,-2629,24.326755488
8120,9,66,-788,-2194,24.327942912
8120,10,-2,1202,-1959,24.329130336
8120,11,121,817,-195,24.330317760
8120,12,169,827,-1902,24.331505184
8120,13,458,-172,-2582,24.332692608
8120,14,1029,-1,-3200,24.333880032
8120,15,222,-4152,-2717,24.335067456
8120,16,765,-1895,-2443,24.336254880
8120,17,289,1727,-3181,24.337442304
8120,18,507,-914,-2029,24.338629728
8120,19,379,-1059,-4440,24.339817152
8120,20,221,-301,-2299,24.341004576
8120,21,258,-4780,-2181,24.342192000
8120,22,246,-6295,-1831,24.343379424
8120,23,34,600,-1092,24.344566848
8120,24,-19,70,350,24.345754272
8120,25,-24,-8755,-1844,24.346941696
8120,26,311,-10863,234,24.348129120
8120,27,204,-1774,484,24.349316544
8120,28,126,-2322,1493,24.350503968
8120,29,118,-7444,31,24.351691392
8120,30,210,-8951,361,24.352878816
8120,31,330,-12623,1101,24.354066240
8120,32,384,-12684,911,24.355253664
8120,33,17,-8189,1107,24.356441088
8120,34,-2,-8828,-13,24.357628512
8120,35,90,-15623,745,24.358815936
8120,36,19,-14178,2022,24.360003360
8120,37,-275,-9179,2096,24.361190784
8120,38,-212,-15127,2419,24.362378208
8120,39,-260,-11690,2312,24.363565632
8120,40,-289,-1345,2848,24.364753056
8120,41,-62,-4924,3641,24.365940480
8120,42,-309,-13376,4125,24.367127904
8120,43,13,-8280,2905,24.368315328
8120,44,-271,-3835,2535,24.369502752
8120,45,-128,-9183,3042,24.370690176
8120,46,-217,-4063,2657,24.371877600
8120,47,-442,547,2497,24.373065024
8120,48,-267,-3955,1461,24.374252448
8120,49,-404,-3359,-157,24.375439872
8120,50,-386,751,502,24.376627296
8120,51,-361,-948,2412,24.377814720
8120,52,-287,-778,881,24.379002144
8120,53,-411,912,-118,24.380189568
8120,54,-228,437,-100,24.381376992
8120,55,-153,1883,-239,24.382564416
8120,56,64,2300,1303,24.383751840
8120,57,196,1885,1464,24.384939264
8120,58,86,1237,202,24.386126688
8120,59,434,329,-211,24.387314112
8120,60,109,1385,-806,24.388501536
8120,61,402,-166,-863,24.389688960
8120,62,184,-3658,-4166,24.390876384
8120,63,398,-3289,-2261,24.392063808
8120,64,20,1756,-3438,24.393251232
8121,1,77,1979,-1753,24.394438656
8121,2,130,3944,-2223,24.395626080
8121,3,209,5541,-2911,24.396813504
8121,4,270,4535,-3050,24.398000928
8121,5,-251,4942,-3579,24.399188352
8121,6,41,4413,-1781,24.400375776
8121,7,-30,2906,-2028,24.401563200
8121,8,256,1845,-1944,24.402750624
8121,9,88,3662,-2507,24.403938048
8121,10,-22,3232,-1890,24.405125472
8121,11,-18,1858,-1730,24.406312896
8121,12,-56,844,-1685,24.407500320
8121,13,56,-676,-1175,24.408687744
8121,14,87,-1435,-1156,24.409875168
8121,15,-276,-4567,-2488,24.411062592
8121,16,337,-21478,-5821,24.412250016
8121,17,47,-21261,-1483,24.413437440
8121,18,-136,-11181,552,24.414624864
8121,19,86,-352,2342,24.415812288
8121,20,268,-1320,1241,24.416999712
8121,21,238,-16938,4546,24.418187136
8121,22,21,-17582,1284,24.419374560
8121,23,-101,-9027,2064,24.420561984
8121,24,-213,-10319,5141,24.421749408
8121,25,15,-10391,2143,24.422936832
8121,26,110,-7566,4444,24.424124256
8121,27,-242,-9459,2847,24.425311680
8121,28,-181,-12183,3299,24.426499104
8121,29,-412,-13706,4516,24.427686528
8121,30,-93,-13461,2774,24.428873952
8121,31,443,-15016,3851,24.430061376
8121,32,175,-14455,2171,24.431248800
8121,33,229,-14980,1635,24.432436224
8121,34,401,-14303,2069,24.433623648
8121,35,117,-4756,1720,24.434811072
8121,36,482,-1803,2352,24.435998496
8121,37,274,-10606,1804,24.437185920
8121,38,439,-17046,1667,24.438373344
8121,39,430,-10059,1865,24.439560768
8121,40,-221,-2167,571,24.440748192
8121,41,-71,-1135,1052,24.441935616
8121,42,-51,-350,414,24.443123040
8121,43,88,1316,745,24.444310464
8121,44,64,683,7,24.445497888
8121,45,-370,1712,-1119,24.446685312
8121,46,379,3665,898,24.447872736
8121,47,-402,6938,-2753,24.449060160
8121,48,232,3273,-299,24.450247584
8121,49,220,3986,-2767,24.451435008
8121,50,-116,5016,-2837,24.452622432
8121,51,-201,2455,-2178,24.453809856
8121,52,22,3027,-3618,24.454997280
8121,53,-511,6933,-2263,24.456184704
8121,54,-325,7186,-2395,24.457372128
8121,55,-182,4462,-3021,24.458559552
8121,56,-391,6966,-2799,24.459746976
8121,57,-318,7167,-2300,24.460934400
8121,58,-437,3196,-1667,24.462121824
8121,59,32,948,-2027,24.463309248
8121,60,99,1902,-2525,24.464496672
8121,61,15,1237,-2429,24.465684096
8121,62,149,181,-1859,24.466871520
8121,63,62,-151,-1857,24.468058944
8121,64,129,-1506,133,24.469246368
8122,1,122,-5299,-5016,24.470433792
8122,2,-55,-28622,-2350,24.471621216
8122,3,133,-23187,-81,24.472808640
8122,4,124,2722,-924,24.473996064
8122,5,-270,-1026,3583,24.475183488
8122,6,-1,-12251,-4721,24.476370912
8122,7,160,-18122,109,24.477558336
8122,8,371,-14086,2931,24.478745760
8122,9,-171,-8640,2808,24.479933184
8122,10,327,-10241,4363,24.481120608
8122,11,583,-12073,-227,24.482308032
8122,12,752,-16611,-328,24.483495456
8122,13,344,-7494,2239,24.484682880
8122,14,112,2679,1271,24.485870304
8122,15,203,-5348,907,24.487057728
8122,16,633,-8140,1553,24.488245152
8122,17,505,-2537,3284,24.489432576
8122,18,46,-13705,4605,24.490620000
8122,19,28,-11739,5119,24.491807424
8122,20,155,2072,2228,24.492994848
8122,21,337,-3624,5644,24.494182272
8122,22,-31,-6567,2315,24.495369696
8122,23,382,-10533,5406,24.496557120
8122,24,579,-11557,3362,24.497744544
8122,25,135,-6240,4037,24.498931968
8122,26,-145,-2876,1102,24.500119392
8122,27,-335,-6877,1085,24.501306816
8122,28,316,-8751,1615,24.502494240
8122,29,21,-4749,1361,24.503681664
8122,30,-632,-4829,1508,24.504869088
8122,31,-779,-3393,271,24.506056512
8122,32,-882,-1532,972,24.507243936
8122,33,-298,-957,1110,24.508431360
8122,34,-763,-2232,-1359,24.509618784
8122,35,-714,-6241,-1522,24.510806208
8122,36,-488,-1940,-1624,24.511993632
8122,37,-461,466,-1356,24.513181056
8122,38,-349,1514,-230,24.514368480
8122,39,-282,3393,-1602,24.515555904
8122,40,139,3660,-2449,24.516743328
8122,41,269,2277,-3386,24.517930752
8122,42,-36,41,-4222,24.519118176
8122,43,11,-816,-5367,24.520305600
8122,44,-193,-10608,-3024,24.521493024
8122,45,530,-11270,-5173,24.522680448
8122,46,99,-349,-5888,24.523867872
8122,47,119,1680,-5339,24.525055296
8122,48,-260,301,-4327,24.526242720
8122,49,-96,-1577,-4694,24.527430144
8122,50,328,-6534,-2370,24.528617568
8122,51,356,-10309,-4715,24.529804992
8122,52,404,-11554,-462,24.530992416
8122,53,577,-7434,-1162,24.532179840
8122,54,695,-8554,1185,24.533367264
8122,55,505,-6001,984,24.534554688
8122,56,283,298,-747,24.535742112
8122,57,491,-211,1344,24.536929536
8122,58,561,-3490,1339,24.538116960
8122,59,392,-2357,2543,24.539304384
8122,60,327,-5771,807,24.540491808
8122,61,297,-11533,854,24.541679232
8122,62,96,-9359,2514,24.542866656
8122,63,-52,-5300,2871,24.544054080
8122,64,34,-9528,4479,24.545241504
8123,1,144,-7659,4526,24.546428928
8123,2,-58,-2031,3836,24.547616352
8123,3,103,-2845,5024,24.548803776
8123,4,-74,-1800,5158,24.549991200
8123,5,-11,-94,5128,24.551178624
8123,6,257,-793,5834,24.552366048
8123,7,-111,-933,4081,24.553553472
8123,8,26,-1119,4006,24.554740896
8123,9,-351,-324,4255,24.555928320
8123,10,-284,-4976,1018,24.557115744
8123,11,-327,-12076,1373,24.558303168
8123,12,-518,-4197,1334,24.559490592
8123,13,-607,1542,818,24.560678016
8123,14,-376,-847,2190,24.561865440
8123,15,-761,1423,-883,24.563052864
8123,16,-656,1861,-596,24.564240288
8123,17,-556,1080,275,24.565427712
8123,18,-674,1338,-895,24.566615136
8123,19,-126,1294,-908,24.567802560
8123,20,-273,1837,-683,24.568989984
8123,21,-316,885,-1873,24.570177408
8123,22,-234,-903,-2839,24.571364832
8123,23,-384,-5775,-4518,24.572552256
8123,24,126,-4178,-4383,24.573739680
8123,25,-163,-567,-4005,24.574927104
8123,26,-86,968,-3939,24.576114528
8123,27,-133,526,-3951,24.577301952
8123,28,122,-403,-4494,24.578489376
8123,29,73,-1471,-4953,24.579676800
8123,30,423,-4626,-4442,24.580864224
8123,31,211,-5071,-3110,24.582051648
8123,32,624,-3800,-3372,24.583239072
8123,33,539,-3897,-1629,24.584426496
8123,34,426,-1983,-1914,24.585613920
8123,35,654,1245,-1623,24.586801344
8123,36,454,711,947,24.587988768
8123,37,632,-2204,-1629,24.589176192
8123,38,641,-8268,-53,24.590363616
8123,39,300,-8302,-582,24.591551040
8123,40,406,-13201,-371,24.592738464
8123,41,360,-15471,10,24.593925888
8123,42,142,-5955,-529,24.595113312
8123,43,202,-2278,416,24.596300736
8123,44,107,-4681,1426,24.597488160
8123,45,62,-5208,2082,24.598675584
8123,46,321,-5151,2825,24.599863008
8123,47,75,-6542,3243,24.601050432
8123,48,384,-5980,2953,24.602237856
8123,49,125,-9341,3107,24.603425280
8123,50,208,-14001,3427,24.604612704
8123,51,123,-12007,3611,24.605800128
8123,52,-208,-11489,3220,24.606987552
8123,53,-44,-15136,3180,24.608174976
8123,54,-125,-12027,2920,24.609362400
8123,55,-290,-5901,2699,24.610549824
8123,56,-371,-12525,1554,24.611737248
8123,57,-342,-21449,635,24.612924672
8123,58,-369,-14599,2108,24.614112096
8123,59,-349,-4603,2024,24.615299520
8123,60,-549,-9667,1978,24.616486944
8123,61,-257,-15041,359,24.617674368
8123,62,-197,-7869,847,24.618861792
8123,63,-32,-186,1233,24.620049216
8123,64,-122,-2649,986,24.621236640
8124,1,-12,-9814,32,24.622424064
8124,2,34,-9146,266,24.623611488
8124,3,97,-2713,-410,24.624798912
8124,4,-215,-1130,-237,24.625986336
8124,5,-135,-2611,-1737,24.627173760
8124,6,-85,-4032,-2368,24.628361184
8124,7,-41,-3300,-1949,24.629548608
8124,8,-229,827,-2314,24.630736032
8124,9,-351,650,-1601,24.631923456
8124,10,52,517,-2179,24.633110880
8124,11,314,2429,-2660,24.634298304
8124,12,307,3751,-2126,24.635485728
8124,13,236,4491,-1396,24.636673152
8124,14,510,3671,-1041,24.637860576
8124,15,297,3930,-1593,24.639048000
8124,16,436,4435,-1075,24.640235424
8124,17,26,4517,-1300,24.641422848
8124,18,98,2479,-1758,24.642610272
8124,19,-24,2393,-1554,24.643797696
8124,20,-293,1322,-1759,24.644985120
8124,21,-284,911,-1827,24.646172544
8124,22,-343,1294,-627,24.647359968
8124,23,-175,2247,-504,24.648547392
8124,24,-124,1877,-116,24.649734816
8124,25,-182,3122,-722,24.650922240
8124,26,74,2766,242,24.652109664
8124,27,243,0,684,24.653297088
8124,28,327,-510,1126,24.654484512
8124,29,332,-1139,716,24.655671936
8124,30,418,-3971,1898,24.656859360
8124,31,-186,-14996,-5203,24.658046784
8124,32,690,-24664,-633,24.659234208
8124,33,-82,-6876,80,24.660421632
8124,34,-381,2957,1147,24.661609056
8124,35,-214,-1984,4470,24.662796480
8124,36,-991,-2094,-1692,24.663983904
8124,37,83,-2445,920,24.665171328
8124,38,59,-12066,-2,24.666358752
8124,39,-320,-20855,2565,24.667546176
8124,40,312,-16951,770,24.668733600
8124,41,167,-3218,1789,24.669921024
8124,42,98,-4787,1297,24.671108448
8124,43,550,-9013,2711,24.672295872
8124,44,351,-7504,3195,24.673483296
8124,45,724,-1588,3067,24.674670720
8124,46,554,-2142,4404,24.675858144
8124,47,-68,-3051,1632,24.677045568
8124,48,179,-2753,2539,24.678232992
8124,49,-199,-3075,156,24.679420416
8124,50,-190,-7370,-15,24.680607840
8124,51,-54,-7656,-644,24.681795264
8124,52,-136,-228,351,24.682982688
8124,53,55,-1786,3741,24.684170112
8124,54,-98,-3535,4,24.685357536
8124,55,-360,-3693,735,24.686544960
8124,56,113,-1480,-1528,24.687732384
8124,57,276,-1634,-220,24.688919808
8124,58,410,-2554,1747,24.690107232
8124,59,116,-1142,1222,24.691294656
8124,60,-66,-8131,10,24.692482080
8124,61,35,-12652,-2061,24.693669504
8124,62,-88,-6734,-952,24.694856928
8124,63,-223,1514,-1798,24.696044352
8124,64,-359,1368,-506,24.697231776
8125,1,-709,554,-1323,24.698419200
8125,2,-733,6,-3649,24.699606624
8125,3,-534,-3228,-2528,24.700794048
8125,4,-470,-10675,-2044,24.701981472
8125,5,-74,-10389,-2370,24.703168896
8125,6,-8,-567,-3421,24.704356320
8125,7,-210,-4046,-3653,24.705543744
8125,8,213,-13716,-3416,24.706731168
8125,9,109,-10622,-1937,24.707918592
8125,10,343,-5006,-908,24.709106016
8125,11,507,-3078,-1085,24.710293440
8125,12,114,-1652,-1780,24.711480864
8125,13,331,-4465,-2005,24.712668288
8125,14,142,-6384,-660,24.713855712
8125,15,-49,-3753,-603,24.715043136
8125,16,140,-4161,-716,24.716230560
8125,17,284,-2968,-843,24.717417984
8125,18,134,-964,-530,24.718605408
8125,19,430,-9819,-81,24.719792832
8125,20,394,-9761,201,24.720980256
8125,21,383,-3015,1563,24.722167680
8125,22,995,-3525,2782,24.723355104
8125,23,201,-11496,2185,24.724542528
8125,24,761,-8959,2837,24.725729952
8125,25,251,-1288,4345,24.726917376
8125,26,396,-2263,3710,24.728104800
8125,27,100,-3672,3547,24.729292224
8125,28,175,-3587,4657,24.730479648
8125,29,58,-832,5129,24.731667072
8125,30,131,-1316,3567,24.732854496
8125,31,-205,-2676,2601,24.734041920
8125,32,-122,-4919,-19,24.735229344
8125,33,-345,-15474,-1628,24.736416768
8125,34,114,-15749,3493,24.737604192
8125,35,11,-87,762,24.738791616
8125,36,-591,-1342,2969,24.739979040
8125,37,46,-5792,399,24.741166464
8125,38,-643,-626,-1003,24.742353888
8125,39,-333,-91,1241,24.743541312
8125,40,-304,-672,1459,24.744728736
8125,41,-329,176,-301,24.745916160
8125,42,-538,-1244,-40,24.747103584
8125,43,-532,-7475,-3383,24.748291008
8125,44,-173,-11717,-2549,24.749478432
8125,45,-349,-10214,-1313,24.750665856
8125,46,-84,-1384,-2290,24.751853280
8125,47,-340,1350,-2350,24.753040704
8125,48,-532,-2143,-4320,24.754228128
8125,49,73,-7616,-4506,24.755415552
8125,50,129,-4776,-2878,24.756602976
8125,51,-6,907,-3176,24.757790400
8125,52,-323,-1700,-3530,24.758977824
8125,53,20,-4769,-3706,24.760165248
8125,54,25,-6301,-1545,24.761352672
8125,55,410,-4774,-724,24.762540096
8125,56,-43,-4120,-1122,24.763727520
8125,57,359,-6698,-2176,24.764914944
8125,58,475,-10991,-1218,24.766102368
8125,59,579,-7001,309,24.767289792
8125,60,488,-3598,1631,24.768477216
8125,61,478,-3948,805,24.769664640
8125,62,561,-1967,-530,24.770852064
8125,63,533,-1009,-88,24.772039488
8125,64,322,-1092,1627,24.773226912
8126,1,358,-112,2168,24.774414336
8126,2,155,-690,2581,24.775601760
8126,3,184,-690,1021,24.776789184
8126,4,117,173,1363,24.777976608
8126,5,51,765,3162,24.779164032
8126,6,6,-502,4125,24.780351456
8126,7,296,-3237,2427,24.781538880
8126,8,-185,-5378,2424,24.782726304
8126,9,85,-1423,2302,24.783913728
8126,10,-92,-48,4047,24.785101152
8126,11,29,-1429,3461,24.786288576
8126,12,-94,-4667,1241,24.787476000
8126,13,-221,-8146,-380,24.788663424
8126,14,-77,-13103,204,24.789850848
8126,15,-142,-10571,1195,24.791038272
8126,16,-338,-3953,1133,24.792225696
8126,17,-452,-10424,-837,24.793413120
8126,18,-484,-14952,-2217,24.794600544
8126,19,-477,-3259,-1255,24.795787968
8126,20,-413,989,1058,24.796975392
8126,21,-342,-2896,448,24.798162816
8126,22,-394,-609,-38,24.799350240
8126,23,-324,1202,-592,24.800537664
8126,24,-380,907,370,24.801725088
8126,25,-212,1228,-301,24.802912512
8126,26,89,1620,-700,24.804099936
8126,27,193,1828,-967,24.805287360
8126,28,247,2056,-2214,24.806474784
8126,29,-270,3845,-1235,24.807662208
8126,30,24,3347,-1923,24.808849632
8126,31,97,1040,-1799,24.810037056
8126,32,92,2425,-3015,24.811224480
8126,33,34,1730,-2374,24.812411904
8126,34,223,388,-1564,24.813599328
8126,35,227,754,-1450,24.814786752
8126,36,144,167,-163,24.815974176
8126,37,113,-642,-370,24.817161600
8126,38,75,-1514,235,24.818349024
8126,39,569,-4454,-2792,24.819536448
8126,40,593,-20847,-53,24.820723872
8126,41,323,-11100,1137,24.821911296
8126,42,-81,-726,38,24.823098720
8126,43,414,-9031,407,24.824286144
8126,44,129,-11059,-2090,24.825473568
8126,45,236,-7823,-282,24.826660992
8126,46,121,-14398,1302,24.827848416
8126,47,-118,-13769,-36,24.829035840
8126,48,-76,-6376,4,24.830223264
8126,49,-247,-5321,-1213,24.831410688
8126,50,-139,-8197,-1234,24.832598112
8126,51,-28,-12500,9,24.833785536
8126,52,129,-9813,-334,24.834972960
8126,53,255,-9739,162,24.836160384
8126,54,128,-14989,-241,24.837347808
8126,55,273,-18867,795,24.838535232
8126,56,362,-15828,1070,24.839722656
8126,57,345,-12811,-111,24.840910080
8126,58,254,-9775,-607,24.842097504
8126,59,45,-6473,-816,24.843284928
8126,60,115,-8305,826,24.844472352
8126,61,252,-7838,2142,24.845659776
8126,62,-77,-4482,1877,24.846847200
8126,63,5,-4865,1513,24.848034624
8126,64,136,-5982,1539,24.849222048
8127,1,-20,-2330,3132,24.850409472
8127,2,268,2,3330,24.851596896
8127,3,152,-877,3755,24.852784320
8127,4,-41,-3692,2572,24.853971744
8127,5,271,-3773,2068,24.855159168
8127,6,94,-1305,2716,24.856346592
8127,7,56,581,2857,24.857534016
8127,8,-27,835,1693,24.858721440
8127,9,-535,453,2305,24.859908864
8127,10,-318,2474,-402,24.861096288
8127,11,-386,242,890,24.862283712
8127,12,-531,2612,500,24.863471136
8127,13,-249,2565,-152,24.864658560
8127,14,-473,1281,-548,24.865845984
8127,15,-238,2900,-1566,24.867033408
8127,16,14,3963,-20,24.868220832
8127,17,134,3159,496,24.869408256
8127,18,422,3273,-849,24.870595680
8127,19,29,3164,-1329,24.871783104
8127,20,222,1389,-2432,24.872970528
8127,21,92,669,-1938,24.874157952
8127,22,-117,-947,-1438,24.875345376
8127,23,15,-6781,-7329,24.876532800
8127,24,-99,-10068,-4186,24.877720224
8127,25,-660,-5069,-2528,24.878907648
8127,26,-109,308,-3110,24.880095072
8127,27,-800,599,-1832,24.881282496
8127,28,-116,-3587,-4168,24.882469920
8127,29,-224,-9191,-4226,24.883657344
8127,30,57,-12253,-3440,24.884844768
8127,31,194,-7028,-2590,24.886032192
8127,32,94,-8843,-2165,24.887219616
8127,33,610,-7128,-1616,24.888407040
8127,34,301,-6533,-2883,24.889594464
8127,35,642,-9956,-783,24.890781888
8127,36,211,-6778,376,24.891969312
8127,37,482,-2517,1005,24.893156736
8127,38,200,-4128,1406,24.894344160
8127,39,-41,-9658,-472,24.895531584
8127,40,195,-3953,765,24.896719008
8127,41,-186,1,3643,24.897906432
8127,42,225,-2681,3011,24.899093856
8127,43,311,-8223,3023,24.900281280
8127,44,324,-6916,5311,24.901468704
8127,45,525,-7178,5836,24.902656128
8127,46,291,-4984,4397,24.903843552
8127,47,505,-1047,4601,24.905030976
8127,48,103,-673,6711,24.906218400
8127,49,438,-2575,4135,24.907405824
8127,50,152,-8513,6908,24.908593248
8127,51,-62,-1323,5779,24.909780672
8127,52,-416,-2530,3324,24.910968096
8127,53,-349,-7879,3768,24.912155520
8127,54,-712,-4539,1137,24.913342944
8127,55,-483,-7018,413,24.914530368
8127,56,-405,-9397,1733,24.915717792
8127,57,-500,-2877,300,24.916905216
8127,58,-436,-4292,-148,24.918092640
8127,59,-481,-10007,-1644,24.919280064
8127,60,-324,-8551,-2284,24.920467488
8127,61,-49,-9634,-1835,24.921654912
8127,62,57,-6958,-1526,24.922842336
8127,63,-345,-3052,-2206,24.924029760
8127,64,-273,-2230,-1902,24.925217184
8128,1,-391,297,-2771,24.926404608
8128,2,-429,1259,-3547,24.927592032
8128,3,-283,-880,-3697,24.928779456
8128,4,-97,-221,-4575,24.929966880
8128,5,-312,373,-4366,24.931154304
8128,6,-333,-1161,-5009,24.932341728
8128,7,54,-3076,-4784,24.933529152
8128,8,74,-6290,-5709,24.934716576
8128,9,331,-11976,-5121,24.935904000
8128,10,616,-3435,-4667,24.937091424
8128,11,363,3803,-4725,24.938278848
8128,12,406,581,959,24.939466272
8128,13,375,2931,-2372,24.940653696
8128,14,517,1552,-502,24.941841120
8128,15,532,797,831,24.943028544
8128,16,420,1017,713,24.944215968
8128,17,260,-2104,2518,24.945403392
8128,18,16,-14445,-1650,24.946590816
8128,19,236,-16758,1095,24.947778240
8128,20,265,-4555,1855,24.948965664
8128,21,242,618,3018,24.950153088
8128,22,402,-1337,5344,24.951340512
8128,23,255,-5076,1279,24.952527936
8128,24,335,-9670,1675,24.953715360
8128,25,373,-12182,2639,24.954902784
8128,26,232,-10389,4449,24.956090208
8128,27,334,-5062,4115,24.957277632
8128,28,253,-5161,4806,24.958465056
8128,29,95,-9928,2641,24.959652480
8128,30,-13,-9364,3145,24.960839904
8128,31,-322,-1542,3520,24.962027328
8128,32,-249,-7484,2207,24.963214752
8128,33,25,-18736,1148,24.964402176
8128,34,-429,-12799,330,24.965589600
8128,35,-270,-7191,593,24.966777024
8128,36,-539,-7255,1311,24.967964448
8128,37,-509,-4574,-275,24.969151872
8128,38,-128,-3870,-831,24.970339296
8128,39,-264,-6020,-917,24.971526720
8128,40,-62,-3303,163,24.972714144
8128,41,-243,-515,418,24.973901568
8128,42,4,-1386,-964,24.975088992
8128,43,19,-283,-1217,24.976276416
8128,44,-72,2287,-1073,24.977463840
8128,45,-28,1168,1194,24.978651264
8128,46,21,491,-337,24.979838688
8128,47,-130,834,-756,24.981026112
8128,48,-230,1942,-1149,24.982213536
8128,49,-286,4588,83,24.983400960
8128,50,-153,4829,-1068,24.984588384
8128,51,59,2555,-179,24.985775808
8128,52,-77,2539,-1662,24.986963232
8128,53,-19,1520,-1472,24.988150656
8128,54,11,1730,-1099,24.989338080
8128,55,175,1258,-1002,24.990525504
8128,56,353,604,-1625,24.991712928
8128,57,206,400,-1537,24.992900352
8128,58,116,183,-881,24.994087776
8128,59,286,-1196,-839,24.995275200
8128,60,355,-5467,-1872,24.996462624
8128,61,285,-8270,-1105,24.997650048
8128,62,229,-5673,-892,24.998837472
8128,63,161,-771,-973,25.000024896
8128,64,118,-1955,-213,25.001212320
8129,1,116,-7697,-1616,25.002399744
8129,2,134,-8815,-2003,25.003587168
8129,3,-11,-10321,-2025,25.004774592
8129,4,16,-11144,-1168,25.005962016
8129,5,-43,-6504,-1732,25.007149440
8129,6,-43,-7747,-1366,25.008336864
8129,7,98,-10863,-2173,25.009524288
8129,8,88,-10650,-1405,25.010711712
8129,9,145,-5699,-441,25.011899136
8129,10,148,-5293,-272,25.013086560
8129,11,248,-10621,15,25.014273984
8129,12,147,-11310,85,25.015461408
8129,13,270,-7933,942,25.016648832
8129,14,245,-6136,1172,25.017836256
8129,15,132,-7607,1621,25.019023680
8129,16,164,-4470,2169,25.020211104
8129,17,-106,-2452,2751,25.021398528
8129,18,25,-5003,3112,25.022585952
8129,19,-171,-7794,2651,25.023773376
8129,20,100,-7668,2586,25.024960800
8129,21,-134,-5221,4976,25.026148224
8129,22,-323,-1568,4499,25.027335648
8129,23,-221,-3000,5023,25.028523072
8129,24,-145,-7395,4747,25.029710496
8129,25,-161,-4619,3903,25.030897920
8129,26,-90,-3056,3549,25.032085344
8129,27,-158,-3257,4063,25.033272768
8129,28,-120,-914,2979,25.034460192
8129,29,-231,-2018,2193,25.035647616
8129,30,-277,-6418,1202,25.036835040
8129,31,-180,-5854,636,25.038022464
8129,32,-177,-1072,120,25.039209888
8129,33,-207,259,67,25.040397312
8129,34,-199,1102,-1168,25.041584736
8129,35,-348,2943,-807,25.042772160
8129,36,-53,1804,-2154,25.043959584
8129,37,157,879,-1730,25.045147008
8129,38,136,1499,-2629,25.046334432
8129,39,107,278,-3237,25.047521856
8129,40,274,-273,-4196,25.048709280
8129,41,-25,-2061,-4573,25.049896704
8129,42,317,-4069,-4707,25.051084128
8129,43,151,-3174,-4495,25.052271552
8129,44,108,-798,-4835,25.053458976
8129,45,137,-5470,-5308,25.054646400
8129,46,21,-9493,-5617,25.055833824
8129,47,-75,-7953,-5311,25.057021248
8129,48,-85,-8393,-4894,25.058208672
8129,49,-180,-10478,-4301,25.059396096
8129,50,70,-9190,-3947,25.060583520
8129,51,80,-5786,-2513,25.061770944
8129,52,138,-4869,-1722,25.062958368
8129,53,216,-6205,-1152,25.064145792
8129,54,332,-10178,-553,25.065333216
8129,55,663,-10795,130,25.066520640
8129,56,643,-7302,1251,25.067708064
8129,57,464,-5443,1779,25.068895488
8129,58,426,-6085,2289,25.070082912
8129,59,318,-6394,2446,25.071270336
8129,60,253,-6461,3109,25.072457760
8129,61,205,-6695,3932,25.073645184
8129,62,91,-3895,4839,25.074832608
8129,63,69,-4522,4917,25.076020032
8129,64,64,-10424,4210,25.077207456
8130,1,-39,-11313,4472,25.078394880
8130,2,64,-8114,4903,25.079582304
8130,3,74,-7980,5796,25.080769728
8130,4,81,-6660,5578,25.081957152
8130,5,-28,-3906,5078,25.083144576
8130,6,-63,-2809,4923,25.084332000
8130,7,-31,-3230,4482,25.085519424
8130,8,14,-3187,4088,25.086706848
8130,9,-130,-2211,3450,25.087894272
8130,10,-189,-942,2401,25.089081696
8130,11,-713,-1440,1834,25.090269120
8130,12,-433,-3653,119,25.091456544
8130,13,-574,-6098,107,25.092643968
8130,14,-475,-2035,-1018,25.093831392
8130,15,-589,978,-1338,25.095018816
8130,16,-620,-219,-1273,25.096206240
8130,17,-584,694,-2575,25.097393664
8130,18,-364,1582,-2044,25.098581088
8130,19,-141,2052,-2659,25.099768512
8130,20,-84,2774,-3353,25.100955936
8130,21,58,2557,-3179,25.102143360
8130,22,10,2758,-3290,25.103330784
8130,23,-19,1709,-3232,25.104518208
8130,24,45,412,-3807,25.105705632
8130,25,-257,-3576,-6914,25.106893056
8130,26,630,-16337,-5328,25.108080480
8130,27,-82,-11113,-3876,25.109267904
8130,28,-206,3941,-5327,25.110455328
8130,29,67,330,-2019,25.111642752
8130,30,-97,1530,-4053,25.112830176
8130,31,133,4201,-3716,25.114017600
8130,32,473,1264,-221,25.115205024
8130,33,67,326,-359,25.116392448
8130,34,558,-4816,-2564,25.117579872
8130,35,539,-13335,-1142,25.118767296
8130,36,624,-10452,-1017,25.119954720
8130,37,727,-966,993,25.121142144
8130,38,420,550,732,25.122329568
8130,39,552,-490,2070,25.123516992
8130,40,261,-3929,-1551,25.124704416
8130,41,385,-8868,1410,25.125891840
8130,42,289,-9082,2437,25.127079264
8130,43,289,-7088,2539,25.128266688
8130,44,295,-5383,1978,25.129454112
8130,45,-58,-6683,1228,25.130641536
8130,46,63,-8056,2313,25.131828960
8130,47,202,-7470,3288,25.133016384
8130,48,197,-7627,4182,25.134203808
8130,49,184,-7719,3497,25.135391232
8130,50,-118,-6913,3044,25.136578656
8130,51,9,-9422,3447,25.137766080
8130,52,-4,-8704,4482,25.138953504
8130,53,-199,-4267,3990,25.140140928
8130,54,-412,-10208,2877,25.141328352
8130,55,-396,-13971,2299,25.142515776
8130,56,-646,-8916,2577,25.143703200
8130,57,-549,-9673,2281,25.144890624
8130,58,-709,-10856,1532,25.146078048
8130,59,-661,-5628,386,25.147265472
8130,60,-422,-4152,310,25.148452896
8130,61,-447,-5489,687,25.149640320
8130,62,-261,-3312,991,25.150827744
8130,63,-374,-1294,642,25.152015168
8130,64,-198,-2446,-242,25.153202592
8131,1,2,-2452,-986,25.154390016
8131,2,82,-1281,-560,25.155577440
8131,3,181,-2222,-633,25.156764864
8131,4,134,-3209,-841,25.157952288
8131,5,-14,-662,-1486,25.159139712
8131,6,92,1110,-2365,25.160327136
8131,7,131,520,-1841,25.161514560
8131,8,117,1877,-2436,25.162701984
8131,9,73,2553,-2313,25.163889408
8131,10,173,396,-2720,25.165076832
8131,11,347,32,-3649,25.166264256
8131,12,341,-962,-3188,25.167451680
8131,13,448,-4513,-2845,25.168639104
8131,14,676,-2286,-3206,25.169826528
8131,15,533,1986,-3658,25.171013952
8131,16,602,549,-1873,25.172201376
8131,17,315,1739,-2874,25.173388800
8131,18,336,795,-1197,25.174576224
8131,19,247,227,-877,25.175763648
8131,20,149,-1269,-2343,25.176951072
8131,21,-22,-6915,-1633,25.178138496
8131,22,-141,-6714,-1503,25.179325920
8131,23,-242,-4565,-578,25.180513344
8131,24,-189,-3846,65,25.181700768
8131,25,-183,-2833,-665,25.182888192
8131,26,-120,-4163,-657,25.184075616
8131,27,-22,-6018,38,25.185263040
8131,28,73,-5972,1020,25.186450464
8131,29,104,-7587,1200,25.187637888
8131,30,179,-9744,1388,25.188825312
8131,31,196,-6726,1643,25.190012736
8131,32,66,-4287,1984,25.191200160
8131,33,17,-8052,2439,25.192387584
8131,34,-89,-10268,2314,25.193575008
8131,35,-193,-8557,3085,25.194762432
8131,36,-358,-4687,3529,25.195949856
8131,37,-419,-4269,4062,25.197137280
8131,38,-330,-5247,3956,25.198324704
8131,39,-405,-5851,3408,25.199512128
8131,40,-239,-8319,2758,25.200699552
8131,41,-109,-7305,3334,25.201886976
8131,42,32,-3447,3652,25.203074400
8131,43,103,-4723,3491,25.204261824
8131,44,165,-8433,2526,25.205449248
8131,45,64,-6993,1300,25.206636672
8131,46,189,-3830,1159,25.207824096
8131,47,284,-1932,1523,25.209011520
8131,48,7,-461,1626,25.210198944
8131,49,7,-4702,-711,25.211386368
8131,50,0,-8485,-647,25.212573792
8131,51,-45,-2935,-314,25.213761216
8131,52,-85,-732,-858,25.214948640
8131,53,-44,-3860,-566,25.216136064
8131,54,45,-3905,-1795,25.217323488
8131,55,53,-2204,-1927,25.218510912
8131,56,118,-3746,-2215,25.219698336
8131,57,270,-2076,-2469,25.220885760
8131,58,286,-458,-2625,25.222073184
8131,59,394,-3493,-3867,25.223260608
8131,60,406,-7631,-3637,25.224448032
8131,61,296,-3826,-3649,25.225635456
8131,62,135,451,-2897,25.226822880
8131,63,30,-412,-3032,25.228010304
8131,64,-84,-1397,-4186,25.229197728
8132,1,-167,-1828,-3916,25.230385152
8132,2,-207,-2613,-3063,25.231572576
8132,3,-282,-3502,-2737,25.232760000
8132,4,-357,-4438,-2395,25.233947424
8132,5,-218,-5173,-2041,25.235134848
8132,6,-85,-5266,-1888,25.236322272
8132,7,4,-5728,-846,25.237509696
8132,8,21,-4705,-596,25.238697120
8132,9,152,-4771,-192,25.239884544
8132,10,258,-6487,609,25.241071968
8132,11,308,-5354,1012,25.242259392
8132,12,234,-4470,1809,25.243446816
8132,13,134,-5377,1826,25.244634240
8132,14,96,-7507,2010,25.245821664
8132,15,-2,-6787,2513,25.247009088
8132,16,-177,-4570,2979,25.248196512
8132,17,-145,-4689,3676,25.249383936
8132,18,-285,-4442,3722,25.250571360
8132,19,-205,-5185,3410,25.251758784
8132,20,-105,-7059,3334,25.252946208
8132,21,-74,-7354,3508,25.254133632
8132,22,91,-5819,3832,25.255321056
8132,23,11,-4732,3801,25.256508480
8132,24,77,-4224,3427,25.257695904
8132,25,145,-4613,2762,25.258883328
8132,26,147,-5997,2487,25.260070752
8132,27,208,-3835,2497,25.261258176
8132,28,72,-2227,2031,25.262445600
8132,29,46,-4449,1336,25.263633024
8132,30,-31,-5861,735,25.264820448
8132,31,-111,-5243,106,25.266007872
8132,32,-22,-5189,35,25.267195296
8132,33,16,-4166,-690,25.268382720
8132,34,3,-3066,-924,25.269570144
8132,35,25,-1228,-1198,25.270757568
8132,36,-56,989,-1428,25.271944992
8132,37,17,171,-835,25.273132416
8132,38,139,241,-2059,25.274319840
8132,39,109,-403,-2405,25.275507264
8132,40,40,-69,-2610,25.276694688
8132,41,-42,-928,-2645,25.277882112
8132,42,-66,-2235,-2662,25.279069536
8132,43,-54,-2737,-3090,25.280256960
8132,44,-108,-2721,-3299,25.281444384
8132,45,-99,-3071,-3579,25.282631808
8132,46,-51,-3354,-3116,25.283819232
8132,47,-71,-2534,-2877,25.285006656
8132,48,-91,-3503,-2988,25.286194080
8132,49,27,-5832,-2894,25.287381504
8132,50,134,-5091,-2487,25.288568928
8132,51,224,-1965,-1722,25.289756352
8132,52,180,-632,-1017,25.290943776
8132,53,128,-1600,-1066,25.292131200
8132,54,227,-4341,-894,25.293318624
8132,55,246,-4067,-246,25.294506048
8132,56,142,-3137,380,25.295693472
8132,57,101,-5614,859,25.296880896
8132,58,-61,-6596,650,25.298068320
8132,59,-69,-5336,1033,25.299255744
8132,60,-162,-5329,1284,25.300443168
8132,61,-89,-6201,1747,25.301630592
8132,62,-93,-6916,2015,25.302818016
8132,63,-54,-7713,1984,25.304005440
8132,64,-33,-7265,2326,25.305192864
8133,1,-20,-6462,2096,25.306380288
8133,2,116,-8513,2337,25.307567712
8133,3,159,-10356,2244,25.308755136
8133,4,171,-7363,2535,25.309942560
8133,5,109,-5562,2624,25.311129984
8133,6,181,-8424,2403,25.312317408
8133,7,188,-10700,2319,25.313504832
8133,8,216,-8635,2115,25.314692256
8133,9,142,-6633,2318,25.315879680
8133,10,51,-6754,2037,25.317067104
8133,11,23,-7273,1687,25.318254528
8133,12,-84,-7867,1565,25.319441952
8133,13,-13,-6260,1367,25.320629376
8133,14,-109,-4269,1064,25.321816800
8133,15,-75,-3468,861,25.323004224
8133,16,-170,-3860,214,25.324191648
8133,17,-118,-4737,-73,25.325379072
8133,18,-67,-4241,-212,25.326566496
8133,19,33,-2934,-628,25.327753920
8133,20,89,-2427,-795,25.328941344
8133,21,85,-2185,-1327,25.330128768
8133,22,95,-1459,-1555,25.331316192
8133,23,85,-2333,-1795,25.332503616
8133,24,183,-2295,-1881,25.333691040
8133,25,127,399,-2032,25.334878464
8133,26,55,866,-1932,25.336065888
8133,27,34,299,-1855,25.337253312
8133,28,-57,1049,-2281,25.338440736
8133,29,-2,1216,-1773,25.339628160
8133,30,-16,1137,-1995,25.340815584
8133,31,-15,1237,-2353,25.342003008
8133,32,63,1599,-1159,25.343190432
8133,33,-128,1632,-1742,25.344377856
8133,34,60,467,-1233,25.345565280
8133,35,-62,1115,-1809,25.346752704
8133,36,-15,550,-1022,25.347940128
8133,37,7,-1203,-1354,25.349127552
8133,38,-101,-2268,-1011,25.350314976
8133,39,-97,-3572,-940,25.351502400
8133,40,-194,-5007,-429,25.352689824
8133,41,-224,-3247,-514,25.353877248
8133,42,-222,-2377,115,25.355064672
8133,43,-197,-3151,525,25.356252096
8133,44,-233,-3942,265,25.357439520
8133,45,-184,-6498,542,25.358626944
8133,46,-94,-6022,812,25.359814368
8133,47,16,-4184,1431,25.361001792
8133,48,126,-4425,1396,25.362189216
8133,49,106,-7486,1112,25.363376640
8133,50,212,-8766,996,25.364564064
8133,51,165,-6897,1454,25.365751488
8133,52,197,-6307,1782,25.366938912
8133,53,171,-8385,1859,25.368126336
8133,54,151,-8901,1753,25.369313760
8133,55,100,-7103,1719,25.370501184
8133,56,87,-6941,1789,25.371688608
8133,57,107,-8130,1767,25.372876032
8133,58,127,-7452,1897,25.374063456
8133,59,118,-7419,1857,25.375250880
8133,60,233,-6887,1913,25.376438304
8133,61,187,-6165,1446,25.377625728
8133,62,301,-8576,822,25.378813152
8133,63,366,-10435,733,25.380000576
8133,64,315,-7031,627,25.381188000
8134,1,292,-4454,802,25.382375424
8134,2,236,-6651,208,25.383562848
8134,3,201,-7354,-183,25.384750272
8134,4,68,-5339,-359,25.385937696
8134,5,24,-3684,-272,25.387125120
8134,6,-42,-3461,-201,25.388312544
8134,7,-107,-3381,-498,25.389499968
8134,8,-146,-3715,-663,25.390687392
8134,9,-132,-3823,-777,25.391874816
8134,10,-125,-2422,-884,25.393062240
8134,11,-101,-2857,-1089,25.394249664
8134,12,-75,-4032,-1329,25.395437088
8134,13,-108,-2125,-1371,25.396624512
8134,14,-137,-802,-1437,25.397811936
8134,15,-65,-2118,-1419,25.398999360
8134,16,-130,-2812,-1790,25.400186784
8134,17,-125,-877,-1769,25.401374208
8134,18,-299,473,-1516,25.402561632
8134,19,-351,132,-1277,25.403749056
8134,20,-289,-700,-1393,25.404936480
8134,21,-344,-1760,-1437,25.406123904
8134,22,-298,-2569,-1301,25.407311328
8134,23,-287,-4367,-1262,25.408498752
8134,24,-175,-5149,-789,25.409686176
8134,25,-134,-3264,-380,25.410873600
8134,26,-127,-2177,-306,25.412061024
8134,27,-22,-3923,-274,25.413248448
8134,28,96,-4984,-177,25.414435872
8134,29,180,-2665,372,25.415623296
8134,30,141,-1694,748,25.416810720
8134,31,143,-3035,633,25.417998144
8134,32,98,-4616,423,25.419185568
8134,33,241,-4899,594,25.420372992
8134,34,161,-4571,1163,25.421560416
8134,35,176,-3858,1153,25.422747840
8134,36,156,-3895,1227,25.423935264
8134,37,208,-5168,1149,25.425122688
8134,38,272,-5817,1219,25.426310112
8134,39,288,-5170,1545,25.427497536
8134,40,340,-4302,1597,25.428684960
8134,41,339,-4532,1437,25.429872384
8134,42,344,-6084,1141,25.431059808
8134,43,355,-6702,1312,25.432247232
8134,44,362,-4830,1521,25.433434656
8134,45,306,-4217,1335,25.434622080
8134,46,316,-6376,882,25.435809504
8134,47,266,-6000,587,25.436996928
8134,48,180,-4274,758,25.438184352
8134,49,140,-3556,848,25.439371776
8134,50,31,-4657,366,25.440559200
8134,51,99,-5849,-201,25.441746624
8134,52,1,-5173,-122,25.442934048
8134,53,-102,-3549,-135,25.444121472
8134,54,-167,-4461,22,25.445308896
8134,55,-184,-5009,-527,25.446496320
8134,56,-208,-4628,-715,25.447683744
8134,57,-278,-4616,-767,25.448871168
8134,58,-349,-3475,-627,25.450058592
8134,59,-379,-3904,-667,25.451246016
8134,60,-329,-4416,-912,25.452433440
8134,61,-430,-3164,-1015,25.453620864
8134,62,-428,-3000,-1304,25.454808288
8134,63,-362,-5334,-1176,25.455995712
8134,64,-251,-5694,-1329,25.457183136
8135,1,-265,-4005,-1217,25.458370560
8135,2,-280,-3859,-1363,25.459557984
8135,3,-191,-4499,-1299,25.460745408
8135,4,-106,-4820,-1186,25.461932832
8135,5,-34,-4404,-886,25.463120256
8135,6,-87,-2999,-685,25.464307680
8135,7,-110,-2122,-551,25.465495104
8135,8,-23,-3061,-378,25.466682528
8135,9,55,-4573,-266,25.467869952
8135,10,65,-3737,143,25.469057376
8135,11,14,-1734,183,25.470244800
8135,12,29,-2633,262,25.471432224
8135,13,200,-3914,262,25.472619648
8135,14,183,-3607,536,25.473807072
8135,15,282,-3205,684,25.474994496
8135,16,266,-3418,698,25.476181920
8135,17,369,-3236,475,25.477369344
8135,18,406,-3949,534,25.478556768
8135,19,397,-4838,600,25.479744192
8135,20,353,-5156,840,25.480931616
8135,21,369,-4539,947,25.482119040
8135,22,398,-3666,879,25.483306464
8135,23,380,-4674,832,25.484493888
8135,24,277,-4996,946,25.485681312
8135,25,252,-4475,1135,25.486868736
8135,26,306,-4777,1171,25.488056160
8135,27,304,-3387,1113,25.489243584
8135,28,174,-3289,658,25.490431008
8135,29,191,-6164,557,25.491618432
8135,30,144,-5545,512,25.492805856
8135,31,105,-4584,311,25.493993280
8135,32,96,-6550,4,25.495180704
8135,33,-71,-7038,-398,25.496368128
8135,34,-107,-6214,-312,25.497555552
8135,35,-163,-6461,-178,25.498742976
8135,36,-192,-4259,-178,25.499930400
8135,37,-355,-2382,-393,25.501117824
8135,38,-312,-4431,-647,25.502305248
8135,39,-275,-5023,-461,25.503492672
8135,40,-267,-3426,-100,25.504680096
8135,41,-274,-2529,-74,25.505867520
8135,42,-291,-3967,-653,25.507054944
8135,43,-199,-5411,-1135,25.508242368
8135,44,-104,-5101,-760,25.509429792
8135,45,-37,-3398,-432,25.510617216
8135,46,-140,-3102,-604,25.511804640
8135,47,-131,-4008,-939,25.512992064
8135,48,-159,-3676,-1104,25.514179488
8135,49,-98,-3183,-471,25.515366912
8135,50,-186,-2323,-212,25.516554336
8135,51,-216,-3037,-198,25.517741760
8135,52,-200,-3570,-402,25.518929184
8135,53,-188,-1867,-120,25.520116608
8135,54,-118,-1358,437,25.521304032
8135,55,-68,-3958,271,25.522491456
8135,56,122,-4727,292,25.523678880
8135,57,132,-2058,131,25.524866304
8135,58,253,-2576,298,25.526053728
8135,59,270,-5094,257,25.527241152
8135,60,304,-3420,437,25.528428576
8135,61,286,-1610,441,25.529616000
8135,62,309,-2507,193,25.530803424
8135,63,232,-2423,129,25.531990848
8135,64,156,-1980,337,25.533178272
8136,1,160,-3622,513,25.534365696
8136,2,113,-5250,203,25.535553120
8136,3,142,-5306,200,25.536740544
8136,4,131,-5293,183,25.537927968
8136,5,151,-5593,522,25.539115392
8136,6,166,-4958,422,25.540302816
8136,7,180,-5015,318,25.541490240
8136,8,301,-5431,58,25.542677664
8136,9,278,-5094,63,25.543865088
8136,10,288,-4394,317,25.545052512
8136,11,235,-5123,72,25.546239936
8136,12,177,-7061,-199,25.547427360
8136,13,82,-5614,-482,25.548614784
8136,14,-24,-4269,-296,25.549802208
8136,15,-9,-5096,-83,25.550989632
8136,16,-90,-5096,-16,25.552177056
8136,17,-162,-4051,-92,25.553364480
8136,18,-210,-3219,-14,25.554551904
8136,19,-182,-3046,-47,25.555739328
8136,20,-145,-4201,111,25.556926752
8136,21,-104,-5406,117,25.558114176
8136,22,-175,-4738,180,25.559301600
8136,23,-139,-3062,167,25.560489024
8136,24,-149,-2987,-41,25.561676448
8136,25,-84,-3528,16,25.562863872
8136,26,-142,-3858,-81,25.564051296
8136,27,-116,-3545,-28,25.565238720
8136,28,-166,-3025,-25,25.566426144
8136,29,-192,-3633,-218,25.567613568
8136,30,-188,-4355,46,25.568800992
8136,31,-225,-3573,-4,25.569988416
8136,32,-165,-3578,156,25.571175840
8136,33,-105,-5070,-64,25.572363264
8136,34,-86,-4480,77,25.573550688
8136,35,-82,-3608,378,25.574738112
8136,36,0,-4121,453,25.575925536
8136,37,47,-4301,331,25.577112960
8136,38,81,-4930,-241,25.578300384
8136,39,106,-6449,-241,25.579487808
8136,40,92,-5589,-126,25.580675232
8136,41,53,-4303,-16,25.581862656
8136,42,115,-5727,-267,25.583050080
8136,43,96,-6726,-727,25.584237504
8136,44,125,-5105,-676,25.585424928
8136,45,173,-3670,-369,25.586612352
8136,46,258,-4222,-292,25.587799776
8136,47,290,-4323,-299,25.588987200
8136,48,326,-3900,-467,25.590174624
8136,49,382,-3270,-117,25.591362048
8136,50,398,-2250,66,25.592549472
8136,51,375,-3584,-98,25.593736896
8136,52,379,-5597,-129,25.594924320
8136,53,253,-4323,-120,25.596111744
8136,54,218,-2832,249,25.597299168
8136,55,159,-4270,334,25.598486592
8136,56,71,-4733,135,25.599674016
8136,57,-33,-4144,58,25.600861440
8136,58,-101,-4466,-17,25.602048864
8136,59,-103,-4489,411,25.603236288
8136,60,-110,-3985,457,25.604423712
8136,61,-111,-5029,556,25.605611136
8136,62,-101,-5065,511,25.606798560
8136,63,-126,-3363,512,25.607985984
8136,64,-13,-3614,728,25.609173408
8137,1,-23,-4204,672,25.610360832
8137,2,-41,-3400,720,25.611548256
8137,3,-94,-3216,680,25.612735680
8137,4,-119,-3655,546,25.613923104
8137,5,-206,-4226,358,25.615110528
8137,6,-265,-4786,178,25.616297952
8137,7,-329,-4065,173,25.617485376
8137,8,-397,-3699,-6,25.618672800
8137,9,-361,-4626,-102,25.619860224
8137,10,-342,-3900,-141,25.621047648
8137,11,-327,-2699,-186,25.622235072
8137,12,-224,-3332,-265,25.623422496
8137,13,-115,-4086,-402,25.624609920
8137,14,34,-3212,-335,25.625797344
8137,15,70,-3123,-372,25.626984768
8137,16,149,-4664,-469,25.628172192
8137,17,193,-4855,-509,25.629359616
8137,18,274,-4197,-591,25.630547040
8137,19,283,-4607,-565,25.631734464
8137,20,230,-4001,-559,25.632921888
8137,21,151,-2711,-542,25.634109312
8137,22,143,-3384,-412,25.635296736
8137,23,107,-3302,-401,25.636484160
8137,24,57,-2238,-298,25.637671584
8137,25,78,-3177,-326,25.638859008
8137,26,87,-3952,-246,25.640046432
8137,27,114,-3056,-77,25.641233856
8137,28,145,-3252,19,25.642421280
8137,29,212,-4576,65,25.643608704
8137,30,266,-4318,79,25.644796128
8137,31,297,-3674,274,25.645983552
8137,32,351,-4172,338,25.647170976
8137,33,308,-4734,293,25.648358400
8137,34,242,-4011,336,25.649545824
8137,35,175,-3266,464,25.650733248
8137,36,151,-3493,483,25.651920672
8137,37,80,-4470,416,25.653108096
8137,38,4,-4941,281,25.654295520
8137,39,-91,-4423,393,25.655482944
8137,40,-111,-4045,488,25.656670368
8137,41,-107,-4574,367,25.657857792
8137,42,-118,-6333,211,25.659045216
8137,43,-113,-6218,118,25.660232640
8137,44,-155,-5132,290,25.661420064
8137,45,-92,-5162,305,25.662607488
8137,46,-89,-5340,221,25.663794912
8137,47,-132,-5576,-67,25.664982336
8137,48,-132,-6113,-67,25.666169760
8137,49,-123,-5488,-37,25.667357184
8137,50,-113,-4221,-45,25.668544608
8137,51,-161,-4583,-199,25.669732032
8137,52,-200,-5034,-412,25.670919456
8137,53,-185,-4337,-366,25.672106880
8137,54,-114,-4306,-338,25.673294304
8137,55,-40,-4484,-282,25.674481728
8137,56,-59,-3773,-369,25.675669152
8137,57,-19,-3915,-395,25.676856576
8137,58,29,-4466,-211,25.678044000
8137,59,81,-3716,-100,25.679231424
8137,60,85,-3352,33,25.680418848
8137,61,81,-3832,24,25.681606272
8137,62,79,-3149,103,25.682793696
8137,63,65,-3022,275,25.683981120
8137,64,101,-3698,269,25.685168544
8138,1,35,-4191,202,25.686355968
8138,2,57,-3804,145,25.687543392
8138,3,57,-3274,246,25.688730816
8138,4,116,-3899,230,25.689918240
8138,5,137,-3833,273,25.691105664
8138,6,119,-2783,193,25.692293088
8138,7,158,-2515,208,25.693480512
8138,8,238,-3073,235,25.694667936
8138,9,263,-2798,257,25.695855360
8138,10,220,-3262,190,25.697042784
8138,11,199,-3558,111,25.698230208
8138,12,113,-3252,-19,25.699417632
8138,13,138,-4671,-74,25.700605056
8138,14,83,-4903,21,25.701792480
8138,15,-19,-3253,-28,25.702979904
8138,16,-61,-3803,-192,25.704167328
8138,17,-35,-5135,-386,25.705354752
8138,18,-35,-3860,-363,25.706542176
8138,19,-58,-2883,-236,25.707729600
8138,20,-16,-3959,-401,25.708917024
8138,21,19,-5282,-650,25.710104448
8138,22,90,-4871,-665,25.711291872
8138,23,41,-4242,-514,25.712479296
8138,24,75,-4278,-366,25.713666720
8138,25,28,-4447,-413,25.714854144
8138,26,59,-4651,-446,25.716041568
8138,27,-6,-4965,-301,25.717228992
8138,28,-83,-4041,-83,25.718416416
8138,29,-173,-3502,156,25.719603840
8138,30,-172,-5068,46,25.720791264
8138,31,-205,-5678,88,25.721978688
8138,32,-244,-4773,159,25.723166112
8138,33,-238,-4390,389,25.724353536
8138,34,-181,-5138,356,25.725540960
8138,35,-98,-5852,287,25.726728384
8138,36,-34,-5315,356,25.727915808
8138,37,-15,-4181,506,25.729103232
8138,38,46,-3919,596,25.730290656
8138,39,123,-4259,656,25.731478080
8138,40,163,-3579,632,25.732665504
8138,41,138,-3504,644,25.733852928
8138,42,117,-4150,668,25.735040352
8138,43,114,-3618,666,25.736227776
8138,44,88,-4033,682,25.737415200
8138,45,72,-4631,478,25.738602624
8138,46,-28,-4480,378,25.739790048
8138,47,-24,-4906,262,25.740977472
8138,48,24,-4565,334,25.742164896
8138,49,-38,-3807,198,25.743352320
8138,50,3,-4055,95,25.744539744
8138,51,7,-4535,-154,25.745727168
8138,52,104,-4097,-227,25.746914592
8138,53,162,-3751,-192,25.748102016
8138,54,211,-3866,-400,25.749289440
8138,55,197,-4053,-458,25.750476864
8138,56,193,-4428,-710,25.751664288
8138,57,259,-4656,-568,25.752851712
8138,58,230,-3974,-609,25.754039136
8138,59,156,-3180,-539,25.755226560
8138,60,97,-3570,-723,25.756413984
8138,61,60,-4709,-781,25.757601408
8138,62,26,-4527,-574,25.758788832
8138,63,-48,-3503,-438,25.759976256
8138,64,-122,-3726,-384,25.761163680
8139,1,-96,-4581,-551,25.762351104
8139,2,-129,-5033,-472,25.763538528
8139,3,-103,-4733,-260,25.764725952
8139,4,-143,-4072,-48,25.765913376
8139,5,-75,-3835,-60,25.767100800
8139,6,6,-4391,-67,25.768288224
8139,7,19,-4263,-59,25.769475648
8139,8,27,-3813,191,25.770663072
8139,9,15,-3981,264,25.771850496
8139,10,56,-3957,352,25.773037920
8139,11,26,-4183,308,25.774225344
8139,12,-12,-4338,382,25.775412768
8139,13,-64,-3932,588,25.776600192
8139,14,-109,-3668,565,25.777787616
8139,15,-96,-3606,692,25.778975040
8139,16,-146,-3312,582,25.780162464
8139,17,-149,-3189,755,25.781349888
8139,18,-158,-3619,696,25.782537312
8139,19,-122,-4777,557,25.783724736
8139,20,-48,-4724,575,25.784912160
8139,21,-61,-3546,420,25.786099584
8139,22,6,-3786,452,25.787287008
8139,23,48,-4542,225,25.788474432
8139,24,122,-4293,136,25.789661856
8139,25,134,-3945,63,25.790849280
8139,26,142,-4032,-75,25.792036704
8139,27,143,-4039,-43,25.793224128
8139,28,149,-4445,-173,25.794411552
8139,29,109,-4785,-169,25.795598976
8139,30,51,-4199,-250,25.796786400
8139,31,17,-4048,-235,25.797973824
8139,32,51,-3970,-124,25.799161248
8139,33,44,-3707,-117,25.800348672
8139,34,33,-4169,-223,25.801536096
8139,35,34,-4628,-266,25.802723520
8139,36,60,-4150,-374,25.803910944
8139,37,115,-4370,-259,25.805098368
8139,38,139,-4949,-357,25.806285792
8139,39,120,-4480,-393,25.807473216
8139,40,130,-4161,-411,25.808660640
8139,41,143,-4057,-509,25.809848064
8139,42,180,-4060,-369,25.811035488
8139,43,156,-4214,-445,25.812222912
8139,44,116,-4772,-314,25.813410336
8139,45,104,-4576,-284,25.814597760
8139,46,61,-4039,-180,25.815785184
8139,47,69,-4033,20,25.816972608
8139,48,-13,-3749,-15,25.818160032
8139,49,-4,-4244,42,25.819347456
8139,50,21,-4413,99,25.820534880
8139,51,-4,-3883,183,25.821722304
8139,52,-45,-4367,217,25.822909728
8139,53,-64,-4952,142,25.824097152
8139,54,-49,-4729,154,25.825284576
8139,55,-51,-4759,90,25.826472000
8139,56,-85,-4778,34,25.827659424
8139,57,-117,-4293,97,25.828846848
8139,58,-125,-4213,169,25.830034272
8139,59,-68,-4291,194,25.831221696
8139,60,-60,-3985,208,25.832409120
8139,61,-54,-3675,154,25.833596544
8139,62,-29,-4175,212,25.834783968
8139,63,11,-4200,252,25.835971392
8139,64,-6,-3768,372,25.837158816
8140,1,22,-3910,347,25.838346240
8140,2,-19,-4073,241,25.839533664
8140,3,-24,-3992,215,25.840721088
8140,4,-38,-3844,255,25.841908512
8140,5,-59,-3852,319,25.843095936
8140,6,-100,-3812,221,25.844283360
8140,7,-88,-3854,199,25.845470784
8140,8,-60,-3559,163,25.846658208
8140,9,-53,-3209,202,25.847845632
8140,10,-40,-3334,145,25.849033056
8140,11,-4,-3954,82,25.850220480
8140,12,85,-3929,99,25.851407904
8140,13,138,-3471,106,25.852595328
8140,14,184,-4206,114,25.853782752
8140,15,209,-4252,50,25.854970176
8140,16,212,-3779,-23,25.856157600
8140,17,267,-3935,-47,25.857345024
8140,18,187,-3784,-85,25.858532448
8140,19,129,-3724,-144,25.859719872
8140,20,89,-3942,-93,25.860907296
8140,21,53,-3564,-210,25.862094720
8140,22,14,-3511,-251,25.863282144
8140,23,16,-3960,-317,25.864469568
8140,24,-9,-3823,-388,25.865656992
8140,25,33,-3660,-350,25.866844416
8140,26,57,-3827,-392,25.868031840
8140,27,69,-3633,-367,25.869219264
8140,28,97,-3934,-490,25.870406688
8140,29,164,-4890,-492,25.871594112
8140,30,208,-4424,-394,25.872781536
8140,31,148,-3608,-372,25.873968960
8140,32,135,-4546,-340,25.875156384
8140,33,70,-4864,-403,25.876343808
8140,34,43,-4159,-282,25.877531232
8140,35,0,-4069,-151,25.878718656
8140,36,-103,-4132,-128,25.879906080
8140,37,-153,-3557,-50,25.881093504
8140,38,-197,-3457,41,25.882280928
8140,39,-205,-4092,89,25.883468352
8140,40,-199,-4568,189,25.884655776
8140,41,-168,-4272,247,25.885843200
8140,42,-117,-4143,317,25.887030624
8140,43,-97,-4895,274,25.888218048
8140,44,-54,-5197,338,25.889405472
8140,45,-49,-4927,459,25.890592896
8140,46,-7,-4548,571,25.891780320
8140,47,-4,-4522,598,25.892967744
8140,48,10,-4665,562,25.894155168
8140,49,-38,-4370,646,25.895342592
8140,50,-50,-4441,614,25.896530016
8140,51,-34,-5010,555,25.897717440
8140,52,-7,-4993,516,25.898904864
8140,53,-19,-4649,461,25.900092288
8140,54,-18,-5084,451,25.901279712
8140,55,32,-5391,380,25.902467136
8140,56,69,-4519,303,25.903654560
8140,57,98,-4398,191,25.904841984
8140,58,136,-5049,35,25.906029408
8140,59,177,-4844,78,25.907216832
8140,60,177,-3971,54,25.908404256
8140,61,171,-4112,-40,25.909591680
8140,62,165,-4645,-242,25.910779104
8140,63,158,-4053,-276,25.911966528
8140,64,163,-3550,-208,25.913153952
8141,1,150,-3948,-339,25.914341376
8141,2,152,-4367,-460,25.915528800
8141,3,136,-4235,-631,25.916716224
8141,4,165,-3991,-556,25.917903648
8141,5,173,-3555,-477,25.919091072
8141,6,166,-3363,-519,25.920278496
8141,7,146,-4054,-615,25.921465920
8141,8,108,-4290,-681,25.922653344
8141,9,100,-3572,-464,25.923840768
8141,10,61,-3338,-326,25.925028192
8141,11,14,-3732,-310,25.926215616
8141,12,-78,-4197,-370,25.927403040
8141,13,-117,-3995,-297,25.928590464
8141,14,-131,-3540,-79,25.929777888
8141,15,-158,-3633,23,25.930965312
8141,16,-188,-3642,99,25.932152736
8141,17,-199,-3685,15,25.933340160
8141,18,-153,-4094,123,25.934527584
8141,19,-152,-3946,184,25.935715008
8141,20,-112,-3649,274,25.936902432
8141,21,-100,-4004,310,25.938089856
8141,22,-78,-3782,309,25.939277280
8141,23,-88,-3169,385,25.940464704
8141,24,-103,-3756,349,25.941652128
8141,25,-116,-4549,378,25.942839552
8141,26,-111,-4597,407,25.944026976
8141,27,-108,-4024,493,25.945214400
8141,28,-143,-3721,505,25.946401824
8141,29,-118,-4456,430,25.947589248
8141,30,-84,-4401,389,25.948776672
8141,31,-55,-3867,372,25.949964096
8141,32,5,-4086,373,25.951151520
8141,33,61,-4194,359,25.952338944
8141,34,98,-3904,254,25.953526368
8141,35,133,-4297,176,25.954713792
8141,36,181,-4557,67,25.955901216
8141,37,225,-4071,18,25.957088640
8141,38,253,-4043,22,25.958276064
8141,39,222,-4080,-46,25.959463488
8141,40,211,-4373,-70,25.960650912
8141,41,174,-4776,-175,25.961838336
8141,42,165,-4834,-148,25.963025760
8141,43,142,-4385,-179,25.964213184
8141,44,131,-4612,-193,25.965400608
8141,45,132,-5030,-224,25.966588032
8141,46,76,-4485,-228,25.967775456
8141,47,113,-4122,-204,25.968962880
8141,48,154,-4589,-236,25.970150304
8141,49,185,-4417,-250,25.971337728
8141,50,135,-4042,-262,25.972525152
8141,51,127,-4423,-307,25.973712576
8141,52,142,-4568,-254,25.974900000
8141,53,109,-3827,-244,25.976087424
8141,54,87,-3672,-184,25.977274848
8141,55,37,-4055,-202,25.978462272
8141,56,-11,-3553,-120,25.979649696
8141,57,-62,-3213,-121,25.980837120
8141,58,-101,-3875,-104,25.982024544
8141,59,-152,-4081,-77,25.983211968
8141,60,-176,-4063,-22,25.984399392
8141,61,-192,-4278,83,25.985586816
8141,62,-229,-3977,22,25.986774240
8141,63,-222,-4211,-2,25.987961664
8141,64,-194,-4626,30,25.989149088
8142,1,-165,-4140,94,25.990336512
8142,2,-117,-4040,148,25.991523936
8142,3,-88,-4753,115,25.992711360
8142,4,-77,-4636,85,25.993898784
8142,5,-78,-4117,115,25.995086208
8142,6,-2,-4370,128,25.996273632
8142,7,6,-4869,149,25.997461056
8142,8,-2,-4224,178,25.998648480
8142,9,-22,-3594,235,25.999835904
8142,10,-9,-3995,240,26.001023328
8142,11,12,-4116,255,26.002210752
8142,12,-1,-4036,211,26.003398176
8142,13,3,-4383,225,26.004585600
8142,14,16,-4242,230,26.005773024
8142,15,49,-4052,207,26.006960448
8142,16,80,-4634,183,26.008147872
8142,17,100,-4224,104,26.009335296
8142,18,166,-3678,146,26.010522720
8142,19,239,-3945,97,26.011710144
8142,20,233,-3888,85,26.012897568
8142,21,252,-3702,41,26.014084992
8142,22,266,-3993,62,26.015272416
8142,23,293,-3993,18,26.016459840
8142,24,272,-3832,-44,26.017647264
8142,25,253,-3802,-32,26.018834688
8142,26,182,-3962,-62,26.020022112
8142,27,160,-4125,-42,26.021209536
8142,28,101,-3993,-14,26.022396960
8142,29,61,-3817,1,26.023584384
8142,30,7,-3658,16,26.024771808
8142,31,-37,-3634,-86,26.025959232
8142,32,-42,-4037,-121,26.027146656
8142,33,-61,-4189,-139,26.028334080
8142,34,-85,-3837,-131,26.029521504
8142,35,-86,-3892,-160,26.030708928
8142,36,-82,-4091,-225,26.031896352
8142,37,-66,-4216,-286,26.033083776
8142,38,-47,-4556,-325,26.034271200
8142,39,-73,-4447,-335,26.035458624
8142,40,-57,-3908,-269,26.036646048
8142,41,-53,-3860,-211,26.037833472
8142,42,-73,-4072,-215,26.039020896
8142,43,-115,-4480,-268,26.040208320
8142,44,-127,-4601,-186,26.041395744
8142,45,-150,-4042,-32,26.042583168
8142,46,-139,-3916,42,26.043770592
8142,47,-170,-4775,0,26.044958016
8142,48,-174,-4738,-11,26.046145440
8142,49,-167,-4073,88,26.047332864
8142,50,-103,-4336,134,26.048520288
8142,51,-70,-4485,179,26.049707712
8142,52,-29,-4319,192,26.050895136
8142,53,9,-4253,249,26.052082560
8142,54,36,-4471,203,26.053269984
8142,55,103,-4843,204,26.054457408
8142,56,136,-4524,263,26.055644832
8142,57,152,-3920,321,26.056832256
8142,58,183,-4084,361,26.058019680
8142,59,211,-4322,344,26.059207104
8142,60,203,-3950,347,26.060394528
8142,61,177,-4091,365,26.061581952
8142,62,190,-4332,360,26.062769376
8142,63,168,-3894,392,26.063956800
8142,64,178,-4078,329,26.065144224
8143,1,138,-4294,242,26.066331648
8143,2,104,-3978,179,26.067519072
8143,3,122,-4067,152,26.068706496
8143,4,149,-4194,188,26.069893920
8143,5,128,-3879,51,26.071081344
8143,6,94,-4031,8,26.072268768
8143,7,88,-4133,-100,26.073456192
8143,8,106,-4111,-146,26.074643616
8143,9,121,-4393,-146,26.075831040
8143,10,87,-4324,-219,26.077018464
8143,11,43,-4104,-204,26.078205888
8143,12,5,-4127,-291,26.079393312
8143,13,-14,-4251,-289,26.080580736
8143,14,-33,-4218,-273,26.081768160
8143,15,-80,-3900,-296,26.082955584
8143,16,-110,-3747,-297,26.084143008
8143,17,-131,-3727,-317,26.085330432
8143,18,-149,-3565,-313,26.086517856
8143,19,-168,-3664,-324,26.087705280
8143,20,-161,-4256,-375,26.088892704
8143,21,-169,-4348,-336,26.090080128
8143,22,-157,-3888,-252,26.091267552
8143,23,-150,-3916,-156,26.092454976
8143,24,-141,-4221,-165,26.093642400
8143,25,-85,-4209,-139,26.094829824
8143,26,-67,-3766,-33,26.096017248
8143,27,-33,-3580,89,26.097204672
8143,28,-41,-3599,139,26.098392096
8143,29,-34,-3976,169,26.099579520
8143,30,3,-4352,191,26.100766944
8143,31,-4,-4304,246,26.101954368
8143,32,23,-4200,292,26.103141792
8143,33,39,-4379,307,26.104329216
8143,34,24,-4366,290,26.105516640
8143,35,35,-4312,305,26.106704064
8143,36,48,-4373,346,26.107891488
8143,37,63,-4313,362,26.109078912
8143,38,89,-4616,318,26.110266336
8143,39,123,-4681,330,26.111453760
8143,40,126,-4347,329,26.112641184
8143,41,181,-4455,312,26.113828608
8143,42,181,-4810,198,26.115016032
8143,43,217,-4932,138,26.116203456
8143,44,222,-4941,138,26.117390880
8143,45,210,-4496,141,26.118578304
8143,46,196,-4452,59,26.119765728
8143,47,199,-4989,-45,26.120953152
8143,48,207,-4669,-65,26.122140576
8143,49,171,-4042,-88,26.123328000
8143,50,144,-4190,-91,26.124515424
8143,51,99,-4443,-197,26.125702848
8143,52,63,-4311,-223,26.126890272
8143,53,23,-4218,-195,26.128077696
8143,54,14,-4178,-162,26.129265120
8143,55,-1,-4133,-149,26.130452544
8143,56,-20,-4087,-186,26.131639968
8143,57,-52,-3946,-170,26.132827392
8143,58,-62,-3989,-160,26.134014816
8143,59,-38,-4203,-121,26.135202240
8143,60,-33,-4090,-100,26.136389664
8143,61,-64,-3847,-112,26.137577088
8143,62,-94,-3891,-125,26.138764512
8143,63,-102,-3979,-116,26.139951936
8143,64,-103,-3968,-60,26.141139360
8144,1,-109,-3930,-27,26.142326784
8144,2,-126,-3815,-15,26.143514208
8144,3,-144,-3708,-16,26.144701632
8144,4,-141,-3723,40,26.145889056
8144,5,-147,-3655,63,26.147076480
8144,6,-152,-3808,142,26.148263904
8144,7,-128,-3762,123,26.149451328
8144,8,-111,-3442,214,26.150638752
8144,9,-97,-3519,194,26.151826176
8144,10,-72,-4111,147,26.153013600
8144,11,-39,-4301,117,26.154201024
8144,12,-13,-3840,132,26.155388448
8144,13,56,-3678,171,26.156575872
8144,14,92,-3666,120,26.157763296
8144,15,79,-3874,22,26.158950720
8144,16,85,-4171,-23,26.160138144
8144,17,122,-4036,29,26.161325568
8144,18,173,-3704,64,26.162512992
8144,19,170,-3772,50,26.163700416
8144,20,168,-3937,-42,26.164887840
8144,21,129,-4269,-65,26.166075264
8144,22,173,-4248,10,26.167262688
8144,23,156,-3692,38,26.168450112
8144,24,148,-3817,41,26.169637536
8144,25,134,-4397,-40,26.170824960
8144,26,159,-4642,-60,26.172012384
8144,27,146,-4337,3,26.173199808
8144,28,122,-4116,-18,26.174387232
8144,29,123,-4424,-30,26.175574656
8144,30,92,-4687,-96,26.176762080
8144,31,77,-4579,-36,26.177949504
8144,32,63,-4352,-22,26.179136928
8144,33,67,-4226,17,26.180324352
8144,34,49,-4207,-11,26.181511776
8144,35,60,-4234,8,26.182699200
8144,36,19,-4143,35,26.183886624
8144,37,-7,-4133,58,26.185074048
8144,38,-50,-3989,60,26.186261472
8144,39,-78,-3938,8,26.187448896
8144,40,-77,-4278,33,26.188636320
8144,41,-91,-4324,101,26.189823744
8144,42,-119,-4133,96,26.191011168
8144,43,-148,-4260,29,26.192198592
8144,44,-155,-4298,9,26.193386016
8144,45,-145,-4096,8,26.194573440
8144,46,-146,-4168,51,26.195760864
8144,47,-161,-4190,34,26.196948288
8144,48,-120,-4142,4,26.198135712
8144,49,-80,-4332,-22,26.199323136
8144,50,-63,-4397,-18,26.200510560
8144,51,-25,-4356,38,26.201697984
8144,52,8,-4466,-6,26.202885408
8144,53,20,-4506,-49,26.204072832
8144,54,25,-4360,-76,26.205260256
8144,55,20,-4362,-31,26.206447680
8144,56,44,-4391,17,26.207635104
8144,57,35,-4302,36,26.208822528
8144,58,20,-4238,-16,26.210009952
8144,59,27,-4174,-29,26.211197376
8144,60,35,-4121,-20,26.212384800
8144,61,55,-4159,15,26.213572224
8144,62,83,-4391,6,26.214759648
8144,63,124,-4325,7,26.215947072
8144,64,134,-3807,29,26.217134496
8145,1,161,-4002,-6,26.218321920
8145,2,215,-4590,41,26.219509344
8145,3,235,-4252,4,26.220696768
8145,4,242,-3866,63,26.221884192
8145,5,244,-3942,67,26.223071616
8145,6,236,-3707,93,26.224259040
8145,7,202,-3676,106,26.225446464
8145,8,161,-4072,72,26.226633888
8145,9,107,-3947,86,26.227821312
8145,10,42,-3520,99,26.229008736
8145,11,18,-3722,133,26.230196160
8145,12,-24,-4203,82,26.231383584
8145,13,-45,-4313,78,26.232571008
8145,14,-58,-4133,64,26.233758432
8145,15,-42,-4122,56,26.234945856
8145,16,-39,-4204,47,26.236133280
8145,17,-56,-4162,38,26.237320704
8145,18,-53,-4172,14,26.238508128
8145,19,-61,-4230,-15,26.239695552
8145,20,-42,-4263,-40,26.240882976
8145,21,-39,-4358,-72,26.242070400
8145,22,-59,-4253,-43,26.243257824
8145,23,-75,-4139,-88,26.244445248
8145,24,-78,-4248,-134,26.245632672
8145,25,-106,-4324,-182,26.246820096
8145,26,-126,-4294,-162,26.248007520
8145,27,-138,-4043,-81,26.249194944
8145,28,-140,-3938,-67,26.250382368
8145,29,-130,-4368,-75,26.251569792
8145,30,-133,-4536,-124,26.252757216
8145,31,-90,-4179,-44,26.253944640
8145,32,-51,-4090,11,26.255132064
8145,33,-30,-4402,-13,26.256319488
8145,34,-2,-4481,-45,26.257506912
8145,35,21,-4303,-27,26.258694336
8145,36,60,-4185,92,26.259881760
8145,37,101,-3908,178,26.261069184
8145,38,127,-3976,115,26.262256608
8145,39,142,-4415,56,26.263444032
8145,40,149,-4172,83,26.264631456
8145,41,152,-3602,155,26.265818880
8145,42,162,-3991,184,26.267006304
8145,43,163,-4555,119,26.268193728
8145,44,118,-4335,128,26.269381152
8145,45,92,-4048,172,26.270568576
8145,46,81,-4062,238,26.271756000
8145,47,97,-4169,247,26.272943424
8145,48,100,-4059,215,26.274130848
8145,49,94,-3805,200,26.275318272
8145,50,107,-3806,172,26.276505696
8145,51,123,-4068,188,26.277693120
8145,52,104,-4069,126,26.278880544
8145,53,108,-4019,74,26.280067968
8145,54,92,-4293,0,26.281255392
8145,55,98,-4307,-38,26.282442816
8145,56,103,-4101,-91,26.283630240
8145,57,83,-4111,-128,26.284817664
8145,58,50,-4121,-169,26.286005088
8145,59,36,-4004,-161,26.287192512
8145,60,-20,-4001,-139,26.288379936
8145,61,-62,-3975,-110,26.289567360
8145,62,-119,-3982,-129,26.290754784
8145,63,-143,-3975,-146,26.291942208
8145,64,-147,-3964,-131,26.293129632
8146,1,-134,-4086,-128,26.294317056
8146,2,-129,-4049,-84,26.295504480
8146,3,-143,-3931,-94,26.296691904
8146,4,-106,-4083,-117,26.297879328
8146,5,-78,-4239,-133,26.299066752
8146,6,-43,-4141,-107,26.300254176
8146,7,-32,-4007,-106,26.301441600
8146,8,-31,-4223,-111,26.302629024
8146,9,-8,-4276,-75,26.303816448
8146,10,14,-4066,-41,26.305003872
8146,11,5,-4094,-16,26.306191296
8146,12,-2,-4301,40,26.307378720
8146,13,-2,-4351,64,26.308566144
8146,14,7,-4331,149,26.309753568
8146,15,-3,-4241,204,26.310940992
8146,16,-10,-4166,218,26.312128416
8146,17,13,-4314,244,26.313315840
8146,18,44,-4186,228,26.314503264
8146,19,73,-4119,224,26.315690688
8146,20,94,-4198,196,26.316878112
8146,21,115,-4251,154,26.318065536
8146,22,157,-4403,131,26.319252960
8146,23,171,-4365,135,26.320440384
8146,24,175,-4082,94,26.321627808
8146,25,171,-4270,35,26.322815232
8146,26,158,-4578,-20,26.324002656
8146,27,120,-4258,29,26.325190080
8146,28,160,-3879,88,26.326377504
8146,29,99,-4031,42,26.327564928
8146,30,79,-4430,-18,26.328752352
8146,31,64,-4456,-13,26.329939776
8146,32,41,-4297,6,26.331127200
8146,33,29,-4231,35,26.332314624
8146,34,-2,-4113,-30,26.333502048
8146,35,8,-4266,-91,26.334689472
8146,36,6,-4419,-125,26.335876896
8146,37,-3,-4191,-94,26.337064320
8146,38,-17,-4010,-83,26.338251744
8146,39,-37,-4178,-116,26.339439168
8146,40,-9,-4174,-125,26.340626592
8146,41,-30,-4019,-84,26.341814016
8146,42,-35,-3998,-76,26.343001440
8146,43,-51,-3994,-67,26.344188864
8146,44,-43,-3843,-36,26.345376288
8146,45,-49,-3633,-9,26.346563712
8146,46,-71,-3821,25,26.347751136
8146,47,-106,-4060,17,26.348938560
8146,48,-94,-4172,19,26.350125984
8146,49,-80,-4146,44,26.351313408
8146,50,-68,-3972,34,26.352500832
8146,51,-76,-4059,11,26.353688256
8146,52,-78,-4225,11,26.354875680
8146,53,-47,-4160,-4,26.356063104
8146,54,-51,-4020,14,26.357250528
8146,55,-15,-4070,40,26.358437952
8146,56,14,-4104,44,26.359625376
8146,57,24,-4154,54,26.360812800
8146,58,74,-4155,57,26.362000224
8146,59,94,-4026,42,26.363187648
8146,60,120,-4175,50,26.364375072
8146,61,129,-4199,41,26.365562496
8146,62,146,-4112,51,26.366749920
8146,63,96,-4255,35,26.367937344
8146,64,111,-4415,31,26.369124768
8147,1,92,-4299,4,26.370312192
8147,2,96,-4241,-4,26.371499616
8147,3,76,-4241,-4,26.372687040
8147,4,63,-4098,-31,26.373874464
8147,5,68,-4236,-48,26.375061888
8147,6,72,-4354,-52,26.376249312
8147,7,71,-4206,-11,26.377436736
8147,8,71,-4259,19,26.378624160
8147,9,97,-4450,25,26.379811584
8147,10,97,-4304,15,26.380999008
8147,11,116,-4179,35,26.382186432
8147,12,115,-4252,54,26.383373856
8147,13,98,-4224,68,26.384561280
8147,14,71,-4056,81,26.385748704
8147,15,24,-4075,86,26.386936128
8147,16,2,-4147,76,26.388123552
8147,17,-61,-4193,93,26.389310976
8147,18,-80,-4172,107,26.390498400
8147,19,-96,-4064,118,26.391685824
8147,20,-115,-4037,97,26.392873248
8147,21,-116,-4032,75,26.394060672
8147,22,-129,-4111,77,26.395248096
8147,23,-104,-4101,106,26.396435520
8147,24,-81,-4062,81,26.397622944
8147,25,-69,-4114,59,26.398810368
8147,26,-67,-4182,38,26.399997792
8147,27,-42,-4116,43,26.401185216
8147,28,-9,-4041,46,26.402372640
8147,29,6,-3968,18,26.403560064
8147,30,14,-3917,-34,26.404747488
8147,31,18,-3879,-61,26.405934912
8147,32,19,-3883,-68,26.407122336
8147,33,-14,-3938,-48,26.408309760
8147,34,-13,-4093,-90,26.409497184
8147,35,-10,-4302,-102,26.410684608
8147,36,-14,-4139,-107,26.411872032
8147,37,-16,-3991,-91,26.413059456
8147,38,22,-4160,-102,26.414246880
8147,39,35,-4239,-116,26.415434304
8147,40,67,-4093,-89,26.416621728
8147,41,73,-4037,-49,26.417809152
8147,42,89,-4145,-31,26.418996576
8147,43,98,-4269,-16,26.420184000
8147,44,107,-4124,-3,26.421371424
8147,45,134,-3960,-21,26.422558848
8147,46,169,-4206,-35,26.423746272
8147,47,166,-4322,-40,26.424933696
8147,48,143,-4146,-12,26.426121120
8147,49,101,-4121,7,26.427308544
8147,50,94,-4399,3,26.428495968
8147,51,90,-4539,26,26.429683392
8147,52,48,-4255,79,26.430870816
8147,53,31,-4050,156,26.432058240
8147,54,44,-4064,150,26.433245664
8147,55,25,-4133,155,26.434433088
8147,56,0,-4074,157,26.435620512
8147,57,-2,-4041,186,26.436807936
8147,58,-14,-4111,209,26.437995360
8147,59,-6,-4235,173,26.439182784
8147,60,-38,-4349,133,26.440370208
8147,61,-31,-4335,100,26.441557632
8147,62,-7,-4169,104,26.442745056
8147,63,-14,-4110,61,26.443932480
8147,64,-4,-4292,10,26.445119904
8148,1,-27,-4267,-42,26.446307328
8148,2,-34,-4159,6,26.447494752
8148,3,-28,-4134,31,26.448682176
8148,4,-56,-4267,5,26.449869600
8148,5,-52,-4439,-25,26.451057024
8148,6,-74,-4209,-15,26.452244448
8148,7,-74,-3932,20,26.453431872
8148,8,-78,-4072,15,26.454619296
8148,9,-57,-4243,-30,26.455806720
8148,10,-31,-4052,-45,26.456994144
8148,11,-10,-3980,-62,26.458181568
8148,12,18,-4181,-70,26.459368992
8148,13,32,-4206,-89,26.460556416
8148,14,37,-4111,-112,26.461743840
8148,15,50,-4117,-148,26.462931264
8148,16,91,-4087,-134,26.464118688
8148,17,97,-4030,-137,26.465306112
8148,18,93,-4119,-91,26.466493536
8148,19,93,-4081,-70,26.467680960
8148,20,85,-4037,-34,26.468868384
8148,21,85,-4254,7,26.470055808
8148,22,84,-4286,15,26.471243232
8148,23,75,-4173,77,26.472430656
8148,24,46,-4156,42,26.473618080
8148,25,67,-4284,36,26.474805504
8148,26,76,-4242,44,26.475992928
8148,27,79,-4155,74,26.477180352
8148,28,92,-4151,68,26.478367776
8148,29,71,-4049,59,26.479555200
8148,30,66,-4045,23,26.480742624
8148,31,69,-4196,12,26.481930048
8148,32,73,-4116,33,26.483117472
8148,33,54,-3898,42,26.484304896
8148,34,44,-4090,46,26.485492320
8148,35,28,-4248,29,26.486679744
8148,36,3,-4107,87,26.487867168
8148,37,5,-4114,93,26.489054592
8148,38,-21,-4227,110,26.490242016
8148,39,-15,-4123,89,26.491429440
8148,40,-41,-4102,91,26.492616864
8148,41,-45,-4172,43,26.493804288
8148,42,-67,-4157,34,26.494991712
8148,43,-71,-4235,13,26.496179136
8148,44,-70,-4325,-23,26.497366560
8148,45,-89,-4266,-21,26.498553984
8148,46,-73,-4234,-24,26.499741408
8148,47,-46,-4386,-22,26.500928832
8148,48,-16,-4403,-39,26.502116256
8148,49,-33,-4059,25,26.503303680
8148,50,-25,-3891,15,26.504491104
8148,51,-8,-4181,24,26.505678528
8148,52,13,-4314,41,26.506865952
8148,53,21,-4069,75,26.508053376
8148,54,41,-4018,107,26.509240800
8148,55,29,-4049,66,26.510428224
8148,56,34,-4061,36,26.511615648
8148,57,31,-4166,-4,26.512803072
8148,58,39,-4133,14,26.513990496
8148,59,21,-3896,1,26.515177920
8148,60,23,-3877,-14,26.516365344
8148,61,17,-4079,-31,26.517552768
8148,62,44,-4066,-29,26.518740192
8148,63,66,-3994,-4,26.519927616
8148,64,80,-4010,-22,26.521115040
8149,1,99,-4090,-4,26.522302464
8149,2,117,-4041,12,26.523489888
8149,3,117,-4086,19,26.524677312
8149,4,101,-4245,11,26.525864736
8149,5,120,-4177,48,26.527052160
8149,6,123,-4030,31,26.528239584
8149,7,95,-4111,21,26.529427008
8149,8,67,-4184,-4,26.530614432
8149,9,27,-4102,1,26.531801856
8149,10,24,-4080,-17,26.532989280
8149,11,-1,-4129,-40,26.534176704
8149,12,-14,-4164,-66,26.535364128
8149,13,-25,-4171,-29,26.536551552
8149,14,-34,-4226,-57,26.537738976
8149,15,-18,-4329,-37,26.538926400
8149,16,-25,-4267,-40,26.540113824
8149,17,-5,-4155,-15,26.541301248
8149,18,-24,-4215,14,26.542488672
8149,19,-4,-4396,0,26.543676096
8149,20,25,-4213,65,26.544863520
8149,21,-19,-4022,60,26.546050944
8149,22,2,-4249,49,26.547238368
8149,23,-10,-4399,45,26.548425792
8149,24,-6,-4303,67,26.549613216
8149,25,-17,-4236,77,26.550800640
8149,26,-39,-4245,44,26.551988064
8149,27,-42,-4347,32,26.553175488
8149,28,-25,-4432,30,26.554362912
8149,29,-37,-4201,65,26.555550336
8149,30,-39,-4154,78,26.556737760
8149,31,-23,-4256,83,26.557925184
8149,32,-25,-4194,103,26.559112608
8149,33,-3,-4224,124,26.560300032
8149,34,20,-4278,138,26.561487456
8149,35,38,-4159,130,26.562674880
8149,36,59,-4091,110,26.563862304
8149,37,62,-4114,71,26.565049728
8149,38,91,-4107,73,26.566237152
8149,39,81,-4084,39,26.567424576
8149,40,83,-4105,24,26.568612000
8149,41,76,-4038,-31,26.569799424
8149,42,100,-3996,-24,26.570986848
8149,43,74,-4052,-34,26.572174272
8149,44,59,-4110,-47,26.573361696
8149,45,54,-4013,-57,26.574549120
8149,46,60,-4019,-68,26.575736544
8149,47,57,-4153,-51,26.576923968
8149,48,31,-4013,-17,26.578111392
8149,49,32,-3854,33,26.579298816
8149,50,19,-3903,8,26.580486240
8149,51,19,-4041,-57,26.581673664
8149,52,25,-4103,-47,26.582861088
8149,53,32,-4022,-30,26.584048512
8149,54,43,-3948,-12,26.585235936
8149,55,31,-4187,-72,26.586423360
8149,56,37,-4328,-111,26.587610784
8149,57,14,-4219,-101,26.588798208
8149,58,25,-4111,-49,26.589985632
8149,59,9,-4105,-37,26.591173056
8149,60,5,-4164,-57,26.592360480
8149,61,-21,-4114,-60,26.593547904
8149,62,-28,-4093,-20,26.594735328
8149,63,-18,-4132,30,26.595922752
8149,64,-17,-4195,62,26.597110176
8150,1,-26,-4282,52,26.598297600
8150,2,-47,-4222,64,26.599485024
8150,3,-36,-4108,92,26.600672448
8150,4,-23,-4162,91,26.601859872
8150,5,-1,-4232,69,26.603047296
8150,6,-14,-4191,40,26.604234720
8150,7,21,-4163,50,26.605422144
8150,8,48,-4138,47,26.606609568
8150,9,48,-4114,68,26.607796992
8150,10,50,-4160,44,26.608984416
8150,11,54,-4177,42,26.610171840
8150,12,55,-4065,64,26.611359264
8150,13,52,-4067,85,26.612546688
8150,14,54,-4138,120,26.613734112
8150,15,34,-4136,102,26.614921536
8150,16,35,-4172,60,26.616108960
8150,17,31,-4206,72,26.617296384
8150,18,19,-4173,95,26.618483808
8150,19,23,-4167,78,26.619671232
8150,20,34,-4281,38,26.620858656
8150,21,43,-4256,38,26.622046080
8150,22,44,-4011,17,26.623233504
8150,23,49,-3978,6,26.624420928
8150,24,60,-4088,-33,26.625608352
8150,25,65,-4243,-42,26.626795776
8150,26,66,-4211,-37,26.627983200
8150,27,51,-4091,0,26.629170624
8150,28,58,-4169,6,26.630358048
8150,29,57,-4283,-21,26.631545472
8150,30,32,-4145,-38,26.632732896
8150,31,24,-4057,-18,26.633920320
8150,32,16,-4217,-27,26.635107744
8150,33,-23,-4208,-4,26.636295168
8150,34,-17,-4096,6,26.637482592
8150,35,-33,-4093,-15,26.638670016
8150,36,-38,-4254,-48,26.639857440
8150,37,-32,-4354,-70,26.641044864
8150,38,-13,-4146,-55,26.642232288
8150,39,-16,-4008,-42,26.643419712
8150,40,-12,-4171,-68,26.644607136
8150,41,7,-4291,-69,26.645794560
8150,42,25,-4201,-55,26.646981984
8150,43,48,-4161,0,26.648169408
8150,44,58,-4114,12,26.649356832
8150,45,58,-4095,26,26.650544256
8150,46,25,-4121,6,26.651731680
8150,47,23,-4036,38,26.652919104
8150,48,19,-4058,59,26.654106528
8150,49,0,-4219,63,26.655293952
8150,50,-11,-4186,57,26.656481376
8150,51,-20,-4089,42,26.657668800
8150,52,-35,-4211,56,26.658856224
8150,53,-8,-4267,40,26.660043648
8150,54,-5,-4205,46,26.661231072
8150,55,2,-4090,59,26.662418496
8150,56,21,-4054,52,26.663605920
8150,57,36,-4221,48,26.664793344
8150,58,52,-4265,72,26.665980768
8150,59,64,-4177,113,26.667168192
8150,60,75,-4152,106,26.668355616
8150,61,59,-4205,109,26.669543040
8150,62,53,-4169,98,26.670730464
8150,63,72,-4072,127,26.671917888
8150,64,61,-4009,95,26.673105312
8151,1,28,-4047,71,26.674292736
8151,2,41,-4134,41,26.675480160
8151,3,13,-4109,60,26.676667584
8151,4,5,-4100,29,26.677855008
8151,5,-18,-4169,-2,26.679042432
8151,6,-1,-4228,-1,26.680229856
8151,7,-15,-4164,-19,26.681417280
8151,8,0,-4078,6,26.682604704
8151,9,21,-4112,-20,26.683792128
8151,10,42,-4180,-15,26.684979552
8151,11,50,-4163,-21,26.686166976
8151,12,47,-4075,-14,26.687354400
8151,13,56,-4037,27,26.688541824
8151,14,37,-4040,11,26.689729248
8151,15,32,-4106,-22,26.690916672
8151,16,38,-4158,-54,26.692104096
8151,17,39,-4036,-47,26.693291520
8151,18,28,-4046,-44,26.694478944
8151,19,17,-4244,-71,26.695666368
8151,20,-1,-4277,-67,26.696853792
8151,21,-19,-4117,-81,26.698041216
8151,22,-21,-4076,-47,26.699228640
8151,23,-27,-4104,-44,26.700416064
8151,24,-15,-4116,-41,26.701603488
8151,25,6,-4025,-10,26.702790912
8151,26,-4,-4033,11,26.703978336
8151,27,27,-4196,20,26.705165760
8151,28,21,-4222,36,26.706353184
8151,29,25,-4210,34,26.707540608
8151,30,40,-4265,42,26.708728032
8151,31,52,-4268,38,26.709915456
8151,32,67,-4158,51,26.711102880
8151,33,58,-4147,31,26.712290304
8151,34,62,-4174,12,26.713477728
8151,35,32,-4158,34,26.714665152
8151,36,8,-4129,33,26.715852576
8151,37,14,-4148,73,26.717040000
8151,38,-6,-4243,71,26.718227424
8151,39,4,-4254,80,26.719414848
8151,40,-7,-4265,112,26.720602272
8151,41,-10,-4219,101,26.721789696
8151,42,3,-4099,109,26.722977120
8151,43,1,-4119,97,26.724164544
8151,44,45,-4164,80,26.725351968
8151,45,42,-4193,80,26.726539392
8151,46,32,-4128,91,26.727726816
8151,47,64,-4048,86,26.728914240
8151,48,44,-4151,43,26.730101664
8151,49,40,-4208,10,26.731289088
8151,50,60,-4047,13,26.732476512
8151,51,55,-4029,-2,26.733663936
8151,52,59,-4169,-16,26.734851360
8151,53,39,-4119,-14,26.736038784
8151,54,16,-4075,-25,26.737226208
8151,55,-21,-4140,-1,26.738413632
8151,56,-19,-4155,7,26.739601056
8151,57,-7,-4064,15,26.740788480
8151,58,-12,-4093,6,26.741975904
8151,59,-12,-4152,-8,26.743163328
8151,60,11,-4191,-30,26.744350752
8151,61,36,-4186,-24,26.745538176
8151,62,35,-4194,-35,26.746725600
8151,63,34,-4177,-58,26.747913024
8151,64,31,-4210,-65,26.749100448
8152,1,63,-4164,-72,26.750287872
8152,2,34,-4055,-81,26.751475296
8152,3,62,-4060,-69,26.752662720
8152,4,49,-4164,-85,26.753850144
8152,5,37,-4121,-64,26.755037568
8152,6,39,-4065,-30,26.756224992
8152,7,27,-4192,-25,26.757412416
8152,8,-5,-4209,12,26.758599840
8152,9,-15,-4098,11,26.759787264
8152,10,1,-4105,40,26.760974688
8152,11,1,-4174,30,26.762162112
8152,12,0,-4131,24,26.763349536
8152,13,3,-4141,10,26.764536960
8152,14,10,-4248,33,26.765724384
8152,15,20,-4272,31,26.766911808
8152,16,19,-4246,47,26.768099232
8152,17,37,-4224,44,26.769286656
8152,18,57,-4205,50,26.770474080
8152,19,60,-4197,49,26.771661504
8152,20,54,-4172,49,26.772848928
8152,21,69,-4123,78,26.774036352
8152,22,41,-4178,83,26.775223776
8152,23,42,-4251,106,26.776411200
8152,24,7,-4197,104,26.777598624
8152,25,-20,-4175,133,26.778786048
8152,26,-14,-4229,122,26.779973472
8152,27,-22,-4234,87,26.781160896
8152,28,-19,-4122,77,26.782348320
8152,29,-11,-4087,67,26.783535744
8152,30,1,-4193,40,26.784723168
8152,31,6,-4268,24,26.785910592
8152,32,30,-4214,10,26.787098016
8152,33,33,-4211,2,26.788285440
8152,34,41,-4174,5,26.789472864
8152,35,49,-4119,1,26.790660288
8152,36,67,-4161,-19,26.791847712
8152,37,74,-4108,-28,26.793035136
8152,38,71,-3982,-7,26.794222560
8152,39,62,-4000,-12,26.795409984
8152,40,51,-4108,-8,26.796597408
8152,41,26,-4095,-27,26.797784832
8152,42,2,-4071,-24,26.798972256
8152,43,-1,-4041,-22,26.800159680
8152,44,-11,-4002,-39,26.801347104
8152,45,-15,-3995,-55,26.802534528
8152,46,-15,-4067,-68,26.803721952
8152,47,-8,-4098,-48,26.804909376
8152,48,28,-4075,-62,26.806096800
8152,49,20,-4109,-63,26.807284224
8152,50,24,-4131,-51,26.808471648
8152,51,40,-4132,-55,26.809659072
8152,52,45,-4197,-28,26.810846496
8152,53,52,-4132,-21,26.812033920
8152,54,60,-3972,4,26.813221344
8152,55,48,-4104,3,26.814408768
8152,56,28,-4180,2,26.815596192
8152,57,17,-4077,42,26.816783616
8152,58,-5,-4089,53,26.817971040
8152,59,-12,-4247,53,26.819158464
8152,60,-27,-4186,43,26.820345888
8152,61,-27,-4093,61,26.821533312
8152,62,-20,-4132,32,26.822720736
8152,63,-31,-4238,52,26.823908160
8152,64,-10,-4218,35,26.825095584
8153,1,-3,-4179,59,26.826283008
8153,2,4,-4225,80,26.827470432
8153,3,27,-4199,102,26.828657856
8153,4,24,-4232,93,26.829845280
8153,5,49,-4211,71,26.831032704
8153,6,61,-4162,77,26.832220128
8153,7,47,-4160,71,26.833407552
8153,8,72,-4191,76,26.834594976
8153,9,57,-4183,57,26.835782400
8153,10,54,-4221,66,26.836969824
8153,11,37,-4261,46,26.838157248
8153,12,34,-4278,47,26.839344672
8153,13,5,-4232,30,26.840532096
8153,14,-1,-4129,24,26.841719520
8153,15,13,-4145,18,26.842906944
8153,16,15,-4221,15,26.844094368
8153,17,0,-4192,26,26.845281792
8153,18,4,-4108,41,26.846469216
8153,19,22,-4144,33,26.847656640
8153,20,27,-4176,20,26.848844064
8153,21,41,-4085,-6,26.850031488
8153,22,50,-4044,-1,26.851218912
8153,23,67,-4075,-25,26.852406336
8153,24,71,-4099,-36,26.853593760
8153,25,65,-4059,-39,26.854781184
8153,26,56,-4092,-34,26.855968608
8153,27,22,-4150,-69,26.857156032
8153,28,21,-4145,-56,26.858343456
8153,29,0,-4095,-75,26.859530880
8153,30,-23,-4095,-70,26.860718304
8153,31,-31,-4086,-41,26.861905728
8153,32,-48,-4043,-1,26.863093152
8153,33,-35,-4073,13,26.864280576
8153,34,-26,-4113,-24,26.865468000
8153,35,-27,-4115,10,26.866655424
8153,36,13,-4120,15,26.867842848
8153,37,11,-4076,29,26.869030272
8153,38,29,-4092,10,26.870217696
8153,39,31,-4149,29,26.871405120
8153,40,30,-4122,5,26.872592544
8153,41,49,-4158,8,26.873779968
8153,42,69,-4183,-10,26.874967392
8153,43,47,-4162,18,26.876154816
8153,44,23,-4146,6,26.877342240
8153,45,10,-4212,24,26.878529664
8153,46,4,-4183,34,26.879717088
8153,47,-1,-4155,70,26.880904512
8153,48,-3,-4143,70,26.882091936
8153,49,-14,-4199,64,26.883279360
8153,50,8,-4205,66,26.884466784
8153,51,10,-4192,64,26.885654208
8153,52,28,-4227,95,26.886841632
8153,53,32,-4211,87,26.888029056
8153,54,51,-4161,87,26.889216480
8153,55,51,-4189,49,26.890403904
8153,56,61,-4180,60,26.891591328
8153,57,81,-4079,44,26.892778752
8153,58,82,-4106,8,26.893966176
8153,59,71,-4210,10,26.895153600
8153,60,55,-4174,10,26.896341024
8153,61,63,-4170,39,26.897528448
8153,62,39,-4132,16,26.898715872
8153,63,26,-4120,35,26.899903296
8153,64,20,-4078,5,26.901090720
8154,1,4,-4085,18,26.902278144
8154,2,-3,-4109,19,26.903465568
8154,3,-27,-4143,32,26.904652992
8154,4,4,-4179,11,26.905840416
8154,5,13,-4118,26,26.907027840
8154,6,26,-4090,-9,26.908215264
8154,7,13,-4105,-47,26.909402688
8154,8,27,-4158,-60,26.910590112
8154,9,27,-4149,-88,26.911777536
8154,10,35,-4093,-51,26.912964960
8154,11,28,-4111,-46,26.914152384
8154,12,45,-4165,-34,26.915339808
8154,13,35,-4196,-60,26.916527232
8154,14,29,-4223,-28,26.917714656
8154,15,9,-4179,-45,26.918902080
8154,16,7,-4115,-19,26.920089504
8154,17,-10,-4154,8,26.921276928
8154,18,-15,-4188,12,26.922464352
8154,19,-29,-4184,-2,26.923651776
8154,20,-18,-4233,21,26.924839200
8154,21,-37,-4218,18,26.926026624
8154,22,-10,-4158,14,26.927214048
8154,23,-5,-4154,14,26.928401472
8154,24,21,-4166,-2,26.929588896
8154,25,29,-4200,-3,26.930776320
8154,26,47,-4154,18,26.931963744
8154,27,49,-4125,30,26.933151168
8154,28,55,-4128,52,26.934338592
8154,29,56,-4214,43,26.935526016
8154,30,52,-4208,40,26.936713440
8154,31,51,-4153,66,26.937900864
8154,32,61,-4166,91,26.939088288
8154,33,46,-4217,112,26.940275712
8154,34,25,-4165,86,26.941463136
8154,35,17,-4152,85,26.942650560
8154,36,12,-4180,77,26.943837984
8154,37,-16,-4188,69,26.945025408
8154,38,11,-4164,86,26.946212832
8154,39,-13,-4134,67,26.947400256
8154,40,2,-4157,37,26.948587680
8154,41,30,-4163,46,26.949775104
8154,42,31,-4122,31,26.950962528
8154,43,51,-4012,30,26.952149952
8154,44,49,-4057,5,26.953337376
8154,45,46,-4204,-5,26.954524800
8154,46,38,-4168,31,26.955712224
8154,47,42,-4064,30,26.956899648
8154,48,27,-4093,53,26.958087072
8154,49,36,-4148,-15,26.959274496
8154,50,15,-4127,-11,26.960461920
8154,51,8,-4064,-25,26.961649344
8154,52,-11,-4048,-17,26.962836768
8154,53,-21,-4125,-45,26.964024192
8154,54,-38,-4173,-44,26.965211616
8154,55,-45,-4131,-45,26.966399040
8154,56,-41,-4189,-53,26.967586464
8154,57,-14,-4129,-62,26.968773888
8154,58,-4,-4094,-47,26.969961312
8154,59,13,-4173,-69,26.971148736
8154,60,29,-4141,-32,26.972336160
8154,61,36,-4081,-13,26.973523584
8154,62,44,-4144,8,26.974711008
8154,63,51,-4162,9,26.975898432
8154,64,46,-4120,8,26.977085856
8155,1,34,-4113,31,26.978273280
8155,2,28,-4167,19,26.979460704
8155,3,12,-4212,0,26.980648128
8155,4,9,-4144,26,26.981835552
8155,5,-9,-4115,3,26.983022976
8155,6,-2,-4202,38,26.984210400
8155,7,14,-4218,28,26.985397824
8155,8,11,-4156,51,26.986585248
8155,9,26,-4102,73,26.987772672
8155,10,35,-4104,57,26.988960096
8155,11,26,-4169,71,26.990147520
8155,12,48,-4148,71,26.991334944
8155,13,52,-4067,83,26.992522368
8155,14,46,-4139,78,26.993709792
8155,15,55,-4209,86,26.994897216
8155,16,82,-4213,84,26.996084640
8155,17,65,-4211,83,26.997272064
8155,18,52,-4149,93,26.998459488
8155,19,55,-4116,67,26.999646912
8155,20,30,-4111,41,27.000834336
8155,21,20,-4132,31,27.002021760
8155,22,-6,-4112,43,27.003209184
8155,23,0,-4134,35,27.004396608
8155,24,-17,-4188,15,27.005584032
8155,25,-5,-4211,13,27.006771456
8155,26,-1,-4170,32,27.007958880
8155,27,-2,-4138,32,27.009146304
8155,28,12,-4162,13,27.010333728
8155,29,20,-4104,-16,27.011521152
8155,30,23,-4063,-23,27.012708576
8155,31,17,-4125,-11,27.013896000
8155,32,25,-4168,-22,27.015083424
8155,33,39,-4162,-35,27.016270848
8155,34,46,-4174,-42,27.017458272
8155,35,19,-4161,-47,27.018645696
8155,36,12,-4107,-65,27.019833120
8155,37,3,-4099,-46,27.021020544
8155,38,5,-4115,-66,27.022207968
8155,39,-12,-4181,-66,27.023395392
8155,40,-10,-4199,-35,27.024582816
8155,41,-15,-4183,-16,27.025770240
8155,42,-5,-4141,1,27.026957664
8155,43,10,-4134,-4,27.028145088
8155,44,23,-4173,-3,27.029332512
8155,45,32,-4136,-6,27.030519936
8155,46,36,-4114,-7,27.031707360
8155,47,39,-4144,23,27.032894784
8155,48,36,-4147,27,27.034082208
8155,49,41,-4176,28,27.035269632
8155,50,51,-4156,21,27.036457056
8155,51,51,-4167,-4,27.037644480
8155,52,52,-4194,26,27.038831904
8155,53,62,-4164,25,27.040019328
8155,54,49,-4147,38,27.041206752
8155,55,31,-4149,54,27.042394176
8155,56,32,-4208,56,27.043581600
8155,57,25,-4165,57,27.044769024
8155,58,17,-4110,72,27.045956448
8155,59,6,-4084,89,27.047143872
8155,60,5,-4083,94,27.048331296
8155,61,11,-4155,70,27.049518720
8155,62,24,-4163,85,27.050706144
8155,63,24,-4098,62,27.051893568
8155,64,33,-4131,48,27.053080992
8156,1,33,-4146,48,27.054268416
8156,2,47,-4131,26,27.055455840
8156,3,38,-4220,33,27.056643264
8156,4,40,-4202,25,27.057830688
8156,5,42,-4122,28,27.059018112
8156,6,48,-4097,28,27.060205536
8156,7,30,-4106,34,27.061392960
8156,8,20,-4112,-13,27.062580384
8156,9,-1,-4100,-4,27.063767808
8156,10,1,-4088,16,27.064955232
8156,11,-24,-4106,32,27.066142656
8156,12,-23,-4171,12,27.067330080
8156,13,-14,-4139,3,27.068517504
8156,14,-3,-4148,-4,27.069704928
8156,15,9,-4171,-37,27.070892352
8156,16,21,-4152,-54,27.072079776
8156,17,35,-4120,-52,27.073267200
8156,18,41,-4136,-33,27.074454624
8156,19,29,-4161,-44,27.075642048
8156,20,41,-4168,-43,27.076829472
8156,21,59,-4152,-22,27.078016896
8156,22,75,-4112,-3,27.079204320
8156,23,67,-4099,-1,27.080391744
8156,24,45,-4107,-35,27.081579168
8156,25,43,-4144,-31,27.082766592
8156,26,23,-4149,-14,27.083954016
8156,27,23,-4204,17,27.085141440
8156,28,2,-4225,16,27.086328864
8156,29,0,-4160,30,27.087516288
8156,30,-7,-4167,13,27.088703712
8156,31,-9,-4181,-3,27.089891136
8156,32,26,-4144,-2,27.091078560
8156,33,42,-4153,22,27.092265984
8156,34,28,-4174,20,27.093453408
8156,35,39,-4178,41,27.094640832
8156,36,43,-4184,58,27.095828256
8156,37,39,-4205,79,27.097015680
8156,38,48,-4199,67,27.098203104
8156,39,52,-4177,61,27.099390528
8156,40,57,-4143,60,27.100577952
8156,41,47,-4151,71,27.101765376
8156,42,21,-4191,72,27.102952800
8156,43,24,-4206,77,27.104140224
8156,44,16,-4180,66,27.105327648
8156,45,-8,-4149,49,27.106515072
8156,46,-10,-4158,57,27.107702496
8156,47,-32,-4165,55,27.108889920
8156,48,-30,-4158,45,27.110077344
8156,49,-14,-4122,63,27.111264768
8156,50,8,-4118,50,27.112452192
8156,51,24,-4127,43,27.113639616
8156,52,19,-4157,37,27.114827040
8156,53,45,-4133,8,27.116014464
8156,54,45,-4092,27,27.117201888
8156,55,68,-4132,8,27.118389312
8156,56,53,-4179,13,27.119576736
8156,57,52,-4102,-1,27.120764160
8156,58,44,-4062,4,27.121951584
8156,59,34,-4152,-38,27.123139008
8156,60,25,-4192,-59,27.124326432
8156,61,13,-4121,-36,27.125513856
8156,62,-14,-4097,-20,27.126701280
8156,63,-5,-4109,-32,27.127888704
8156,64,-22,-4129,-54,27.129076128
8157,1,2,-4143,-35,27.130263552
8157,2,-3,-4116,-36,27.131450976
8157,3,27,-4083,-28,27.132638400
8157,4,47,-4119,-26,27.133825824
8157,5,55,-4146,-25,27.135013248
8157,6,54,-4127,-22,27.136200672
8157,7,68,-4133,4,27.137388096
8157,8,60,-4140,-1,27.138575520
8157,9,62,-4146,9,27.139762944
8157,10,62,-4091,-8,27.140950368
8157,11,47,-4102,-22,27.142137792
8157,12,32,-4129,-3,27.143325216
8157,13,22,-4147,0,27.144512640
8157,14,3,-4196,28,27.145700064
8157,15,-22,-4177,22,27.146887488
8157,16,-19,-4148,42,27.148074912
8157,17,-9,-4171,50,27.149262336
8157,18,-14,-4220,67,27.150449760
8157,19,-7,-4192,57,27.151637184
8157,20,12,-4178,67,27.152824608
8157,21,28,-4227,67,27.154012032
8157,22,35,-4237,83,27.155199456
8157,23,49,-4229,91,27.156386880
8157,24,46,-4220,75,27.157574304
8157,25,47,-4191,49,27.158761728
8157,26,46,-4190,41,27.159949152
8157,27,42,-4151,35,27.161136576
8157,28,33,-4157,39,27.162324000
8157,29,24,-4198,46,27.163511424
8157,30,5,-4187,47,27.164698848
8157,31,-13,-4173,49,27.165886272
8157,32,0,-4208,46,27.167073696
8157,33,0,-4170,36,27.168261120
8157,34,-6,-4130,1,27.169448544
8157,35,11,-4089,21,27.170635968
8157,36,13,-4047,16,27.171823392
8157,37,13,-4085,32,27.173010816
8157,38,14,-4130,37,27.174198240
8157,39,12,-4125,7,27.175385664
8157,40,46,-4125,16,27.176573088
8157,41,53,-4140,-12,27.177760512
8157,42,58,-4112,-41,27.178947936
8157,43,57,-4082,-63,27.180135360
8157,44,57,-4051,-72,27.181322784
8157,45,63,-4086,-55,27.182510208
8157,46,44,-4083,-21,27.183697632
8157,47,22,-4063,-14,27.184885056
8157,48,11,-4103,-13,27.186072480
8157,49,-3,-4080,-33,27.187259904
8157,50,-6,-4095,-13,27.188447328
8157,51,4,-4119,-22,27.189634752
8157,52,-1,-4107,12,27.190822176
8157,53,-5,-4092,26,27.192009600
8157,54,12,-4128,8,27.193197024
8157,55,11,-4144,4,27.194384448
8157,56,1,-4112,-24,27.195571872
8157,57,21,-4130,2,27.196759296
8157,58,29,-4149,-4,27.197946720
8157,59,51,-4155,-11,27.199134144
8157,60,56,-4126,5,27.200321568
8157,61,51,-4138,6,27.201508992
8157,62,62,-4187,21,27.202696416
8157,63,43,-4264,13,27.203883840
8157,64,19,-4192,27,27.205071264
8158,1,-6,-4150,55,27.206258688
8158,2,-19,-4159,52,27.207446112
8158,3,-5,-4232,55,27.208633536
8158,4,3,-4198,72,27.209820960
8158,5,-4,-4122,71,27.211008384
8158,6,13,-4130,59,27.212195808
8158,7,14,-4214,33,27.213383232
8158,8,16,-4178,59,27.214570656
8158,9,29,-4169,83,27.215758080
8158,10,32,-4241,76,27.216945504
8158,11,48,-4258,56,27.218132928
8158,12,49,-4167,48,27.219320352
8158,13,61,-4153,29,27.220507776
8158,14,75,-4137,13,27.221695200
8158,15,64,-4150,13,27.222882624
8158,16,63,-4174,8,27.224070048
8158,17,30,-4198,42,27.225257472
8158,18,27,-4174,66,27.226444896
8158,19,5,-4145,54,27.227632320
8158,20,11,-4178,32,27.228819744
8158,21,-6,-4177,12,27.230007168
8158,22,12,-4106,17,27.231194592
8158,23,19,-4109,-8,27.232382016
8158,24,13,-4172,-5,27.233569440
8158,25,11,-4149,-3,27.234756864
8158,26,27,-4123,-5,27.235944288
8158,27,32,-4141,-4,27.237131712
8158,28,25,-4139,-23,27.238319136
8158,29,52,-4100,-12,27.239506560
8158,30,46,-4067,-28,27.240693984
8158,31,55,-4102,-37,27.241881408
8158,32,55,-4179,-40,27.243068832
8158,33,59,-4139,-5,27.244256256
8158,34,47,-4099,-5,27.245443680
8158,35,15,-4142,-14,27.246631104
8158,36,-2,-4129,-10,27.247818528
8158,37,-12,-4093,-15,27.249005952
8158,38,-21,-4119,-15,27.250193376
8158,39,-28,-4087,-11,27.251380800
8158,40,-18,-4114,1,27.252568224
8158,41,-9,-4165,13,27.253755648
8158,42,6,-4153,7,27.254943072
8158,43,17,-4145,16,27.256130496
8158,44,20,-4192,26,27.257317920
8158,45,29,-4181,28,27.258505344
8158,46,42,-4108,45,27.259692768
8158,47,40,-4092,42,27.260880192
8158,48,46,-4152,59,27.262067616
8158,49,53,-4202,41,27.263255040
8158,50,32,-4185,72,27.264442464
8158,51,27,-4187,57,27.265629888
8158,52,15,-4176,67,27.266817312
8158,53,8,-4190,53,27.268004736
8158,54,-13,-4160,32,27.269192160
8158,55,-17,-4159,48,27.270379584
8158,56,7,-4158,33,27.271567008
8158,57,2,-4195,64,27.272754432
8158,58,10,-4193,41,27.273941856
8158,59,10,-4160,54,27.275129280
8158,60,30,-4190,40,27.276316704
8158,61,26,-4197,49,27.277504128
8158,62,32,-4164,20,27.278691552
8158,63,41,-4122,16,27.279878976
8158,64,58,-4128,21,27.281066400
8159,1,58,-4154,8,27.282253824
8159,2,63,-4181,12,27.283441248
8159,3,40,-4134,13,27.284628672
8159,4,37,-4085,18,27.285816096
8159,5,24,-4106,-5,27.287003520
8159,6,11,-4180,-13,27.288190944
8159,7,-9,-4141,-19,27.289378368
8159,8,-9,-4067,-7,27.290565792
8159,9,-11,-4110,-18,27.291753216
8159,10,-10,-4156,-13,27.292940640
8159,11,-7,-4129,-24,27.294128064
8159,12,3,-4102,-4,27.295315488
8159,13,9,-4124,5,27.296502912
8159,14,15,-4106,-14,27.297690336
8159,15,21,-4099,-10,27.298877760
8159,16,28,-4053,-6,27.300065184
8159,17,49,-4078,-4,27.301252608
8159,18,50,-4171,-4,27.302440032
8159,19,34,-4167,5,27.303627456
8159,20,50,-4100,5,27.304814880
8159,21,56,-4115,12,27.306002304
8159,22,41,-4132,-10,27.307189728
8159,23,13,-4171,0,27.308377152
8159,24,-9,-4154,16,27.309564576
8159,25,-15,-4104,22,27.310752000
8159,26,-18,-4159,44,27.311939424
8159,27,-18,-4168,29,27.313126848
8159,28,-3,-4164,37,27.314314272
8159,29,5,-4183,50,27.315501696
8159,30,9,-4169,36,27.316689120
8159,31,26,-4175,33,27.317876544
8159,32,43,-4177,41,27.319063968
8159,33,51,-4158,37,27.320251392
8159,34,33,-4166,38,27.321438816
8159,35,52,-4232,12,27.322626240
8159,36,61,-4235,24,27.323813664
8159,37,68,-4208,29,27.325001088
8159,38,67,-4193,16,27.326188512
8159,39,44,-4211,21,27.327375936
8159,40,28,-4231,6,27.328563360
8159,41,-13,-4179,8,27.329750784
8159,42,2,-4135,18,27.330938208
8159,43,-6,-4162,41,27.332125632
8159,44,-16,-4164,29,27.333313056
8159,45,-4,-4166,37,27.334500480
8159,46,4,-4162,36,27.335687904
8159,47,9,-4142,32,27.336875328
8159,48,25,-4120,2,27.338062752
8159,49,45,-4113,-1,27.339250176
8159,50,48,-4100,5,27.340437600
8159,51,41,-4170,-16,27.341625024
8159,52,49,-4167,-5,27.342812448
8159,53,40,-4102,3,27.343999872
8159,54,33,-4106,6,27.345187296
8159,55,35,-4105,-4,27.346374720
8159,56,26,-4115,3,27.347562144
8159,57,14,-4091,2,27.348749568
8159,58,-12,-4080,22,27.349936992
8159,59,-5,-4091,21,27.351124416
8159,60,-35,-4122,12,27.352311840
8159,61,-19,-4139,2,27.353499264
8159,62,-37,-4145,22,27.354686688
8159,63,-23,-4137,5,27.355874112
8159,64,-11,-4121,8,27.357061536
8160,1,26,-4108,-2,27.358248960
8160,2,34,-4107,-2,27.359436384
8160,3,43,-4106,-3,27.360623808
8160,4,48,-4149,-16,27.361811232
8160,5,53,-4169,-3,27.362998656
8160,6,50,-4152,9,27.364186080
8160,7,52,-4167,6,27.365373504
8160,8,38,-4158,17,27.366560928
8160,9,58,-4152,13,27.367748352
8160,10,31,-4154,1,27.368935776
8160,11,15,-4104,11,27.370123200
8160,12,16,-4111,-3,27.371310624
8160,13,-3,-4185,48,27.372498048
8160,14,-9,-4183,30,27.373685472
8160,15,7,-4182,35,27.374872896
8160,16,13,-4198,52,27.376060320
8160,17,25,-4177,30,27.377247744
8160,18,32,-4160,38,27.378435168
8160,19,56,-4121,12,27.379622592
8160,20,65,-4125,14,27.380810016
8160,21,75,-4159,11,27.381997440
8160,22,45,-4182,23,27.383184864
8160,23,41,-4153,56,27.384372288
8160,24,49,-4168,68,27.385559712
8160,25,54,-4150,39,27.386747136
8160,26,36,-4187,40,27.387934560
8160,27,43,-4165,33,27.389121984
8160,28,29,-4105,33,27.390309408
8160,29,17,-4120,50,27.391496832
8160,30,4,-4161,27,27.392684256
8160,31,-30,-4157,28,27.393871680
8160,32,-31,-4138,44,27.395059104
8160,33,-7,-4165,46,27.396246528
8160,34,-7,-4137,40,27.397433952
8160,35,5,-4112,13,27.398621376
8160,36,21,-4105,16,27.399808800
8160,37,15,-4111,17,27.400996224
8160,38,36,-4156,5,27.402183648
8160,39,39,-4141,12,27.403371072
8160,40,29,-4122,10,27.404558496
8160,41,31,-4127,6,27.405745920
8160,42,19,-4114,-12,27.406933344
8160,43,35,-4142,-11,27.408120768
8160,44,41,-4139,-22,27.409308192
8160,45,39,-4110,-29,27.410495616
8160,46,11,-4137,-10,27.411683040
8160,47,-9,-4172,-5,27.412870464
8160,48,-2,-4162,-1,27.414057888
8160,49,-11,-4155,-1,27.415245312
8160,50,-22,-4174,17,27.416432736
8160,51,-5,-4152,7,27.417620160
8160,52,13,-4125,1,27.418807584
8160,53,41,-4127,7,27.419995008
8160,54,41,-4149,-12,27.421182432
8160,55,56,-4179,11,27.422369856
8160,56,66,-4168,10,27.423557280
8160,57,72,-4156,40,27.424744704
8160,58,42,-4162,34,27.425932128
8160,59,50,-4180,16,27.427119552
8160,60,38,-4160,14,27.428306976
8160,61,43,-4141,19,27.429494400
8160,62,32,-4094,22,27.430681824
8160,63,7,-4174,28,27.431869248
8160,64,-1,-4210,40,27.433056672
8161,1,-19,-4169,57,27.434244096
8161,2,-5,-4149,68,27.435431520
8161,3,-9,-4168,69,27.436618944
8161,4,3,-4172,29,27.437806368
8161,5,-4,-4131,31,27.438993792
8161,6,32,-4120,36,27.440181216
8161,7,43,-4152,30,27.441368640
8161,8,37,-4185,32,27.442556064
8161,9,55,-4159,46,27.443743488
8161,10,49,-4170,26,27.444930912
8161,11,49,-4183,27,27.446118336
8161,12,48,-4180,16,27.447305760
8161,13,20,-4139,25,27.448493184
8161,14,14,-4127,13,27.449680608
8161,15,17,-4139,-12,27.450868032
8161,16,7,-4167,0,27.452055456
8161,17,1,-4167,-18,27.453242880
8161,18,-13,-4138,4,27.454430304
8161,19,-27,-4161,12,27.455617728
8161,20,-11,-4171,17,27.456805152
8161,21,-14,-4133,16,27.457992576
8161,22,16,-4097,24,27.459180000
8161,23,19,-4098,-10,27.460367424
8161,24,20,-4154,11,27.461554848
8161,25,51,-4145,8,27.462742272
8161,26,71,-4111,-4,27.463929696
8161,27,57,-4132,8,27.465117120
8161,28,61,-4165,-22,27.466304544
8161,29,37,-4134,-18,27.467491968
8161,30,50,-4128,-3,27.468679392
8161,31,39,-4093,-9,27.469866816
8161,32,37,-4112,21,27.471054240
8161,33,23,-4177,16,27.472241664
8161,34,3,-4173,24,27.473429088
8161,35,2,-4143,32,27.474616512
8161,36,1,-4108,45,27.475803936
8161,37,-15,-4122,19,27.476991360
8161,38,6,-4127,16,27.478178784
8161,39,10,-4077,26,27.479366208
8161,40,22,-4108,17,27.480553632
8161,41,35,-4186,31,27.481741056
8161,42,57,-4171,14,27.482928480
8161,43,62,-4134,32,27.484115904
8161,44,49,-4139,16,27.485303328
8161,45,52,-4142,23,27.486490752
8161,46,41,-4145,-2,27.487678176
8161,47,37,-4146,20,27.488865600
8161,48,19,-4110,30,27.490053024
8161,49,6,-4160,17,27.491240448
8161,50,7,-4186,22,27.492427872
8161,51,1,-4172,29,27.493615296
8161,52,-3,-4158,41,27.494802720
8161,53,-17,-4182,33,27.495990144
8161,54,-39,-4189,20,27.497177568
8161,55,-18,-4157,25,27.498364992
8161,56,-6,-4110,37,27.499552416
8161,57,7,-4170,5,27.500739840
8161,58,8,-4222,12,27.501927264
8161,59,37,-4177,16,27.503114688
8161,60,48,-4154,28,27.504302112
8161,61,43,-4171,13,27.505489536
8161,62,60,-4138,11,27.506676960
8161,63,49,-4163,-7,27.507864384
8161,64,35,-4122,24,27.509051808
8162,1,39,-4090,34,27.510239232
8162,2,8,-4136,4,27.511426656
8162,3,6,-4167,13,27.512614080
8162,4,9,-4142,6,27.513801504
8162,5,-1,-4153,36,27.514988928
8162,6,0,-4183,21,27.516176352
8162,7,1,-4147,19,27.517363776
8162,8,8,-4093,7,27.518551200
8162,9,4,-4068,12,27.519738624
8162,10,3,-4121,10,27.520926048
8162,11,22,-4175,1,27.522113472
8162,12,44,-4147,13,27.523300896
8162,13,42,-4107,21,27.524488320
8162,14,68,-4132,20,27.525675744
8162,15,62,-4138,2,27.526863168
8162,16,66,-4132,26,27.528050592
8162,17,65,-4090,24,27.529238016
8162,18,58,-4091,9,27.530425440
8162,19,38,-4143,3,27.531612864
8162,20,12,-4176,12,27.532800288
8162,21,-3,-4138,21,27.533987712
8162,22,-10,-4136,21,27.535175136
8162,23,3,-4148,13,27.536362560
8162,24,2,-4145,24,27.537549984
8162,25,-2,-4087,3,27.538737408
8162,26,0,-4094,20,27.539924832
8162,27,2,-4179,3,27.541112256
8162,28,5,-4202,13,27.542299680
8162,29,17,-4142,15,27.543487104
8162,30,28,-4161,26,27.544674528
8162,31,43,-4173,20,27.545861952
8162,32,55,-4176,25,27.547049376
8162,33,47,-4154,-8,27.548236800
8162,34,52,-4138,22,27.549424224
8162,35,46,-4150,12,27.550611648
8162,36,25,-4202,28,27.551799072
8162,37,-15,-4203,62,27.552986496
8162,38,-8,-4172,48,27.554173920
8162,39,-12,-4174,44,27.555361344
8162,40,-9,-4170,25,27.556548768
8162,41,5,-4137,36,27.557736192
8162,42,4,-4111,20,27.558923616
8162,43,-5,-4126,33,27.560111040
8162,44,23,-4181,20,27.561298464
8162,45,17,-4170,33,27.562485888
8162,46,23,-4158,30,27.563673312
8162,47,36,-4136,48,27.564860736
8162,48,47,-4165,3,27.566048160
8162,49,62,-4196,12,27.567235584
8162,50,75,-4180,16,27.568423008
8162,51,63,-4118,7,27.569610432
8162,52,59,-4133,8,27.570797856
8162,53,50,-4167,-12,27.571985280
8162,54,21,-4146,7,27.573172704
8162,55,7,-4112,12,27.574360128
8162,56,-5,-4161,25,27.575547552
8162,57,7,-4153,13,27.576734976
8162,58,4,-4120,20,27.577922400
8162,59,6,-4097,11,27.579109824
8162,60,12,-4130,-6,27.580297248
8162,61,19,-4169,8,27.581484672
8162,62,17,-4152,9,27.582672096
8162,63,26,-4151,25,27.583859520
8162,64,24,-4155,5,27.585046944
8163,1,12,-4152,21,27.586234368
8163,2,46,-4161,7,27.587421792
8163,3,43,-4117,-2,27.588609216
8163,4,41,-4056,-2,27.589796640
8163,5,59,-4110,-6,27.590984064
8163,6,31,-4148,7,27.592171488
8163,7,2,-4137,-2,27.593358912
8163,8,-10,-4134,31,27.594546336
8163,9,-6,-4158,37,27.595733760
8163,10,-14,-4134,37,27.596921184
8163,11,-3,-4123,13,27.598108608
8163,12,-8,-4121,24,27.599296032
8163,13,8,-4176,14,27.600483456
8163,14,5,-4191,43,27.601670880
8163,15,28,-4158,29,27.602858304
8163,16,17,-4131,45,27.604045728
8163,17,21,-4126,51,27.605233152
8163,18,29,-4152,30,27.606420576
8163,19,41,-4158,34,27.607608000
8163,20,56,-4137,7,27.608795424
8163,21,71,-4134,28,27.609982848
8163,22,59,-4188,-4,27.611170272
8163,23,44,-4210,30,27.612357696
8163,24,27,-4203,16,27.613545120
8163,25,14,-4172,22,27.614732544
8163,26,9,-4164,18,27.615919968
8163,27,-1,-4155,15,27.617107392
8163,28,-4,-4142,26,27.618294816
8163,29,-28,-4112,8,27.619482240
8163,30,-1,-4153,29,27.620669664
8163,31,31,-4177,4,27.621857088
8163,32,24,-4152,24,27.623044512
8163,33,48,-4141,11,27.624231936
8163,34,39,-4159,12,27.625419360
8163,35,49,-4178,10,27.626606784
8163,36,43,-4166,15,27.627794208
8163,37,55,-4121,0,27.628981632
8163,38,63,-4119,2,27.630169056
8163,39,53,-4152,-5,27.631356480
8163,40,43,-4158,16,27.632543904
8163,41,40,-4154,28,27.633731328
8163,42,27,-4157,23,27.634918752
8163,43,28,-4161,8,27.636106176
8163,44,0,-4139,14,27.637293600
8163,45,-18,-4089,25,27.638481024
8163,46,-20,-4085,14,27.639668448
8163,47,-23,-4152,27,27.640855872
8163,48,-20,-4150,24,27.642043296
8163,49,4,-4124,29,27.643230720
8163,50,2,-4129,47,27.644418144
8163,51,31,-4142,23,27.645605568
8163,52,35,-4138,4,27.646792992
8163,53,33,-4139,-2,27.647980416
8163,54,29,-4107,11,27.649167840
8163,55,26,-4133,9,27.650355264
8163,56,44,-4168,15,27.651542688
8163,57,29,-4169,17,27.652730112
8163,58,21,-4166,26,27.653917536
8163,59,13,-4147,20,27.655104960
8163,60,8,-4122,6,27.656292384
8163,61,8,-4111,27,27.657479808
8163,62,-21,-4073,17,27.658667232
8163,63,-3,-4121,6,27.659854656
8163,64,-15,-4174,30,27.661042080
8164,1,-6,-4193,27,27.662229504
8164,2,12,-4176,26,27.663416928
8164,3,39,-4167,16,27.664604352
8164,4,52,-4165,14,27.665791776
8164,5,64,-4160,-1,27.666979200
8164,6,60,-4137,-6,27.668166624
8164,7,62,-4103,-2,27.669354048
8164,8,47,-4146,16,27.670541472
8164,9,33,-4176,12,27.671728896
8164,10,40,-4171,12,27.672916320
8164,11,20,-4162,26,27.674103744
8164,12,31,-4175,28,27.675291168
8164,13,35,-4160,19,27.676478592
8164,14,19,-4141,4,27.677666016
8164,15,-4,-4137,17,27.678853440
8164,16,-3,-4169,4,27.680040864
8164,17,-11,-4187,8,27.681228288
8164,18,-12,-4164,6,27.682415712
8164,19,-14,-4124,40,27.683603136
8164,20,7,-4133,45,27.684790560
8164,21,31,-4174,8,27.685977984
8164,22,32,-4180,32,27.687165408
8164,23,50,-4136,12,27.688352832
8164,24,47,-4124,15,27.689540256
8164,25,56,-4144,-8,27.690727680
8164,26,57,-4161,11,27.691915104
8164,27,24,-4159,18,27.693102528
8164,28,13,-4170,16,27.694289952
8164,29,16,-4152,26,27.695477376
8164,30,23,-4153,20,27.696664800
8164,31,-10,-4086,20,27.697852224
8164,32,1,-4097,1,27.699039648
8164,33,-6,-4173,-4,27.700227072
8164,34,0,-4174,17,27.701414496
8164,35,-13,-4160,22,27.702601920
8164,36,-16,-4176,37,27.703789344
8164,37,20,-4152,10,27.704976768
8164,38,33,-4187,11,27.706164192
8164,39,49,-4145,10,27.707351616
8164,40,65,-4069,0,27.708539040
8164,41,74,-4114,33,27.709726464
8164,42,70,-4154,7,27.710913888
8164,43,49,-4160,17,27.712101312
8164,44,36,-4168,25,27.713288736
8164,45,39,-4158,19,27.714476160
8164,46,30,-4151,2,27.715663584
8164,47,22,-4139,25,27.716851008
8164,48,29,-4097,0,27.718038432
8164,49,2,-4112,20,27.719225856
8164,50,4,-4162,28,27.720413280
8164,51,-3,-4153,23,27.721600704
8164,52,5,-4139,32,27.722788128
8164,53,-12,-4147,36,27.723975552
8164,54,4,-4135,26,27.725162976
8164,55,26,-4161,21,27.726350400
8164,56,45,-4145,19,27.727537824
8164,57,40,-4085,20,27.728725248
8164,58,71,-4136,1,27.729912672
8164,59,67,-4189,18,27.731100096
8164,60,66,-4157,-7,27.732287520
8164,61,35,-4151,23,27.733474944
8164,62,13,-4157,13,27.734662368
8164,63,-7,-4137,20,27.735849792
8164,64,15,-4123,14,27.737037216
8165,1,-2,-4095,17,27.738224640
8165,2,-12,-4136,-8,27.739412064
8165,3,-11,-4154,17,27.740599488
8165,4,-14,-4139,10,27.741786912
8165,5,-7,-4149,23,27.742974336
8165,6,-7,-4166,28,27.744161760
8165,7,-7,-4158,11,27.745349184
8165,8,6,-4167,20,27.746536608
8165,9,31,-4134,5,27.747724032
8165,10,32,-4104,12,27.748911456
8165,11,46,-4157,19,27.750098880
8165,12,42,-4179,18,27.751286304
8165,13,54,-4164,7,27.752473728
8165,14,44,-4150,17,27.753661152
8165,15,39,-4170,2,27.754848576
8165,16,40,-4162,13,27.756036000
8165,17,25,-4116,4,27.757223424
8165,18,12,-4096,6,27.758410848
8165,19,-4,-4152,-2,27.759598272
8165,20,-6,-4188,5,27.760785696
8165,21,-5,-4153,37,27.761973120
8165,22,-14,-4152,19,27.763160544
8165,23,-5,-4141,39,27.764347968
8165,24,12,-4153,19,27.765535392
8165,25,14,-4161,23,27.766722816
8165,26,45,-4156,17,27.767910240
8165,27,55,-4110,2,27.769097664
8165,28,59,-4158,12,27.770285088
8165,29,75,-4167,7,27.771472512
8165,30,75,-4168,21,27.772659936
8165,31,65,-4168,16,27.773847360
8165,32,54,-4151,27,27.775034784
8165,33,35,-4148,4,27.776222208
8165,34,28,-4086,14,27.777409632
8165,35,15,-4100,3,27.778597056
8165,36,-8,-4156,34,27.779784480
8165,37,-4,-4165,21,27.780971904
8165,38,-5,-4156,35,27.782159328
8165,39,-1,-4170,31,27.783346752
8165,40,-5,-4160,20,27.784534176
8165,41,5,-4166,16,27.785721600
8165,42,7,-4149,11,27.786909024
8165,43,36,-4120,16,27.788096448
8165,44,33,-4123,20,27.789283872
8165,45,20,-4157,8,27.790471296
8165,46,31,-4168,-10,27.791658720
8165,47,23,-4154,4,27.792846144
8165,48,54,-4150,9,27.794033568
8165,49,39,-4174,23,27.795220992
8165,50,22,-4138,-6,27.796408416
8165,51,5,-4105,30,27.797595840
8165,52,14,-4136,5,27.798783264
8165,53,10,-4173,27,27.799970688
8165,54,2,-4164,25,27.801158112
8165,55,-15,-4131,21,27.802345536
8165,56,-16,-4157,49,27.803532960
8165,57,-9,-4160,15,27.804720384
8165,58,-1,-4155,28,27.805907808
8165,59,12,-4125,13,27.807095232
8165,60,19,-4094,26,27.808282656
8165,61,53,-4136,34,27.809470080
8165,62,45,-4165,17,27.810657504
8165,63,45,-4144,14,27.811844928
8165,64,53,-4152,44,27.813032352
8166,1,41,-4157,25,27.814219776
8166,2,48,-4157,7,27.815407200
8166,3,50,-4138,-7,27.816594624
8166,4,44,-4098,2,27.817782048
8166,5,25,-4130,15,27.818969472
8166,6,1,-4173,17,27.820156896
8166,7,-3,-4184,31,27.821344320
8166,8,-14,-4160,38,27.822531744
8166,9,-9,-4132,33,27.823719168
8166,10,-5,-4132,24,27.824906592
8166,11,12,-4156,17,27.826094016
8166,12,18,-4134,9,27.827281440
8166,13,27,-4111,-5,27.828468864
8166,14,32,-4131,20,27.829656288
8166,15,38,-4189,-5,27.830843712
8166,16,53,-4172,12,27.832031136
8166,17,40,-4177,21,27.833218560
8166,18,55,-4165,17,27.834405984
8166,19,59,-4147,13,27.835593408
8166,20,46,-4114,6,27.836780832
8166,21,32,-4089,7,27.837968256
8166,22,8,-4138,9,27.839155680
8166,23,-1,-4173,29,27.840343104
8166,24,-14,-4162,36,27.841530528
8166,25,-14,-4161,47,27.842717952
8166,26,-4,-4166,22,27.843905376
8166,27,-16,-4170,15,27.845092800
8166,28,14,-4156,12,27.846280224
8166,29,17,-4128,20,27.847467648
8166,30,15,-4128,21,27.848655072
8166,31,38,-4158,22,27.849842496
8166,32,50,-4166,28,27.851029920
8166,33,44,-4165,21,27.852217344
8166,34,44,-4154,26,27.853404768
8166,35,54,-4167,19,27.854592192
8166,36,53,-4141,4,27.855779616
8166,37,51,-4116,-6,27.856967040
8166,38,39,-4097,47,27.858154464
8166,39,18,-4164,2,27.859341888
8166,40,5,-4178,27,27.860529312
8166,41,-12,-4152,31,27.861716736
8166,42,-25,-4144,29,27.862904160
8166,43,-6,-4146,30,27.864091584
8166,44,-9,-4163,8,27.865279008
8166,45,5,-4156,14,27.866466432
8166,46,3,-4122,29,27.867653856
8166,47,38,-4117,25,27.868841280
8166,48,49,-4162,2,27.870028704
8166,49,47,-4153,3,27.871216128
8166,50,45,-4161,24,27.872403552
8166,51,55,-4170,23,27.873590976
8166,52,55,-4162,20,27.874778400
8166,53,57,-4126,13,27.875965824
8166,54,35,-4102,4,27.877153248
8166,55,20,-4121,-7,27.878340672
8166,56,20,-4171,-8,27.879528096
8166,57,17,-4162,17,27.880715520
8166,58,-5,-4137,18,27.881902944
8166,59,-17,-4146,38,27.883090368
8166,60,-19,-4161,22,27.884277792
8166,61,-16,-4141,19,27.885465216
8166,62,-11,-4142,16,27.886652640
8166,63,1,-4106,22,27.887840064
8166,64,17,-4129,22,27.889027488
8167,1,28,-4169,9,27.890214912
8167,2,37,-4157,32,27.891402336
8167,3,50,-4175,19,27.892589760
8167,4,48,-4190,21,27.893777184
8167,5,56,-4168,10,27.894964608
8167,6,49,-4123,5,27.896152032
8167,7,31,-4118,5,27.897339456
8167,8,39,-4132,-3,27.898526880
8167,9,15,-4174,19,27.899714304
8167,10,-19,-4175,34,27.900901728
8167,11,-29,-4157,44,27.902089152
8167,12,-19,-4144,34,27.903276576
8167,13,-24,-4158,27,27.904464000
8167,14,-8,-4161,11,27.905651424
8167,15,-10,-4131,19,27.906838848
8167,16,14,-4109,30,27.908026272
8167,17,24,-4145,27,27.909213696
8167,18,26,-4168,7,27.910401120
8167,19,50,-4174,27,27.911588544
8167,20,53,-4163,14,27.912775968
8167,21,55,-4185,12,27.913963392
8167,22,61,-4178,11,27.915150816
8167,23,63,-4120,15,27.916338240
8167,24,61,-4120,4,27.917525664
8167,25,36,-4152,-11,27.918713088
8167,26,23,-4177,32,27.919900512
8167,27,19,-4155,18,27.921087936
8167,28,3,-4134,32,27.922275360
8167,29,0,-4154,21,27.923462784
8167,30,-7,-4144,23,27.924650208
8167,31,2,-4135,11,27.925837632
8167,32,-1,-4108,5,27.927025056
8167,33,27,-4120,21,27.928212480
8167,34,23,-4144,25,27.929399904
8167,35,10,-4167,19,27.930587328
8167,36,29,-4144,1,27.931774752
8167,37,36,-4151,10,27.932962176
8167,38,59,-4151,25,27.934149600
8167,39,63,-4137,8,27.935337024
8167,40,54,-4107,-8,27.936524448
8167,41,55,-4111,5,27.937711872
8167,42,31,-4161,1,27.938899296
8167,43,19,-4158,5,27.940086720
8167,44,21,-4134,22,27.941274144
8167,45,2,-4128,33,27.942461568
8167,46,-14,-4157,37,27.943648992
8167,47,-15,-4143,22,27.944836416
8167,48,-13,-4168,34,27.946023840
8167,49,-8,-4120,28,27.947211264
8167,50,20,-4120,12,27.948398688
8167,51,15,-4152,6,27.949586112
8167,52,23,-4179,17,27.950773536
8167,53,15,-4175,16,27.951960960
8167,54,42,-4184,19,27.953148384
8167,55,52,-4169,11,27.954335808
8167,56,38,-4149,24,27.955523232
8167,57,57,-4103,-4,27.956710656
8167,58,47,-4115,3,27.957898080
8167,59,45,-4160,8,27.959085504
8167,60,41,-4150,34,27.960272928
8167,61,15,-4148,30,27.961460352
8167,62,-4,-4171,29,27.962647776
8167,63,-4,-4133,21,27.963835200
8167,64,-20,-4141,30,27.965022624
8168,1,9,-4161,15,27.966210048
8168,2,8,-4111,7,27.967397472
8168,3,15,-4118,29,27.968584896
8168,4,27,-4160,17,27.969772320
8168,5,34,-4187,29,27.970959744
8168,6,33,-4151,32,27.972147168
8168,7,37,-4158,33,27.973334592
8168,8,39,-4132,21,27.974522016
8168,9,44,-4131,12,27.975709440
8168,10,68,-4097,7,27.976896864
8168,11,67,-4121,9,27.978084288
8168,12,56,-4146,14,27.979271712
8168,13,42,-4161,23,27.980459136
8168,14,10,-4149,34,27.981646560
8168,15,-3,-4152,32,27.982833984
8168,16,-11,-4160,6,27.984021408
8168,17,-8,-4163,11,27.985208832
8168,18,-12,-4132,1,27.986396256
8168,19,-1,-4109,17,27.987583680
8168,20,10,-4140,16,27.988771104
8168,21,26,-4169,11,27.989958528
8168,22,8,-4151,10,27.991145952
8168,23,30,-4142,28,27.992333376
8168,24,26,-4168,15,27.993520800
8168,25,46,-4160,26,27.994708224
8168,26,45,-4115,1,27.995895648
8168,27,46,-4098,6,27.997083072
8168,28,61,-4137,4,27.998270496
8168,29,70,-4176,-10,27.999457920
8168,30,31,-4180,1,28.000645344
8168,31,20,-4155,13,28.001832768
8168,32,4,-4145,21,28.003020192
8168,33,-6,-4169,22,28.004207616
8168,34,-1,-4171,2,28.005395040
8168,35,-12,-4134,33,28.006582464
8168,36,-5,-4113,31,28.007769888
8168,37,-13,-4157,12,28.008957312
8168,38,-1,-4178,13,28.010144736
8168,39,7,-4152,26,28.011332160
8168,40,15,-4157,34,28.012519584
8168,41,36,-4188,36,28.013707008
8168,42,59,-4165,42,28.014894432
8168,43,66,-4141,10,28.016081856
8168,44,43,-4115,11,28.017269280
8168,45,57,-4135,1,28.018456704
8168,46,49,-4170,6,28.019644128
8168,47,47,-4162,24,28.020831552
8168,48,30,-4143,39,28.022018976
8168,49,22,-4164,41,28.023206400
8168,50,-7,-4177,20,28.024393824
8168,51,-5,-4163,26,28.025581248
8168,52,2,-4097,24,28.026768672
8168,53,-10,-4107,18,28.027956096
8168,54,1,-4149,5,28.029143520
8168,55,5,-4163,15,28.030330944
8168,56,12,-4160,38,28.031518368
8168,57,19,-4160,46,28.032705792
8168,58,41,-4168,29,28.033893216
8168,59,43,-4153,3,28.035080640
8168,60,42,-4099,12,28.036268064
8168,61,47,-4102,-15,28.037455488
8168,62,55,-4163,4,28.038642912
8168,63,34,-4172,2,28.039830336
8168,64,51,-4141,13,28.041017760
8169,1,25,-4147,26,28.042205184
8169,2,3,-4148,1,28.043392608
8169,3,9,-4152,12,28.044580032
8169,4,-8,-4126,13,28.045767456
8169,5,-7,-4090,10,28.046954880
8169,6,-24,-4120,19,28.048142304
8169,7,-21,-4160,27,28.049329728
8169,8,0,-4160,28,28.050517152
8169,9,-4,-4162,11,28.051704576
8169,10,17,-4166,23,28.052892000
8169,11,41,-4150,18,28.054079424
8169,12,51,-4144,6,28.055266848
8169,13,53,-4091,-12,28.056454272
8169,14,61,-4126,15,28.057641696
8169,15,67,-4179,4,28.058829120
8169,16,60,-4177,25,28.060016544
8169,17,61,-4156,41,28.061203968
8169,18,33,-4169,25,28.062391392
8169,19,14,-4141,9,28.063578816
8169,20,12,-4162,25,28.064766240
8169,21,-2,-4140,20,28.065953664
8169,22,-3,-4100,25,28.067141088
8169,23,0,-4141,15,28.068328512
8169,24,-6,-4192,23,28.069515936
8169,25,-11,-4152,49,28.070703360
8169,26,11,-4152,26,28.071890784
8169,27,8,-4185,24,28.073078208
8169,28,44,-4165,18,28.074265632
8169,29,55,-4125,14,28.075453056
8169,30,59,-4106,10,28.076640480
8169,31,64,-4143,-3,28.077827904
8169,32,55,-4189,17,28.079015328
8169,33,59,-4162,-6,28.080202752
8169,34,51,-4139,14,28.081390176
8169,35,16,-4142,17,28.082577600
8169,36,10,-4147,10,28.083765024
8169,37,10,-4179,15,28.084952448
8169,38,5,-4134,38,28.086139872
8169,39,-1,-4128,19,28.087327296
8169,40,-9,-4141,14,28.088514720
8169,41,-5,-4167,7,28.089702144
8169,42,-9,-4126,1,28.090889568
8169,43,21,-4157,22,28.092076992
8169,44,12,-4161,27,28.093264416
8169,45,24,-4166,32,28.094451840
8169,46,16,-4115,-12,28.095639264
8169,47,27,-4113,16,28.096826688
8169,48,57,-4159,-13,28.098014112
8169,49,65,-4181,12,28.099201536
8169,50,51,-4136,-9,28.100388960
8169,51,38,-4158,35,28.101576384
8169,52,36,-4155,4,28.102763808
8169,53,17,-4152,19,28.103951232
8169,54,16,-4139,4,28.105138656
8169,55,-6,-4098,6,28.106326080
8169,56,-6,-4106,25,28.107513504
8169,57,-14,-4159,21,28.108700928
8169,58,-16,-4162,13,28.109888352
8169,59,-6,-4154,27,28.111075776
8169,60,8,-4179,44,28.112263200
8169,61,11,-4171,12,28.113450624
8169,62,37,-4132,14,28.114638048
8169,63,46,-4094,5,28.115825472
8169,64,44,-4121,17,28.117012896
8170,1,57,-4162,18,28.118200320
8170,2,59,-4182,2,28.119387744
8170,3,49,-4156,14,28.120575168
8170,4,39,-4152,21,28.121762592
8170,5,24,-4150,25,28.122950016
8170,6,22,-4172,35,28.124137440
8170,7,11,-4158,8,28.125324864
8170,8,6,-4107,18,28.126512288
8170,9,-1,-4112,23,28.127699712
8170,10,-15,-4154,7,28.128887136
8170,11,-19,-4150,36,28.130074560
8170,12,-6,-4156,32,28.131261984
8170,13,0,-4171,25,28.132449408
8170,14,8,-4172,26,28.133636832
8170,15,33,-4138,16,28.134824256
8170,16,56,-4110,5,28.136011680
8170,17,46,-4098,2,28.137199104
8170,18,60,-4175,-1,28.138386528
8170,19,46,-4182,20,28.139573952
8170,20,43,-4151,26,28.140761376
8170,21,46,-4130,21,28.141948800
8170,22,39,-4137,29,28.143136224
8170,23,8,-4151,0,28.144323648
8170,24,25,-4142,22,28.145511072
8170,25,19,-4107,13,28.146698496
8170,26,4,-4148,17,28.147885920
8170,27,-9,-4184,30,28.149073344
8170,28,-5,-4133,11,28.150260768
8170,29,-10,-4134,44,28.151448192
8170,30,3,-4152,12,28.152635616
8170,31,17,-4157,13,28.153823040
8170,32,29,-4117,-2,28.155010464
8170,33,27,-4092,16,28.156197888
8170,34,37,-4144,6,28.157385312
8170,35,61,-4188,7,28.158572736
8170,36,67,-4180,11,28.159760160
8170,37,63,-4152,11,28.160947584
8170,38,52,-4135,16,28.162135008
8170,39,49,-4155,13,28.163322432
8170,40,28,-4164,21,28.164509856
8170,41,24,-4136,-5,28.165697280
8170,42,0,-4093,3,28.166884704
8170,43,-4,-4138,17,28.168072128
8170,44,-7,-4161,10,28.169259552
8170,45,-11,-4162,24,28.170446976
8170,46,-10,-4181,24,28.171634400
8170,47,-4,-4181,34,28.172821824
8170,48,18,-4160,19,28.174009248
8170,49,22,-4111,15,28.175196672
8170,50,27,-4104,22,28.176384096
8170,51,39,-4155,-8,28.177571520
8170,52,57,-4161,16,28.178758944
8170,53,56,-4155,3,28.179946368
8170,54,58,-4149,30,28.181133792
8170,55,60,-4145,37,28.182321216
8170,56,47,-4154,6,28.183508640
8170,57,43,-4174,0,28.184696064
8170,58,12,-4112,27,28.185883488
8170,59,5,-4114,13,28.187070912
8170,60,0,-4160,26,28.188258336
8170,61,-33,-4172,35,28.189445760
8170,62,-11,-4170,36,28.190633184
8170,63,-3,-4171,41,28.191820608
8170,64,9,-4155,14,28.193008032
8171,1,16,-4132,22,28.194195456
8171,2,30,-4098,19,28.195382880
8171,3,47,-4109,4,28.196570304
8171,4,48,-4157,12,28.197757728
8171,5,43,-4155,12,28.198945152
8171,6,47,-4148,26,28.200132576
8171,7,42,-4139,14,28.201320000
8171,8,66,-4148,3,28.202507424
8171,9,61,-4159,-6,28.203694848
8171,10,34,-4151,8,28.204882272
8171,11,22,-4120,14,28.206069696
8171,12,4,-4131,17,28.207257120
8171,13,-2,-4161,6,28.208444544
8171,14,-21,-4167,24,28.209631968
8171,15,-15,-4159,24,28.210819392
8171,16,2,-4177,30,28.212006816
8171,17,6,-4148,11,28.213194240
8171,18,6,-4119,18,28.214381664
8171,19,6,-4107,7,28.215569088
8171,20,25,-4129,12,28.216756512
8171,21,31,-4199,16,28.217943936
8171,22,38,-4178,14,28.219131360
8171,23,48,-4151,12,28.220318784
8171,24,53,-4143,20,28.221506208
8171,25,59,-4146,9,28.222693632
8171,26,45,-4138,1,28.223881056
8171,27,39,-4125,-4,28.225068480
8171,28,12,-4105,7,28.226255904
8171,29,24,-4134,37,28.227443328
8171,30,0,-4169,6,28.228630752
8171,31,-6,-4144,38,28.229818176
8171,32,-14,-4131,21,28.231005600
8171,33,-8,-4163,23,28.232193024
8171,34,5,-4166,22,28.233380448
8171,35,16,-4124,4,28.234567872
8171,36,13,-4102,19,28.235755296
8171,37,41,-4123,13,28.236942720
8171,38,37,-4182,12,28.238130144
8171,39,46,-4167,11,28.239317568
8171,40,58,-4142,11,28.240504992
8171,41,42,-4147,9,28.241692416
8171,42,17,-4170,13,28.242879840
8171,43,44,-4170,5,28.244067264
8171,44,52,-4137,10,28.245254688
8171,45,38,-4088,12,28.246442112
8171,46,17,-4151,9,28.247629536
8171,47,-2,-4184,5,28.248816960
8171,48,-11,-4148,23,28.250004384
8171,49,-11,-4157,34,28.251191808
8171,50,-11,-4183,29,28.252379232
8171,51,2,-4173,7,28.253566656
8171,52,8,-4104,4,28.254754080
8171,53,18,-4071,15,28.255941504
8171,54,45,-4126,2,28.257128928
8171,55,55,-4179,17,28.258316352
8171,56,36,-4175,20,28.259503776
8171,57,31,-4156,37,28.260691200
8171,58,36,-4134,15,28.261878624
8171,59,52,-4143,1,28.263066048
8171,60,55,-4144,-13,28.264253472
8171,61,54,-4129,11,28.265440896
8171,62,34,-4099,27,28.266628320
8171,63,22,-4161,9,28.267815744
8171,64,6,-4168,16,28.269003168
8172,1,-4,-4142,3,28.270190592
8172,2,-10,-4150,28,28.271378016
8172,3,-10,-4164,27,28.272565440
8172,4,-1,-4148,25,28.273752864
8172,5,-20,-4117,27,28.274940288
8172,6,15,-4118,21,28.276127712
8172,7,31,-4172,14,28.277315136
8172,8,60,-4190,5,28.278502560
8172,9,35,-4146,4,28.279689984
8172,10,48,-4120,14,28.280877408
8172,11,33,-4153,32,28.282064832
8172,12,47,-4161,19,28.283252256
8172,13,55,-4166,22,28.284439680
8172,14,42,-4121,13,28.285627104
8172,15,28,-4121,0,28.286814528
8172,16,23,-4162,-11,28.288001952
8172,17,15,-4155,6,28.289189376
8172,18,3,-4170,20,28.290376800
8172,19,-13,-4180,36,28.291564224
8172,20,-6,-4170,36,28.292751648
8172,21,-17,-4134,24,28.293939072
8172,22,-26,-4091,21,28.295126496
8172,23,-11,-4124,14,28.296313920
8172,24,18,-4172,2,28.297501344
8172,25,23,-4164,9,28.298688768
8172,26,44,-4154,40,28.299876192
8172,27,44,-4159,31,28.301063616
8172,28,50,-4166,29,28.302251040
8172,29,59,-4147,14,28.303438464
8172,30,49,-4143,5,28.304625888
8172,31,34,-4087,-3,28.305813312
8172,32,43,-4115,0,28.307000736
8172,33,34,-4162,8,28.308188160
8172,34,8,-4162,27,28.309375584
8172,35,-2,-4174,21,28.310563008
8172,36,-11,-4170,45,28.311750432
8172,37,-11,-4151,14,28.312937856
8172,38,-11,-4129,25,28.314125280
8172,39,-12,-4110,3,28.315312704
8172,40,-4,-4125,9,28.316500128
8172,41,9,-4187,9,28.317687552
8172,42,35,-4172,19,28.318874976
8172,43,32,-4158,27,28.320062400
8172,44,45,-4150,18,28.321249824
8172,45,48,-4167,22,28.322437248
8172,46,64,-4164,2,28.323624672
8172,47,51,-4121,5,28.324812096
8172,48,61,-4115,6,28.325999520
8172,49,35,-4140,25,28.327186944
8172,50,16,-4166,12,28.328374368
8172,51,10,-4138,22,28.329561792
8172,52,3,-4168,32,28.330749216
8172,53,-8,-4161,35,28.331936640
8172,54,-13,-4157,23,28.333124064
8172,55,-1,-4112,25,28.334311488
8172,56,-5,-4092,18,28.335498912
8172,57,6,-4133,25,28.336686336
8172,58,6,-4188,30,28.337873760
8172,59,17,-4179,5,28.339061184
8172,60,42,-4145,33,28.340248608
8172,61,49,-4146,10,28.341436032
8172,62,49,-4149,14,28.342623456
8172,63,39,-4149,-11,28.343810880
8172,64,58,-4143,3,28.344998304
8173,1,52,-4127,10,28.346185728
8173,2,42,-4164,7,28.347373152
8173,3,24,-4179,0,28.348560576
8173,4,13,-4156,5,28.349748000
8173,5,18,-4173,20,28.350935424
8173,6,3,-4165,21,28.352122848
8173,7,5,-4139,21,28.353310272
8173,8,1,-4107,11,28.354497696
8173,9,-3,-4112,23,28.355685120
8173,10,8,-4149,5,28.356872544
8173,11,3,-4173,26,28.358059968
8173,12,12,-4161,30,28.359247392
8173,13,28,-4148,33,28.360434816
8173,14,29,-4156,22,28.361622240
8173,15,50,-4162,14,28.362809664
8173,16,62,-4169,22,28.363997088
8173,17,47,-4136,8,28.365184512
8173,18,51,-4102,17,28.366371936
8173,19,53,-4141,6,28.367559360
8173,20,15,-4164,27,28.368746784
8173,21,11,-4162,6,28.369934208
8173,22,4,-4162,49,28.371121632
8173,23,-3,-4162,29,28.372309056
8173,24,-16,-4149,24,28.373496480
8173,25,-6,-4108,2,28.374683904
8173,26,4,-4100,25,28.375871328
8173,27,-3,-4160,13,28.377058752
8173,28,19,-4179,28,28.378246176
8173,29,24,-4175,36,28.379433600
8173,30,26,-4161,28,28.380621024
8173,31,22,-4151,20,28.381808448
8173,32,37,-4167,0,28.382995872
8173,33,49,-4147,27,28.384183296
8173,34,64,-4097,-9,28.385370720
8173,35,57,-4119,2,28.386558144
8173,36,38,-4150,-13,28.387745568
8173,37,12,-4146,-13,28.388932992
8173,38,2,-4143,23,28.390120416
8173,39,3,-4150,14,28.391307840
8173,40,-12,-4163,33,28.392495264
8173,41,-11,-4147,8,28.393682688
8173,42,10,-4092,25,28.394870112
8173,43,10,-4140,1,28.396057536
8173,44,1,-4151,-1,28.397244960
8173,45,25,-4156,19,28.398432384
8173,46,24,-4136,18,28.399619808
8173,47,16,-4150,24,28.400807232
8173,48,29,-4165,29,28.401994656
8173,49,46,-4156,17,28.403182080
8173,50,66,-4121,11,28.404369504
8173,51,53,-4101,22,28.405556928
8173,52,55,-4148,-7,28.406744352
8173,53,56,-4167,24,28.407931776
8173,54,32,-4160,3,28.409119200
8173,55,37,-4157,12,28.410306624
8173,56,9,-4186,31,28.411494048
8173,57,-8,-4155,13,28.412681472
8173,58,-15,-4097,13,28.413868896
8173,59,-14,-4078,8,28.415056320
8173,60,0,-4134,21,28.416243744
8173,61,-15,-4199,8,28.417431168
8173,62,23,-4184,42,28.418618592
8173,63,20,-4154,24,28.419806016
8173,64,39,-4132,28,28.420993440
8174,1,33,-4147,-8,28.422180864
8174,2,51,-4163,21,28.423368288
8174,3,45,-4139,8,28.424555712
8174,4,43,-4124,26,28.425743136
8174,5,46,-4179,11,28.426930560
8174,6,55,-4167,9,28.428117984
8174,7,45,-4158,33,28.429305408
8174,8,18,-4167,25,28.430492832
8174,9,7,-4173,21,28.431680256
8174,10,-5,-4129,16,28.432867680
8174,11,2,-4116,13,28.434055104
8174,12,-9,-4117,17,28.435242528
8174,13,2,-4151,30,28.436429952
8174,14,2,-4172,16,28.437617376
8174,15,17,-4154,30,28.438804800
8174,16,13,-4144,25,28.439992224
8174,17,18,-4151,15,28.441179648
8174,18,34,-4156,14,28.442367072
8174,19,50,-4158,1,28.443554496
8174,20,55,-4122,10,28.444741920
8174,21,62,-4105,-5,28.445929344
8174,22,73,-4139,18,28.447116768
8174,23,48,-4150,10,28.448304192
8174,24,52,-4149,8,28.449491616
8174,25,26,-4158,17,28.450679040
8174,26,12,-4138,31,28.451866464
8174,27,-12,-4128,15,28.453053888
8174,28,-6,-4093,14,28.454241312
8174,29,-8,-4104,28,28.455428736
8174,30,-7,-4166,7,28.456616160
8174,31,-18,-4158,43,28.457803584
8174,32,6,-4146,22,28.458991008
8174,33,18,-4134,25,28.460178432
8174,34,23,-4150,13,28.461365856
8174,35,34,-4163,4,28.462553280
8174,36,39,-4150,0,28.463740704
8174,37,49,-4107,-2,28.464928128
8174,38,33,-4123,15,28.466115552
8174,39,62,-4170,2,28.467302976
8174,40,52,-4170,6,28.468490400
8174,41,53,-4150,16,28.469677824
8174,42,36,-4162,19,28.470865248
8174,43,23,-4162,1,28.472052672
8174,44,8,-4121,15,28.473240096
8174,45,16,-4082,11,28.474427520
8174,46,-6,-4118,15,28.475614944
8174,47,-10,-4185,30,28.476802368
8174,48,1,-4187,14,28.477989792
8174,49,9,-4147,50,28.479177216
8174,50,32,-4147,32,28.480364640
8174,51,24,-4145,51,28.481552064
8174,52,34,-4172,7,28.482739488
8174,53,58,-4148,28,28.483926912
8174,54,59,-4101,3,28.485114336
8174,55,45,-4144,28,28.486301760
8174,56,39,-4175,-4,28.487489184
8174,57,38,-4151,20,28.488676608
8174,58,43,-4161,23,28.489864032
8174,59,40,-4161,15,28.491051456
8174,60,23,-4156,28,28.492238880
8174,61,11,-4124,11,28.493426304
8174,62,-15,-4106,21,28.494613728
8174,63,-6,-4156,3,28.495801152
8174,64,-7,-4189,20,28.496988576
8175,1,-5,-4173,17,28.498176000
8175,2,6,-4119,28,28.499363424
8175,3,8,-4136,40,28.500550848
8175,4,18,-4167,-2,28.501738272
8175,5,27,-4165,10,28.502925696
8175,6,46,-4119,8,28.504113120
8175,7,50,-4114,-2,28.505300544
8175,8,59,-4141,13,28.506487968
8175,9,45,-4174,18,28.507675392
8175,10,61,-4138,15,28.508862816
8175,11,49,-4140,-4,28.510050240
8175,12,30,-4161,8,28.511237664
8175,13,19,-4157,12,28.512425088
8175,14,21,-4088,7,28.513612512
8175,15,-13,-4095,2,28.514799936
8175,16,-9,-4145,16,28.515987360
8175,17,-25,-4156,2,28.517174784
8175,18,-26,-4164,39,28.518362208
8175,19,-13,-4151,29,28.519549632
8175,20,-3,-4169,29,28.520737056
8175,21,19,-4163,8,28.521924480
8175,22,42,-4165,23,28.523111904
8175,23,44,-4127,19,28.524299328
8175,24,62,-4091,-10,28.525486752
8175,25,62,-4156,-3,28.526674176
8175,26,61,-4158,-2,28.527861600
8175,27,42,-4161,26,28.529049024
8175,28,39,-4169,8,28.530236448
8175,29,48,-4181,41,28.531423872
8175,30,30,-4138,-2,28.532611296
8175,31,21,-4097,34,28.533798720
8175,32,19,-4093,11,28.534986144
8175,33,9,-4154,21,28.536173568
8175,34,-2,-4179,15,28.537360992
8175,35,-13,-4155,37,28.538548416
8175,36,-13,-4159,34,28.539735840
8175,37,2,-4151,22,28.540923264
8175,38,22,-4163,37,28.542110688
8175,39,38,-4128,-3,28.543298112
8175,40,32,-4105,21,28.544485536
8175,41,44,-4115,7,28.545672960
8175,42,70,-4183,19,28.546860384
8175,43,67,-4158,-4,28.548047808
8175,44,58,-4165,29,28.549235232
8175,45,54,-4158,12,28.550422656
8175,46,49,-4153,10,28.551610080
8175,47,32,-4109,33,28.552797504
8175,48,13,-4111,27,28.553984928
8175,49,-12,-4149,34,28.555172352
8175,50,-22,-4196,6,28.556359776
8175,51,-8,-4167,28,28.557547200
8175,52,-15,-4120,21,28.558734624
8175,53,-11,-4161,24,28.559922048
8175,54,-15,-4163,2,28.561109472
8175,55,-10,-4158,13,28.562296896
8175,56,10,-4141,34,28.563484320
8175,57,29,-4120,35,28.564671744
8175,58,35,-4147,3,28.565859168
8175,59,47,-4175,5,28.567046592
8175,60,66,-4144,-7,28.568234016
8175,61,52,-4140,15,28.569421440
8175,62,47,-4128,5,28.570608864
8175,63,23,-4139,0,28.571796288
8175,64,14,-4119,24,28.572983712
8176,1,7,-4115,3,28.574171136
8176,2,4,-4138,31,28.575358560
8176,3,-5,-4182,23,28.576545984
8176,4,5,-4152,30,28.577733408
8176,5,-9,-4128,33,28.578920832
8176,6,-16,-4143,27,28.580108256
8176,7,-26,-4175,15,28.581295680
8176,8,2,-4162,4,28.582483104
8176,9,17,-4126,31,28.583670528
8176,10,41,-4116,-6,28.584857952
8176,11,42,-4157,25,28.586045376
8176,12,46,-4171,12,28.587232800
8176,13,63,-4142,21,28.588420224
8176,14,50,-4149,20,28.589607648
8176,15,36,-4182,20,28.590795072
8176,16,52,-4173,15,28.591982496
8176,17,37,-4117,4,28.593169920
8176,18,9,-4101,5,28.594357344
8176,19,13,-4132,11,28.595544768
8176,20,-12,-4168,24,28.596732192
8176,21,-6,-4142,26,28.597919616
8176,22,-15,-4148,31,28.599107040
8176,23,-12,-4174,38,28.600294464
8176,24,-1,-4169,27,28.601481888
8176,25,16,-4162,25,28.602669312
8176,26,25,-4116,19,28.603856736
8176,27,28,-4111,11,28.605044160
8176,28,30,-4162,-2,28.606231584
8176,29,38,-4161,12,28.607419008
8176,30,59,-4161,16,28.608606432
8176,31,56,-4169,22,28.609793856
8176,32,52,-4158,21,28.610981280
8176,33,53,-4124,24,28.612168704
8176,34,32,-4087,-1,28.613356128
8176,35,-1,-4097,2,28.614543552
8176,36,5,-4175,11,28.615730976
8176,37,-3,-4181,35,28.616918400
8176,38,-19,-4162,35,28.618105824
8176,39,-18,-4171,45,28.619293248
8176,40,-1,-4148,27,28.620480672
8176,41,8,-4146,5,28.621668096
8176,42,19,-4144,-8,28.622855520
8176,43,9,-4108,23,28.624042944
8176,44,35,-4116,16,28.625230368
8176,45,22,-4165,9,28.626417792
8176,46,44,-4166,16,28.627605216
8176,47,47,-4163,30,28.628792640
8176,48,77,-4169,14,28.629980064
8176,49,66,-4142,4,28.631167488
8176,50,56,-4131,8,28.632354912
8176,51,45,-4116,10,28.633542336
8176,52,9,-4132,-9,28.634729760
8176,53,24,-4178,12,28.635917184
8176,54,0,-4171,18,28.637104608
8176,55,-2,-4158,28,28.638292032
8176,56,-11,-4141,37,28.639479456
8176,57,-15,-4137,16,28.640666880
8176,58,0,-4153,26,28.641854304
8176,59,19,-4151,-1,28.643041728
8176,60,27,-4117,19,28.644229152
8176,61,37,-4140,15,28.645416576
8176,62,31,-4167,14,28.646604000
8176,63,44,-4148,5,28.647791424
8176,64,41,-4135,14,28.648978848
8177,1,53,-4141,26,28.650166272
8177,2,56,-4139,1,28.651353696
8177,3,49,-4133,6,28.652541120
8177,4,50,-4123,0,28.653728544
8177,5,42,-4147,18,28.654915968
8177,6,20,-4192,18,28.656103392
8177,7,-14,-4175,14,28.657290816
8177,8,-8,-4153,30,28.658478240
8177,9,-36,-4152,39,28.659665664
8177,10,-17,-4166,25,28.660853088
8177,11,-1,-4158,14,28.662040512
8177,12,-1,-4141,24,28.663227936
8177,13,20,-4105,21,28.664415360
8177,14,24,-4141,1,28.665602784
8177,15,9,-4155,11,28.666790208
8177,16,26,-4153,19,28.667977632
8177,17,43,-4173,25,28.669165056
8177,18,48,-4184,20,28.670352480
8177,19,65,-4162,10,28.671539904
8177,20,66,-4121,6,28.672727328
8177,21,39,-4096,-4,28.673914752
8177,22,16,-4130,-5,28.675102176
8177,23,8,-4173,14,28.676289600
8177,24,-20,-4160,30,28.677477024
8177,25,-16,-4145,39,28.678664448
8177,26,-5,-4151,18,28.679851872
8177,27,-5,-4139,7,28.681039296
8177,28,1,-4151,9,28.682226720
8177,29,10,-4128,21,28.683414144
8177,30,19,-4115,-1,28.684601568
8177,31,23,-4150,-2,28.685788992
8177,32,30,-4180,8,28.686976416
8177,33,53,-4170,24,28.688163840
8177,34,42,-4160,26,28.689351264
8177,35,50,-4153,19,28.690538688
8177,36,66,-4133,20,28.691726112
8177,37,60,-4108,12,28.692913536
8177,38,43,-4117,11,28.694100960
8177,39,34,-4163,-5,28.695288384
8177,40,10,-4164,3,28.696475808
8177,41,14,-4142,23,28.697663232
8177,42,-3,-4151,24,28.698850656
8177,43,-23,-4148,37,28.700038080
8177,44,-18,-4152,24,28.701225504
8177,45,-15,-4144,26,28.702412928
8177,46,-6,-4129,23,28.703600352
8177,47,24,-4119,22,28.704787776
8177,48,25,-4153,23,28.705975200
8177,49,37,-4142,0,28.707162624
8177,50,44,-4171,19,28.708350048
8177,51,51,-4164,26,28.709537472
8177,52,50,-4189,16,28.710724896
8177,53,53,-4143,19,28.711912320
8177,54,51,-4102,-1,28.713099744
8177,55,39,-4122,10,28.714287168
8177,56,43,-4163,3,28.715474592
8177,57,26,-4170,14,28.716662016
8177,58,-13,-4145,27,28.717849440
8177,59,-20,-4143,34,28.719036864
8177,60,-18,-4145,24,28.720224288
8177,61,-11,-4173,25,28.721411712
8177,62,-10,-4162,17,28.722599136
8177,63,-4,-4122,16,28.723786560
8177,64,32,-4126,14,28.724973984
8178,1,13,-4165,32,28.726161408
8178,2,15,-4161,14,28.727348832
8178,3,33,-4163,18,28.728536256
8178,4,25,-4172,23,28.729723680
8178,5,54,-4152,14,28.730911104
8178,6,60,-4125,7,28.732098528
8178,7,53,-4097,-1,28.733285952
8178,8,63,-4136,-6,28.734473376
8178,9,41,-4177,10,28.735660800
8178,10,28,-4170,20,28.736848224
8178,11,11,-4139,17,28.738035648
8178,12,-10,-4156,34,28.739223072
8178,13,-3,-4149,5,28.740410496
8178,14,-17,-4149,12,28.741597920
8178,15,-17,-4110,20,28.742785344
8178,16,-16,-4110,26,28.743972768
8178,17,-5,-4146,21,28.745160192
8178,18,19,-4181,7,28.746347616
8178,19,7,-4161,11,28.747535040
8178,20,39,-4157,27,28.748722464
8178,21,59,-4170,28,28.749909888
8178,22,69,-4158,-1,28.751097312
8178,23,51,-4092,11,28.752284736
8178,24,49,-4099,-8,28.753472160
8178,25,28,-4152,9,28.754659584
8178,26,34,-4184,6,28.755847008
8178,27,24,-4148,17,28.757034432
8178,28,5,-4133,48,28.758221856
8178,29,7,-4149,15,28.759409280
8178,30,3,-4158,15,28.760596704
8178,31,-4,-4146,6,28.761784128
8178,32,7,-4102,23,28.762971552
8178,33,4,-4111,11,28.764158976
8178,34,0,-4157,4,28.765346400
8178,35,21,-4147,8,28.766533824
8178,36,17,-4128,42,28.767721248
8178,37,46,-4149,22,28.768908672
8178,38,47,-4158,12,28.770096096
8178,39,41,-4165,19,28.771283520
8178,40,58,-4109,-14,28.772470944
8178,41,72,-4104,-2,28.773658368
8178,42,48,-4168,-6,28.774845792
8178,43,30,-4167,10,28.776033216
8178,44,31,-4160,30,28.777220640
8178,45,17,-4161,21,28.778408064
8178,46,-9,-4153,18,28.779595488
8178,47,-17,-4144,17,28.780782912
8178,48,-3,-4155,17,28.781970336
8178,49,3,-4123,11,28.783157760
8178,50,-6,-4117,20,28.784345184
8178,51,2,-4162,8,28.785532608
8178,52,-10,-4165,26,28.786720032
8178,53,24,-4169,20,28.787907456
8178,54,19,-4171,17,28.789094880
8178,55,40,-4162,11,28.790282304
8178,56,49,-4122,0,28.791469728
8178,57,73,-4109,14,28.792657152
8178,58,60,-4116,13,28.793844576
8178,59,47,-4176,2,28.795032000
8178,60,56,-4173,36,28.796219424
8178,61,34,-4149,30,28.797406848
8178,62,13,-4157,36,28.798594272
8178,63,-1,-4166,23,28.799781696
8178,64,1,-4148,13,28.800969120
8179,1,-6,-4135,23,28.802156544
8179,2,-2,-4103,28,28.803343968
8179,3,-18,-4135,33,28.804531392
8179,4,-11,-4176,23,28.805718816
8179,5,-15,-4150,20,28.806906240
8179,6,8,-4156,40,28.808093664
8179,7,27,-4188,29,28.809281088
8179,8,49,-4193,20,28.810468512
8179,9,46,-4127,-15,28.811655936
8179,10,53,-4084,-10,28.812843360
8179,11,56,-4114,11,28.814030784
8179,12,53,-4185,-12,28.815218208
8179,13,51,-4161,10,28.816405632
8179,14,20,-4151,11,28.817593056
8179,15,-2,-4129,44,28.818780480
8179,16,5,-4159,-5,28.819967904
8179,17,-13,-4158,19,28.821155328
8179,18,4,-4147,13,28.822342752
8179,19,-18,-4098,22,28.823530176
8179,20,-6,-4148,7,28.824717600
8179,21,4,-4177,8,28.825905024
8179,22,-1,-4160,29,28.827092448
8179,23,-4,-4133,28,28.828279872
8179,24,31,-4150,16,28.829467296
8179,25,26,-4153,17,28.830654720
8179,26,48,-4132,20,28.831842144
8179,27,51,-4108,2,28.833029568
8179,28,69,-4149,3,28.834216992
8179,29,77,-4195,5,28.835404416
8179,30,41,-4165,22,28.836591840
8179,31,39,-4142,15,28.837779264
8179,32,11,-4117,21,28.838966688
8179,33,-2,-4147,10,28.840154112
8179,34,-2,-4172,13,28.841341536
8179,35,-6,-4141,35,28.842528960
8179,36,-18,-4128,18,28.843716384
8179,37,-7,-4164,36,28.844903808
8179,38,8,-4160,7,28.846091232
8179,39,-4,-4139,28,28.847278656
8179,40,16,-4154,19,28.848466080
8179,41,17,-4193,16,28.849653504
8179,42,22,-4179,30,28.850840928
8179,43,66,-4118,24,28.852028352
8179,44,63,-4098,5,28.853215776
8179,45,58,-4153,5,28.854403200
8179,46,62,-4181,11,28.855590624
8179,47,42,-4141,12,28.856778048
8179,48,32,-4138,29,28.857965472
8179,49,15,-4148,15,28.859152896
8179,50,5,-4178,26,28.860340320
8179,51,2,-4163,21,28.861527744
8179,52,1,-4120,19,28.862715168
8179,53,7,-4105,1,28.863902592
8179,54,-6,-4173,10,28.865090016
8179,55,-9,-4161,16,28.866277440
8179,56,-7,-4153,24,28.867464864
8179,57,16,-4172,21,28.868652288
8179,58,19,-4161,31,28.869839712
8179,59,44,-4137,12,28.871027136
8179,60,50,-4098,13,28.872214560
8179,61,54,-4113,-5,28.873401984
8179,62,66,-4170,5,28.874589408
8179,63,60,-4173,11,28.875776832
8179,64,51,-4173,4,28.876964256
8180,1,49,-4156,23,28.878151680
8180,2,22,-4140,7,28.879339104
8180,3,6,-4139,15,28.880526528
8180,4,-6,-4155,0,28.881713952
8180,5,-19,-4119,7,28.882901376
8180,6,-3,-4118,32,28.884088800
8180,7,-22,-4165,14,28.885276224
8180,8,-8,-4167,36,28.886463648
8180,9,13,-4147,35,28.887651072
8180,10,9,-4164,15,28.888838496
8180,11,21,-4157,19,28.890025920
8180,12,24,-4113,3,28.891213344
8180,13,42,-4093,15,28.892400768
8180,14,45,-4116,-7,28.893588192
8180,15,54,-4207,8,28.894775616
8180,16,58,-4170,25,28.895963040
8180,17,56,-4136,7,28.897150464
8180,18,41,-4131,23,28.898337888
8180,19,32,-4143,14,28.899525312
8180,20,26,-4168,20,28.900712736
8180,21,14,-4168,1,28.901900160
8180,22,8,-4101,14,28.903087584
8180,23,-8,-4143,14,28.904275008
8180,24,-13,-4168,23,28.905462432
8180,25,-13,-4148,23,28.906649856
8180,26,-13,-4138,35,28.907837280
8180,27,11,-4172,48,28.909024704
8180,28,20,-4164,34,28.910212128
8180,29,40,-4137,34,28.911399552
8180,30,50,-4112,0,28.912586976
8180,31,53,-4159,9,28.913774400
8180,32,64,-4196,31,28.914961824
8180,33,68,-4162,9,28.916149248
8180,34,58,-4151,14,28.917336672
8180,35,42,-4160,14,28.918524096
8180,36,26,-4159,-7,28.919711520
8180,37,8,-4161,9,28.920898944
8180,38,4,-4126,7,28.922086368
8180,39,1,-4102,32,28.923273792
8180,40,-27,-4145,27,28.924461216
8180,41,-22,-4174,34,28.925648640
8180,42,3,-4164,21,28.926836064
8180,43,-11,-4192,17,28.928023488
8180,44,25,-4187,-1,28.929210912
8180,45,25,-4140,0,28.930398336
8180,46,37,-4100,0,28.931585760
8180,47,51,-4090,3,28.932773184
8180,48,56,-4148,13,28.933960608
8180,49,39,-4180,16,28.935148032
8180,50,59,-4143,26,28.936335456
8180,51,55,-4147,24,28.937522880
8180,52,63,-4137,14,28.938710304
8180,53,32,-4136,23,28.939897728
8180,54,30,-4144,15,28.941085152
8180,55,14,-4130,10,28.942272576
8180,56,20,-4119,27,28.943460000
8180,57,-15,-4154,14,28.944647424
8180,58,-16,-4168,25,28.945834848
8180,59,-25,-4171,28,28.947022272
8180,60,2,-4158,26,28.948209696
8180,61,7,-4143,8,28.949397120
8180,62,19,-4137,23,28.950584544
8180,63,20,-4102,29,28.951771968
8180,64,36,-4116,27,28.952959392
8181,1,31,-4155,23,28.954146816
8181,2,41,-4183,-8,28.955334240
8181,3,62,-4152,9,28.956521664
8181,4,58,-4144,31,28.957709088
8181,5,50,-4141,18,28.958896512
8181,6,30,-4167,10,28.960083936
8181,7,21,-4149,11,28.961271360
8181,8,14,-4118,20,28.962458784
8181,9,-5,-4111,54,28.963646208
8181,10,-3,-4150,9,28.964833632
8181,11,0,-4180,33,28.966021056
8181,12,-14,-4159,39,28.967208480
8181,13,-14,-4161,30,28.968395904
8181,14,5,-4165,18,28.969583328
8181,15,5,-4139,4,28.970770752
8181,16,22,-4110,18,28.971958176
8181,17,33,-4130,-8,28.973145600
8181,18,53,-4166,-3,28.974333024
8181,19,58,-4157,16,28.975520448
8181,20,56,-4160,25,28.976707872
8181,21,44,-4154,9,28.977895296
8181,22,35,-4150,13,28.979082720
8181,23,37,-4168,28,28.980270144
8181,24,30,-4148,8,28.981457568
8181,25,45,-4104,7,28.982644992
8181,26,11,-4115,9,28.983832416
8181,27,20,-4164,17,28.985019840
8181,28,-16,-4169,21,28.986207264
8181,29,-30,-4140,50,28.987394688
8181,30,-20,-4162,8,28.988582112
8181,31,-10,-4152,15,28.989769536
8181,32,17,-4136,15,28.990956960
8181,33,39,-4091,14,28.992144384
8181,34,31,-4124,15,28.993331808
8181,35,64,-4170,9,28.994519232
8181,36,59,-4169,17,28.995706656
8181,37,37,-4169,11,28.996894080
8181,38,38,-4153,13,28.998081504
8181,39,37,-4159,5,28.999268928
8181,40,35,-4150,5,29.000456352
8181,41,25,-4125,-2,29.001643776
8181,42,26,-4095,4,29.002831200
8181,43,5,-4145,19,29.004018624
8181,44,-15,-4177,31,29.005206048
8181,45,-6,-4159,23,29.006393472
8181,46,9,-4154,35,29.007580896
8181,47,-4,-4162,28,29.008768320
8181,48,5,-4140,17,29.009955744
8181,49,-2,-4110,17,29.011143168
8181,50,11,-4099,6,29.012330592
8181,51,30,-4159,8,29.013518016
8181,52,46,-4188,28,29.014705440
8181,53,41,-4155,0,29.015892864
8181,54,51,-4142,38,29.017080288
8181,55,56,-4137,24,29.018267712
8181,56,42,-4151,0,29.019455136
8181,57,48,-4158,2,29.020642560
8181,58,40,-4130,22,29.021829984
8181,59,19,-4124,14,29.023017408
8181,60,27,-4159,-7,29.024204832
8181,61,11,-4166,7,29.025392256
8181,62,-5,-4151,8,29.026579680
8181,63,-3,-4160,34,29.027767104
8181,64,2,-4153,24,29.028954528
8182,1,-5,-4137,33,29.030141952
8182,2,-2,-4099,13,29.031329376
8182,3,0,-4107,17,29.032516800
8182,4,45,-4162,5,29.033704224
8182,5,40,-4168,15,29.034891648
8182,6,46,-4156,25,29.036079072
8182,7,45,-4161,17,29.037266496
8182,8,48,-4145,23,29.038453920
8182,9,50,-4144,4,29.039641344
8182,10,36,-4148,19,29.040828768
8182,11,32,-4123,6,29.042016192
8182,12,23,-4128,1,29.043203616
8182,13,-5,-4154,19,29.044391040
8182,14,7,-4158,15,29.045578464
8182,15,-1,-4161,24,29.046765888
8182,16,2,-4157,34,29.047953312
8182,17,4,-4153,37,29.049140736
8182,18,-3,-4134,4,29.050328160
8182,19,12,-4114,12,29.051515584
8182,20,4,-4121,5,29.052703008
8182,21,22,-4151,30,29.053890432
8182,22,30,-4168,4,29.055077856
8182,23,38,-4169,36,29.056265280
8182,24,38,-4172,26,29.057452704
8182,25,61,-4151,13,29.058640128
8182,26,61,-4135,21,29.059827552
8182,27,55,-4150,12,29.061014976
8182,28,39,-4122,11,29.062202400
8182,29,27,-4128,6,29.063389824
8182,30,19,-4163,11,29.064577248
8182,31,-7,-4154,24,29.065764672
8182,32,-9,-4158,37,29.066952096
8182,33,4,-4184,24,29.068139520
8182,34,-2,-4176,38,29.069326944
8182,35,4,-4126,12,29.070514368
8182,36,14,-4101,30,29.071701792
8182,37,9,-4130,-4,29.072889216
8182,38,7,-4170,8,29.074076640
8182,39,33,-4174,16,29.075264064
8182,40,38,-4143,24,29.076451488
8182,41,46,-4148,25,29.077638912
8182,42,62,-4144,0,29.078826336
8182,43,74,-4168,9,29.080013760
8182,44,59,-4127,17,29.081201184
8182,45,42,-4084,7,29.082388608
8182,46,8,-4119,9,29.083576032
8182,47,-5,-4171,16,29.084763456
8182,48,5,-4179,25,29.085950880
8182,49,-7,-4161,24,29.087138304
8182,50,-6,-4145,21,29.088325728
8182,51,10,-4151,16,29.089513152
8182,52,5,-4116,16,29.090700576
8182,53,15,-4097,4,29.091888000
8182,54,-6,-4128,20,29.093075424
8182,55,22,-4195,20,29.094262848
8182,56,6,-4178,39,29.095450272
8182,57,27,-4162,25,29.096637696
8182,58,31,-4128,8,29.097825120
8182,59,67,-4162,6,29.099012544
8182,60,48,-4168,-5,29.100199968
8182,61,62,-4129,5,29.101387392
8182,62,59,-4109,-11,29.102574816
8182,63,43,-4148,9,29.103762240
8182,64,27,-4173,31,29.104949664
8183,1,8,-4157,14,29.106137088
8183,2,-6,-4164,18,29.107324512
8183,3,-20,-4157,22,29.108511936
8183,4,-12,-4145,29,29.109699360
8183,5,-9,-4122,32,29.110886784
8183,6,0,-4129,29,29.112074208
8183,7,9,-4168,10,29.113261632
8183,8,4,-4179,13,29.114449056
8183,9,19,-4138,24,29.115636480
8183,10,31,-4128,34,29.116823904
8183,11,41,-4137,4,29.118011328
8183,12,51,-4171,14,29.119198752
8183,13,58,-4178,7,29.120386176
8183,14,67,-4122,12,29.121573600
8183,15,51,-4106,14,29.122761024
8183,16,40,-4171,23,29.123948448
8183,17,12,-4163,12,29.125135872
8183,18,-8,-4153,33,29.126323296
8183,19,-12,-4164,30,29.127510720
8183,20,-9,-4166,22,29.128698144
8183,21,-2,-4152,17,29.129885568
8183,22,20,-4093,-1,29.131072992
8183,23,1,-4079,16,29.132260416
8183,24,13,-4174,10,29.133447840
8183,25,23,-4178,24,29.134635264
8183,26,8,-4154,18,29.135822688
8183,27,25,-4141,26,29.137010112
8183,28,40,-4164,23,29.138197536
8183,29,45,-4181,12,29.139384960
8183,30,59,-4152,8,29.140572384
8183,31,63,-4090,-6,29.141759808
8183,32,43,-4114,7,29.142947232
8183,33,34,-4161,7,29.144134656
8183,34,8,-4170,23,29.145322080
8183,35,-10,-4144,18,29.146509504
8183,36,-8,-4156,40,29.147696928
8183,37,3,-4154,27,29.148884352
8183,38,-4,-4119,17,29.150071776
8183,39,2,-4091,23,29.151259200
8183,40,1,-4141,14,29.152446624
8183,41,6,-4186,6,29.153634048
8183,42,1,-4168,1,29.154821472
8183,43,17,-4159,22,29.156008896
8183,44,26,-4136,33,29.157196320
8183,45,21,-4172,21,29.158383744
8183,46,37,-4183,6,29.159571168
8183,47,62,-4153,22,29.160758592
8183,48,66,-4115,12,29.161946016
8183,49,55,-4145,2,29.163133440
8183,50,48,-4170,18,29.164320864
8183,51,31,-4167,46,29.165508288
8183,52,9,-4166,22,29.166695712
8183,53,-17,-4163,29,29.167883136
8183,54,-13,-4147,21,29.169070560
8183,55,-34,-4112,10,29.170257984
8183,56,-2,-4107,17,29.171445408
8183,57,14,-4143,1,29.172632832
8183,58,23,-4187,20,29.173820256
8183,59,32,-4173,32,29.175007680
8183,60,33,-4152,51,29.176195104
8183,61,26,-4136,20,29.177382528
8183,62,41,-4152,13,29.178569952
8183,63,42,-4161,10,29.179757376
8183,64,49,-4146,-16,29.180944800
8184,1,60,-4119,18,29.182132224
8184,2,60,-4151,8,29.183319648
8184,3,59,-4161,18,29.184507072
8184,4,6,-4166,19,29.185694496
8184,5,0,-4154,36,29.186881920
8184,6,-7,-4145,33,29.188069344
8184,7,-15,-4149,33,29.189256768
8184,8,-5,-4118,14,29.190444192
8184,9,-22,-4108,11,29.191631616
8184,10,-1,-4153,8,29.192819040
8184,11,2,-4178,7,29.194006464
8184,12,-3,-4160,17,29.195193888
8184,13,11,-4151,17,29.196381312
8184,14,26,-4139,19,29.197568736
8184,15,11,-4161,5,29.198756160
8184,16,48,-4156,1,29.199943584
8184,17,39,-4123,12,29.201131008
8184,18,53,-4111,19,29.202318432
8184,19,59,-4140,-2,29.203505856
8184,20,31,-4168,9,29.204693280
8184,21,26,-4183,11,29.205880704
8184,22,27,-4165,17,29.207068128
8184,23,-1,-4145,15,29.208255552
8184,24,-5,-4106,15,29.209442976
8184,25,-16,-4102,27,29.210630400
8184,26,-22,-4121,14,29.211817824
8184,27,-12,-4179,20,29.213005248
8184,28,4,-4169,25,29.214192672
8184,29,-5,-4151,26,29.215380096
8184,30,15,-4157,33,29.216567520
8184,31,25,-4146,13,29.217754944
8184,32,40,-4156,8,29.218942368
8184,33,49,-4151,19,29.220129792
8184,34,45,-4118,17,29.221317216
8184,35,41,-4138,5,29.222504640
8184,36,53,-4168,0,29.223692064
8184,37,51,-4187,-1,29.224879488
8184,38,32,-4153,35,29.226066912
8184,39,26,-4167,22,29.227254336
8184,40,1,-4149,32,29.228441760
8184,41,-4,-4133,4,29.229629184
8184,42,-19,-4099,14,29.230816608
8184,43,-21,-4117,6,29.232004032
8184,44,-16,-4186,23,29.233191456
8184,45,-3,-4182,51,29.234378880
8184,46,21,-4158,35,29.235566304
8184,47,23,-4140,29,29.236753728
8184,48,40,-4147,14,29.237941152
8184,49,50,-4157,12,29.239128576
8184,50,35,-4159,15,29.240316000
8184,51,57,-4108,15,29.241503424
8184,52,54,-4158,13,29.242690848
8184,53,47,-4178,7,29.243878272
8184,54,45,-4157,3,29.245065696
8184,55,39,-4152,13,29.246253120
8184,56,32,-4175,0,29.247440544
8184,57,18,-4140,7,29.248627968
8184,58,12,-4133,32,29.249815392
8184,59,-10,-4108,16,29.251002816
8184,60,-5,-4147,11,29.252190240
8184,61,-15,-4163,39,29.253377664
8184,62,-4,-4152,52,29.254565088
8184,63,-23,-4152,32,29.255752512
8184,64,5,-4156,28,29.256939936
8185,1,39,-4165,15,29.258127360
8185,2,50,-4161,9,29.259314784
8185,3,48,-4128,5,29.260502208
8185,4,61,-4114,9,29.261689632
8185,5,63,-4140,14,29.262877056
8185,6,39,-4191,2,29.264064480
8185,7,34,-4173,1,29.265251904
8185,8,35,-4179,20,29.266439328
8185,9,20,-4157,-2,29.267626752
8185,10,28,-4133,-1,29.268814176
8185,11,26,-4088,6,29.270001600
8185,12,4,-4096,7,29.271189024
8185,13,8,-4150,14,29.272376448
8185,14,-14,-4185,5,29.273563872
8185,15,-24,-4145,15,29.274751296
8185,16,-8,-4158,24,29.275938720
8185,17,-7,-4170,31,29.277126144
8185,18,36,-4167,16,29.278313568
8185,19,30,-4159,8,29.279500992
8185,20,52,-4131,9,29.280688416
8185,21,54,-4131,9,29.281875840
8185,22,47,-4170,6,29.283063264
8185,23,56,-4163,20,29.284250688
8185,24,34,-4154,30,29.285438112
8185,25,43,-4162,34,29.286625536
8185,26,22,-4147,1,29.287812960
8185,27,8,-4121,27,29.289000384
8185,28,15,-4096,19,29.290187808
8185,29,-12,-4130,33,29.291375232
8185,30,-11,-4180,21,29.292562656
8185,31,-11,-4187,29,29.293750080
8185,32,-12,-4160,35,29.294937504
8185,33,-9,-4159,52,29.296124928
8185,34,-5,-4144,34,29.297312352
8185,35,15,-4153,24,29.298499776
8185,36,36,-4126,13,29.299687200
8185,37,50,-4107,19,29.300874624
8185,38,67,-4149,23,29.302062048
8185,39,58,-4172,19,29.303249472
8185,40,55,-4157,20,29.304436896
8185,41,45,-4144,22,29.305624320
8185,42,26,-4168,18,29.306811744
8185,43,18,-4152,4,29.307999168
8185,44,-7,-4110,-7,29.309186592
8185,45,14,-4093,18,29.310374016
8185,46,2,-4144,5,29.311561440
8185,47,0,-4181,23,29.312748864
8185,48,-6,-4150,20,29.313936288
8185,49,-10,-4112,34,29.315123712
8185,50,-19,-4139,21,29.316311136
8185,51,-2,-4148,21,29.317498560
8185,52,9,-4164,5,29.318685984
8185,53,39,-4135,12,29.319873408
8185,54,52,-4091,18,29.321060832
8185,55,60,-4123,-9,29.322248256
8185,56,66,-4168,4,29.323435680
8185,57,59,-4159,24,29.324623104
8185,58,44,-4161,4,29.325810528
8185,59,34,-4174,10,29.326997952
8185,60,17,-4166,22,29.328185376
8185,61,25,-4130,27,29.329372800
8185,62,9,-4108,26,29.330560224
8185,63,-9,-4139,10,29.331747648
8185,64,-13,-4166,13,29.332935072
8186,1,-13,-4154,22,29.334122496
8186,2,-20,-4116,42,29.335309920
8186,3,-24,-4152,34,29.336497344
8186,4,-5,-4158,32,29.337684768
8186,5,17,-4171,18,29.338872192
8186,6,44,-4134,18,29.340059616
8186,7,54,-4125,11,29.341247040
8186,8,56,-4137,10,29.342434464
8186,9,66,-4182,13,29.343621888
8186,10,52,-4172,-12,29.344809312
8186,11,56,-4180,24,29.345996736
8186,12,47,-4170,13,29.347184160
8186,13,8,-4137,17,29.348371584
8186,14,9,-4104,16,29.349559008
8186,15,-11,-4097,10,29.350746432
8186,16,-11,-4165,12,29.351933856
8186,17,1,-4174,6,29.353121280
8186,18,-7,-4168,25,29.354308704
8186,19,0,-4181,26,29.355496128
8186,20,-5,-4154,23,29.356683552
8186,21,9,-4143,24,29.357870976
8186,22,8,-4149,11,29.359058400
8186,23,31,-4128,14,29.360245824
8186,24,23,-4128,5,29.361433248
8186,25,43,-4163,4,29.362620672
8186,26,66,-4171,1,29.363808096
8186,27,53,-4171,27,29.364995520
8186,28,60,-4158,21,29.366182944
8186,29,39,-4144,12,29.367370368
8186,30,41,-4127,-2,29.368557792
8186,31,8,-4097,15,29.369745216
8186,32,9,-4115,3,29.370932640
8186,33,10,-4172,10,29.372120064
8186,34,-16,-4175,11,29.373307488
8186,35,-9,-4136,42,29.374494912
8186,36,-15,-4152,31,29.375682336
8186,37,0,-4146,9,29.376869760
8186,38,2,-4174,9,29.378057184
8186,39,7,-4154,10,29.379244608
8186,40,34,-4101,27,29.380432032
8186,41,17,-4108,13,29.381619456
8186,42,58,-4150,15,29.382806880
8186,43,76,-4159,7,29.383994304
8186,44,57,-4167,25,29.385181728
8186,45,50,-4169,28,29.386369152
8186,46,43,-4153,10,29.387556576
8186,47,39,-4131,12,29.388744000
8186,48,40,-4097,-7,29.389931424
8186,49,17,-4131,4,29.391118848
8186,50,10,-4202,10,29.392306272
8186,51,-2,-4175,6,29.393493696
8186,52,-7,-4147,34,29.394681120
8186,53,-7,-4128,20,29.395868544
8186,54,-23,-4141,40,29.397055968
8186,55,15,-4162,29,29.398243392
8186,56,10,-4159,17,29.399430816
8186,57,17,-4118,18,29.400618240
8186,58,25,-4136,23,29.401805664
8186,59,29,-4164,16,29.402993088
8186,60,45,-4158,11,29.404180512
8186,61,52,-4153,2,29.405367936
8186,62,59,-4176,26,29.406555360
8186,63,65,-4137,0,29.407742784
8186,64,50,-4114,18,29.408930208
8187,1,25,-4112,5,29.410117632
8187,2,11,-4146,19,29.411305056
8187,3,-6,-4172,14,29.412492480
8187,4,2,-4162,19,29.413679904
8187,5,-21,-4151,27,29.414867328
8187,6,-20,-4159,52,29.416054752
8187,7,-19,-4165,41,29.417242176
8187,8,8,-4164,21,29.418429600
8187,9,24,-4136,14,29.419617024
8187,10,10,-4095,23,29.420804448
8187,11,31,-4127,10,29.421991872
8187,12,47,-4167,-2,29.423179296
8187,13,51,-4177,26,29.424366720
8187,14,61,-4166,21,29.425554144
8187,15,39,-4173,26,29.426741568
8187,16,56,-4152,19,29.427928992
8187,17,51,-4112,0,29.429116416
8187,18,38,-4119,1,29.430303840
8187,19,38,-4149,1,29.431491264
8187,20,6,-4171,2,29.432678688
8187,21,-9,-4125,25,29.433866112
8187,22,-7,-4149,33,29.435053536
8187,23,-22,-4151,30,29.436240960
8187,24,-5,-4171,15,29.437428384
8187,25,2,-4161,23,29.438615808
8187,26,15,-4124,15,29.439803232
8187,27,31,-4117,4,29.440990656
8187,28,33,-4154,5,29.442178080
8187,29,46,-4157,2,29.443365504
8187,30,44,-4155,24,29.444552928
8187,31,48,-4164,18,29.445740352
8187,32,62,-4166,12,29.446927776
8187,33,36,-4133,13,29.448115200
8187,34,40,-4111,0,29.449302624
8187,35,46,-4128,-7,29.450490048
8187,36,44,-4156,34,29.451677472
8187,37,11,-4170,1,29.452864896
8187,38,4,-4150,38,29.454052320
8187,39,-18,-4167,30,29.455239744
8187,40,-8,-4147,30,29.456427168
8187,41,-3,-4151,10,29.457614592
8187,42,2,-4153,7,29.458802016
8187,43,6,-4123,13,29.459989440
8187,44,30,-4126,35,29.461176864
8187,45,26,-4164,29,29.462364288
8187,46,30,-4187,19,29.463551712
8187,47,40,-4177,1,29.464739136
8187,48,48,-4169,12,29.465926560
8187,49,56,-4138,21,29.467113984
8187,50,43,-4106,-6,29.468301408
8187,51,45,-4100,34,29.469488832
8187,52,35,-4120,0,29.470676256
8187,53,11,-4191,24,29.471863680
8187,54,4,-4164,22,29.473051104
8187,55,6,-4163,20,29.474238528
8187,56,3,-4161,22,29.475425952
8187,57,3,-4150,7,29.476613376
8187,58,-20,-4148,12,29.477800800
8187,59,-15,-4139,20,29.478988224
8187,60,11,-4110,25,29.480175648
8187,61,20,-4122,18,29.481363072
8187,62,39,-4159,10,29.482550496
8187,63,40,-4159,19,29.483737920
8187,64,52,-4171,29,29.484925344
8188,1,63,-4159,20,29.486112768
8188,2,63,-4149,22,29.487300192
8188,3,60,-4110,3,29.488487616
8188,4,47,-4096,10,29.489675040
8188,5,53,-4146,-5,29.490862464
8188,6,19,-4181,12,29.492049888
8188,7,27,-4134,20,29.493237312
8188,8,4,-4134,24,29.494424736
8188,9,7,-4156,32,29.495612160
8188,10,-10,-4167,36,29.496799584
8188,11,-18,-4174,-3,29.497987008
8188,12,-9,-4119,25,29.499174432
8188,13,-3,-4089,-4,29.500361856
8188,14,24,-4145,24,29.501549280
8188,15,6,-4164,10,29.502736704
8188,16,29,-4171,16,29.503924128
8188,17,20,-4168,12,29.505111552
8188,18,47,-4160,15,29.506298976
8188,19,56,-4145,13,29.507486400
8188,20,50,-4102,4,29.508673824
8188,21,37,-4111,8,29.509861248
8188,22,34,-4155,-10,29.511048672
8188,23,46,-4175,34,29.512236096
8188,24,14,-4150,37,29.513423520
8188,25,8,-4142,17,29.514610944
8188,26,9,-4140,31,29.515798368
8188,27,-1,-4158,22,29.516985792
8188,28,-10,-4158,16,29.518173216
8188,29,0,-4117,19,29.519360640
8188,30,-18,-4111,17,29.520548064
8188,31,5,-4154,9,29.521735488
8188,32,9,-4172,7,29.522922912
8188,33,23,-4153,39,29.524110336
8188,34,38,-4175,29,29.525297760
8188,35,56,-4179,12,29.526485184
8188,36,73,-4159,1,29.527672608
8188,37,64,-4098,3,29.528860032
8188,38,60,-4111,0,29.530047456
8188,39,33,-4163,-5,29.531234880
8188,40,9,-4172,-1,29.532422304
8188,41,4,-4151,33,29.533609728
8188,42,6,-4158,38,29.534797152
8188,43,-1,-4163,38,29.535984576
8188,44,-9,-4151,19,29.537172000
8188,45,0,-4141,19,29.538359424
8188,46,-5,-4109,11,29.539546848
8188,47,-7,-4132,8,29.540734272
8188,48,2,-4153,25,29.541921696
8188,49,20,-4167,24,29.543109120
8188,50,30,-4154,35,29.544296544
8188,51,42,-4172,28,29.545483968
8188,52,61,-4159,6,29.546671392
8188,53,71,-4138,18,29.547858816
8188,54,58,-4089,1,29.549046240
8188,55,40,-4136,10,29.550233664
8188,56,38,-4190,1,29.551421088
8188,57,34,-4168,24,29.552608512
8188,58,22,-4150,32,29.553795936
8188,59,16,-4143,31,29.554983360
8188,60,-5,-4143,2,29.556170784
8188,61,-12,-4149,17,29.557358208
8188,62,-3,-4148,28,29.558545632
8188,63,-6,-4093,17,29.559733056
8188,64,-11,-4142,13,29.560920480
8189,1,-19,-4171,15,29.562107904
8189,2,2,-4173,24,29.563295328
8189,3,14,-4153,24,29.564482752
8189,4,28,-4182,23,29.565670176
8189,5,54,-4157,21,29.566857600
8189,6,52,-4148,3,29.568045024
8189,7,54,-4116,-12,29.569232448
8189,8,44,-4149,-1,29.570419872
8189,9,39,-4173,3,29.571607296
8189,10,39,-4167,32,29.572794720
8189,11,12,-4131,14,29.573982144
8189,12,-5,-4149,35,29.575169568
8189,13,0,-4142,6,29.576356992
8189,14,6,-4158,16,29.577544416
8189,15,-7,-4143,13,29.578731840
8189,16,-7,-4095,24,29.579919264
8189,17,-1,-4146,26,29.581106688
8189,18,-6,-4178,34,29.582294112
8189,19,1,-4172,26,29.583481536
8189,20,14,-4159,19,29.584668960
8189,21,22,-4156,21,29.585856384
8189,22,56,-4165,4,29.587043808
8189,23,62,-4132,23,29.588231232
8189,24,61,-4098,6,29.589418656
8189,25,51,-4126,2,29.590606080
8189,26,45,-4166,6,29.591793504
8189,27,29,-4152,11,29.592980928
8189,28,19,-4153,16,29.594168352
8189,29,2,-4157,32,29.595355776
8189,30,-9,-4159,14,29.596543200
8189,31,-7,-4176,17,29.597730624
8189,32,2,-4124,8,29.598918048
8189,33,8,-4112,29,29.600105472
8189,34,-14,-4140,17,29.601292896
8189,35,-2,-4183,23,29.602480320
8189,36,13,-4174,25,29.603667744
8189,37,33,-4168,32,29.604855168
8189,38,41,-4167,22,29.606042592
8189,39,57,-4148,5,29.607230016
8189,40,55,-4101,6,29.608417440
8189,41,53,-4115,-5,29.609604864
8189,42,57,-4177,4,29.610792288
8189,43,47,-4184,-1,29.611979712
8189,44,29,-4144,10,29.613167136
8189,45,11,-4132,24,29.614354560
8189,46,6,-4144,31,29.615541984
8189,47,6,-4154,30,29.616729408
8189,48,16,-4149,10,29.617916832
8189,49,-15,-4129,23,29.619104256
8189,50,-6,-4108,19,29.620291680
8189,51,-13,-4155,37,29.621479104
8189,52,3,-4141,28,29.622666528
8189,53,23,-4156,35,29.623853952
8189,54,18,-4161,37,29.625041376
8189,55,25,-4144,41,29.626228800
8189,56,34,-4133,5,29.627416224
8189,57,54,-4089,-1,29.628603648
8189,58,61,-4121,-4,29.629791072
8189,59,52,-4170,4,29.630978496
8189,60,67,-4161,4,29.632165920
8189,61,44,-4152,18,29.633353344
8189,62,35,-4134,33,29.634540768
8189,63,20,-4153,26,29.635728192
8189,64,10,-4158,0,29.636915616
8190,1,11,-4138,8,29.638103040
8190,2,18,-4103,11,29.639290464
8190,3,-4,-4124,26,29.640477888
8190,4,-8,-4175,29,29.641665312
8190,5,-2,-4173,11,29.642852736
8190,6,15,-4157,40,29.644040160
8190,7,19,-4165,25,29.645227584
8190,8,44,-4163,14,29.646415008
8190,9,50,-4135,8,29.647602432
8190,10,30,-4116,4,29.648789856
8190,11,62,-4144,-4,29.649977280
8190,12,74,-4180,-4,29.651164704
8190,13,63,-4151,15,29.652352128
8190,14,50,-4150,28,29.653539552
8190,15,29,-4167,35,29.654726976
8190,16,25,-4156,26,29.655914400
8190,17,4,-4161,27,29.657101824
8190,18,0,-4115,11,29.658289248
8190,19,-3,-4106,26,29.659476672
8190,20,-14,-4132,17,29.660664096
8190,21,-21,-4175,13,29.661851520
8190,22,-18,-4178,36,29.663038944
8190,23,-9,-4175,28,29.664226368
8190,24,29,-4165,22,29.665413792
8190,25,37,-4141,22,29.666601216
8190,26,45,-4117,14,29.667788640
8190,27,55,-4115,13,29.668976064
8190,28,46,-4138,3,29.670163488
8190,29,43,-4176,14,29.671350912
8190,30,44,-4161,32,29.672538336
8190,31,41,-4165,30,29.673725760
8190,32,44,-4141,20,29.674913184
8190,33,24,-4133,12,29.676100608
8190,34,19,-4145,9,29.677288032
8190,35,8,-4131,0,29.678475456
8190,36,-20,-4106,14,29.679662880
8190,37,-24,-4143,29,29.680850304
8190,38,-5,-4160,20,29.682037728
8190,39,-14,-4165,27,29.683225152
8190,40,14,-4168,13,29.684412576
8190,41,23,-4153,30,29.685600000
8190,42,32,-4125,8,29.686787424
8190,43,54,-4106,17,29.687974848
8190,44,51,-4140,-2,29.689162272
8190,45,66,-4164,-1,29.690349696
8190,46,53,-4155,11,29.691537120
8190,47,72,-4131,11,29.692724544
8190,48,57,-4143,21,29.693911968
8190,49,19,-4150,14,29.695099392
8190,50,30,-4152,4,29.696286816
8190,51,3,-4143,13,29.697474240
8190,52,12,-4123,9,29.698661664
8190,53,-9,-4139,3,29.699849088
8190,54,-14,-4158,10,29.701036512
8190,55,-10,-4157,13,29.702223936
8190,56,-12,-4134,24,29.703411360
8190,57,-20,-4172,44,29.704598784
8190,58,3,-4172,21,29.705786208
8190,59,17,-4143,15,29.706973632
8190,60,41,-4125,19,29.708161056
8190,61,52,-4119,3,29.709348480
8190,62,59,-4174,0,29.710535904
8190,63,50,-4167,13,29.711723328
8190,64,50,-4152,33,29.712910752
8191,1,41,-4154,39,29.714098176
8191,2,34,-4152,23,29.715285600
8191,3,20,-4167,17,29.716473024
8191,4,18,-4148,14,29.717660448
8191,5,-6,-4108,4,29.718847872
8191,6,-6,-4116,14,29.720035296
8191,7,-7,-4161,24,29.721222720
8191,8,-16,-4171,35,29.722410144
8191,9,-12,-4171,41,29.723597568
8191,10,-13,-4186,31,29.724784992
8191,11,14,-4144,21,29.725972416
8191,12,28,-4127,-5,29.727159840
8191,13,44,-4105,8,29.728347264
8191,14,56,-4128,4,29.729534688
8191,15,69,-4171,16,29.730722112
8191,16,74,-4178,25,29.731909536
8191,17,59,-4163,31,29.733096960
8191,18,55,-4168,21,29.734284384
8191,19,48,-4137,19,29.735471808
8191,20,34,-4134,1,29.736659232
8191,21,38,-4124,11,29.737846656
8191,22,6,-4103,19,29.739034080
8191,23,-4,-4152,30,29.740221504
8191,24,-18,-4170,14,29.741408928
8191,25,-18,-4153,42,29.742596352
8191,26,0,-4136,23,29.743783776
8191,27,19,-4159,18,29.744971200
8191,28,15,-4152,33,29.746158624
8191,29,11,-4105,5,29.747346048
8191,30,31,-4115,3,29.748533472
8191,31,44,-4163,2,29.749720896
8191,32,54,-4200,-1,29.750908320
8191,33,64,-4164,27,29.752095744
8191,34,43,-4132,22,29.753283168
8191,35,43,-4128,22,29.754470592
8191,36,44,-4149,12,29.755658016
8191,37,31,-4146,20,29.756845440
8191,38,29,-4125,28,29.758032864
8191,39,0,-4127,17,29.759220288
8191,40,9,-4161,20,29.760407712
8191,41,-13,-4158,2,29.761595136
8191,42,-2,-4139,30,29.762782560
8191,43,-3,-4157,11,29.763969984
8191,44,0,-4167,34,29.765157408
8191,45,9,-4166,25,29.766344832
8191,46,9,-4120,8,29.767532256
8191,47,27,-4100,15,29.768719680
8191,48,44,-4159,-7,29.769907104
8191,49,51,-4192,17,29.771094528
8191,50,81,-4168,14,29.772281952
8191,51,74,-4163,35,29.773469376
8191,52,60,-4156,27,29.774656800
8191,53,41,-4166,10,29.775844224
8191,54,35,-4159,19,29.777031648
8191,55,19,-4095,8,29.778219072
8191,56,16,-4108,16,29.779406496
8191,57,4,-4153,14,29.780593920
8191,58,-10,-4174,25,29.781781344
8191,59,-4,-4164,37,29.782968768
8191,60,-17,-4162,24,29.784156192
8191,61,-10,-4161,37,29.785343616
8191,62,19,-4153,13,29.786531040
8191,63,20,-4091,10,29.787718464
8191,64,30,-4091,3,29.788905888
8192,1,35,-4163,16,29.790093312
8192,2,43,-4175,18,29.791280736
8192,3,34,-4158,19,29.792468160
8192,4,45,-4153,19,29.793655584
8192,5,37,-4150,0,29.794843008
8192,6,49,-4150,7,29.796030432
8192,7,51,-4150,14,29.797217856
8192,8,30,-4112,0,29.798405280
8192,9,22,-4138,13,29.799592704
8192,10,-9,-4168,6,29.800780128
8192,11,-7,-4157,23,29.801967552
8192,12,-14,-4163,20,29.803154976
8192,13,-5,-4158,31,29.804342400
8192,14,3,-4139,24,29.805529824
8192,15,-2,-4108,23,29.806717248
8192,16,14,-4093,8,29.807904672
8192,17,25,-4150,12,29.809092096
8192,18,31,-4192,8,29.810279520
8192,19,39,-4152,1,29.811466944
8192,20,50,-4153,26,29.812654368
8192,21,35,-4145,30,29.813841792
8192,22,41,-4144,38,29.815029216
8192,23,58,-4147,-2,29.816216640
8192,24,62,-4143,0,29.817404064
8192,25,33,-4105,3,29.818591488
8192,26,25,-4154,4,29.819778912
8192,27,14,-4162,12,29.820966336
8192,28,-4,-4133,11,29.822153760
8192,29,-5,-4133,25,29.823341184
8192,30,-9,-4163,43,29.824528608
8192,31,-4,-4175,34,29.825716032
8192,32,-6,-4121,14,29.826903456
8192,33,27,-4115,8,29.828090880
8192,34,32,-4143,13,29.829278304
8192,35,27,-4182,6,29.830465728
8192,36,65,-4166,18,29.831653152
8192,37,50,-4130,30,29.832840576
8192,38,36,-4161,15,29.834028000
8192,39,47,-4168,20,29.835215424
8192,40,51,-4170,15,29.836402848
8192,41,57,-4123,26,29.837590272
8192,42,50,-4087,21,29.838777696
8192,43,24,-4137,8,29.839965120
8192,44,-5,-4166,1,29.841152544
8192,45,-8,-4165,19,29.842339968
8192,46,-17,-4166,38,29.843527392
8192,47,-28,-4167,25,29.844714816
8192,48,-9,-4158,16,29.845902240
8192,49,-19,-4099,-6,29.847089664
8192,50,21,-4095,7,29.848277088
8192,51,22,-4147,7,29.849464512
8192,52,38,-4192,20,29.850651936
8192,53,40,-4174,10,29.851839360
8192,54,45,-4164,22,29.853026784
8192,55,46,-4160,22,29.854214208
8192,56,56,-4155,6,29.855401632
8192,57,34,-4131,21,29.856589056
8192,58,34,-4108,-10,29.857776480
8192,59,40,-4097,15,29.858963904
8192,60,24,-4145,-3,29.860151328
8192,61,6,-4176,23,29.861338752
8192,62,-20,-4152,20,29.862526176
8192,63,0,-4161,35,29.863713600
8192,64,-4,-4160,18,29.864901024
8193,1,-1,-4138,26,29.866088448
8193,2,-6,-4117,39,29.867275872
8193,3,14,-4112,18,29.868463296
8193,4,29,-4182,14,29.869650720
8193,5,51,-4182,15,29.870838144
8193,6,55,-4142,25,29.872025568
8193,7,47,-4133,11,29.873212992
8193,8,52,-4125,4,29.874400416
8193,9,49,-4176,7,29.875587840
8193,10,43,-4155,28,29.876775264
8193,11,35,-4111,0,29.877962688
8193,12,33,-4129,30,29.879150112
8193,13,24,-4163,10,29.880337536
8193,14,27,-4163,23,29.881524960
8193,15,13,-4138,20,29.882712384
8193,16,-8,-4163,20,29.883899808
8193,17,-15,-4169,21,29.885087232
8193,18,-19,-4134,27,29.886274656
8193,19,-16,-4099,22,29.887462080
8193,20,12,-4125,2,29.888649504
8193,21,26,-4192,22,29.889836928
8193,22,31,-4181,26,29.891024352
8193,23,53,-4131,23,29.892211776
8193,24,39,-4154,32,29.893399200
8193,25,60,-4163,30,29.894586624
8193,26,58,-4182,1,29.895774048
8193,27,46,-4145,13,29.896961472
8193,28,48,-4097,4,29.898148896
8193,29,31,-4115,1,29.899336320
8193,30,18,-4163,13,29.900523744
8193,31,4,-4153,14,29.901711168
8193,32,-1,-4164,40,29.902898592
8193,33,1,-4166,37,29.904086016
8193,34,-21,-4152,33,29.905273440
8193,35,-4,-4108,8,29.906460864
8193,36,-1,-4109,27,29.907648288
8193,37,19,-4133,-4,29.908835712
8193,38,16,-4170,29,29.910023136
8193,39,23,-4142,11,29.911210560
8193,40,28,-4144,52,29.912397984
8193,41,34,-4148,18,29.913585408
8193,42,45,-4162,37,29.914772832
8193,43,53,-4159,13,29.915960256
8193,44,81,-4133,8,29.917147680
8193,45,72,-4108,16,29.918335104
8193,46,51,-4127,13,29.919522528
8193,47,24,-4160,-1,29.920709952
8193,48,17,-4161,10,29.921897376
8193,49,12,-4147,31,29.923084800
8193,50,1,-4150,25,29.924272224
8193,51,0,-4139,24,29.925459648
8193,52,-1,-4116,4,29.926647072
8193,53,5,-4116,0,29.927834496
8193,54,3,-4163,1,29.929021920
8193,55,5,-4193,16,29.930209344
8193,56,15,-4173,27,29.931396768
8193,57,35,-4161,38,29.932584192
8193,58,35,-4145,30,29.933771616
8193,59,43,-4154,27,29.934959040
8193,60,66,-4148,-14,29.936146464
8193,61,81,-4119,9,29.937333888
8193,62,59,-4116,5,29.938521312
8193,63,41,-4166,9,29.939708736
8193,64,26,-4174,13,29.940896160
8194,1,3,-4168,28,29.942083584
8194,2,6,-4145,34,29.943271008
8194,3,16,-4139,6,29.944458432
8194,4,14,-4147,28,29.945645856
8194,5,7,-4114,13,29.946833280
8194,6,-6,-4139,23,29.948020704
8194,7,-9,-4194,10,29.949208128
8194,8,1,-4179,28,29.950395552
8194,9,-1,-4153,38,29.951582976
8194,10,20,-4148,37,29.952770400
8194,11,31,-4167,29,29.953957824
8194,12,43,-4154,-5,29.955145248
8194,13,54,-4153,27,29.956332672
8194,14,66,-4125,9,29.957520096
8194,15,58,-4136,15,29.958707520
8194,16,49,-4164,-2,29.959894944
8194,17,31,-4165,9,29.961082368
8194,18,24,-4157,5,29.962269792
8194,19,-8,-4167,40,29.963457216
8194,20,-12,-4151,19,29.964644640
8194,21,2,-4137,23,29.965832064
8194,22,6,-4105,11,29.967019488
8194,23,16,-4142,8,29.968206912
8194,24,5,-4173,5,29.969394336
8194,25,26,-4160,8,29.970581760
8194,26,15,-4140,31,29.971769184
8194,27,13,-4158,14,29.972956608
8194,28,18,-4173,7,29.974144032
8194,29,35,-4146,12,29.975331456
8194,30,55,-4157,10,29.976518880
8194,31,62,-4109,-9,29.977706304
8194,32,62,-4134,1,29.978893728
8194,33,48,-4168,6,29.980081152
8194,34,31,-4167,10,29.981268576
8194,35,13,-4138,35,29.982456000
8194,36,16,-4150,35,29.983643424
8194,37,8,-4157,31,29.984830848
8194,38,-31,-4132,12,29.986018272
8194,39,-9,-4103,19,29.987205696
8194,40,-3,-4121,7,29.988393120
8194,41,14,-4169,11,29.989580544
8194,42,4,-4167,32,29.990767968
8194,43,-1,-4137,26,29.991955392
8194,44,3,-4164,44,29.993142816
8194,45,36,-4162,9,29.994330240
8194,46,58,-4178,41,29.995517664
8194,47,61,-4123,-9,29.996705088
8194,48,71,-4094,18,29.997892512
8194,49,66,-4135,-19,29.999079936
8194,50,56,-4169,-1,30.000267360
8194,51,52,-4171,17,30.001454784
8194,52,23,-4158,8,30.002642208
8194,53,6,-4153,23,30.003829632
8194,54,-6,-4163,12,30.005017056
8194,55,-6,-4114,18,30.006204480
8194,56,-16,-4109,12,30.007391904
8194,57,-19,-4155,11,30.008579328
8194,58,-4,-4183,11,30.009766752
8194,59,1,-4168,33,30.010954176
8194,60,8,-4138,31,30.012141600
8194,61,13,-4133,29,30.013329024
8194,62,37,-4147,-1,30.014516448
8194,63,44,-4157,8,30.015703872
8194,64,55,-4119,-7,30.016891296
8195,1,59,-4139,-2,30.018078720
8195,2,53,-4180,18,30.019266144
8195,3,52,-4174,9,30.020453568
8195,4,49,-4155,11,30.021640992
8195,5,20,-4174,12,30.022828416
8195,6,13,-4146,32,30.024015840
8195,7,-6,-4125,13,30.025203264
8195,8,-4,-4113,33,30.026390688
8195,9,-9,-4111,10,30.027578112
8195,10,-8,-4171,10,30.028765536
8195,11,5,-4157,21,30.029952960
8195,12,8,-4138,23,30.031140384
8195,13,15,-4164,32,30.032327808
8195,14,10,-4156,14,30.033515232
8195,15,1,-4180,25,30.034702656
8195,16,60,-4159,9,30.035890080
8195,17,54,-4123,21,30.037077504
8195,18,49,-4125,14,30.038264928
8195,19,58,-4162,5,30.039452352
8195,20,64,-4166,-1,30.040639776
8195,21,41,-4147,14,30.041827200
8195,22,32,-4149,16,30.043014624
8195,23,15,-4170,19,30.044202048
8195,24,6,-4141,24,30.045389472
8195,25,4,-4101,18,30.046576896
8195,26,-12,-4113,4,30.047764320
8195,27,-5,-4171,3,30.048951744
8195,28,-21,-4170,5,30.050139168
8195,29,7,-4160,29,30.051326592
8195,30,1,-4152,33,30.052514016
8195,31,-4,-4141,10,30.053701440
8195,32,21,-4148,11,30.054888864
8195,33,31,-4128,6,30.056076288
8195,34,51,-4096,0,30.057263712
8195,35,56,-4131,6,30.058451136
8195,36,47,-4177,4,30.059638560
8195,37,53,-4173,11,30.060825984
8195,38,27,-4168,19,30.062013408
8195,39,39,-4153,7,30.063200832
8195,40,20,-4143,12,30.064388256
8195,41,0,-4121,12,30.065575680
8195,42,-1,-4093,23,30.066763104
8195,43,-1,-4131,17,30.067950528
8195,44,-23,-4180,14,30.069137952
8195,45,-21,-4149,22,30.070325376
8195,46,-6,-4152,33,30.071512800
8195,47,3,-4144,2,30.072700224
8195,48,27,-4135,19,30.073887648
8195,49,21,-4137,15,30.075075072
8195,50,46,-4138,21,30.076262496
8195,51,57,-4118,14,30.077449920
8195,52,64,-4157,18,30.078637344
8195,53,51,-4159,22,30.079824768
8195,54,52,-4135,7,30.081012192
8195,55,37,-4143,3,30.082199616
8195,56,27,-4152,13,30.083387040
8195,57,29,-4139,34,30.084574464
8195,58,16,-4116,28,30.085761888
8195,59,-1,-4112,32,30.086949312
8195,60,-6,-4157,6,30.088136736
8195,61,-17,-4179,29,30.089324160
8195,62,-4,-4152,23,30.090511584
8195,63,1,-4159,33,30.091699008
8195,64,7,-4147,17,30.092886432
8196,1,5,-4160,21,30.094073856
8196,2,31,-4164,11,30.095261280
8196,3,36,-4135,10,30.096448704
8196,4,53,-4122,24,30.097636128
8196,5,69,-4129,-8,30.098823552
8196,6,71,-4166,-1,30.100010976
8196,7,67,-4151,15,30.101198400
8196,8,51,-4158,9,30.102385824
8196,9,46,-4153,21,30.103573248
8196,10,30,-4135,19,30.104760672
8196,11,19,-4118,17,30.105948096
8196,12,-6,-4087,-3,30.107135520
8196,13,-9,-4136,12,30.108322944
8196,14,-1,-4159,25,30.109510368
8196,15,-11,-4167,50,30.110697792
8196,16,3,-4162,37,30.111885216
8196,17,-2,-4150,35,30.113072640
8196,18,0,-4166,18,30.114260064
8196,19,15,-4156,18,30.115447488
8196,20,33,-4130,15,30.116634912
8196,21,53,-4099,-6,30.117822336
8196,22,35,-4142,25,30.119009760
8196,23,47,-4172,0,30.120197184
8196,24,56,-4161,16,30.121384608
8196,25,57,-4173,13,30.122572032
8196,26,46,-4155,6,30.123759456
8196,27,26,-4126,13,30.124946880
8196,28,28,-4106,1,30.126134304
8196,29,1,-4119,-6,30.127321728
8196,30,-9,-4171,10,30.128509152
8196,31,-29,-4151,28,30.129696576
8196,32,-20,-4158,37,30.130884000
8196,33,6,-4156,41,30.132071424
8196,34,11,-4162,32,30.133258848
8196,35,17,-4149,16,30.134446272
8196,36,39,-4130,0,30.135633696
8196,37,59,-4114,18,30.136821120
8196,38,37,-4141,10,30.138008544
8196,39,44,-4157,13,30.139195968
8196,40,48,-4161,4,30.140383392
8196,41,57,-4174,42,30.141570816
8196,42,65,-4194,23,30.142758240
8196,43,48,-4165,4,30.143945664
8196,44,42,-4125,-2,30.145133088
8196,45,14,-4087,6,30.146320512
8196,46,-2,-4117,8,30.147507936
8196,47,-16,-4171,14,30.148695360
8196,48,-6,-4162,41,30.149882784
8196,49,-18,-4161,32,30.151070208
8196,50,-18,-4158,32,30.152257632
8196,51,17,-4139,9,30.153445056
8196,52,11,-4169,30,30.154632480
8196,53,24,-4120,4,30.155819904
8196,54,24,-4115,20,30.157007328
8196,55,36,-4147,9,30.158194752
8196,56,38,-4153,14,30.159382176
8196,57,39,-4149,11,30.160569600
8196,58,51,-4164,9,30.161757024
8196,59,60,-4178,6,30.162944448
8196,60,51,-4160,23,30.164131872
8196,61,50,-4107,5,30.165319296
8196,62,34,-4075,-5,30.166506720
8196,63,17,-4140,15,30.167694144
8196,64,0,-4172,7,30.168881568
8197,1,-39,-4158,53,30.170068992
8197,2,-18,-4134,36,30.171256416
8197,3,-12,-4158,36,30.172443840
8197,4,-11,-4159,12,30.173631264
8197,5,8,-4152,-11,30.174818688
8197,6,29,-4114,3,30.176006112
8197,7,36,-4096,1,30.177193536
8197,8,50,-4164,11,30.178380960
8197,9,45,-4175,24,30.179568384
8197,10,35,-4175,17,30.180755808
8197,11,53,-4177,24,30.181943232
8197,12,61,-4155,-2,30.183130656
8197,13,52,-4128,8,30.184318080
8197,14,40,-4111,-8,30.185505504
8197,15,27,-4114,12,30.186692928
8197,16,20,-4177,6,30.187880352
8197,17,-33,-4176,17,30.189067776
8197,18,-7,-4138,38,30.190255200
8197,19,-20,-4128,27,30.191442624
8197,20,-14,-4147,20,30.192630048
8197,21,12,-4155,18,30.193817472
8197,22,23,-4183,23,30.195004896
8197,23,34,-4142,14,30.196192320
8197,24,52,-4139,22,30.197379744
8197,25,60,-4161,3,30.198567168
8197,26,38,-4135,3,30.199754592
8197,27,42,-4146,7,30.200942016
8197,28,44,-4148,27,30.202129440
8197,29,68,-4163,22,30.203316864
8197,30,57,-4140,10,30.204504288
8197,31,37,-4121,2,30.205691712
8197,32,25,-4124,-15,30.206879136
8197,33,21,-4158,0,30.208066560
8197,34,7,-4144,10,30.209253984
8197,35,-18,-4145,22,30.210441408
8197,36,-18,-4167,43,30.211628832
8197,37,-7,-4177,30,30.212816256
8197,38,-3,-4165,27,30.214003680
8197,39,7,-4149,10,30.215191104
8197,40,28,-4103,6,30.216378528
8197,41,26,-4118,-5,30.217565952
8197,42,35,-4151,6,30.218753376
8197,43,31,-4163,9,30.219940800
8197,44,29,-4168,30,30.221128224
8197,45,48,-4172,20,30.222315648
8197,46,61,-4164,19,30.223503072
8197,47,56,-4135,2,30.224690496
8197,48,43,-4077,-17,30.225877920
8197,49,27,-4126,-3,30.227065344
8197,50,20,-4176,0,30.228252768
8197,51,22,-4184,31,30.229440192
8197,52,-11,-4173,42,30.230627616
8197,53,-9,-4142,29,30.231815040
8197,54,-23,-4145,27,30.233002464
8197,55,-8,-4148,13,30.234189888
8197,56,4,-4122,14,30.235377312
8197,57,20,-4107,24,30.236564736
8197,58,27,-4141,8,30.237752160
8197,59,38,-4182,19,30.238939584
8197,60,37,-4166,23,30.240127008
8197,61,52,-4158,18,30.241314432
8197,62,43,-4171,23,30.242501856
8197,63,53,-4153,7,30.243689280
8197,64,50,-4110,20,30.244876704
8198,1,36,-4111,23,30.246064128
8198,2,31,-4162,-13,30.247251552
8198,3,19,-4193,33,30.248438976
8198,4,7,-4155,16,30.249626400
8198,5,-6,-4123,23,30.250813824
8198,6,-5,-4125,7,30.252001248
8198,7,-7,-4126,42,30.253188672
8198,8,-9,-4150,10,30.254376096
8198,9,-3,-4136,31,30.255563520
8198,10,3,-4142,17,30.256750944
8198,11,10,-4166,11,30.257938368
8198,12,16,-4177,21,30.259125792
8198,13,41,-4162,7,30.260313216
8198,14,42,-4167,24,30.261500640
8198,15,47,-4158,3,30.262688064
8198,16,39,-4127,27,30.263875488
8198,17,51,-4116,25,30.265062912
8198,18,30,-4126,8,30.266250336
8198,19,41,-4166,17,30.267437760
8198,20,17,-4178,14,30.268625184
8198,21,-8,-4140,26,30.269812608
8198,22,-11,-4168,29,30.271000032
8198,23,-16,-4159,38,30.272187456
8198,24,10,-4162,30,30.273374880
8198,25,-1,-4153,15,30.274562304
8198,26,5,-4113,25,30.275749728
8198,27,5,-4129,18,30.276937152
8198,28,-3,-4173,30,30.278124576
8198,29,31,-4187,25,30.279312000
8198,30,39,-4167,25,30.280499424
8198,31,47,-4173,27,30.281686848
8198,32,73,-4154,19,30.282874272
8198,33,63,-4129,1,30.284061696
8198,34,52,-4095,4,30.285249120
8198,35,43,-4096,-4,30.286436544
8198,36,38,-4162,21,30.287623968
8198,37,28,-4162,12,30.288811392
8198,38,12,-4161,39,30.289998816
8198,39,-8,-4151,21,30.291186240
8198,40,-3,-4145,24,30.292373664
8198,41,-2,-4177,16,30.293561088
8198,42,-4,-4139,32,30.294748512
8198,43,-3,-4109,14,30.295935936
8198,44,5,-4131,19,30.297123360
8198,45,12,-4168,23,30.298310784
8198,46,8,-4156,2,30.299498208
8198,47,24,-4149,15,30.300685632
8198,48,33,-4171,11,30.301873056
8198,49,44,-4158,10,30.303060480
8198,50,49,-4128,0,30.304247904
8198,51,45,-4107,9,30.305435328
8198,52,34,-4132,0,30.306622752
8198,53,28,-4197,4,30.307810176
8198,54,29,-4173,13,30.308997600
8198,55,14,-4138,7,30.310185024
8198,56,1,-4154,16,30.311372448
8198,57,-15,-4156,23,30.312559872
8198,58,-5,-4169,27,30.313747296
8198,59,-13,-4148,18,30.314934720
8198,60,-16,-4112,25,30.316122144
8198,61,5,-4143,32,30.317309568
8198,62,23,-4188,8,30.318496992
8198,63,31,-4168,21,30.319684416
8198,64,47,-4153,32,30.320871840
8199,1,45,-4149,34,30.322059264
8199,2,49,-4162,23,30.323246688
8199,3,54,-4147,12,30.324434112
8199,4,56,-4114,15,30.325621536
8199,5,52,-4147,-6,30.326808960
8199,6,41,-4187,3,30.327996384
8199,7,28,-4154,35,30.329183808
8199,8,4,-4144,36,30.330371232
8199,9,11,-4162,24,30.331558656
8199,10,5,-4160,2,30.332746080
8199,11,-6,-4145,-1,30.333933504
8199,12,0,-4123,7,30.335120928
8199,13,11,-4095,15,30.336308352
8199,14,14,-4139,20,30.337495776
8199,15,32,-4181,30,30.338683200
8199,16,39,-4172,22,30.339870624
8199,17,44,-4164,26,30.341058048
8199,18,45,-4154,26,30.342245472
8199,19,46,-4125,-2,30.343432896
8199,20,60,-4125,21,30.344620320
8199,21,66,-4122,-8,30.345807744
8199,22,40,-4155,15,30.346995168
8199,23,38,-4172,9,30.348182592
8199,24,26,-4162,9,30.349370016
8199,25,8,-4138,-1,30.350557440
8199,26,5,-4143,3,30.351744864
8199,27,-31,-4150,10,30.352932288
8199,28,-20,-4137,17,30.354119712
8199,29,-14,-4117,17,30.355307136
8199,30,-6,-4115,20,30.356494560
8199,31,19,-4153,15,30.357681984
8199,32,24,-4168,7,30.358869408
8199,33,22,-4165,29,30.360056832
8199,34,41,-4175,5,30.361244256
8199,35,50,-4168,15,30.362431680
8199,36,52,-4135,1,30.363619104
8199,37,63,-4094,4,30.364806528
8199,38,45,-4109,6,30.365993952
8199,39,42,-4170,6,30.367181376
8199,40,47,-4166,25,30.368368800
8199,41,45,-4147,13,30.369556224
8199,42,30,-4137,8,30.370743648
8199,43,16,-4148,22,30.371931072
8199,44,2,-4168,18,30.373118496
8199,45,-19,-4145,22,30.374305920
8199,46,-6,-4089,13,30.375493344
8199,47,-21,-4129,26,30.376680768
8199,48,4,-4173,13,30.377868192
8199,49,6,-4191,9,30.379055616
8199,50,8,-4145,37,30.380243040
8199,51,39,-4157,24,30.381430464
8199,52,35,-4161,19,30.382617888
8199,53,37,-4150,6,30.383805312
8199,54,48,-4115,14,30.384992736
8199,55,50,-4131,9,30.386180160
8199,56,48,-4189,16,30.387367584
8199,57,43,-4163,20,30.388555008
8199,58,34,-4135,21,30.389742432
8199,59,32,-4161,26,30.390929856
8199,60,9,-4151,32,30.392117280
8199,61,7,-4155,21,30.393304704
8199,62,1,-4136,28,30.394492128
8199,63,-18,-4112,27,30.395679552
8199,64,-17,-4126,30,30.396866976
8200,1,-1,-4155,38,30.398054400
8200,2,8,-4153,34,30.399241824
8200,3,28,-4157,39,30.400429248
8200,4,26,-4159,21,30.401616672
8200,5,56,-4136,20,30.402804096
8200,6,49,-4124,3,30.403991520
8200,7,42,-4107,3,30.405178944
8200,8,60,-4133,16,30.406366368
8200,9,45,-4174,-1,30.407553792
8200,10,39,-4150,9,30.408741216
8200,11,36,-4133,7,30.409928640
8200,12,21,-4147,12,30.411116064
8200,13,9,-4145,11,30.412303488
8200,14,-4,-4134,16,30.413490912
8200,15,-11,-4130,21,30.414678336
8200,16,-9,-4106,24,30.415865760
8200,17,-6,-4139,18,30.417053184
8200,18,-3,-4174,33,30.418240608
8200,19,-5,-4142,12,30.419428032
8200,20,21,-4158,7,30.420615456
8200,21,30,-4150,16,30.421802880
8200,22,48,-4143,11,30.422990304
8200,23,58,-4137,12,30.424177728
8200,24,29,-4120,-1,30.425365152
8200,25,47,-4163,-3,30.426552576
8200,26,52,-4189,6,30.427740000
8200,27,45,-4171,4,30.428927424
8200,28,29,-4155,14,30.430114848
8200,29,26,-4144,22,30.431302272
8200,30,20,-4138,28,30.432489696
8200,31,13,-4152,16,30.433677120
8200,32,-8,-4126,32,30.434864544
8200,33,1,-4127,45,30.436051968
8200,34,-4,-4163,21,30.437239392
8200,35,2,-4172,36,30.438426816
8200,36,0,-4166,28,30.439614240
8200,37,9,-4172,44,30.440801664
8200,38,21,-4172,30,30.441989088
8200,39,31,-4151,31,30.443176512
8200,40,54,-4120,13,30.444363936
8200,41,52,-4139,2,30.445551360
8200,42,62,-4154,2,30.446738784
8200,43,60,-4162,7,30.447926208
8200,44,51,-4135,7,30.449113632
8200,45,41,-4157,25,30.450301056
8200,46,19,-4151,28,30.451488480
8200,47,10,-4163,7,30.452675904
8200,48,6,-4152,17,30.453863328
8200,49,4,-4117,13,30.455050752
8200,50,-5,-4149,17,30.456238176
8200,51,-8,-4161,-1,30.457425600
8200,52,-11,-4135,6,30.458613024
8200,53,11,-4149,25,30.459800448
8200,54,3,-4171,20,30.460987872
8200,55,18,-4150,15,30.462175296
8200,56,37,-4144,-5,30.463362720
8200,57,18,-4088,0,30.464550144
8200,58,36,-4110,-3,30.465737568
8200,59,41,-4161,-1,30.466924992
8200,60,57,-4173,17,30.468112416
8200,61,54,-4159,18,30.469299840
8200,62,49,-4159,36,30.470487264
8200,63,25,-4155,-5,30.471674688
8200,64,22,-4145,-2,30.472862112
8201,1,-3,-4108,8,30.474049536
8201,2,-1,-4081,27,30.475236960
8201,3,-14,-4130,18,30.476424384
8201,4,2,-4190,19,30.477611808
8201,5,-3,-4163,41,30.478799232
8201,6,-1,-4166,31,30.479986656
8201,7,12,-4157,23,30.481174080
8201,8,32,-4145,20,30.482361504
8201,9,33,-4123,30,30.483548928
8201,10,36,-4101,7,30.484736352
8201,11,42,-4138,14,30.485923776
8201,12,52,-4187,37,30.487111200
8201,13,55,-4174,27,30.488298624
8201,14,60,-4160,37,30.489486048
8201,15,61,-4136,23,30.490673472
8201,16,46,-4150,11,30.491860896
8201,17,18,-4159,-5,30.493048320
8201,18,6,-4140,21,30.494235744
8201,19,-9,-4136,25,30.495423168
8201,20,-24,-4160,18,30.496610592
8201,21,-32,-4176,28,30.497798016
8201,22,-23,-4164,25,30.498985440
8201,23,2,-4157,34,30.500172864
8201,24,6,-4173,21,30.501360288
8201,25,31,-4175,10,30.502547712
8201,26,29,-4134,11,30.503735136
8201,27,53,-4124,7,30.504922560
8201,28,60,-4154,9,30.506109984
8201,29,57,-4187,-7,30.507297408
8201,30,43,-4142,13,30.508484832
8201,31,36,-4138,22,30.509672256
8201,32,42,-4134,6,30.510859680
8201,33,16,-4146,32,30.512047104
8201,34,23,-4157,1,30.513234528
8201,35,28,-4099,6,30.514421952
8201,36,5,-4101,6,30.515609376
8201,37,-5,-4145,22,30.516796800
8201,38,-13,-4168,18,30.517984224
8201,39,2,-4158,18,30.519171648
8201,40,-7,-4149,30,30.520359072
8201,41,6,-4143,21,30.521546496
8201,42,18,-4154,30,30.522733920
8201,43,47,-4087,4,30.523921344
8201,44,45,-4096,5,30.525108768
8201,45,54,-4147,-8,30.526296192
8201,46,44,-4160,20,30.527483616
8201,47,51,-4155,26,30.528671040
8201,48,58,-4159,20,30.529858464
8201,49,42,-4151,8,30.531045888
8201,50,33,-4160,4,30.532233312
8201,51,23,-4140,1,30.533420736
8201,52,10,-4102,-1,30.534608160
8201,53,29,-4119,-1,30.535795584
8201,54,-1,-4159,12,30.536983008
8201,55,-15,-4168,19,30.538170432
8201,56,-7,-4148,38,30.539357856
8201,57,-6,-4166,34,30.540545280
8201,58,2,-4173,30,30.541732704
8201,59,23,-4145,29,30.542920128
8201,60,40,-4100,10,30.544107552
8201,61,36,-4112,-2,30.545294976
8201,62,36,-4166,-1,30.546482400
8201,63,38,-4158,12,30.547669824
8201,64,47,-4158,25,30.548857248
8202,1,49,-4166,25,30.550044672
8202,2,33,-4154,22,30.551232096
8202,3,21,-4147,4,30.552419520
8202,4,33,-4149,10,30.553606944
8202,5,17,-4105,11,30.554794368
8202,6,8,-4147,7,30.555981792
8202,7,-10,-4176,21,30.557169216
8202,8,-10,-4171,16,30.558356640
8202,9,-15,-4155,19,30.559544064
8202,10,-1,-4160,20,30.560731488
8202,11,-7,-4123,29,30.561918912
8202,12,6,-4107,20,30.563106336
8202,13,18,-4099,19,30.564293760
8202,14,20,-4135,8,30.565481184
8202,15,51,-4175,19,30.566668608
8202,16,45,-4172,6,30.567856032
8202,17,46,-4149,10,30.569043456
8202,18,54,-4142,5,30.570230880
8202,19,28,-4140,14,30.571418304
8202,20,26,-4157,8,30.572605728
8202,21,35,-4148,11,30.573793152
8202,22,25,-4111,2,30.574980576
8202,23,-6,-4151,11,30.576168000
8202,24,-8,-4151,1,30.577355424
8202,25,-12,-4155,13,30.578542848
8202,26,-5,-4131,27,30.579730272
8202,27,-8,-4160,32,30.580917696
8202,28,-6,-4158,35,30.582105120
8202,29,9,-4129,13,30.583292544
8202,30,32,-4123,9,30.584479968
8202,31,45,-4151,2,30.585667392
8202,32,65,-4180,7,30.586854816
8202,33,43,-4164,21,30.588042240
8202,34,50,-4146,24,30.589229664
8202,35,60,-4132,17,30.590417088
8202,36,47,-4153,18,30.591604512
8202,37,36,-4144,9,30.592791936
8202,38,46,-4116,16,30.593979360
8202,39,33,-4092,21,30.595166784
8202,40,11,-4143,9,30.596354208
8202,41,4,-4172,18,30.597541632
8202,42,-10,-4152,40,30.598729056
8202,43,6,-4176,36,30.599916480
8202,44,5,-4184,42,30.601103904
8202,45,-3,-4164,17,30.602291328
8202,46,11,-4118,22,30.603478752
8202,47,21,-4100,13,30.604666176
8202,48,34,-4157,22,30.605853600
8202,49,33,-4168,13,30.607041024
8202,50,57,-4162,21,30.608228448
8202,51,54,-4164,36,30.609415872
8202,52,57,-4147,10,30.610603296
8202,53,46,-4164,0,30.611790720
8202,54,33,-4146,2,30.612978144
8202,55,31,-4103,20,30.614165568
8202,56,17,-4133,19,30.615352992
8202,57,5,-4170,35,30.616540416
8202,58,-19,-4190,15,30.617727840
8202,59,-1,-4185,42,30.618915264
8202,60,-4,-4152,21,30.620102688
8202,61,6,-4137,20,30.621290112
8202,62,-3,-4134,-8,30.622477536
8202,63,-5,-4093,1,30.623664960
8202,64,23,-4142,17,30.624852384
8203,1,12,-4201,15,30.626039808
8203,2,28,-4174,21,30.627227232
8203,3,51,-4156,42,30.628414656
8203,4,50,-4153,19,30.629602080
8203,5,38,-4114,4,30.630789504
8203,6,47,-4138,8,30.631976928
8203,7,36,-4154,0,30.633164352
8203,8,36,-4132,25,30.634351776
8203,9,16,-4144,-4,30.635539200
8203,10,18,-4157,5,30.636726624
8203,11,-3,-4146,16,30.637914048
8203,12,-16,-4156,14,30.639101472
8203,13,-7,-4143,27,30.640288896
8203,14,-3,-4140,15,30.641476320
8203,15,-6,-4136,15,30.642663744
8203,16,2,-4116,24,30.643851168
8203,17,11,-4137,17,30.645038592
8203,18,17,-4170,0,30.646226016
8203,19,30,-4160,29,30.647413440
8203,20,41,-4143,26,30.648600864
8203,21,41,-4157,26,30.649788288
8203,22,51,-4169,7,30.650975712
8203,23,63,-4166,0,30.652163136
8203,24,49,-4139,7,30.653350560
8203,25,48,-4104,-2,30.654537984
8203,26,43,-4131,2,30.655725408
8203,27,1,-4152,9,30.656912832
8203,28,-1,-4156,46,30.658100256
8203,29,-16,-4153,22,30.659287680
8203,30,-14,-4161,44,30.660475104
8203,31,-2,-4150,24,30.661662528
8203,32,1,-4100,14,30.662849952
8203,33,-7,-4109,18,30.664037376
8203,34,-3,-4153,1,30.665224800
8203,35,11,-4194,24,30.666412224
8203,36,28,-4156,23,30.667599648
8203,37,37,-4180,28,30.668787072
8203,38,57,-4160,22,30.669974496
8203,39,55,-4156,10,30.671161920
8203,40,55,-4127,-4,30.672349344
8203,41,57,-4104,12,30.673536768
8203,42,33,-4113,6,30.674724192
8203,43,21,-4161,26,30.675911616
8203,44,11,-4160,21,30.677099040
8203,45,1,-4162,27,30.678286464
8203,46,-9,-4171,26,30.679473888
8203,47,-1,-4147,10,30.680661312
8203,48,11,-4138,17,30.681848736
8203,49,14,-4110,18,30.683036160
8203,50,2,-4108,18,30.684223584
8203,51,15,-4156,8,30.685411008
8203,52,18,-4153,20,30.686598432
8203,53,24,-4153,23,30.687785856
8203,54,32,-4145,36,30.688973280
8203,55,48,-4129,18,30.690160704
8203,56,55,-4141,22,30.691348128
8203,57,71,-4158,7,30.692535552
8203,58,50,-4139,-1,30.693722976
8203,59,46,-4121,6,30.694910400
8203,60,31,-4151,0,30.696097824
8203,61,27,-4154,16,30.697285248
8203,62,28,-4149,41,30.698472672
8203,63,-8,-4148,11,30.699660096
8203,64,-1,-4150,37,30.700847520
8204,1,-6,-4136,6,30.702034944
8204,2,14,-4118,14,30.703222368
8204,3,-3,-4115,-2,30.704409792
8204,4,9,-4161,25,30.705597216
8204,5,13,-4176,33,30.706784640
8204,6,10,-4168,5,30.707972064
8204,7,33,-4157,44,30.709159488
8204,8,25,-4143,8,30.710346912
8204,9,47,-4163,15,30.711534336
8204,10,67,-4133,-11,30.712721760
8204,11,63,-4103,-2,30.713909184
8204,12,54,-4131,-7,30.715096608
8204,13,28,-4140,7,30.716284032
8204,14,15,-4162,19,30.717471456
8204,15,-2,-4163,21,30.718658880
8204,16,6,-4165,34,30.719846304
8204,17,-20,-4156,40,30.721033728
8204,18,-24,-4133,21,30.722221152
8204,19,-16,-4092,16,30.723408576
8204,20,-2,-4137,22,30.724596000
8204,21,11,-4176,5,30.725783424
8204,22,2,-4177,36,30.726970848
8204,23,10,-4156,15,30.728158272
8204,24,47,-4142,29,30.729345696
8204,25,30,-4142,17,30.730533120
8204,26,57,-4165,2,30.731720544
8204,27,62,-4134,-1,30.732907968
8204,28,74,-4108,14,30.734095392
8204,29,38,-4151,13,30.735282816
8204,30,39,-4168,7,30.736470240
8204,31,31,-4167,15,30.737657664
8204,32,9,-4155,23,30.738845088
8204,33,3,-4159,31,30.740032512
8204,34,-9,-4133,10,30.741219936
8204,35,-6,-4124,33,30.742407360
8204,36,1,-4115,17,30.743594784
8204,37,9,-4168,9,30.744782208
8204,38,7,-4179,5,30.745969632
8204,39,35,-4162,30,30.747157056
8204,40,39,-4137,22,30.748344480
8204,41,28,-4142,31,30.749531904
8204,42,32,-4152,22,30.750719328
8204,43,53,-4168,18,30.751906752
8204,44,52,-4118,15,30.753094176
8204,45,61,-4116,37,30.754281600
8204,46,56,-4137,0,30.755469024
8204,47,57,-4149,1,30.756656448
8204,48,25,-4130,15,30.757843872
8204,49,7,-4143,32,30.759031296
8204,50,10,-4167,15,30.760218720
8204,51,-3,-4144,10,30.761406144
8204,52,-14,-4101,41,30.762593568
8204,53,-18,-4086,19,30.763780992
8204,54,-12,-4153,24,30.764968416
8204,55,12,-4166,14,30.766155840
8204,56,12,-4142,34,30.767343264
8204,57,26,-4152,34,30.768530688
8204,58,24,-4160,24,30.769718112
8204,59,35,-4188,14,30.770905536
8204,60,41,-4181,-4,30.772092960
8204,61,60,-4121,28,30.773280384
8204,62,65,-4110,10,30.774467808
8204,63,65,-4149,0,30.775655232
8204