sequence,sample,x,y,z,time_s
7800,1,115,-4581,-1038,0.000000000
7800,2,147,-3152,-1185,0.001187424
7800,3,176,-4594,-804,0.002374848
7800,4,162,-3514,-1344,0.003562272
7800,5,127,-3621,-1253,0.004749696
7800,6,272,-6246,-596,0.005937120
7800,7,264,-4431,-562,0.007124544
7800,8,265,-4827,153,0.008311968
7800,9,119,-5285,63,0.009499392
7800,10,-24,-2362,502,0.010686816
7800,11,-88,-3595,525,0.011874240
7800,12,-120,-4207,1136,0.013061664
7800,13,-164,-135,1346,0.014249088
7800,14,-291,-871,2115,0.015436512
7800,15,-243,-3943,1641,0.016623936
7800,16,-321,-5163,1871,0.017811360
7800,17,-240,-8256,1366,0.018998784
7800,18,-215,-9061,1200,0.020186208
7800,19,-106,-4788,1415,0.021373632
7800,20,-62,-1934,1530,0.022561056
7800,21,-148,-5459,1362,0.023748480
7800,22,-21,-7145,1105,0.024935904
7800,23,-40,-3971,1295,0.026123328
7800,24,122,-1200,1315,0.027310752
7800,25,97,-1091,1215,0.028498176
7800,26,-16,-1387,858,0.029685600
7800,27,-75,-41,756,0.030873024
7800,28,-147,256,482,0.032060448
7800,29,-77,-1023,131,0.033247872
7800,30,-30,-3653,-236,0.034435296
7800,31,187,-4805,-577,0.035622720
7800,32,-108,-6472,25,0.036810144
7800,33,-40,-5742,-1118,0.037997568
7800,34,-66,-3725,-609,0.039184992
7800,35,108,-2278,-830,0.040372416
7800,36,80,-1323,-878,0.041559840
7800,37,150,-1634,-870,0.042747264
7800,38,121,-3065,-842,0.043934688
7800,39,199,-5011,-1173,0.045122112
7800,40,235,-7203,-1557,0.046309536
7800,41,323,-8693,-1452,0.047496960
7800,42,402,-4027,-883,0.048684384
7800,43,294,560,-945,0.049871808
7800,44,263,-2153,-1380,0.051059232
7800,45,260,-4836,-1490,0.052246656
7800,46,269,-2666,-1223,0.053434080
7800,47,291,-4583,-546,0.054621504
7800,48,200,-4398,-348,0.055808928
7800,49,-63,-2258,-921,0.056996352
7800,50,-68,-4697,-1032,0.058183776
7800,51,-160,-3736,-470,0.059371200
7800,52,-111,-1333,-57,0.060558624
7800,53,-89,-4971,306,0.061746048
7800,54,-190,-5731,152,0.062933472
7800,55,-136,-2196,292,0.064120896
7800,56,-128,-4876,406,0.065308320
7800,57,-1,-5616,669,0.066495744
7800,58,15,-4248,407,0.067683168
7800,59,89,-7016,378,0.068870592
7800,60,94,-6736,727,0.070058016
7800,61,87,-5763,982,0.071245440
7800,62,24,-6248,1496,0.072432864
7800,63,-116,-7346,887,0.073620288
7800,64,-57,-8727,560,0.074807712
7801,1,-156,-7647,1378,0.075995136
7801,2,-194,-3301,1778,0.077182560
7801,3,-384,-3961,2218,0.078369984
7801,4,-292,-6523,1308,0.079557408
7801,5,-242,-5057,1172,0.080744832
7801,6,-116,-3698,1109,0.081932256
7801,7,-58,-5791,1077,0.083119680
7801,8,46,-6500,1189,0.084307104
7801,9,97,-2270,523,0.085494528
7801,10,178,-2460,287,0.086681952
7801,11,282,-5683,-367,0.087869376
7801,12,240,-3713,-130,0.089056800
7801,13,329,-28,41,0.090244224
7801,14,163,405,110,0.091431648
7801,15,80,-274,-109,0.092619072
7801,16,106,-121,-323,0.093806496
7801,17,8,-775,-694,0.094993920
7801,18,76,-6576,-770,0.096181344
7801,19,35,-9349,-543,0.097368768
7801,20,28,-2282,-519,0.098556192
7801,21,-29,962,-263,0.099743616
7801,22,157,-670,9,0.100931040
7801,23,58,-611,-2623,0.102118464
7801,24,447,-5456,-1453,0.103305888
7801,25,239,-9894,-1251,0.104493312
7801,26,287,-7165,-1250,0.105680736
7801,27,202,-4006,-761,0.106868160
7801,28,152,-4729,-1114,0.108055584
7801,29,156,-4115,-1738,0.109243008
7801,30,43,-1850,-1432,0.110430432
7801,31,-18,381,-987,0.111617856
7801,32,-49,-1225,-927,0.112805280
7801,33,39,-4399,-502,0.113992704
7801,34,-140,-6751,-655,0.115180128
7801,35,31,-6801,-599,0.116367552
7801,36,-184,-4082,-423,0.117554976
7801,37,-48,-2521,-433,0.118742400
7801,38,-102,-2048,-151,0.119929824
7801,39,-256,-3397,1,0.121117248
7801,40,-1,-4552,342,0.122304672
7801,41,-156,-6824,170,0.123492096
7801,42,-60,-9657,-16,0.124679520
7801,43,-131,-8588,334,0.125866944
7801,44,-246,-3846,972,0.127054368
7801,45,-111,-3396,1410,0.128241792
7801,46,-89,-7404,1396,0.129429216
7801,47,2,-4958,1747,0.130616640
7801,48,66,-1791,2124,0.131804064
7801,49,190,-3537,2093,0.132991488
7801,50,90,-6225,2114,0.134178912
7801,51,224,-5695,1388,0.135366336
7801,52,136,-5451,1947,0.136553760
7801,53,179,-4155,1919,0.137741184
7801,54,-10,-1201,1473,0.138928608
7801,55,-82,-2796,1151,0.140116032
7801,56,-47,-4556,508,0.141303456
7801,57,-102,-2528,627,0.142490880
7801,58,-121,-4736,309,0.143678304
7801,59,-15,-6176,333,0.144865728
7801,60,-135,-2070,366,0.146053152
7801,61,-17,-1318,-191,0.147240576
7801,62,52,-6252,-281,0.148428000
7801,63,268,-3724,-777,0.149615424
7801,64,335,391,-258,0.150802848
7802,1,423,-2023,-631,0.151990272
7802,2,363,-3535,-871,0.153177696
7802,3,336,-4159,-1498,0.154365120
7802,4,329,-6123,-1522,0.155552544
7802,5,279,-5470,-1144,0.156739968
7802,6,124,-453,-1672,0.157927392
7802,7,-105,-433,-1476,0.159114816
7802,8,-237,-5949,-2445,0.160302240
7802,9,-270,-7558,-2208,0.161489664
7802,10,-190,-6114,-1868,0.162677088
7802,11,-103,-3534,-1166,0.163864512
7802,12,-162,-2011,-1399,0.165051936
7802,13,-79,-5131,-1816,0.166239360
7802,14,40,-6228,-1297,0.167426784
7802,15,151,-1930,-955,0.168614208
7802,16,284,-1397,-127,0.169801632
7802,17,259,-4323,-737,0.170989056
7802,18,242,-4688,-686,0.172176480
7802,19,157,-6858,-678,0.173363904
7802,20,70,-9327,-117,0.174551328
7802,21,-28,-7099,438,0.175738752
7802,22,-155,-4372,464,0.176926176
7802,23,-259,-4828,872,0.178113600
7802,24,-336,-3943,1045,0.179301024
7802,25,-392,-3413,1607,0.180488448
7802,26,-241,-4987,1955,0.181675872
7802,27,-167,-4289,2059,0.182863296
7802,28,16,-3674,2207,0.184050720
7802,29,44,-6346,2286,0.185238144
7802,30,143,-4931,2344,0.186425568
7802,31,135,-2498,2221,0.187612992
7802,32,285,-4193,1640,0.188800416
7802,33,315,-3134,1762,0.189987840
7802,34,279,-539,1808,0.191175264
7802,35,140,-2370,1740,0.192362688
7802,36,11,-5971,800,0.193550112
7802,37,-111,-8462,247,0.194737536
7802,38,-28,-6315,119,0.195924960
7802,39,-236,-2178,944,0.197112384
7802,40,-186,-2034,510,0.198299808
7802,41,-246,-7330,-66,0.199487232
7802,42,-122,-5457,-811,0.200674656
7802,43,-82,-1012,131,0.201862080
7802,44,196,-3425,240,0.203049504
7802,45,149,-4131,-104,0.204236928
7802,46,303,-3123,-955,0.205424352
7802,47,316,-3128,-1231,0.206611776
7802,48,275,-3005,-1480,0.207799200
7802,49,308,-4356,-1729,0.208986624
7802,50,214,-7038,-1838,0.210174048
7802,51,177,-5450,-2032,0.211361472
7802,52,17,-1942,-1836,0.212548896
7802,53,-200,-952,-1686,0.213736320
7802,54,-193,169,-1342,0.214923744
7802,55,-182,815,-1275,0.216111168
7802,56,-134,-304,-1859,0.217298592
7802,57,32,-3378,-1407,0.218486016
7802,58,-90,-5704,-1247,0.219673440
7802,59,75,-7028,-1355,0.220860864
7802,60,187,-10175,-851,0.222048288
7802,61,263,-9435,-1435,0.223235712
7802,62,273,-6062,-625,0.224423136
7802,63,257,-2659,-23,0.225610560
7802,64,185,-520,369,0.226797984
7803,1,-61,-1393,569,0.227985408
7803,2,-133,-1858,453,0.229172832
7803,3,-74,-6503,391,0.230360256
7803,4,-123,-9649,809,0.231547680
7803,5,-166,-6384,928,0.232735104
7803,6,-176,-3697,1720,0.233922528
7803,7,-148,-4178,1272,0.235109952
7803,8,-138,-5665,1366,0.236297376
7803,9,17,-2731,1683,0.237484800
7803,10,158,-495,1818,0.238672224
7803,11,122,-4206,1828,0.239859648
7803,12,162,-9103,1599,0.241047072
7803,13,27,-10590,952,0.242234496
7803,14,125,-8226,972,0.243421920
7803,15,30,-4423,1480,0.244609344
7803,16,41,-1200,923,0.245796768
7803,17,-270,-1765,1214,0.246984192
7803,18,-82,-2181,546,0.248171616
7803,19,-7,-1440,959,0.249359040
7803,20,71,-1017,846,0.250546464
7803,21,66,-1864,1001,0.251733888
7803,22,-41,-2358,224,0.252921312
7803,23,93,-2534,-148,0.254108736
7803,24,202,-4357,356,0.255296160
7803,25,202,-3898,20,0.256483584
7803,26,159,-397,167,0.257671008
7803,27,63,-667,-172,0.258858432
7803,28,81,-6061,-938,0.260045856
7803,29,-6,-8372,-1287,0.261233280
7803,30,-105,-7035,-1394,0.262420704
7803,31,-154,-4996,-676,0.263608128
7803,32,-221,346,-1375,0.264795552
7803,33,-195,874,-971,0.265982976
7803,34,-41,-1772,-1461,0.267170400
7803,35,-8,-3116,-1230,0.268357824
7803,36,264,-799,-1459,0.269545248
7803,37,370,-506,-1585,0.270732672
7803,38,484,-3631,-1936,0.271920096
7803,39,455,-7523,-2090,0.273107520
7803,40,352,-9034,-1836,0.274294944
7803,41,317,-7487,-1513,0.275482368
7803,42,181,-4134,-1227,0.276669792
7803,43,42,-1020,-629,0.277857216
7803,44,-236,-2052,-756,0.279044640
7803,45,-309,-6618,-407,0.280232064
7803,46,-404,-6933,-118,0.281419488
7803,47,-335,-4374,-339,0.282606912
7803,48,-258,-5289,335,0.283794336
7803,49,-276,-6449,-25,0.284981760
7803,50,-36,-6551,433,0.286169184
7803,51,159,-5642,597,0.287356608
7803,52,275,-6126,-15,0.288544032
7803,53,458,-7730,291,0.289731456
7803,54,443,-5196,617,0.290918880
7803,55,445,-4326,1341,0.292106304
7803,56,287,-6575,1541,0.293293728
7803,57,-27,-5078,1391,0.294481152
7803,58,-121,-1457,1592,0.295668576
7803,59,-256,-1143,2216,0.296856000
7803,60,-264,-2418,2432,0.298043424
7803,61,-377,-4107,2615,0.299230848
7803,62,-424,-4566,1854,0.300418272
7803,63,-272,-6160,1752,0.301605696
7803,64,-60,-8013,1199,0.302793120
7804,1,39,-8587,1339,0.303980544
7804,2,212,-7421,1264,0.305167968
7804,3,182,-4652,675,0.306355392
7804,4,248,-3034,545,0.307542816
7804,5,247,-3261,86,0.308730240
7804,6,230,-6813,45,0.309917664
7804,7,214,-5546,253,0.311105088
7804,8,76,-161,136,0.312292512
7804,9,-148,-643,319,0.313479936
7804,10,-131,-3842,-705,0.314667360
7804,11,-213,-3163,-714,0.315854784
7804,12,-190,-2861,-590,0.317042208
7804,13,-76,-5241,-733,0.318229632
7804,14,-55,-2698,-1186,0.319417056
7804,15,25,-25,-992,0.320604480
7804,16,202,229,-1124,0.321791904
7804,17,124,526,-2269,0.322979328
7804,18,312,-2397,-2081,0.324166752
7804,19,212,-6942,-3025,0.325354176
7804,20,254,-8100,-2467,0.326541600
7804,21,77,-5224,-2164,0.327729024
7804,22,41,-4252,-1801,0.328916448
7804,23,-43,-3774,-2263,0.330103872
7804,24,-104,-4413,-2028,0.331291296
7804,25,-42,-3474,-1481,0.332478720
7804,26,-94,-3041,-352,0.333666144
7804,27,87,-5387,241,0.334853568
7804,28,13,-5330,340,0.336040992
7804,29,101,-3680,-9,0.337228416
7804,30,104,-5249,-93,0.338415840
7804,31,253,-5130,313,0.339603264
7804,32,186,-3775,728,0.340790688
7804,33,143,-5177,876,0.341978112
7804,34,25,-5475,785,0.343165536
7804,35,-36,-5794,609,0.344352960
7804,36,-59,-9210,903,0.345540384
7804,37,-220,-7154,1449,0.346727808
7804,38,-201,-1149,1768,0.347915232
7804,39,-348,-456,2191,0.349102656
7804,40,-249,-1706,1934,0.350290080
7804,41,53,-3032,2137,0.351477504
7804,42,60,-6603,2103,0.352664928
7804,43,289,-9056,1682,0.353852352
7804,44,282,-4569,1819,0.355039776
7804,45,336,-1074,2171,0.356227200
7804,46,239,-3877,1521,0.357414624
7804,47,284,-5051,1491,0.358602048
7804,48,56,-2455,856,0.359789472
7804,49,28,-4416,429,0.360976896
7804,50,-180,-6261,852,0.362164320
7804,51,-301,-2317,628,0.363351744
7804,52,-369,-1483,890,0.364539168
7804,53,-492,-3597,227,0.365726592
7804,54,-367,-1554,-83,0.366914016
7804,55,-150,693,53,0.368101440
7804,56,-121,-373,261,0.369288864
7804,57,198,-1948,-690,0.370476288
7804,58,162,-2980,-921,0.371663712
7804,59,454,-5822,-1788,0.372851136
7804,60,421,-4664,-1645,0.374038560
7804,61,374,-66,-1717,0.375225984
7804,62,235,-1376,-2017,0.376413408
7804,63,212,-5239,-2247,0.377600832
7804,64,-17,-5008,-2421,0.378788256
7805,1,-9,-3516,-2106,0.379975680
7805,2,-260,-3704,-2000,0.381163104
7805,3,-221,-4162,-1644,0.382350528
7805,4,-230,-2454,-1609,0.383537952
7805,5,-252,-581,-1139,0.384725376
7805,6,35,-1336,-916,0.385912800
7805,7,142,-6018,-1223,0.387100224
7805,8,379,-7126,-785,0.388287648
7805,9,411,-4943,-881,0.389475072
7805,10,498,-4241,-305,0.390662496
7805,11,416,-3592,-518,0.391849920
7805,12,342,-2050,-566,0.393037344
7805,13,141,-3206,-232,0.394224768
7805,14,92,-1977,66,0.395412192
7805,15,-172,-1771,414,0.396599616
7805,16,-263,-9047,143,0.397787040
7805,17,-299,-10489,761,0.398974464
7805,18,-282,-8018,792,0.400161888
7805,19,-102,-6338,1492,0.401349312
7805,20,-246,-3670,1902,0.402536736
7805,21,-163,-148,1878,0.403724160
7805,22,179,-1222,2453,0.404911584
7805,23,307,-3495,2239,0.406099008
7805,24,349,-5780,1758,0.407286432
7805,25,340,-10233,1178,0.408473856
7805,26,328,-9812,1886,0.409661280
7805,27,186,-6831,1538,0.410848704
7805,28,33,-7129,1380,0.412036128
7805,29,-94,-9244,1081,0.413223552
7805,30,-71,-6161,469,0.414410976
7805,31,-352,-3936,1043,0.415598400
7805,32,-288,-6738,613,0.416785824
7805,33,-357,-9134,533,0.417973248
7805,34,-241,-10370,387,0.419160672
7805,35,-29,-8346,240,0.420348096
7805,36,-48,-4961,230,0.421535520
7805,37,138,-3687,-114,0.422722944
7805,38,135,-4953,-281,0.423910368
7805,39,203,-3645,-600,0.425097792
7805,40,253,-1503,-688,0.426285216
7805,41,318,-2750,-1135,0.427472640
7805,42,234,-2427,-1540,0.428660064
7805,43,96,-1518,-1713,0.429847488
7805,44,-80,-1466,-1661,0.431034912
7805,45,-194,-814,-1451,0.432222336
7805,46,-207,187,-1614,0.433409760
7805,47,-135,1065,-1435,0.434597184
7805,48,-228,917,-1101,0.435784608
7805,49,-13,642,-1108,0.436972032
7805,50,-151,-636,-946,0.438159456
7805,51,173,-2022,-724,0.439346880
7805,52,90,-232,-553,0.440534304
7805,53,392,600,102,0.441721728
7805,54,259,-2105,-1208,0.442909152
7805,55,346,-5129,-742,0.444096576
7805,56,148,-4022,-752,0.445284000
7805,57,127,-5281,-379,0.446471424
7805,58,-34,-5099,-372,0.447658848
7805,59,-96,-6311,-505,0.448846272
7805,60,-148,-11969,-744,0.450033696
7805,61,-240,-9208,206,0.451221120
7805,62,-249,-821,878,0.452408544
7805,63,-267,-1245,1473,0.453595968
7805,64,21,-2010,1154,0.454783392
7806,1,28,368,1210,0.455970816
7806,2,258,-2948,1021,0.457158240
7806,3,253,-6431,1251,0.458345664
7806,4,349,-3863,1013,0.459533088
7806,5,294,-5360,661,0.460720512
7806,6,236,-8196,371,0.461907936
7806,7,166,-7850,-243,0.463095360
7806,8,102,-8994,-145,0.464282784
7806,9,-63,-7554,81,0.465470208
7806,10,-181,-3074,408,0.466657632
7806,11,-252,-3739,443,0.467845056
7806,12,-269,-9164,540,0.469032480
7806,13,-87,-7866,743,0.470219904
7806,14,-68,-3814,873,0.471407328
7806,15,102,-5522,1456,0.472594752
7806,16,164,-4319,1110,0.473782176
7806,17,221,-5346,1397,0.474969600
7806,18,463,-8234,1058,0.476157024
7806,19,381,-6410,906,0.477344448
7806,20,424,-5336,495,0.478531872
7806,21,173,-7436,349,0.479719296
7806,22,90,-3384,398,0.480906720
7806,23,-197,1125,619,0.482094144
7806,24,-334,-2023,-18,0.483281568
7806,25,-417,-3160,-906,0.484468992
7806,26,-416,-2247,-314,0.485656416
7806,27,-366,-2136,-236,0.486843840
7806,28,-453,-1249,37,0.488031264
7806,29,-184,-316,-150,0.489218688
7806,30,-159,-380,-643,0.490406112
7806,31,157,-3955,-1178,0.491593536
7806,32,354,-6036,-981,0.492780960
7806,33,390,-4036,-437,0.493968384
7806,34,431,-3775,-974,0.495155808
7806,35,348,-5466,-559,0.496343232
7806,36,202,-1768,-1348,0.497530656
7806,37,57,-236,-850,0.498718080
7806,38,-28,-1843,-963,0.499905504
7806,39,-324,348,-1112,0.501092928
7806,40,-385,-881,-641,0.502280352
7806,41,-362,-5983,-1666,0.503467776
7806,42,-202,-7897,-989,0.504655200
7806,43,-131,-7373,-813,0.505842624
7806,44,-79,-3100,-213,0.507030048
7806,45,59,1048,-549,0.508217472
7806,46,243,-409,669,0.509404896
7806,47,386,-1809,-265,0.510592320
7806,48,566,-975,42,0.511779744
7806,49,381,-3472,151,0.512967168
7806,50,330,-7440,-755,0.514154592
7806,51,237,-5164,2,0.515342016
7806,52,44,-3220,423,0.516529440
7806,53,30,-4853,637,0.517716864
7806,54,-86,-4383,415,0.518904288
7806,55,-176,-2509,667,0.520091712
7806,56,-119,-1530,703,0.521279136
7806,57,-324,-2148,1439,0.522466560
7806,58,84,-5527,1559,0.523653984
7806,59,53,-7019,1720,0.524841408
7806,60,238,-5333,1317,0.526028832
7806,61,263,-4971,1487,0.527216256
7806,62,290,-5678,1771,0.528403680
7806,63,292,-6917,1105,0.529591104
7806,64,289,-9359,1255,0.530778528
7807,1,196,-6323,696,0.531965952
7807,2,83,-4488,702,0.533153376
7807,3,-34,-7843,328,0.534340800
7807,4,-286,-7770,-196,0.535528224
7807,5,-244,-8709,-464,0.536715648
7807,6,-261,-9670,-645,0.537903072
7807,7,-165,-6079,-521,0.539090496
7807,8,-168,-3736,-754,0.540277920
7807,9,-167,-7518,-1088,0.541465344
7807,10,-1,-11435,-1469,0.542652768
7807,11,154,-6426,-944,0.543840192
7807,12,193,-1325,-277,0.545027616
7807,13,258,-1825,-481,0.546215040
7807,14,58,-7272,-1223,0.547402464
7807,15,79,-7663,-1851,0.548589888
7807,16,23,-4461,-942,0.549777312
7807,17,-18,-2923,-631,0.550964736
7807,18,-192,-1156,-533,0.552152160
7807,19,-155,-1103,-1190,0.553339584
7807,20,-337,-3796,-927,0.554527008
7807,21,-192,-3736,-1206,0.555714432
7807,22,-220,-2491,-243,0.556901856
7807,23,22,-1436,121,0.558089280
7807,24,81,-48,-174,0.559276704
7807,25,177,-2238,253,0.560464128
7807,26,109,-5748,-398,0.561651552
7807,27,269,-5933,279,0.562838976
7807,28,273,-2953,1042,0.564026400
7807,29,313,-933,1127,0.565213824
7807,30,102,-603,1572,0.566401248
7807,31,-21,-719,1228,0.567588672
7807,32,-43,-1394,1026,0.568776096
7807,33,-101,-385,1411,0.569963520
7807,34,-77,-478,1221,0.571150944
7807,35,-28,-946,1618,0.572338368
7807,36,-93,-1651,1075,0.573525792
7807,37,-105,-2171,619,0.574713216
7807,38,207,-6757,-125,0.575900640
7807,39,220,-6119,91,0.577088064
7807,40,319,-1083,-270,0.578275488
7807,41,289,-3520,309,0.579462912
7807,42,359,-5153,18,0.580650336
7807,43,223,-4406,-314,0.581837760
7807,44,210,-4792,-105,0.583025184
7807,45,36,-2976,-414,0.584212608
7807,46,-6,-4164,-625,0.585400032
7807,47,-35,-5252,-547,0.586587456
7807,48,-227,-2755,-669,0.587774880
7807,49,-174,-4013,-789,0.588962304
7807,50,-132,-8921,-1325,0.590149728
7807,51,37,-7212,-1318,0.591337152
7807,52,70,-3225,-763,0.592524576
7807,53,46,-4169,-730,0.593712000
7807,54,77,-2344,-592,0.594899424
7807,55,40,-1730,-976,0.596086848
7807,56,196,-5468,-1016,0.597274272
7807,57,100,-6989,-457,0.598461696
7807,58,66,-2715,108,0.599649120
7807,59,-76,-151,969,0.600836544
7807,60,-288,-1956,426,0.602023968
7807,61,-209,-4896,-209,0.603211392
7807,62,-183,-8091,-161,0.604398816
7807,63,-145,-7828,401,0.605586240
7807,64,-119,-4863,1090,0.606773664
7808,1,-213,-6309,237,0.607961088
7808,2,28,-11813,326,0.609148512
7808,3,9,-11153,-27,0.610335936
7808,4,166,-6289,750,0.611523360
7808,5,232,-3317,1454,0.612710784
7808,6,147,-678,989,0.613898208
7808,7,127,-1122,1615,0.615085632
7808,8,66,-3800,583,0.616273056
7808,9,138,-5909,1072,0.617460480
7808,10,101,-6938,677,0.618647904
7808,11,7,-6692,600,0.619835328
7808,12,-110,-4895,524,0.621022752
7808,13,-104,-4194,375,0.622210176
7808,14,-113,-5082,176,0.623397600
7808,15,25,-3974,-422,0.624585024
7808,16,71,-571,-332,0.625772448
7808,17,71,-1460,-657,0.626959872
7808,18,105,-5806,-716,0.628147296
7808,19,48,-7435,-936,0.629334720
7808,20,179,-6843,-665,0.630522144
7808,21,225,-3153,-679,0.631709568
7808,22,78,-1034,-532,0.632896992
7808,23,201,-1023,-281,0.634084416
7808,24,59,147,-44,0.635271840
7808,25,143,337,287,0.636459264
7808,26,155,-478,-101,0.637646688
7808,27,136,-4005,-773,0.638834112
7808,28,170,-8361,-1031,0.640021536
7808,29,32,-8443,157,0.641208960
7808,30,-77,-3371,473,0.642396384
7808,31,-109,-771,201,0.643583808
7808,32,-162,-2311,-307,0.644771232
7808,33,-80,-3956,-310,0.645958656
7808,34,-105,-3657,-272,0.647146080
7808,35,-180,-4797,475,0.648333504
7808,36,-127,-4191,556,0.649520928
7808,37,-114,-2529,-52,0.650708352
7808,38,69,-2897,507,0.651895776
7808,39,120,-1152,149,0.653083200
7808,40,143,-2963,489,0.654270624
7808,41,231,-5891,-285,0.655458048
7808,42,247,-4522,-532,0.656645472
7808,43,319,-6800,-304,0.657832896
7808,44,249,-8241,-62,0.659020320
7808,45,108,-2891,27,0.660207744
7808,46,-163,-510,-293,0.661395168
7808,47,-256,-2199,-538,0.662582592
7808,48,-366,-2759,-529,0.663770016
7808,49,-212,-5446,414,0.664957440
7808,50,-199,-6882,325,0.666144864
7808,51,-277,-6708,-258,0.667332288
7808,52,-103,-8416,-685,0.668519712
7808,53,-52,-6327,-129,0.669707136
7808,54,160,-2253,371,0.670894560
7808,55,177,-5088,169,0.672081984
7808,56,366,-8012,-225,0.673269408
7808,57,314,-5487,-336,0.674456832
7808,58,325,-5816,-81,0.675644256
7808,59,213,-9712,31,0.676831680
7808,60,181,-8285,142,0.678019104
7808,61,125,-5529,-333,0.679206528
7808,62,-31,-6108,132,0.680393952
7808,63,-141,-3140,674,0.681581376
7808,64,-262,-980,1115,0.682768800
7809,1,-123,-4414,1041,0.683956224
7809,2,-97,-3838,559,0.685143648
7809,3,28,-3466,830,0.686331072
7809,4,161,-4001,1052,0.687518496
7809,5,85,-3265,1351,0.688705920
7809,6,248,-2117,799,0.689893344
7809,7,143,-3550,325,0.691080768
7809,8,314,-3641,-136,0.692268192
7809,9,212,-942,360,0.693455616
7809,10,-10,-907,459,0.694643040
7809,11,10,-3809,-864,0.695830464
7809,12,-32,-5316,-305,0.697017888
7809,13,-164,20,247,0.698205312
7809,14,-336,732,354,0.699392736
7809,15,-117,-63,581,0.700580160
7809,16,-72,1331,-439,0.701767584
7809,17,43,1277,145,0.702955008
7809,18,66,917,19,0.704142432
7809,19,140,-112,-65,0.705329856
7809,20,420,-786,12,0.706517280
7809,21,245,-7850,-995,0.707704704
7809,22,116,-9182,-1572,0.708892128
7809,23,115,-3366,-1803,0.710079552
7809,24,87,-600,-121,0.711266976
7809,25,-150,-379,-1210,0.712454400
7809,26,-77,-2627,-1363,0.713641824
7809,27,-529,-8403,-1252,0.714829248
7809,28,-243,-8694,-1393,0.716016672
7809,29,-295,-5155,-792,0.717204096
7809,30,-183,-5455,-183,0.718391520
7809,31,-21,-5140,-409,0.719578944
7809,32,113,-4595,-500,0.720766368
7809,33,270,-5385,-132,0.721953792
7809,34,394,-5402,-195,0.723141216
7809,35,475,-4298,51,0.724328640
7809,36,405,-6221,-15,0.725516064
7809,37,331,-9057,-501,0.726703488
7809,38,195,-9833,-292,0.727890912
7809,39,93,-8863,-235,0.729078336
7809,40,-30,-7092,-6,0.730265760
7809,41,-249,-4596,571,0.731453184
7809,42,-278,-6768,422,0.732640608
7809,43,-186,-9781,1264,0.733828032
7809,44,-132,-3213,1568,0.735015456
7809,45,-84,-75,1499,0.736202880
7809,46,137,-5343,1072,0.737390304
7809,47,265,-7164,884,0.738577728
7809,48,402,-5619,1471,0.739765152
7809,49,410,-5425,1793,0.740952576
7809,50,392,-4091,1362,0.742140000
7809,51,374,-4189,491,0.743327424
7809,52,216,-6962,323,0.744514848
7809,53,106,-4271,855,0.745702272
7809,54,-160,-768,1234,0.746889696
7809,55,-271,-2657,1028,0.748077120
7809,56,-437,-1367,580,0.749264544
7809,57,-474,546,547,0.750451968
7809,58,-413,-2033,-124,0.751639392
7809,59,-227,-7697,612,0.752826816
7809,60,-158,-5713,243,0.754014240
7809,61,-119,-846,173,0.755201664
7809,62,84,-1219,512,0.756389088
7809,63,132,-3289,-562,0.757576512
7809,64,143,-3426,-939,0.758763936
7810,1,210,-1647,-785,0.759951360
7810,2,105,-1038,-963,0.761138784
7810,3,8,-1394,-806,0.762326208
7810,4,-195,-909,-656,0.763513632
7810,5,-181,-1974,-1332,0.764701056
7810,6,-321,-4386,-1352,0.765888480
7810,7,-256,-1133,-1389,0.767075904
7810,8,-302,513,-1723,0.768263328
7810,9,-84,-4685,-1212,0.769450752
7810,10,33,-7765,-1162,0.770638176
7810,11,208,-4511,-934,0.771825600
7810,12,348,-3441,-684,0.773013024
7810,13,500,-1662,-925,0.774200448
7810,14,451,-848,-781,0.775387872
7810,15,474,-3282,-871,0.776575296
7810,16,373,-2772,-226,0.777762720
7810,17,245,-3728,-552,0.778950144
7810,18,148,-9513,-1119,0.780137568
7810,19,43,-10121,-741,0.781324992
7810,20,-49,-5867,-499,0.782512416
7810,21,-120,-6018,386,0.783699840
7810,22,-218,-2509,520,0.784887264
7810,23,-146,354,643,0.786074688
7810,24,18,-5986,204,0.787262112
7810,25,191,-8457,633,0.788449536
7810,26,282,-4874,1468,0.789636960
7810,27,294,-6914,1184,0.790824384
7810,28,321,-8083,1090,0.792011808
7810,29,272,-5760,1188,0.793199232
7810,30,284,-3362,1436,0.794386656
7810,31,149,-4624,1569,0.795574080
7810,32,30,-5359,1014,0.796761504
7810,33,-76,-6468,818,0.797948928
7810,34,-154,-9348,610,0.799136352
7810,35,-202,-10724,814,0.800323776
7810,36,-298,-10357,1136,0.801511200
7810,37,-258,-4567,1150,0.802698624
7810,38,-273,-2614,732,0.803886048
7810,39,-112,-5593,656,0.805073472
7810,40,-38,-5785,962,0.806260896
7810,41,10,-4668,931,0.807448320
7810,42,112,-6025,826,0.808635744
7810,43,74,-7544,-6,0.809823168
7810,44,66,-5780,346,0.811010592
7810,45,-39,-3680,365,0.812198016
7810,46,-76,-1579,315,0.813385440
7810,47,-173,-604,65,0.814572864
7810,48,-328,-800,-985,0.815760288
7810,49,-237,-993,-496,0.816947712
7810,50,-381,-1272,-659,0.818135136
7810,51,-187,-2787,-388,0.819322560
7810,52,-202,-3800,-1176,0.820509984
7810,53,-98,-1470,-1568,0.821697408
7810,54,24,375,-811,0.822884832
7810,55,27,431,-895,0.824072256
7810,56,341,608,-518,0.825259680
7810,57,427,760,-1058,0.826447104
7810,58,458,1509,-741,0.827634528
7810,59,422,1436,-361,0.828821952
7810,60,344,498,-620,0.830009376
7810,61,221,437,470,0.831196800
7810,62,158,-6341,-3218,0.832384224
7810,63,101,-11844,-1327,0.833571648
7810,64,83,-4543,-1134,0.834759072
7811,1,-80,-773,362,0.835946496
7811,2,-83,-799,432,0.837133920
7811,3,-160,286,-454,0.838321344
7811,4,-92,-3745,-1153,0.839508768
7811,5,193,-7193,-988,0.840696192
7811,6,186,-5331,550,0.841883616
7811,7,294,-7393,102,0.843071040
7811,8,323,-7991,482,0.844258464
7811,9,210,-6407,-608,0.845445888
7811,10,379,-7983,-247,0.846633312
7811,11,267,-7566,27,0.847820736
7811,12,181,-5434,410,0.849008160
7811,13,92,-6007,383,0.850195584
7811,14,-162,-5696,316,0.851383008
7811,15,-194,-5417,630,0.852570432
7811,16,-268,-5363,477,0.853757856
7811,17,-259,-4642,720,0.854945280
7811,18,-138,-4789,366,0.856132704
7811,19,-141,-4321,1020,0.857320128
7811,20,-167,-8684,1010,0.858507552
7811,21,105,-9976,1220,0.859694976
7811,22,31,-6248,1153,0.860882400
7811,23,251,-5670,811,0.862069824
7811,24,149,-6758,973,0.863257248
7811,25,-15,-5831,1006,0.864444672
7811,26,66,-7179,1640,0.865632096
7811,27,-111,-6551,1503,0.866819520
7811,28,-118,-3771,1372,0.868006944
7811,29,-170,-4698,906,0.869194368
7811,30,-304,-4254,773,0.870381792
7811,31,-281,-4321,712,0.871569216
7811,32,-179,-4731,722,0.872756640
7811,33,-193,-1135,800,0.873944064
7811,34,12,406,311,0.875131488
7811,35,48,753,835,0.876318912
7811,36,90,1967,-322,0.877506336
7811,37,218,628,121,0.878693760
7811,38,90,-440,-487,0.879881184
7811,39,274,-8084,-1176,0.881068608
7811,40,103,-8621,-901,0.882256032
7811,41,-13,-3960,-1555,0.883443456
7811,42,66,-3046,-859,0.884630880
7811,43,-166,-1669,-2354,0.885818304
7811,44,-114,-1225,-1775,0.887005728
7811,45,40,-4464,-1625,0.888193152
7811,46,72,-4285,-1230,0.889380576
7811,47,122,-3973,-1026,0.890568000
7811,48,220,-5229,-1587,0.891755424
7811,49,321,-1030,-1371,0.892942848
7811,50,500,1393,-1611,0.894130272
7811,51,433,-751,-1216,0.895317696
7811,52,485,-1237,-1567,0.896505120
7811,53,246,-724,-721,0.897692544
7811,54,297,-6350,-1182,0.898879968
7811,55,87,-7218,-748,0.900067392
7811,56,-76,-613,-699,0.901254816
7811,57,-258,-1477,-171,0.902442240
7811,58,-314,-2942,-682,0.903629664
7811,59,-476,-2171,121,0.904817088
7811,60,-106,-2806,821,0.906004512
7811,61,-259,-5259,1520,0.907191936
7811,62,19,-8502,440,0.908379360
7811,63,45,-9410,565,0.909566784
7811,64,236,-5911,958,0.910754208
7812,1,331,-3592,1409,0.911941632
7812,2,280,-4690,1945,0.913129056
7812,3,268,-5011,1418,0.914316480
7812,4,277,-8317,1313,0.915503904
7812,5,203,-10287,1757,0.916691328
7812,6,60,-5752,2314,0.917878752
7812,7,-204,-5543,2311,0.919066176
7812,8,-257,-5437,2060,0.920253600
7812,9,-352,-3188,1496,0.921441024
7812,10,-321,-4358,1499,0.922628448
7812,11,-282,-5078,1980,0.923815872
7812,12,-239,-2860,1427,0.925003296
7812,13,-163,-3555,900,0.926190720
7812,14,-48,-9099,-412,0.927378144
7812,15,39,-9847,-705,0.928565568
7812,16,95,-8624,-478,0.929752992
7812,17,187,-8022,-671,0.930940416
7812,18,131,-6910,-958,0.932127840
7812,19,103,-5348,-1569,0.933315264
7812,20,101,-3702,-991,0.934502688
7812,21,62,-2512,-977,0.935690112
7812,22,76,-1468,-636,0.936877536
7812,23,-6,-1654,-804,0.938064960
7812,24,25,-1046,-1030,0.939252384
7812,25,-80,-5360,-647,0.940439808
7812,26,32,-5712,-1060,0.941627232
7812,27,43,-1870,-334,0.942814656
7812,28,189,-2282,-1036,0.944002080
7812,29,84,-2084,-985,0.945189504
7812,30,259,1065,-1688,0.946376928
7812,31,184,1397,44,0.947564352
7812,32,215,332,-677,0.948751776
7812,33,79,137,-1334,0.949939200
7812,34,-218,273,-38,0.951126624
7812,35,-141,-1321,-1406,0.952314048
7812,36,-117,-4903,-507,0.953501472
7812,37,-65,-3801,-289,0.954688896
7812,38,-190,-1227,248,0.955876320
7812,39,-204,550,-3,0.957063744
7812,40,58,1598,1994,0.958251168
7812,41,149,-864,15,0.959438592
7812,42,254,-14322,40,0.960626016
7812,43,389,-13039,135,0.961813440
7812,44,286,-2729,971,0.963000864
7812,45,373,-747,1397,0.964188288
7812,46,264,-1702,565,0.965375712
7812,47,-57,-8018,807,0.966563136
7812,48,124,-7496,206,0.967750560
7812,49,-103,-6048,217,0.968937984
7812,50,-61,-9019,997,0.970125408
7812,51,-302,-8369,-446,0.971312832
7812,52,-375,-9617,-132,0.972500256
7812,53,-216,-7966,319,0.973687680
7812,54,-176,-1470,-314,0.974875104
7812,55,198,-2030,279,0.976062528
7812,56,102,-6954,-96,0.977249952
7812,57,153,-8418,-314,0.978437376
7812,58,336,-8726,767,0.979624800
7812,59,420,-3497,476,0.980812224
7812,60,231,74,10,0.981999648
7812,61,303,-4019,-373,0.983187072
7812,62,-98,-4706,-194,0.984374496
7812,63,19,-5009,-230,0.985561920
7812,64,-13,-9484,1084,0.986749344
7813,1,-219,-5861,918,0.987936768
7813,2,-313,-1629,113,0.989124192
7813,3,-190,-4633,325,0.990311616
7813,4,-199,-3418,463,0.991499040
7813,5,-118,-492,1015,0.992686464
7813,6,-76,-2455,1632,0.993873888
7813,7,10,-4356,581,0.995061312
7813,8,263,-5352,702,0.996248736
7813,9,218,-5726,241,0.997436160
7813,10,260,-3242,604,0.998623584
7813,11,114,1079,-112,0.999811008
7813,12,96,411,-225,1.000998432
7813,13,-28,-337,501,1.002185856
7813,14,-109,1577,-177,1.003373280
7813,15,-121,326,968,1.004560704
7813,16,-184,-1726,-2478,1.005748128
7813,17,-186,-7825,-1789,1.006935552
7813,18,-75,-8778,-739,1.008122976
7813,19,-92,-2847,-240,1.009310400
7813,20,-59,890,285,1.010497824
7813,21,48,-2270,-1038,1.011685248
7813,22,262,-3583,-1995,1.012872672
7813,23,336,-1531,-1198,1.014060096
7813,24,358,-2279,-709,1.015247520
7813,25,298,-8084,-739,1.016434944
7813,26,276,-7216,-1776,1.017622368
7813,27,171,-3973,-1639,1.018809792
7813,28,131,-4611,-1005,1.019997216
7813,29,-51,-4805,-938,1.021184640
7813,30,8,-5539,-1118,1.022372064
7813,31,-72,-5979,-687,1.023559488
7813,32,-112,-3577,-497,1.024746912
7813,33,-148,-4228,388,1.025934336
7813,34,-43,-5502,379,1.027121760
7813,35,-28,-4561,210,1.028309184
7813,36,77,-4403,-56,1.029496608
7813,37,6,-4552,115,1.030684032
7813,38,154,-7277,776,1.031871456
7813,39,196,-8768,1125,1.033058880
7813,40,228,-8962,1258,1.034246304
7813,41,270,-7188,607,1.035433728
7813,42,136,-8189,644,1.036621152
7813,43,178,-5865,1326,1.037808576
7813,44,5,-2858,1968,1.038996000
7813,45,62,-7234,1926,1.040183424
7813,46,-17,-7177,1784,1.041370848
7813,47,-77,-1462,1480,1.042558272
7813,48,-47,-81,2451,1.043745696
7813,49,-83,-2315,1516,1.044933120
7813,50,-27,-4491,1249,1.046120544
7813,51,-57,-6349,673,1.047307968
7813,52,-50,-7673,632,1.048495392
7813,53,-20,-5037,974,1.049682816
7813,54,-142,-3423,266,1.050870240
7813,55,-114,-7643,-500,1.052057664
7813,56,-187,-8593,-1191,1.053245088
7813,57,-157,-3528,-621,1.054432512
7813,58,-136,-1310,376,1.055619936
7813,59,-119,-341,-41,1.056807360
7813,60,-188,183,-674,1.057994784
7813,61,-163,-1509,-1250,1.059182208
7813,62,64,-2159,-1486,1.060369632
7813,63,106,-2608,-842,1.061557056
7813,64,204,-2561,-780,1.062744480
7814,1,171,-64,-863,1.063931904
7814,2,171,95,-969,1.065119328
7814,3,188,-2437,-1799,1.066306752
7814,4,186,-3211,-1695,1.067494176
7814,5,90,-1579,-910,1.068681600
7814,6,88,558,-1091,1.069869024
7814,7,-195,396,-440,1.071056448
7814,8,-274,104,62,1.072243872
7814,9,-242,-611,-1168,1.073431296
7814,10,-83,-5541,-799,1.074618720
7814,11,-31,-6111,-671,1.075806144
7814,12,4,-2413,-87,1.076993568
7814,13,169,-869,862,1.078180992
7814,14,169,-4565,-131,1.079368416
7814,15,449,-7973,-328,1.080555840
7814,16,506,-6502,-364,1.081743264
7814,17,594,-3520,176,1.082930688
7814,18,414,-2566,786,1.084118112
7814,19,254,-5632,410,1.085305536
7814,20,156,-6709,692,1.086492960
7814,21,37,-3411,799,1.087680384
7814,22,-6,-151,891,1.088867808
7814,23,-256,-3367,435,1.090055232
7814,24,-170,-6389,130,1.091242656
7814,25,-295,-5490,1436,1.092430080
7814,26,-131,-5182,837,1.093617504
7814,27,-157,-8600,941,1.094804928
7814,28,100,-7076,-29,1.095992352
7814,29,65,-6276,-443,1.097179776
7814,30,280,-7339,347,1.098367200
7814,31,129,-4788,310,1.099554624
7814,32,206,-7856,-37,1.100742048
7814,33,228,-13533,-552,1.101929472
7814,34,122,-12373,-594,1.103116896
7814,35,153,-6214,657,1.104304320
7814,36,-196,-4114,929,1.105491744
7814,37,-182,-4102,333,1.106679168
7814,38,-325,-6347,-91,1.107866592
7814,39,-147,-7142,-49,1.109054016
7814,40,-127,-4639,1444,1.110241440
7814,41,-165,-4576,1081,1.111428864
7814,42,-120,-6193,720,1.112616288
7814,43,-111,-4494,84,1.113803712
7814,44,48,-1231,1,1.114991136
7814,45,23,-4150,588,1.116178560
7814,46,143,-2263,275,1.117365984
7814,47,-98,1287,872,1.118553408
7814,48,-84,-1208,804,1.119740832
7814,49,-109,-5849,-2464,1.120928256
7814,50,-102,-8034,-1087,1.122115680
7814,51,-17,-4532,326,1.123303104
7814,52,-303,76,-347,1.124490528
7814,53,-113,318,839,1.125677952
7814,54,-104,2410,721,1.126865376
7814,55,53,1915,272,1.128052800
7814,56,410,1325,592,1.129240224
7814,57,337,86,-247,1.130427648
7814,58,449,-2484,-1234,1.131615072
7814,59,382,-5908,-560,1.132802496
7814,60,230,-6056,-1030,1.133989920
7814,61,383,-5024,-697,1.135177344
7814,62,233,-2780,-1050,1.136364768
7814,63,104,-4399,-1354,1.137552192
7814,64,-56,-5671,-1421,1.138739616
7815,1,-309,-3161,-682,1.139927040
7815,2,-151,-3791,-408,1.141114464
7815,3,-211,-3455,-518,1.142301888
7815,4,-184,-230,-996,1.143489312
7815,5,51,-146,-515,1.144676736
7815,6,27,-2858,-654,1.145864160
7815,7,277,-7753,-679,1.147051584
7815,8,344,-11420,-1245,1.148239008
7815,9,456,-6365,-571,1.149426432
7815,10,490,-911,50,1.150613856
7815,11,283,-2113,53,1.151801280
7815,12,28,-4770,-884,1.152988704
7815,13,82,-3867,-463,1.154176128
7815,14,-168,-4020,778,1.155363552
7815,15,-109,-4534,1228,1.156550976
7815,16,-372,-4745,1566,1.157738400
7815,17,-427,-8234,1403,1.158925824
7815,18,-329,-8240,589,1.160113248
7815,19,-310,-6435,1158,1.161300672
7815,20,39,-4261,1982,1.162488096
7815,21,11,-3973,1938,1.163675520
7815,22,110,-8620,1665,1.164862944
7815,23,127,-9825,1115,1.166050368
7815,24,254,-5275,1085,1.167237792
7815,25,263,-4211,1547,1.168425216
7815,26,196,-4091,1073,1.169612640
7815,27,36,-2176,750,1.170800064
7815,28,-86,-6492,315,1.171987488
7815,29,-137,-9619,417,1.173174912
7815,30,-262,-4159,525,1.174362336
7815,31,-293,-857,668,1.175549760
7815,32,-212,83,363,1.176737184
7815,33,-133,413,79,1.177924608
7815,34,-38,-1940,-638,1.179112032
7815,35,-48,-9537,191,1.180299456
7815,36,96,-10150,-1031,1.181486880
7815,37,227,-6073,-921,1.182674304
7815,38,366,-6221,-773,1.183861728
7815,39,175,-3926,-1894,1.185049152
7815,40,108,-2624,-1952,1.186236576
7815,41,162,-2826,-1415,1.187424000
7815,42,147,-940,-1110,1.188611424
7815,43,25,-1220,-477,1.189798848
7815,44,38,-3557,-1001,1.190986272
7815,45,-81,-5689,-1408,1.192173696
7815,46,-19,-4874,-1321,1.193361120
7815,47,14,-3132,-1082,1.194548544
7815,48,79,-938,-897,1.195735968
7815,49,139,-192,85,1.196923392
7815,50,167,-216,-419,1.198110816
7815,51,185,-1766,-339,1.199298240
7815,52,360,-4937,-549,1.200485664
7815,53,173,-4576,-237,1.201673088
7815,54,145,-3498,-214,1.202860512
7815,55,0,-2824,174,1.204047936
7815,56,-54,-2299,661,1.205235360
7815,57,-127,-2693,312,1.206422784
7815,58,-286,-3620,814,1.207610208
7815,59,-157,-2183,495,1.208797632
7815,60,-89,-2393,1054,1.209985056
7815,61,4,-5335,946,1.211172480
7815,62,-5,-6568,1070,1.212359904
7815,63,110,-4744,1234,1.213547328
7815,64,109,-4227,777,1.214734752
7816,1,297,-6817,947,1.215922176
7816,2,189,-4413,1036,1.217109600
7816,3,124,-1778,1086,1.218297024
7816,4,103,-3459,1049,1.219484448
7816,5,-34,-3056,714,1.220671872
7816,6,-100,-3392,449,1.221859296
7816,7,-187,-5457,313,1.223046720
7816,8,-321,-5552,215,1.224234144
7816,9,-232,-6297,-9,1.225421568
7816,10,-238,-7744,-173,1.226608992
7816,11,-133,-5673,56,1.227796416
7816,12,-54,-879,81,1.228983840
7816,13,46,179,-150,1.230171264
7816,14,237,-1166,-157,1.231358688
7816,15,334,-1926,-726,1.232546112
7816,16,258,-5649,-258,1.233733536
7816,17,247,-9603,-746,1.234920960
7816,18,153,-8999,-1054,1.236108384
7816,19,176,-7372,-107,1.237295808
7816,20,-51,-3996,-839,1.238483232
7816,21,-158,-4052,-733,1.239670656
7816,22,-133,-5276,-362,1.240858080
7816,23,-130,-2002,-291,1.242045504
7816,24,-99,-2862,155,1.243232928
7816,25,-117,-8661,-345,1.244420352
7816,26,-18,-8268,-230,1.245607776
7816,27,126,-3129,-16,1.246795200
7816,28,244,-1375,81,1.247982624
7816,29,285,-1031,-239,1.249170048
7816,30,272,-2195,-803,1.250357472
7816,31,327,-5273,-636,1.251544896
7816,32,339,-6641,-540,1.252732320
7816,33,245,-7749,-99,1.253919744
7816,34,123,-3652,-78,1.255107168
7816,35,-144,371,-381,1.256294592
7816,36,-170,-4658,-721,1.257482016
7816,37,-203,-5733,-131,1.258669440
7816,38,-196,-1334,661,1.259856864
7816,39,-69,-3213,698,1.261044288
7816,40,-195,-9133,-109,1.262231712
7816,41,29,-10351,-563,1.263419136
7816,42,81,-8591,208,1.264606560
7816,43,196,-3343,702,1.265793984
7816,44,124,-1470,669,1.266981408
7816,45,211,-3330,-193,1.268168832
7816,46,128,-3765,-275,1.269356256
7816,47,209,-5865,-6,1.270543680
7816,48,57,-6090,1160,1.271731104
7816,49,-73,-3874,558,1.272918528
7816,50,-107,-5606,116,1.274105952
7816,51,-179,-4848,631,1.275293376
7816,52,-227,410,498,1.276480800
7816,53,-295,-1893,906,1.277668224
7816,54,-166,-5278,601,1.278855648
7816,55,-144,-2002,353,1.280043072
7816,56,32,-3230,447,1.281230496
7816,57,-23,-6224,713,1.282417920
7816,58,140,-1862,824,1.283605344
7816,59,125,430,462,1.284792768
7816,60,146,-1252,448,1.285980192
7816,61,170,-513,-366,1.287167616
7816,62,39,392,599,1.288355040
7816,63,10,-1848,265,1.289542464
7816,64,94,-3987,11,1.290729888
7817,1,8,-2748,-300,1.291917312
7817,2,-72,-3072,-164,1.293104736
7817,3,-94,-3464,551,1.294292160
7817,4,-114,-1738,52,1.295479584
7817,5,-3,-2897,-103,1.296667008
7817,6,7,-3684,-474,1.297854432
7817,7,138,-1894,-611,1.299041856
7817,8,190,-4391,-294,1.300229280
7817,9,294,-5819,-286,1.301416704
7817,10,296,-1324,-714,1.302604128
7817,11,173,-701,-844,1.303791552
7817,12,195,-3970,-1298,1.304978976
7817,13,151,-6705,-1512,1.306166400
7817,14,166,-8315,-1411,1.307353824
7817,15,97,-6804,-1423,1.308541248
7817,16,-62,-3808,-1179,1.309728672
7817,17,-139,-3782,-1054,1.310916096
7817,18,-69,-5379,-959,1.312103520
7817,19,-26,-6518,-667,1.313290944
7817,20,32,-5296,-553,1.314478368
7817,21,-2,-4405,-233,1.315665792
7817,22,-14,-7274,-238,1.316853216
7817,23,137,-8704,17,1.318040640
7817,24,81,-7447,314,1.319228064
7817,25,102,-4617,466,1.320415488
7817,26,26,-2801,535,1.321602912
7817,27,14,-3045,571,1.322790336
7817,28,24,-4506,852,1.323977760
7817,29,-57,-7881,489,1.325165184
7817,30,-27,-10666,606,1.326352608
7817,31,-88,-8764,553,1.327540032
7817,32,-115,-7528,434,1.328727456
7817,33,-73,-11342,1026,1.329914880
7817,34,-55,-7567,1391,1.331102304
7817,35,-69,-2729,1913,1.332289728
7817,36,63,-4615,1371,1.333477152
7817,37,76,-5474,1508,1.334664576
7817,38,99,-2168,1392,1.335852000
7817,39,98,-4516,1860,1.337039424
7817,40,90,-6526,1365,1.338226848
7817,41,86,-2731,1037,1.339414272
7817,42,99,-2369,481,1.340601696
7817,43,53,-5451,444,1.341789120
7817,44,24,-2351,460,1.342976544
7817,45,-19,943,-17,1.344163968
7817,46,-167,-831,489,1.345351392
7817,47,-12,-1212,-1230,1.346538816
7817,48,-197,-3177,-437,1.347726240
7817,49,-77,-6118,-844,1.348913664
7817,50,-131,-3589,-190,1.350101088
7817,51,-141,1112,-1567,1.351288512
7817,52,-41,1027,146,1.352475936
7817,53,8,1518,-561,1.353663360
7817,54,233,1419,-141,1.354850784
7817,55,61,-4097,-3538,1.356038208
7817,56,388,-17590,-2264,1.357225632
7817,57,297,-13651,-1136,1.358413056
7817,58,228,-2247,-575,1.359600480
7817,59,298,616,-67,1.360787904
7817,60,100,396,-625,1.361975328
7817,61,45,168,-2346,1.363162752
7817,62,16,-2103,-780,1.364350176
7817,63,-166,-1944,-568,1.365537600
7817,64,208,-6606,-286,1.366725024
7818,1,-138,-8517,-450,1.367912448
7818,2,-220,763,-1164,1.369099872
7818,3,-52,1302,538,1.370287296
7818,4,-175,-339,526,1.371474720
7818,5,62,344,-830,1.372662144
7818,6,225,-1336,1087,1.373849568
7818,7,27,-5005,621,1.375036992
7818,8,265,-7374,569,1.376224416
7818,9,155,-3787,669,1.377411840
7818,10,66,140,27,1.378599264
7818,11,17,-344,444,1.379786688
7818,12,52,-2781,99,1.380974112
7818,13,-102,-10477,481,1.382161536
7818,14,57,-14027,916,1.383348960
7818,15,-208,-9900,1039,1.384536384
7818,16,-10,-6869,1365,1.385723808
7818,17,-106,-2985,1864,1.386911232
7818,18,1,443,1594,1.388098656
7818,19,-27,-2647,1836,1.389286080
7818,20,75,-9444,1701,1.390473504
7818,21,215,-7654,1637,1.391660928
7818,22,159,-5849,1165,1.392848352
7818,23,123,-6823,621,1.394035776
7818,24,137,-4675,-124,1.395223200
7818,25,3,-3907,-445,1.396410624
7818,26,11,-4045,121,1.397598048
7818,27,-105,-2830,113,1.398785472
7818,28,-160,-2115,-83,1.399972896
7818,29,-185,-6092,-544,1.401160320
7818,30,-193,-7481,-1444,1.402347744
7818,31,-183,-4989,-864,1.403535168
7818,32,-7,-1923,-583,1.404722592
7818,33,-46,-1937,-366,1.405910016
7818,34,120,-2883,-355,1.407097440
7818,35,140,-3241,-230,1.408284864
7818,36,325,-4537,-438,1.409472288
7818,37,322,-5013,-839,1.410659712
7818,38,311,-4488,-1015,1.411847136
7818,39,203,-3546,-709,1.413034560
7818,40,165,-3232,-441,1.414221984
7818,41,17,-3915,-434,1.415409408
7818,42,-50,-7436,-1078,1.416596832
7818,43,-51,-6936,-1063,1.417784256
7818,44,-156,-2520,-801,1.418971680
7818,45,-118,-866,-264,1.420159104
7818,46,-255,-1668,-81,1.421346528
7818,47,-97,-1230,-181,1.422533952
7818,48,37,-2122,-179,1.423721376
7818,49,163,-5253,-354,1.424908800
7818,50,227,-6142,-467,1.426096224
7818,51,224,-8042,-382,1.427283648
7818,52,277,-7037,-374,1.428471072
7818,53,238,-5686,-422,1.429658496
7818,54,220,-4318,-234,1.430845920
7818,55,99,-2188,-83,1.432033344
7818,56,60,-2924,-149,1.433220768
7818,57,-96,-5359,215,1.434408192
7818,58,-108,-6279,179,1.435595616
7818,59,-115,-6131,671,1.436783040
7818,60,-124,-5472,781,1.437970464
7818,61,-84,-3106,733,1.439157888
7818,62,-180,-972,1050,1.440345312
7818,63,-8,-470,1107,1.441532736
7818,64,220,-2620,1052,1.442720160
7819,1,51,-6647,1738,1.443907584
7819,2,141,-5944,318,1.445095008
7819,3,120,-5274,706,1.446282432
7819,4,79,-7574,511,1.447469856
7819,5,-6,-4182,174,1.448657280
7819,6,-141,-2497,227,1.449844704
7819,7,-51,-5935,602,1.451032128
7819,8,-94,-3377,268,1.452219552
7819,9,-247,-2823,828,1.453406976
7819,10,-126,-5439,689,1.454594400
7819,11,-178,-4275,595,1.455781824
7819,12,138,-1933,810,1.456969248
7819,13,12,-845,407,1.458156672
7819,14,172,393,154,1.459344096
7819,15,249,493,1319,1.460531520
7819,16,24,-229,-177,1.461718944
7819,17,382,-5920,-687,1.462906368
7819,18,137,-9682,-320,1.464093792
7819,19,209,-7359,-734,1.465281216
7819,20,-22,-377,-327,1.466468640
7819,21,-245,400,-386,1.467656064
7819,22,-232,-1505,-1345,1.468843488
7819,23,-360,-1289,-842,1.470030912
7819,24,13,1509,-307,1.471218336
7819,25,-248,-1438,-819,1.472405760
7819,26,108,-5082,-1241,1.473593184
7819,27,84,-5829,-613,1.474780608
7819,28,332,-7147,-1739,1.475968032
7819,29,346,-4385,-582,1.477155456
7819,30,405,-1816,-1667,1.478342880
7819,31,349,-4290,-1550,1.479530304
7819,32,288,-6691,-1197,1.480717728
7819,33,155,-4193,-754,1.481905152
7819,34,62,-4848,31,1.483092576
7819,35,-93,-5931,-913,1.484280000
7819,36,-248,-8004,-1014,1.485467424
7819,37,-276,-8520,-666,1.486654848
7819,38,-341,-4578,165,1.487842272
7819,39,-158,-6970,575,1.489029696
7819,40,-146,-10208,271,1.490217120
7819,41,6,-6228,550,1.491404544
7819,42,198,-3328,730,1.492591968
7819,43,291,-4481,1286,1.493779392
7819,44,332,-5402,738,1.494966816
7819,45,311,-7643,531,1.496154240
7819,46,335,-9159,788,1.497341664
7819,47,245,-7099,893,1.498529088
7819,48,156,-6411,1455,1.499716512
7819,49,-103,-5836,1132,1.500903936
7819,50,-176,-2984,925,1.502091360
7819,51,-261,-2841,933,1.503278784
7819,52,-205,-4677,1218,1.504466208
7819,53,-167,-4833,1773,1.505653632
7819,54,-219,-2084,1841,1.506841056
7819,55,-70,-1161,1728,1.508028480
7819,56,-33,-3663,785,1.509215904
7819,57,201,-3671,1232,1.510403328
7819,58,189,-573,1092,1.511590752
7819,59,224,-1217,1151,1.512778176
7819,60,287,-2028,556,1.513965600
7819,61,-6,-236,-54,1.515153024
7819,62,126,-4328,-893,1.516340448
7819,63,-267,-9779,-933,1.517527872
7819,64,-97,-4952,-54,1.518715296
7820,1,-260,-1423,-879,1.519902720
7820,2,-427,-1883,-87,1.521090144
7820,3,-328,138,-827,1.522277568
7820,4,-248,-919,-1184,1.523464992
7820,5,82,-6584,-886,1.524652416
7820,6,149,-5115,-1483,1.525839840
7820,7,305,-3987,-1038,1.527027264
7820,8,388,-3708,-1083,1.528214688
7820,9,408,-1809,-1112,1.529402112
7820,10,473,-2399,-1833,1.530589536
7820,11,312,-4564,-1792,1.531776960
7820,12,354,-2984,-2017,1.532964384
7820,13,6,-1528,-1376,1.534151808
7820,14,-30,-4991,-1418,1.535339232
7820,15,-156,-5287,-1052,1.536526656
7820,16,-287,-1057,-1124,1.537714080
7820,17,-253,805,-1070,1.538901504
7820,18,-285,-1211,-729,1.540088928
7820,19,-102,-3357,-813,1.541276352
7820,20,139,-8519,152,1.542463776
7820,21,153,-8957,-21,1.543651200
7820,22,247,-4857,319,1.544838624
7820,23,500,-5855,374,1.546026048
7820,24,360,-6178,335,1.547213472
7820,25,353,-4835,754,1.548400896
7820,26,203,-5044,1078,1.549588320
7820,27,149,-5645,1635,1.550775744
7820,28,69,-3621,1705,1.551963168
7820,29,-187,-4333,1683,1.553150592
7820,30,-232,-5762,1335,1.554338016
7820,31,-364,-4891,1577,1.555525440
7820,32,-189,-3482,1486,1.556712864
7820,33,-217,-5849,1708,1.557900288
7820,34,-33,-7803,1440,1.559087712
7820,35,-51,-7426,1703,1.560275136
7820,36,134,-6044,1418,1.561462560
7820,37,90,-4567,1180,1.562649984
7820,38,192,-4520,1034,1.563837408
7820,39,181,-2255,1083,1.565024832
7820,40,37,-2172,1287,1.566212256
7820,41,-13,-3447,830,1.567399680
7820,42,-167,-3871,569,1.568587104
7820,43,-133,-2277,-187,1.569774528
7820,44,-277,-127,-105,1.570961952
7820,45,-344,-870,-143,1.572149376
7820,46,-129,-954,-552,1.573336800
7820,47,-343,-688,-353,1.574524224
7820,48,-17,-1372,-999,1.575711648
7820,49,-37,-6816,-1361,1.576899072
7820,50,187,-10103,-1597,1.578086496
7820,51,219,-7135,-1260,1.579273920
7820,52,281,-3251,-763,1.580461344
7820,53,148,12,-1000,1.581648768
7820,54,178,-736,-1242,1.582836192
7820,55,245,-3338,-1496,1.584023616
7820,56,226,-2416,-863,1.585211040
7820,57,103,-488,-837,1.586398464
7820,58,-12,-2638,-1127,1.587585888
7820,59,-7,-4915,-1510,1.588773312
7820,60,24,-4783,-1895,1.589960736
7820,61,99,-7346,-1744,1.591148160
7820,62,174,-7090,-1520,1.592335584
7820,63,156,-2397,-1227,1.593523008
7820,64,189,-2601,-998,1.594710432
7821,1,215,-5766,-833,1.595897856
7821,2,233,-5935,-850,1.597085280
7821,3,262,-4646,71,1.598272704
7821,4,190,-3250,179,1.599460128
7821,5,63,-3425,545,1.600647552
7821,6,29,-3914,895,1.601834976
7821,7,-105,-4577,954,1.603022400
7821,8,-31,-7823,936,1.604209824
7821,9,-16,-10587,307,1.605397248
7821,10,82,-8136,654,1.606584672
7821,11,42,-5749,885,1.607772096
7821,12,15,-6376,1141,1.608959520
7821,13,66,-4484,1350,1.610146944
7821,14,59,-4684,689,1.611334368
7821,15,182,-5477,1222,1.612521792
7821,16,4,-1970,1519,1.613709216
7821,17,-1,-3587,1666,1.614896640
7821,18,-108,-8822,1868,1.616084064
7821,19,-220,-3577,1354,1.617271488
7821,20,-220,-1500,1936,1.618458912
7821,21,-189,-7226,1471,1.619646336
7821,22,-262,-6433,1685,1.620833760
7821,23,-233,-1968,1686,1.622021184
7821,24,-254,-3816,1090,1.623208608
7821,25,-132,-6659,526,1.624396032
7821,26,-48,-5281,-59,1.625583456
7821,27,38,-5781,-134,1.626770880
7821,28,123,-5591,-126,1.627958304
7821,29,33,-1883,-489,1.629145728
7821,30,29,-1009,-370,1.630333152
7821,31,18,-2924,-710,1.631520576
7821,32,19,-3150,-748,1.632708000
7821,33,79,-2494,-626,1.633895424
7821,34,-20,-2382,-680,1.635082848
7821,35,-54,-2424,-630,1.636270272
7821,36,-43,-3357,-930,1.637457696
7821,37,94,-4743,-902,1.638645120
7821,38,172,-5129,-1278,1.639832544
7821,39,203,-4729,-1621,1.641019968
7821,40,213,-4432,-1715,1.642207392
7821,41,215,-3508,-1976,1.643394816
7821,42,278,-2263,-1473,1.644582240
7821,43,274,329,-1709,1.645769664
7821,44,173,519,-1558,1.646957088
7821,45,111,-256,-1667,1.648144512
7821,46,81,898,-1658,1.649331936
7821,47,72,692,-275,1.650519360
7821,48,42,206,-203,1.651706784
7821,49,52,185,-434,1.652894208
7821,50,166,125,-85,1.654081632
7821,51,-106,-3233,-859,1.655269056
7821,52,144,-9192,-156,1.656456480
7821,53,72,-6367,881,1.657643904
7821,54,29,-3259,1178,1.658831328
7821,55,47,-5244,682,1.660018752
7821,56,-110,-7309,537,1.661206176
7821,57,-45,-7542,455,1.662393600
7821,58,-144,-6417,1352,1.663581024
7821,59,-155,-3720,1888,1.664768448
7821,60,-166,-5159,1164,1.665955872
7821,61,-106,-9938,960,1.667143296
7821,62,-63,-10876,1208,1.668330720
7821,63,103,-7233,1589,1.669518144
7821,64,74,-6227,1859,1.670705568
7822,1,191,-8459,740,1.671892992
7822,2,175,-11544,605,1.673080416
7822,3,193,-10118,1019,1.674267840
7822,4,152,-6412,1475,1.675455264
7822,5,47,-6801,1187,1.676642688
7822,6,-120,-6047,454,1.677830112
7822,7,-233,-3006,243,1.679017536
7822,8,-239,-3918,390,1.680204960
7822,9,-229,-6804,614,1.681392384
7822,10,-189,-3759,80,1.682579808
7822,11,-247,-2949,-318,1.683767232
7822,12,-6,-4042,-522,1.684954656
7822,13,62,-3105,-531,1.686142080
7822,14,269,-5056,-424,1.687329504
7822,15,377,-3020,-307,1.688516928
7822,16,336,568,-1050,1.689704352
7822,17,233,-1560,-337,1.690891776
7822,18,421,-6132,-101,1.692079200
7822,19,109,-3517,-396,1.693266624
7822,20,171,-243,-320,1.694454048
7822,21,-140,-790,-612,1.695641472
7822,22,-242,884,-928,1.696828896
7822,23,-254,2332,514,1.698016320
7822,24,-337,3486,691,1.699203744
7822,25,-122,2498,50,1.700391168
7822,26,-29,976,-292,1.701578592
7822,27,189,-650,-44,1.702766016
7822,28,151,-13115,-1523,1.703953440
7822,29,216,-13636,-383,1.705140864
7822,30,146,-763,-1699,1.706328288
7822,31,466,760,-1148,1.707515712
7822,32,250,383,-947,1.708703136
7822,33,4,3045,-1128,1.709890560
7822,34,63,2132,257,1.711077984
7822,35,-165,-246,-386,1.712265408
7822,36,-42,-2392,-133,1.713452832
7822,37,-256,-11860,-113,1.714640256
7822,38,-269,-7511,1250,1.715827680
7822,39,-176,2018,-587,1.717015104
7822,40,-170,-353,245,1.718202528
7822,41,178,-3290,-1591,1.719389952
7822,42,-72,-8873,41,1.720577376
7822,43,350,-11108,-109,1.721764800
7822,44,328,-7334,672,1.722952224
7822,45,454,-5832,-124,1.724139648
7822,46,89,-6159,-1658,1.725327072
7822,47,57,-6965,-1530,1.726514496
7822,48,282,-3726,482,1.727701920
7822,49,-60,-3473,1207,1.728889344
7822,50,114,-8891,1316,1.730076768
7822,51,-260,-8825,1039,1.731264192
7822,52,-197,-6913,578,1.732451616
7822,53,71,-9046,1915,1.733639040
7822,54,-59,-7271,1088,1.734826464
7822,55,100,-5369,1303,1.736013888
7822,56,49,-8744,258,1.737201312
7822,57,140,-8179,527,1.738388736
7822,58,306,-6590,1892,1.739576160
7822,59,225,-7513,1399,1.740763584
7822,60,195,-6783,1345,1.741951008
7822,61,156,-4554,-430,1.743138432
7822,62,35,-7439,115,1.744325856
7822,63,37,-7747,1210,1.745513280
7822,64,-173,-3588,1646,1.746700704
7823,1,-212,-5410,896,1.747888128
7823,2,-157,-5199,-475,1.749075552
7823,3,-166,-981,-257,1.750262976
7823,4,-55,-310,878,1.751450400
7823,5,-171,-3876,84,1.752637824
7823,6,36,-8981,-735,1.753825248
7823,7,43,-9643,-1326,1.755012672
7823,8,167,-5109,-1002,1.756200096
7823,9,-16,-1188,177,1.757387520
7823,10,-5,118,-244,1.758574944
7823,11,-96,669,-1331,1.759762368
7823,12,-223,76,-1661,1.760949792
7823,13,-220,-126,-422,1.762137216
7823,14,-197,-42,153,1.763324640
7823,15,-217,485,-387,1.764512064
7823,16,-119,-892,-1108,1.765699488
7823,17,-242,-2301,-1515,1.766886912
7823,18,25,-1155,-1256,1.768074336
7823,19,142,-1590,-614,1.769261760
7823,20,339,-2959,-508,1.770449184
7823,21,329,-4224,-1338,1.771636608
7823,22,298,-6090,-1628,1.772824032
7823,23,317,-4642,-1035,1.774011456
7823,24,261,-632,-148,1.775198880
7823,25,213,243,456,1.776386304
7823,26,-35,-163,37,1.777573728
7823,27,-112,577,231,1.778761152
7823,28,-194,1227,1317,1.779948576
7823,29,-83,846,1572,1.781136000
7823,30,324,-2784,223,1.782323424
7823,31,-130,-14052,494,1.783510848
7823,32,97,-9821,432,1.784698272
7823,33,80,1200,52,1.785885696
7823,34,350,-1262,2488,1.787073120
7823,35,224,-515,33,1.788260544
7823,36,212,-1543,-312,1.789447968
7823,37,329,-7726,161,1.790635392
7823,38,116,-13236,27,1.791822816
7823,39,129,-7211,957,1.793010240
7823,40,-157,-4255,928,1.794197664
7823,41,-122,-6772,-111,1.795385088
7823,42,-180,-3685,112,1.796572512
7823,43,-144,-1647,259,1.797759936
7823,44,7,-6815,845,1.798947360
7823,45,-43,-8625,605,1.800134784
7823,46,38,-9281,-114,1.801322208
7823,47,209,-12593,167,1.802509632
7823,48,199,-4766,288,1.803697056
7823,49,185,1773,319,1.804884480
7823,50,-155,-2475,-432,1.806071904
7823,51,-62,-2318,-1120,1.807259328
7823,52,-165,-4362,-617,1.808446752
7823,53,36,-12714,346,1.809634176
7823,54,-216,-6830,1319,1.810821600
7823,55,-406,185,15,1.812009024
7823,56,-239,-3500,-480,1.813196448
7823,57,-434,-8258,-1308,1.814383872
7823,58,-73,-5505,31,1.815571296
7823,59,-116,-3285,1343,1.816758720
7823,60,47,-1960,650,1.817946144
7823,61,75,-1415,638,1.819133568
7823,62,349,-4180,-596,1.820320992
7823,63,237,-4561,11,1.821508416
7823,64,240,-2969,-362,1.822695840
7824,1,232,-1884,429,1.823883264
7824,2,52,-2413,47,1.825070688
7824,3,-22,-4799,-715,1.826258112
7824,4,-116,-8143,-229,1.827445536
7824,5,-46,-4430,-648,1.828632960
7824,6,-112,-840,-45,1.829820384
7824,7,-155,-872,-507,1.831007808
7824,8,82,144,716,1.832195232
7824,9,113,-280,747,1.833382656
7824,10,299,-7726,-139,1.834570080
7824,11,292,-10395,-860,1.835757504
7824,12,436,-6304,-1309,1.836944928
7824,13,479,-4838,-531,1.838132352
7824,14,370,-5158,-374,1.839319776
7824,15,262,-7038,-606,1.840507200
7824,16,291,-7076,-1065,1.841694624
7824,17,107,-3538,-1430,1.842882048
7824,18,68,-2777,-1325,1.844069472
7824,19,-93,-6483,-976,1.845256896
7824,20,-196,-8121,-287,1.846444320
7824,21,-59,-3709,349,1.847631744
7824,22,-292,-236,-94,1.848819168
7824,23,192,-1354,-72,1.850006592
7824,24,-88,-4854,55,1.851194016
7824,25,268,-5622,194,1.852381440
7824,26,73,-4763,1259,1.853568864
7824,27,201,-3896,253,1.854756288
7824,28,55,-4107,509,1.855943712
7824,29,52,-4967,725,1.857131136
7824,30,-83,-4920,815,1.858318560
7824,31,-78,-1466,1145,1.859505984
7824,32,-288,-93,1016,1.860693408
7824,33,-386,-1139,1024,1.861880832
7824,34,-518,-791,1029,1.863068256
7824,35,-296,-3986,40,1.864255680
7824,36,-63,-9512,460,1.865443104
7824,37,-106,-5748,1597,1.866630528
7824,38,-192,-136,1082,1.867817952
7824,39,28,-895,2401,1.869005376
7824,40,74,-6173,706,1.870192800
7824,41,180,-7290,499,1.871380224
7824,42,220,-4277,313,1.872567648
7824,43,153,-902,895,1.873755072
7824,44,36,-2075,104,1.874942496
7824,45,-35,-9372,-290,1.876129920
7824,46,-154,-8648,-333,1.877317344
7824,47,-119,-2233,-684,1.878504768
7824,48,-226,-1274,-88,1.879692192
7824,49,-212,-4956,-1696,1.880879616
7824,50,5,-5291,-1598,1.882067040
7824,51,29,-4191,-1140,1.883254464
7824,52,255,-4054,-1026,1.884441888
7824,53,292,-3485,-1260,1.885629312
7824,54,352,-4615,-1972,1.886816736
7824,55,569,-5744,-1546,1.888004160
7824,56,415,-3662,-882,1.889191584
7824,57,388,-71,-573,1.890379008
7824,58,232,-307,-536,1.891566432
7824,59,148,-1032,-1319,1.892753856
7824,60,101,-361,-895,1.893941280
7824,61,-23,-6981,-1019,1.895128704
7824,62,-75,-11872,-684,1.896316128
7824,63,-106,-3962,-316,1.897503552
7824,64,-253,-246,233,1.898690976
7825,1,-122,-3331,-184,1.899878400
7825,2,-56,-6640,-7,1.901065824
7825,3,111,-3523,467,1.902253248
7825,4,201,-2771,682,1.903440672
7825,5,279,-4591,827,1.904628096
7825,6,203,-7118,1410,1.905815520
7825,7,240,-8640,1197,1.907002944
7825,8,175,-8344,1744,1.908190368
7825,9,121,-5680,1260,1.909377792
7825,10,-69,-605,1293,1.910565216
7825,11,-237,-1569,1670,1.911752640
7825,12,-157,-4788,1489,1.912940064
7825,13,-276,-5250,1680,1.914127488
7825,14,-221,-4510,827,1.915314912
7825,15,-240,-3769,739,1.916502336
7825,16,-279,-2011,247,1.917689760
7825,17,-111,-1604,676,1.918877184
7825,18,-157,-5224,592,1.920064608
7825,19,-53,-4114,-99,1.921252032
7825,20,7,-1861,98,1.922439456
7825,21,124,-2231,-254,1.923626880
7825,22,104,-1348,111,1.924814304
7825,23,85,-3537,-406,1.926001728
7825,24,14,-7463,-367,1.927189152
7825,25,-17,-6162,-1002,1.928376576
7825,26,-74,-4391,-793,1.929564000
7825,27,-33,-5460,-210,1.930751424
7825,28,-39,-7361,-1095,1.931938848
7825,29,-31,-9138,-834,1.933126272
7825,30,27,-4827,-1045,1.934313696
7825,31,111,-122,-590,1.935501120
7825,32,262,-2017,-145,1.936688544
7825,33,163,-4422,-1107,1.937875968
7825,34,291,-4405,-753,1.939063392
7825,35,220,-5727,-1265,1.940250816
7825,36,346,-8486,-1023,1.941438240
7825,37,278,-7002,-282,1.942625664
7825,38,185,-1827,-70,1.943813088
7825,39,144,-1623,-68,1.945000512
7825,40,55,-2358,-523,1.946187936
7825,41,47,282,-390,1.947375360
7825,42,28,-1251,-251,1.948562784
7825,43,23,-6068,170,1.949750208
7825,44,3,-4509,-96,1.950937632
7825,45,-49,-6524,-444,1.952125056
7825,46,78,-9418,-97,1.953312480
7825,47,48,-1904,-9,1.954499904
7825,48,146,83,756,1.955687328
7825,49,186,-4430,584,1.956874752
7825,50,187,-819,157,1.958062176
7825,51,-55,371,1305,1.959249600
7825,52,159,-4400,452,1.960437024
7825,53,-142,-5991,1001,1.961624448
7825,54,-75,-7002,393,1.962811872
7825,55,-207,-7834,836,1.963999296
7825,56,-244,-1264,997,1.965186720
7825,57,-339,651,1424,1.966374144
7825,58,-283,-1161,909,1.967561568
7825,59,-162,-1332,147,1.968748992
7825,60,-25,-193,637,1.969936416
7825,61,-269,-5136,-232,1.971123840
7825,62,58,-8988,167,1.972311264
7825,63,-177,-6810,632,1.973498688
7825,64,81,-3243,547,1.974686112
7826,1,-29,-2134,251,1.975873536
7826,2,35,-2922,-411,1.977060960
7826,3,73,-5527,-478,1.978248384
7826,4,67,-6263,-227,1.979435808
7826,5,56,-5656,337,1.980623232
7826,6,57,-9401,-200,1.981810656
7826,7,39,-9323,-422,1.982998080
7826,8,-21,-5448,-373,1.984185504
7826,9,117,-2437,-79,1.985372928
7826,10,69,-1618,56,1.986560352
7826,11,188,-1985,-412,1.987747776
7826,12,234,-2904,-329,1.988935200
7826,13,287,-5277,-608,1.990122624
7826,14,392,-4751,-307,1.991310048
7826,15,272,-1092,-554,1.992497472
7826,16,210,-613,-680,1.993684896
7826,17,145,-3115,-1179,1.994872320
7826,18,153,-3363,-1199,1.996059744
7826,19,167,-4696,-658,1.997247168
7826,20,66,-7397,-831,1.998434592
7826,21,-4,-7634,-1066,1.999622016
7826,22,30,-7651,-863,2.000809440
7826,23,30,-4594,-344,2.001996864
7826,24,-3,-51,190,2.003184288
7826,25,-27,-1213,202,2.004371712
7826,26,14,-3328,-58,2.005559136
7826,27,135,-2346,54,2.006746560
7826,28,185,-4744,269,2.007933984
7826,29,223,-5080,873,2.009121408
7826,30,142,-1033,594,2.010308832
7826,31,88,-2897,365,2.011496256
7826,32,-51,-7758,-221,2.012683680
7826,33,-94,-7017,186,2.013871104
7826,34,-240,-7502,494,2.015058528
7826,35,-326,-10017,510,2.016245952
7826,36,-420,-8817,388,2.017433376
7826,37,-491,-5238,447,2.018620800
7826,38,-500,-6683,764,2.019808224
7826,39,-358,-9639,657,2.020995648
7826,40,-246,-5815,982,2.022183072
7826,41,-55,-3649,795,2.023370496
7826,42,80,-7038,701,2.024557920
7826,43,148,-6648,517,2.025745344
7826,44,300,-4694,394,2.026932768
7826,45,442,-6004,172,2.028120192
7826,46,466,-4420,-51,2.029307616
7826,47,390,-1595,204,2.030495040
7826,48,240,-2371,284,2.031682464
7826,49,71,-4987,-26,2.032869888
7826,50,-24,-5638,-521,2.034057312
7826,51,-134,-5305,-350,2.035244736
7826,52,-193,-3122,118,2.036432160
7826,53,-342,-301,634,2.037619584
7826,54,-262,-696,732,2.038807008
7826,55,-259,-1453,472,2.039994432
7826,56,26,-318,-46,2.041181856
7826,57,32,-1351,-49,2.042369280
7826,58,414,-3679,-74,2.043556704
7826,59,451,-2681,11,2.044744128
7826,60,624,-145,-281,2.045931552
7826,61,422,311,-338,2.047118976
7826,62,298,1095,-603,2.048306400
7826,63,226,1407,-766,2.049493824
7826,64,210,807,-454,2.050681248
7827,1,-24,-536,-202,2.051868672
7827,2,-264,-1553,-695,2.053056096
7827,3,-239,-3834,-405,2.054243520
7827,4,-349,-3501,-279,2.055430944
7827,5,-290,-1098,125,2.056618368
7827,6,-304,143,456,2.057805792
7827,7,-163,528,302,2.058993216
7827,8,200,465,1169,2.060180640
7827,9,-15,-3915,-1777,2.061368064
7827,10,512,-12920,-1008,2.062555488
7827,11,377,-11577,-766,2.063742912
7827,12,325,-3315,-161,2.064930336
7827,13,211,-2152,-451,2.066117760
7827,14,-27,-7212,-1578,2.067305184
7827,15,-79,-9742,-1709,2.068492608
7827,16,-149,-5767,-537,2.069680032
7827,17,-424,-2036,385,2.070867456
7827,18,-322,-4855,-241,2.072054880
7827,19,-445,-6575,-216,2.073242304
7827,20,-310,-3919,186,2.074429728
7827,21,11,-2604,913,2.075617152
7827,22,-48,-6717,834,2.076804576
7827,23,294,-8674,309,2.077992000
7827,24,215,-10197,-17,2.079179424
7827,25,358,-12056,291,2.080366848
7827,26,436,-8891,890,2.081554272
7827,27,422,-2263,386,2.082741696
7827,28,-12,-2437,516,2.083929120
7827,29,160,-4160,-303,2.085116544
7827,30,-165,-2815,541,2.086303968
7827,31,49,-6898,1633,2.087491392
7827,32,-57,-7731,1298,2.088678816
7827,33,-160,-3931,498,2.089866240
7827,34,48,-6032,465,2.091053664
7827,35,-44,-5786,985,2.092241088
7827,36,282,-2836,1757,2.093428512
7827,37,161,-3749,1802,2.094615936
7827,38,233,-7170,1030,2.095803360
7827,39,430,-7408,239,2.096990784
7827,40,306,-8312,725,2.098178208
7827,41,218,-6752,472,2.099365632
7827,42,-17,-4272,223,2.100553056
7827,43,-187,-2970,-506,2.101740480
7827,44,-187,-2906,-753,2.102927904
7827,45,-279,-4022,-164,2.104115328
7827,46,-334,-580,-3,2.105302752
7827,47,-460,354,-224,2.106490176
7827,48,-251,-2281,-1810,2.107677600
7827,49,-152,-4310,-1274,2.108865024
7827,50,179,-1213,-746,2.110052448
7827,51,119,-2172,-378,2.111239872
7827,52,302,-3299,-427,2.112427296
7827,53,171,-376,-1479,2.113614720
7827,54,337,-3448,-1639,2.114802144
7827,55,308,-4184,-1053,2.115989568
7827,56,113,-430,-603,2.117176992
7827,57,-70,-852,-845,2.118364416
7827,58,-220,-1333,-1299,2.119551840
7827,59,-471,-389,-1235,2.120739264
7827,60,-346,-1755,-656,2.121926688
7827,61,-409,-5501,-286,2.123114112
7827,62,-204,-5277,-772,2.124301536
7827,63,-67,-7154,-1304,2.125488960
7827,64,-20,-8414,-568,2.126676384
7828,1,290,-2243,457,2.127863808
7828,2,372,-1657,690,2.129051232
7828,3,559,-3714,1174,2.130238656
7828,4,590,-118,-37,2.131426080
7828,5,319,-354,896,2.132613504
7828,6,338,-7482,1040,2.133800928
7828,7,95,-7275,1117,2.134988352
7828,8,11,-5280,1258,2.136175776
7828,9,-119,-7352,439,2.137363200
7828,10,-280,-4147,245,2.138550624
7828,11,-282,-1429,960,2.139738048
7828,12,-214,-4125,1236,2.140925472
7828,13,-68,-4991,810,2.142112896
7828,14,-1,-5487,352,2.143300320
7828,15,189,-7894,103,2.144487744
7828,16,321,-6933,463,2.145675168
7828,17,419,-5742,829,2.146862592
7828,18,410,-2545,749,2.148050016
7828,19,263,-697,397,2.149237440
7828,20,333,-3710,44,2.150424864
7828,21,69,-6428,667,2.151612288
7828,22,87,-3820,532,2.152799712
7828,23,-185,-5292,227,2.153987136
7828,24,-360,-8630,-554,2.155174560
7828,25,-434,-7004,-672,2.156361984
7828,26,-313,-6687,69,2.157549408
7828,27,-296,-4277,526,2.158736832
7828,28,-289,-3155,53,2.159924256
7828,29,-169,-4152,-761,2.161111680
7828,30,-128,-5812,-882,2.162299104
7828,31,140,-9626,-1054,2.163486528
7828,32,172,-11126,-346,2.164673952
7828,33,165,-6104,-208,2.165861376
7828,34,211,-918,-321,2.167048800
7828,35,110,-383,-72,2.168236224
7828,36,-47,1051,-333,2.169423648
7828,37,-45,1850,371,2.170611072
7828,38,-90,895,324,2.171798496
7828,39,-36,-195,-40,2.172985920
7828,40,-125,-4629,-2408,2.174173344
7828,41,-14,-12137,-450,2.175360768
7828,42,-25,-7919,455,2.176548192
7828,43,-170,-977,481,2.177735616
7828,44,65,-321,190,2.178923040
7828,45,205,-525,-99,2.180110464
7828,46,42,-1730,-764,2.181297888
7828,47,335,-2699,403,2.182485312
7828,48,169,-3779,462,2.183672736
7828,49,341,-6341,-216,2.184860160
7828,50,259,-4102,-470,2.186047584
7828,51,165,946,183,2.187235008
7828,52,49,287,1435,2.188422432
7828,53,298,-3642,-477,2.189609856
7828,54,-157,-7531,-331,2.190797280
7828,55,252,-8005,-1080,2.191984704
7828,56,-16,-5872,448,2.193172128
7828,57,-5,-4109,728,2.194359552
7828,58,17,-3336,-11,2.195546976
7828,59,-222,-3278,-569,2.196734400
7828,60,12,-1358,-416,2.197921824
7828,61,-48,-575,948,2.199109248
7828,62,51,-4084,929,2.200296672
7828,63,35,-8278,295,2.201484096
7828,64,-33,-8023,-745,2.202671520
7829,1,95,-2795,-147,2.203858944
7829,2,144,-301,786,2.205046368
7829,3,221,-2640,298,2.206233792
7829,4,-14,-8319,-252,2.207421216
7829,5,60,-8223,-1331,2.208608640
7829,6,17,-9535,244,2.209796064
7829,7,158,-9161,631,2.210983488
7829,8,-104,-4671,831,2.212170912
7829,9,-69,-4505,-8,2.213358336
7829,10,-199,-5430,-409,2.214545760
7829,11,-231,-2488,413,2.215733184
7829,12,-181,-798,1845,2.216920608
7829,13,-161,-2060,1562,2.218108032
7829,14,-150,-2396,678,2.219295456
7829,15,-72,-2821,-196,2.220482880
7829,16,-68,-6458,-186,2.221670304
7829,17,131,-6299,306,2.222857728
7829,18,155,-4049,126,2.224045152
7829,19,269,-4336,-71,2.225232576
7829,20,143,-3209,-996,2.226420000
7829,21,113,-2844,-885,2.227607424
7829,22,66,-5206,-810,2.228794848
7829,23,68,-6820,-690,2.229982272
7829,24,36,-4696,-575,2.231169696
7829,25,-106,-6064,-84,2.232357120
7829,26,-76,-3428,336,2.233544544
7829,27,-220,-1489,453,2.234731968
7829,28,52,-6827,-703,2.235919392
7829,29,50,-6776,-388,2.237106816
7829,30,168,-1845,-385,2.238294240
7829,31,211,-1866,318,2.239481664
7829,32,243,-4667,284,2.240669088
7829,33,255,-3398,-656,2.241856512
7829,34,247,-4975,-821,2.243043936
7829,35,238,-5468,-1347,2.244231360
7829,36,135,-2435,-557,2.245418784
7829,37,74,-1200,-164,2.246606208
7829,38,-166,-1633,-88,2.247793632
7829,39,-98,-4253,-404,2.248981056
7829,40,-173,-2910,-322,2.250168480
7829,41,-102,-188,304,2.251355904
7829,42,-76,-3114,380,2.252543328
7829,43,-49,-6631,761,2.253730752
7829,44,-47,-6744,213,2.254918176
7829,45,147,-6344,432,2.256105600
7829,46,196,-3310,801,2.257293024
7829,47,178,-819,598,2.258480448
7829,48,206,-2732,539,2.259667872
7829,49,79,-3943,29,2.260855296
7829,50,111,-2677,464,2.262042720
7829,51,11,-5791,704,2.263230144
7829,52,-39,-6685,485,2.264417568
7829,53,-137,-3452,311,2.265604992
7829,54,-270,-3229,243,2.266792416
7829,55,-165,-2593,366,2.267979840
7829,56,-188,-2749,487,2.269167264
7829,57,-36,-5386,688,2.270354688
7829,58,52,-7834,575,2.271542112
7829,59,108,-5896,268,2.272729536
7829,60,116,-5946,-64,2.273916960
7829,61,139,-9100,-327,2.275104384
7829,62,135,-4776,-451,2.276291808
7829,63,119,-1826,-435,2.277479232
7829,64,155,-4117,-642,2.278666656
7830,1,-42,-5219,-325,2.279854080
7830,2,45,-1502,-789,2.281041504
7830,3,-90,-2323,-618,2.282228928
7830,4,-16,-7447,-1575,2.283416352
7830,5,3,-5175,-752,2.284603776
7830,6,-76,-31,-232,2.285791200
7830,7,-6,121,913,2.286978624
7830,8,119,-1104,-79,2.288166048
7830,9,40,-3898,-561,2.289353472
7830,10,339,-8035,-850,2.290540896
7830,11,167,-9266,368,2.291728320
7830,12,267,-1911,898,2.292915744
7830,13,-23,-639,754,2.294103168
7830,14,-9,-6795,-813,2.295290592
7830,15,-60,-9062,-1046,2.296478016
7830,16,-31,-5809,-271,2.297665440
7830,17,-91,-2920,1009,2.298852864
7830,18,-127,-1588,507,2.300040288
7830,19,-210,-3073,-143,2.301227712
7830,20,-57,-9115,-651,2.302415136
7830,21,173,-7248,57,2.303602560
7830,22,143,33,1069,2.304789984
7830,23,300,-844,1175,2.305977408
7830,24,272,-1505,643,2.307164832
7830,25,79,-5501,-313,2.308352256
7830,26,261,-10730,110,2.309539680
7830,27,229,-9887,581,2.310727104
7830,28,127,-3738,839,2.311914528
7830,29,-9,-384,579,2.313101952
7830,30,-540,-1407,109,2.314289376
7830,31,-175,-5594,204,2.315476800
7830,32,-367,-6825,-300,2.316664224
7830,33,-158,-2329,-282,2.317851648
7830,34,-109,-498,63,2.319039072
7830,35,-174,-986,-599,2.320226496
7830,36,-76,-4249,-720,2.321413920
7830,37,370,-8531,-443,2.322601344
7830,38,314,-4830,239,2.323788768
7830,39,415,945,-659,2.324976192
7830,40,355,-863,1439,2.326163616
7830,41,136,-172,452,2.327351040
7830,42,-35,265,429,2.328538464
7830,43,111,-2695,-246,2.329725888
7830,44,-230,-8136,120,2.330913312
7830,45,-131,-6964,-568,2.332100736
7830,46,-390,-3593,651,2.333288160
7830,47,-405,-5509,7,2.334475584
7830,48,-283,-8109,-202,2.335663008
7830,49,-146,-3732,-350,2.336850432
7830,50,73,262,-306,2.338037856
7830,51,312,-1705,280,2.339225280
7830,52,210,-6493,-65,2.340412704
7830,53,405,-9867,-285,2.341600128
7830,54,447,-8593,-703,2.342787552
7830,55,456,-4633,-70,2.343974976
7830,56,334,-2662,-402,2.345162400
7830,57,106,-5722,-308,2.346349824
7830,58,73,-3194,184,2.347537248
7830,59,-179,861,-265,2.348724672
7830,60,-74,-2498,679,2.349912096
7830,61,-274,-6647,-510,2.351099520
7830,62,-163,-4816,-460,2.352286944
7830,63,-190,-5558,-94,2.353474368
7830,64,-104,-3727,-142,2.354661792
7831,1,-137,-1076,-226,2.355849216
7831,2,134,-4065,-310,2.357036640
7831,3,277,-5411,-39,2.358224064
7831,4,338,-2859,-385,2.359411488
7831,5,293,-1349,-33,2.360598912
7831,6,147,-1861,-4,2.361786336
7831,7,66,-2589,26,2.362973760
7831,8,72,-8013,460,2.364161184
7831,9,23,-6474,1024,2.365348608
7831,10,-146,1205,343,2.366536032
7831,11,-220,-838,1666,2.367723456
7831,12,-444,-4255,-265,2.368910880
7831,13,-25,-4723,559,2.370098304
7831,14,-91,-6468,1015,2.371285728
7831,15,18,-5937,890,2.372473152
7831,16,-41,-886,649,2.373660576
7831,17,-141,-934,705,2.374848000
7831,18,83,-5813,-403,2.376035424
7831,19,143,-9038,-441,2.377222848
7831,20,174,-7640,209,2.378410272
7831,21,218,-5685,-49,2.379597696
7831,22,112,-2544,419,2.380785120
7831,23,-86,-3287,-248,2.381972544
7831,24,15,-3291,109,2.383159968
7831,25,-26,667,195,2.384347392
7831,26,116,-514,-431,2.385534816
7831,27,20,-6038,-899,2.386722240
7831,28,-31,-6689,-1007,2.387909664
7831,29,132,-7242,-5,2.389097088
7831,30,86,-7552,-267,2.390284512
7831,31,192,-1925,-720,2.391471936
7831,32,195,-1351,-1333,2.392659360
7831,33,206,-3422,-1175,2.393846784
7831,34,57,-4236,-828,2.395034208
7831,35,112,-6240,-566,2.396221632
7831,36,45,-7696,-179,2.397409056
7831,37,91,-4658,-787,2.398596480
7831,38,55,-1920,-456,2.399783904
7831,39,-111,-3720,-219,2.400971328
7831,40,24,-3274,-22,2.402158752
7831,41,-115,-2733,-99,2.403346176
7831,42,136,-4903,-401,2.404533600
7831,43,126,-9021,-72,2.405721024
7831,44,223,-7849,420,2.406908448
7831,45,116,-3965,505,2.408095872
7831,46,29,-3567,399,2.409283296
7831,47,8,-1604,152,2.410470720
7831,48,-104,-3251,1,2.411658144
7831,49,57,-9038,563,2.412845568
7831,50,-163,-11522,819,2.414032992
7831,51,-150,-9509,557,2.415220416
7831,52,-298,-7476,797,2.416407840
7831,53,-197,-4676,692,2.417595264
7831,54,-92,-3580,1204,2.418782688
7831,55,-49,-2463,1205,2.419970112
7831,56,105,-304,1100,2.421157536
7831,57,32,-2700,363,2.422344960
7831,58,331,-7006,99,2.423532384
7831,59,241,-7744,372,2.424719808
7831,60,365,-6458,-99,2.425907232
7831,61,167,-5260,315,2.427094656
7831,62,52,-1812,-354,2.428282080
7831,63,-76,277,-169,2.429469504
7831,64,-245,-721,583,2.430656928
7832,1,-126,-1035,78,2.431844352
7832,2,-401,-2180,-104,2.433031776
7832,3,-111,-3627,-573,2.434219200
7832,4,-434,-3190,331,2.435406624
7832,5,-160,-127,403,2.436594048
7832,6,-94,12,482,2.437781472
7832,7,177,-4334,-172,2.438968896
7832,8,261,-5740,-1505,2.440156320
7832,9,366,-4252,-850,2.441343744
7832,10,395,-3704,-8,2.442531168
7832,11,322,-3693,-327,2.443718592
7832,12,335,-1848,-374,2.444906016
7832,13,180,849,-817,2.446093440
7832,14,131,53,-49,2.447280864
7832,15,-46,-660,367,2.448468288
7832,16,-111,-4460,274,2.449655712
7832,17,-143,-5730,-254,2.450843136
7832,18,-264,-3447,-573,2.452030560
7832,19,-96,-2136,119,2.453217984
7832,20,-124,-246,140,2.454405408
7832,21,68,-343,105,2.455592832
7832,22,30,-3949,-129,2.456780256
7832,23,191,-3702,-925,2.457967680
7832,24,257,-6377,-512,2.459155104
7832,25,314,-13577,-1009,2.460342528
7832,26,222,-12428,-1008,2.461529952
7832,27,199,-6048,-713,2.462717376
7832,28,41,-4093,-710,2.463904800
7832,29,45,-2061,-164,2.465092224
7832,30,-112,-2200,186,2.466279648
7832,31,-4,-9055,-128,2.467467072
7832,32,1,-10540,349,2.468654496
7832,33,-53,-6589,278,2.469841920
7832,34,-60,-5770,628,2.471029344
7832,35,-82,-7174,393,2.472216768
7832,36,5,-7558,57,2.473404192
7832,37,121,-6378,449,2.474591616
7832,38,35,-4384,691,2.475779040
7832,39,184,-1250,866,2.476966464
7832,40,-153,-1351,501,2.478153888
7832,41,34,-5803,-438,2.479341312
7832,42,13,-10388,-403,2.480528736
7832,43,-8,-6484,508,2.481716160
7832,44,-159,-1651,1683,2.482903584
7832,45,-153,-343,1395,2.484091008
7832,46,-225,364,1366,2.485278432
7832,47,-108,252,1298,2.486465856
7832,48,148,121,992,2.487653280
7832,49,132,-1508,806,2.488840704
7832,50,233,-5930,873,2.490028128
7832,51,135,-7025,928,2.491215552
7832,52,78,-5603,993,2.492402976
7832,53,130,-3063,950,2.493590400
7832,54,73,249,274,2.494777824
7832,55,-8,158,-6,2.495965248
7832,56,-43,-478,-119,2.497152672
7832,57,-331,709,260,2.498340096
7832,58,-284,-838,433,2.499527520
7832,59,-181,-6480,-925,2.500714944
7832,60,-24,-3755,-607,2.501902368
7832,61,4,386,-607,2.503089792
7832,62,-6,-2259,-459,2.504277216
7832,63,63,-2470,-1429,2.505464640
7832,64,249,-4345,-1557,2.506652064
7833,1,417,-8492,-1953,2.507839488
7833,2,583,-6721,-1999,2.509026912
7833,3,492,-3407,-1322,2.510214336
7833,4,218,-4574,-2088,2.511401760
7833,5,174,-6401,-2055,2.512589184
7833,6,-47,-6281,-2423,2.513776608
7833,7,42,-7152,-1593,2.514964032
7833,8,-75,-6771,-1263,2.516151456
7833,9,-217,-7841,-1505,2.517338880
7833,10,-95,-8437,-1416,2.518526304
7833,11,-183,-3832,-661,2.519713728
7833,12,62,-2426,-22,2.520901152
7833,13,132,-5331,112,2.522088576
7833,14,238,-5347,120,2.523276000
7833,15,269,-4271,259,2.524463424
7833,16,261,-5384,597,2.525650848
7833,17,141,-6382,688,2.526838272
7833,18,218,-6734,618,2.528025696
7833,19,65,-8775,553,2.529213120
7833,20,15,-7593,1130,2.530400544
7833,21,-182,-5047,1607,2.531587968
7833,22,-406,-6285,1889,2.532775392
7833,23,-273,-6212,2014,2.533962816
7833,24,-321,-3607,1806,2.535150240
7833,25,-86,-1942,2512,2.536337664
7833,26,-66,-1657,2666,2.537525088
7833,27,-111,-2572,2682,2.538712512
7833,28,159,-3925,2456,2.539899936
7833,29,141,-4734,1965,2.541087360
7833,30,347,-4406,1654,2.542274784
7833,31,211,-4162,1402,2.543462208
7833,32,149,-1764,1188,2.544649632
7833,33,-115,-752,749,2.545837056
7833,34,-203,-4939,-145,2.547024480
7833,35,-308,-6101,179,2.548211904
7833,36,-345,-3723,80,2.549399328
7833,37,-370,-1389,265,2.550586752
7833,38,-546,-2081,-404,2.551774176
7833,39,-259,-1353,-1177,2.552961600
7833,40,-323,-394,-744,2.554149024
7833,41,257,-1902,-1142,2.555336448
7833,42,183,-1448,-912,2.556523872
7833,43,448,-2933,-1583,2.557711296
7833,44,494,-6462,-2253,2.558898720
7833,45,399,-5442,-2235,2.560086144
7833,46,408,-1140,-2406,2.561273568
7833,47,366,-1262,-1955,2.562460992
7833,48,260,-1432,-2593,2.563648416
7833,49,144,833,-2164,2.564835840
7833,50,-143,112,-1468,2.566023264
7833,51,-254,402,-1551,2.567210688
7833,52,-54,-1797,-1515,2.568398112
7833,53,-59,-6273,-1835,2.569585536
7833,54,58,-5985,-660,2.570772960
7833,55,-7,-520,-402,2.571960384
7833,56,26,551,272,2.573147808
7833,57,543,-920,570,2.574335232
7833,58,114,-2563,-1249,2.575522656
7833,59,622,-5259,-516,2.576710080
7833,60,378,-5838,770,2.577897504
7833,61,322,-5359,1048,2.579084928
7833,62,122,-7318,672,2.580272352
7833,63,-96,-7285,419,2.581459776
7833,64,-74,-7381,164,2.582647200
7834,1,-166,-8547,1133,2.583834624
7834,2,-314,-5571,1975,2.585022048
7834,3,-157,-6253,1446,2.586209472
7834,4,-227,-7786,2117,2.587396896
7834,5,-110,-5014,1824,2.588584320
7834,6,111,-5623,2169,2.589771744
7834,7,38,-7165,2168,2.590959168
7834,8,98,-6863,1047,2.592146592
7834,9,159,-10572,799,2.593334016
7834,10,4,-13612,949,2.594521440
7834,11,193,-8417,1143,2.595708864
7834,12,-23,-7448,1027,2.596896288
7834,13,-104,-8396,-102,2.598083712
7834,14,-273,-8057,-425,2.599271136
7834,15,-331,-8080,-357,2.600458560
7834,16,-210,-5566,928,2.601645984
7834,17,-312,-2380,670,2.602833408
7834,18,-204,-2626,347,2.604020832
7834,19,-212,-3968,-173,2.605208256
7834,20,90,-5114,-176,2.606395680
7834,21,97,-9107,347,2.607583104
7834,22,301,-6143,-454,2.608770528
7834,23,190,-2278,308,2.609957952
7834,24,304,-4346,-543,2.611145376
7834,25,92,-5911,-578,2.612332800
7834,26,191,-1980,-105,2.613520224
7834,27,100,1538,-902,2.614707648
7834,28,-226,708,-144,2.615895072
7834,29,-185,921,-819,2.617082496
7834,30,-431,3405,-38,2.618269920
7834,31,-160,3560,405,2.619457344
7834,32,-236,2505,-267,2.620644768
7834,33,-15,1561,-1062,2.621832192
7834,34,325,113,-128,2.623019616
7834,35,134,-2289,-1779,2.624207040
7834,36,489,-8316,-377,2.625394464
7834,37,455,-5980,-115,2.626581888
7834,38,524,110,-1446,2.627769312
7834,39,584,54,-435,2.628956736
7834,40,442,-2023,-1669,2.630144160
7834,41,260,-3081,-600,2.631331584
7834,42,267,-1106,63,2.632519008
7834,43,-230,231,-355,2.633706432
7834,44,-230,-1121,-61,2.634893856
7834,45,-415,-852,-1455,2.636081280
7834,46,-206,-3341,-882,2.637268704
7834,47,-152,-5418,-542,2.638456128
7834,48,-321,-2387,-279,2.639643552
7834,49,-110,-4450,-788,2.640830976
7834,50,28,-7894,-717,2.642018400
7834,51,117,-6597,-116,2.643205824
7834,52,217,-5929,-112,2.644393248
7834,53,230,-5483,-8,2.645580672
7834,54,135,-4119,-582,2.646768096
7834,55,84,-9524,50,2.647955520
7834,56,70,-10651,674,2.649142944
7834,57,-24,-5453,1595,2.650330368
7834,58,-66,-4734,989,2.651517792
7834,59,-285,-8485,590,2.652705216
7834,60,-225,-8513,162,2.653892640
7834,61,-134,-9002,1201,2.655080064
7834,62,-16,-11738,1895,2.656267488
7834,63,-13,-10426,1697,2.657454912
7834,64,52,-8016,1408,2.658642336
7835,1,137,-5247,1423,2.659829760
7835,2,217,-3749,1981,2.661017184
7835,3,254,-3877,1875,2.662204608
7835,4,174,-7786,1593,2.663392032
7835,5,234,-8559,799,2.664579456
7835,6,51,-5462,1558,2.665766880
7835,7,60,-2315,1410,2.666954304
7835,8,-135,-2263,1223,2.668141728
7835,9,-151,-1874,122,2.669329152
7835,10,-236,-122,-239,2.670516576
7835,11,-43,-1230,171,2.671704000
7835,12,-85,-3069,187,2.672891424
7835,13,56,-5100,-74,2.674078848
7835,14,33,-3728,-920,2.675266272
7835,15,69,-1985,-1601,2.676453696
7835,16,211,-3312,-1635,2.677641120
7835,17,117,-3147,-703,2.678828544
7835,18,165,-646,-473,2.680015968
7835,19,32,-144,-624,2.681203392
7835,20,-25,-1985,-1273,2.682390816
7835,21,22,-506,-1563,2.683578240
7835,22,-195,-949,-1047,2.684765664
7835,23,-32,-2691,-1187,2.685953088
7835,24,-132,-1811,-1314,2.687140512
7835,25,-59,-4106,-2153,2.688327936
7835,26,-42,-8519,-1957,2.689515360
7835,27,109,-4992,-1444,2.690702784
7835,28,143,893,-1201,2.691890208
7835,29,248,-232,-1014,2.693077632
7835,30,206,-606,-1890,2.694265056
7835,31,81,11,-1140,2.695452480
7835,32,322,-2406,-346,2.696639904
7835,33,-49,-7780,-589,2.697827328
7835,34,116,-10711,-728,2.699014752
7835,35,-92,-9009,-193,2.700202176
7835,36,-107,-1878,472,2.701389600
7835,37,-129,-15,1141,2.702577024
7835,38,-55,-3507,1253,2.703764448
7835,39,63,-1568,712,2.704951872
7835,40,85,-707,1211,2.706139296
7835,41,218,-7643,973,2.707326720
7835,42,284,-9848,1161,2.708514144
7835,43,317,-7504,1626,2.709701568
7835,44,265,-4459,1299,2.710888992
7835,45,175,-1671,1238,2.712076416
7835,46,116,-2115,1223,2.713263840
7835,47,85,-5641,1603,2.714451264
7835,48,47,-5070,1493,2.715638688
7835,49,-111,-6525,1444,2.716826112
7835,50,-84,-11362,957,2.718013536
7835,51,-203,-9118,854,2.719200960
7835,52,-135,-5132,1480,2.720388384
7835,53,-132,-3439,1492,2.721575808
7835,54,-121,-2908,1070,2.722763232
7835,55,44,-1956,561,2.723950656
7835,56,117,-6129,658,2.725138080
7835,57,238,-8385,-245,2.726325504
7835,58,120,-4747,-243,2.727512928
7835,59,114,-6366,-750,2.728700352
7835,60,39,-5723,-1305,2.729887776
7835,61,-115,-1117,-728,2.731075200
7835,62,-125,121,-5,2.732262624
7835,63,-296,-837,-246,2.733450048
7835,64,-253,-1350,-789,2.734637472
7836,1,-302,-5600,-317,2.735824896
7836,2,-225,-8128,-1329,2.737012320
7836,3,-221,-4648,-397,2.738199744
7836,4,-94,-1574,-375,2.739387168
7836,5,-168,-695,-1008,2.740574592
7836,6,31,-1116,-1078,2.741762016
7836,7,149,-1616,-1242,2.742949440
7836,8,278,-3935,-1134,2.744136864
7836,9,304,-7516,-1240,2.745324288
7836,10,271,-9139,-1590,2.746511712
7836,11,250,-9631,-1803,2.747699136
7836,12,191,-6830,-1167,2.748886560
7836,13,89,-2703,-643,2.750073984
7836,14,53,-231,-274,2.751261408
7836,15,-13,618,-141,2.752448832
7836,16,-8,544,178,2.753636256
7836,17,61,338,855,2.754823680
7836,18,29,-2933,-255,2.756011104
7836,19,234,-13425,894,2.757198528
7836,20,176,-11621,342,2.758385952
7836,21,156,-1088,-85,2.759573376
7836,22,275,-306,1149,2.760760800
7836,23,32,-641,282,2.761948224
7836,24,72,-1187,-609,2.763135648
7836,25,262,-3337,840,2.764323072
7836,26,30,-6116,-338,2.765510496
7836,27,153,-8110,882,2.766697920
7836,28,-87,-4772,945,2.767885344
7836,29,-143,-597,1250,2.769072768
7836,30,-2,-1690,1120,2.770260192
7836,31,-161,-1970,291,2.771447616
7836,32,88,-2515,765,2.772635040
7836,33,129,-3802,1335,2.773822464
7836,34,78,-4300,2174,2.775009888
7836,35,201,-6266,1064,2.776197312
7836,36,55,-7558,919,2.777384736
7836,37,39,-3195,584,2.778572160
7836,38,-30,-295,609,2.779759584
7836,39,-160,-3802,410,2.780947008
7836,40,-212,-7092,345,2.782134432
7836,41,-246,-5035,66,2.783321856
7836,42,-383,-6534,253,2.784509280
7836,43,-185,-9034,-380,2.785696704
7836,44,-229,-5127,-368,2.786884128
7836,45,-136,-2878,-97,2.788071552
7836,46,-66,-2616,-242,2.789258976
7836,47,-39,-1438,107,2.790446400
7836,48,169,-2274,-658,2.791633824
7836,49,309,-9160,-778,2.792821248
7836,50,370,-7979,-1197,2.794008672
7836,51,296,-1335,-961,2.795196096
7836,52,251,-2530,-793,2.796383520
7836,53,85,-5094,-1190,2.797570944
7836,54,105,-2660,-1442,2.798758368
7836,55,-53,-2155,-1307,2.799945792
7836,56,-30,-4704,-1124,2.801133216
7836,57,-133,-2705,-1134,2.802320640
7836,58,-138,-1639,-680,2.803508064
7836,59,-104,-3184,-790,2.804695488
7836,60,31,-4586,-754,2.805882912
7836,61,139,-5937,-630,2.807070336
7836,62,272,-4216,-446,2.808257760
7836,63,262,-4124,-133,2.809445184
7836,64,343,-5478,-413,2.810632608
7837,1,281,-7015,-302,2.811820032
7837,2,303,-7619,-241,2.813007456
7837,3,221,-4928,628,2.814194880
7837,4,126,-1081,595,2.815382304
7837,5,-65,-1561,942,2.816569728
7837,6,-173,-5079,193,2.817757152
7837,7,-187,-4562,774,2.818944576
7837,8,-147,-3834,1036,2.820132000
7837,9,-149,-5865,772,2.821319424
7837,10,-113,-7000,968,2.822506848
7837,11,-124,-6189,819,2.823694272
7837,12,14,-4345,1450,2.824881696
7837,13,74,-2789,1297,2.826069120
7837,14,130,-4120,861,2.827256544
7837,15,173,-4521,790,2.828443968
7837,16,70,-4621,406,2.829631392
7837,17,167,-7620,685,2.830818816
7837,18,-25,-7539,637,2.832006240
7837,19,-36,-5033,238,2.833193664
7837,20,-131,-6788,419,2.834381088
7837,21,-117,-4232,120,2.835568512
7837,22,-196,-1253,497,2.836755936
7837,23,-106,-2559,212,2.837943360
7837,24,-157,-2338,46,2.839130784
7837,25,44,-2039,-105,2.840318208
7837,26,118,-2382,227,2.841505632
7837,27,2,-2782,-378,2.842693056
7837,28,144,-6632,-550,2.843880480
7837,29,68,-7469,-715,2.845067904
7837,30,185,-3880,-609,2.846255328
7837,31,123,-1267,-151,2.847442752
7837,32,-9,-2083,-443,2.848630176
7837,33,17,-2152,-905,2.849817600
7837,34,-121,-1257,-731,2.851005024
7837,35,18,-2041,-713,2.852192448
7837,36,-31,-3814,-628,2.853379872
7837,37,-6,-4297,-481,2.854567296
7837,38,4,-1235,-600,2.855754720
7837,39,101,-1162,-693,2.856942144
7837,40,169,-3980,-1207,2.858129568
7837,41,296,-5954,-878,2.859316992
7837,42,378,-3934,-406,2.860504416
7837,43,252,-2719,99,2.861691840
7837,44,280,-2183,202,2.862879264
7837,45,-60,-582,-67,2.864066688
7837,46,-17,-4146,-497,2.865254112
7837,47,-98,-7000,-389,2.866441536
7837,48,-147,-4416,17,2.867628960
7837,49,-161,-4016,384,2.868816384
7837,50,-323,-5103,623,2.870003808
7837,51,-198,-2290,244,2.871191232
7837,52,-111,-2313,351,2.872378656
7837,53,144,-4391,33,2.873566080
7837,54,94,-1767,353,2.874753504
7837,55,210,-310,785,2.875940928
7837,56,60,-4223,18,2.877128352
7837,57,362,-12915,124,2.878315776
7837,58,271,-13880,-415,2.879503200
7837,59,149,-9023,-339,2.880690624
7837,60,86,-6065,692,2.881878048
7837,61,-168,-2319,648,2.883065472
7837,62,-193,-1189,1056,2.884252896
7837,63,-259,-3845,1335,2.885440320
7837,64,-179,-5640,996,2.886627744
7838,1,-63,-7162,503,2.887815168
7838,2,-21,-8390,726,2.889002592
7838,3,-23,-6933,204,2.890190016
7838,4,51,-8372,531,2.891377440
7838,5,198,-6832,177,2.892564864
7838,6,313,-1022,168,2.893752288
7838,7,369,-845,485,2.894939712
7838,8,233,-2315,-3,2.896127136
7838,9,130,-3960,434,2.897314560
7838,10,42,-5540,-222,2.898501984
7838,11,-5,-6223,37,2.899689408
7838,12,-93,-3789,-145,2.900876832
7838,13,-248,-1905,1,2.902064256
7838,14,-238,-4325,-473,2.903251680
7838,15,-247,-4183,139,2.904439104
7838,16,-169,71,42,2.905626528
7838,17,39,-166,724,2.906813952
7838,18,100,-6205,-852,2.908001376
7838,19,271,-6296,-858,2.909188800
7838,20,280,-564,-200,2.910376224
7838,21,332,-223,13,2.911563648
7838,22,261,-118,-365,2.912751072
7838,23,59,855,-655,2.913938496
7838,24,-3,1381,-183,2.915125920
7838,25,-125,-495,-910,2.916313344
7838,26,41,-4237,-1117,2.917500768
7838,27,-421,-10778,-1310,2.918688192
7838,28,-230,-8140,51,2.919875616
7838,29,-270,769,-233,2.921063040
7838,30,-173,-1544,-33,2.922250464
7838,31,-198,-7815,-214,2.923437888
7838,32,33,-3949,-734,2.924625312
7838,33,202,-2637,-51,2.925812736
7838,34,361,-6421,185,2.927000160
7838,35,414,-5156,-550,2.928187584
7838,36,392,-3035,-400,2.929375008
7838,37,331,-1850,-268,2.930562432
7838,38,104,-1007,-469,2.931749856
7838,39,133,-5866,-1003,2.932937280
7838,40,116,-10166,-1010,2.934124704
7838,41,-16,-9586,317,2.935312128
7838,42,-184,-9146,503,2.936499552
7838,43,-210,-5626,1159,2.937686976
7838,44,-261,-1025,857,2.938874400
7838,45,-176,-2897,281,2.940061824
7838,46,29,-5609,536,2.941249248
7838,47,21,-2614,1227,2.942436672
7838,48,154,-4712,1631,2.943624096
7838,49,172,-9013,1109,2.944811520
7838,50,202,-7756,444,2.945998944
7838,51,361,-6892,-24,2.947186368
7838,52,350,-7011,447,2.948373792
7838,53,244,-2981,531,2.949561216
7838,54,108,-3088,493,2.950748640
7838,55,15,-6867,374,2.951936064
7838,56,-19,-2820,519,2.953123488
7838,57,-124,-1630,592,2.954310912
7838,58,-167,-6263,548,2.955498336
7838,59,-207,-2566,435,2.956685760
7838,60,-276,377,991,2.957873184
7838,61,-127,-4690,943,2.959060608
7838,62,-127,-6813,388,2.960248032
7838,63,-51,-3886,147,2.961435456
7838,64,86,-4285,-295,2.962622880
7839,1,98,-4067,-383,2.963810304
7839,2,36,-1957,-10,2.964997728
7839,3,22,-1351,-166,2.966185152
7839,4,-54,-1258,-408,2.967372576
7839,5,32,-3087,-1574,2.968560000
7839,6,-2,-6277,-1702,2.969747424
7839,7,-96,-7242,-1252,2.970934848
7839,8,-112,-5435,-927,2.972122272
7839,9,-144,-4227,-591,2.973309696
7839,10,-31,-3698,-867,2.974497120
7839,11,-37,-3941,-869,2.975684544
7839,12,87,-3546,-572,2.976871968
7839,13,149,-2264,-273,2.978059392
7839,14,217,-4636,-542,2.979246816
7839,15,294,-6253,-533,2.980434240
7839,16,242,-3316,-418,2.981621664
7839,17,266,-1759,-110,2.982809088
7839,18,185,-2223,-153,2.983996512
7839,19,73,-2393,-804,2.985183936
7839,20,51,-4017,-690,2.986371360
7839,21,-29,-3212,-341,2.987558784
7839,22,-83,-1846,-26,2.988746208
7839,23,-54,-6037,-52,2.989933632
7839,24,-61,-6889,-181,2.991121056
7839,25,-102,-1513,364,2.992308480
7839,26,-31,518,910,2.993495904
7839,27,99,124,1750,2.994683328
7839,28,188,-418,1462,2.995870752
7839,29,375,-1858,1316,2.997058176
7839,30,140,-8382,542,2.998245600
7839,31,214,-9205,564,2.999433024
7839,32,208,-3489,1202,3.000620448
7839,33,139,-2063,1639,3.001807872
7839,34,23,-4378,742,3.002995296
7839,35,-152,-4471,147,3.004182720
7839,36,-114,-3357,608,3.005370144
7839,37,-141,-3189,616,3.006557568
7839,38,-239,-4721,589,3.007744992
7839,39,-195,-5957,245,3.008932416
7839,40,-264,-5337,256,3.010119840
7839,41,-36,-5434,362,3.011307264
7839,42,-34,-3955,430,3.012494688
7839,43,22,-1489,433,3.013682112
7839,44,44,-1797,42,3.014869536
7839,45,139,-6597,-433,3.016056960
7839,46,225,-7506,-619,3.017244384
7839,47,177,-5285,-575,3.018431808
7839,48,165,-4510,-560,3.019619232
7839,49,-77,-4536,-1360,3.020806656
7839,50,-22,-4933,-1483,3.021994080
7839,51,-103,-5659,-1008,3.023181504
7839,52,-71,-5619,-844,3.024368928
7839,53,-125,-2927,-884,3.025556352
7839,54,-154,-4474,-1368,3.026743776
7839,55,46,-6045,-1244,3.027931200
7839,56,36,-5461,-491,3.029118624
7839,57,219,-4828,-338,3.030306048
7839,58,171,-6721,-353,3.031493472
7839,59,309,-6651,-676,3.032680896
7839,60,269,-4807,-286,3.033868320
7839,61,268,-5861,131,3.035055744
7839,62,203,-4572,35,3.036243168
7839,63,126,-4871,-185,3.037430592
7839,64,137,-5139,-297,3.038618016
7840,1,-30,-3496,242,3.039805440
7840,2,-51,-3590,486,3.040992864
7840,3,-179,-4084,772,3.042180288
7840,4,-108,-2444,323,3.043367712
7840,5,-66,-1513,269,3.044555136
7840,6,-28,-2724,513,3.045742560
7840,7,50,-1682,831,3.046929984
7840,8,29,-2027,1245,3.048117408
7840,9,153,-5155,712,3.049304832
7840,10,168,-5372,798,3.050492256
7840,11,138,-4912,367,3.051679680
7840,12,73,-8402,649,3.052867104
7840,13,16,-7693,638,3.054054528
7840,14,-120,-3718,640,3.055241952
7840,15,-120,-2624,974,3.056429376
7840,16,-244,-1024,658,3.057616800
7840,17,-211,-82,944,3.058804224
7840,18,-94,-2084,474,3.059991648
7840,19,-189,-4258,40,3.061179072
7840,20,-39,-4672,-299,3.062366496
7840,21,-40,-5601,-190,3.063553920
7840,22,102,-7050,-138,3.064741344
7840,23,181,-4602,-217,3.065928768
7840,24,127,-904,-228,3.067116192
7840,25,157,-1302,-417,3.068303616
7840,26,61,-2010,-663,3.069491040
7840,27,134,-1749,212,3.070678464
7840,28,43,-1859,-75,3.071865888
7840,29,-26,-3165,-570,3.073053312
7840,30,-151,-4985,-855,3.074240736
7840,31,-161,-3822,-1201,3.075428160
7840,32,-77,-4480,-315,3.076615584
7840,33,50,-5719,-554,3.077803008
7840,34,87,-5303,-652,3.078990432
7840,35,198,-3280,-848,3.080177856
7840,36,255,-4081,-956,3.081365280
7840,37,360,-6561,-841,3.082552704
7840,38,335,-4577,-178,3.083740128
7840,39,324,-45,-181,3.084927552
7840,40,159,-755,222,3.086114976
7840,41,178,-4386,-339,3.087302400
7840,42,5,-7710,-213,3.088489824
7840,43,39,-10533,-393,3.089677248
7840,44,-81,-7617,304,3.090864672
7840,45,-120,-1265,235,3.092052096
7840,46,-184,-2088,189,3.093239520
7840,47,-206,-5295,-6,3.094426944
7840,48,-163,-3251,190,3.095614368
7840,49,-21,-4861,86,3.096801792
7840,50,114,-9238,-8,3.097989216
7840,51,113,-8217,-133,3.099176640
7840,52,133,-5619,142,3.100364064
7840,53,115,-4294,620,3.101551488
7840,54,110,-1776,337,3.102738912
7840,55,116,-1202,572,3.103926336
7840,56,58,-603,632,3.105113760
7840,57,-87,-108,1176,3.106301184
7840,58,-48,-4106,815,3.107488608
7840,59,-180,-12893,547,3.108676032
7840,60,-54,-12696,222,3.109863456
7840,61,-212,-3578,213,3.111050880
7840,62,-173,265,1064,3.112238304
7840,63,-165,-370,1714,3.113425728
7840,64,-152,-1884,-268,3.114613152
7841,1,35,-4557,1740,3.115800576
7841,2,25,-2939,868,3.116988000
7841,3,40,-5032,219,3.118175424
7841,4,233,-6650,485,3.119362848
7841,5,2,-821,-202,3.120550272
7841,6,124,103,-123,3.121737696
7841,7,89,-1911,5,3.122925120
7841,8,128,59,-80,3.124112544
7841,9,152,-4352,-525,3.125299968
7841,10,86,-10012,-824,3.126487392
7841,11,43,-7728,-346,3.127674816
7841,12,54,-5305,-341,3.128862240
7841,13,-65,-1356,-77,3.130049664
7841,14,115,1057,-294,3.131237088
7841,15,12,-2743,-1666,3.132424512
7841,16,80,-7077,-1155,3.133611936
7841,17,155,-4494,-507,3.134799360
7841,18,225,-5127,-109,3.135986784
7841,19,248,-5706,-828,3.137174208
7841,20,247,-4399,-1373,3.138361632
7841,21,225,-4986,-1433,3.139549056
7841,22,230,-2645,-803,3.140736480
7841,23,136,-1015,-484,3.141923904
7841,24,152,-4163,-619,3.143111328
7841,25,5,-5812,-1135,3.144298752
7841,26,-25,-7128,-1205,3.145486176
7841,27,-60,-6318,-469,3.146673600
7841,28,-192,-1595,-144,3.147861024
7841,29,-194,-2238,-178,3.149048448
7841,30,-259,-7878,-159,3.150235872
7841,31,-191,-6564,35,3.151423296
7841,32,-108,-3886,810,3.152610720
7841,33,-64,-4906,983,3.153798144
7841,34,-7,-2757,451,3.154985568
7841,35,16,-5028,195,3.156172992
7841,36,149,-7901,739,3.157360416
7841,37,155,-3978,1459,3.158547840
7841,38,150,-3133,1604,3.159735264
7841,39,89,-5020,1415,3.160922688
7841,40,36,-1210,947,3.162110112
7841,41,-78,105,1665,3.163297536
7841,42,18,-2969,1116,3.164484960
7841,43,-74,-2044,1556,3.165672384
7841,44,-226,-1345,1631,3.166859808
7841,45,-205,-2388,1333,3.168047232
7841,46,-167,-898,1646,3.169234656
7841,47,-168,-2323,899,3.170422080
7841,48,-82,-5536,476,3.171609504
7841,49,-30,-2638,90,3.172796928
7841,50,66,-2505,195,3.173984352
7841,51,165,-8486,-4,3.175171776
7841,52,180,-8617,-428,3.176359200
7841,53,221,-7427,-648,3.177546624
7841,54,246,-6652,-1099,3.178734048
7841,55,220,-2955,-928,3.179921472
7841,56,195,-3621,-1224,3.181108896
7841,57,136,-9602,-1052,3.182296320
7841,58,203,-8359,-1237,3.183483744
7841,59,198,-4384,-1336,3.184671168
7841,60,181,-6101,-1183,3.185858592
7841,61,152,-4640,-1203,3.187046016
7841,62,64,-2116,-1091,3.188233440
7841,63,140,-2797,-1019,3.189420864
7841,64,144,-3040,-1418,3.190608288
7842,1,154,-2398,-1482,3.191795712
7842,2,119,-3176,-1173,3.192983136
7842,3,53,-3641,-1363,3.194170560
7842,4,-6,-4143,-1156,3.195357984
7842,5,-65,-4052,-1315,3.196545408
7842,6,-70,-1928,-1017,3.197732832
7842,7,-178,-4488,-1118,3.198920256
7842,8,-59,-9839,-807,3.200107680
7842,9,-119,-7295,41,3.201295104
7842,10,-103,-3810,219,3.202482528
7842,11,-25,-5655,822,3.203669952
7842,12,-37,-3220,991,3.204857376
7842,13,91,119,1764,3.206044800
7842,14,174,-1616,2211,3.207232224
7842,15,66,-4627,1820,3.208419648
7842,16,71,-5797,1649,3.209607072
7842,17,69,-5117,1877,3.210794496
7842,18,33,-4375,2297,3.211981920
7842,19,-82,-5247,1918,3.213169344
7842,20,-221,-2727,1807,3.214356768
7842,21,-300,125,1589,3.215544192
7842,22,-303,-1609,1258,3.216731616
7842,23,-329,-5473,1176,3.217919040
7842,24,-219,-5349,755,3.219106464
7842,25,-207,-4517,679,3.220293888
7842,26,-151,-7938,10,3.221481312
7842,27,16,-7516,-250,3.222668736
7842,28,98,-3683,415,3.223856160
7842,29,264,-2385,366,3.225043584
7842,30,264,-1797,-81,3.226231008
7842,31,409,-1477,-489,3.227418432
7842,32,341,-3938,-1024,3.228605856
7842,33,360,-6032,-1009,3.229793280
7842,34,287,-3943,-532,3.230980704
7842,35,224,-874,-565,3.232168128
7842,36,109,-86,-701,3.233355552
7842,37,-69,-27,-1133,3.234542976
7842,38,68,-484,-1202,3.235730400
7842,39,-115,-1964,-970,3.236917824
7842,40,-37,-3274,-1224,3.238105248
7842,41,-3,-3783,-1205,3.239292672
7842,42,-59,-3338,-814,3.240480096
7842,43,64,-2278,-1091,3.241667520
7842,44,92,-4178,-1040,3.242854944
7842,45,263,-3973,-904,3.244042368
7842,46,214,-1029,-1007,3.245229792
7842,47,269,-3563,-618,3.246417216
7842,48,221,-5144,-827,3.247604640
7842,49,161,-5067,-699,3.248792064
7842,50,201,-6037,-835,3.249979488
7842,51,53,-6272,-555,3.251166912
7842,52,24,-2756,-56,3.252354336
7842,53,-195,-739,645,3.253541760
7842,54,-123,-2179,863,3.254729184
7842,55,-260,-1219,947,3.255916608
7842,56,-195,-1968,613,3.257104032
7842,57,-128,-5844,350,3.258291456
7842,58,-114,-8989,577,3.259478880
7842,59,-73,-9518,828,3.260666304
7842,60,-104,-7934,1179,3.261853728
7842,61,-125,-6252,709,3.263041152
7842,62,-47,-7053,401,3.264228576
7842,63,-42,-9091,52,3.265416000
7842,64,6,-7135,483,3.266603424
7843,1,31,-4734,731,3.267790848
7843,2,-29,-5961,315,3.268978272
7843,3,25,-8772,237,3.270165696
7843,4,46,-9653,-141,3.271353120
7843,5,120,-6885,804,3.272540544
7843,6,164,-2387,791,3.273727968
7843,7,65,-2284,496,3.274915392
7843,8,145,-5704,238,3.276102816
7843,9,149,-6036,154,3.277290240
7843,10,189,-7839,734,3.278477664
7843,11,185,-8926,683,3.279665088
7843,12,30,-5244,565,3.280852512
7843,13,-38,-3367,447,3.282039936
7843,14,-119,-4681,280,3.283227360
7843,15,-94,-3365,583,3.284414784
7843,16,-107,-2461,290,3.285602208
7843,17,-26,-4014,35,3.286789632
7843,18,-42,-4652,-325,3.287977056
7843,19,94,-4915,-251,3.289164480
7843,20,147,-4842,61,3.290351904
7843,21,225,-6028,-584,3.291539328
7843,22,362,-4962,-524,3.292726752
7843,23,281,-532,-720,3.293914176
7843,24,349,277,-208,3.295101600
7843,25,284,25,380,3.296289024
7843,26,145,-19,-495,3.297476448
7843,27,116,-568,-91,3.298663872
7843,28,-34,-2671,-757,3.299851296
7843,29,-158,-1775,-553,3.301038720
7843,30,-221,-2576,-295,3.302226144
7843,31,-277,-1480,-361,3.303413568
7843,32,-420,615,-1260,3.304600992
7843,33,-159,-2811,-1341,3.305788416
7843,34,-186,-2120,-455,3.306975840
7843,35,7,880,-586,3.308163264
7843,36,79,-1982,-227,3.309350688
7843,37,9,-6781,-1226,3.310538112
7843,38,248,-6103,-1719,3.311725536
7843,39,178,-5247,-687,3.312912960
7843,40,203,-1874,3,3.314100384
7843,41,12,99,97,3.315287808
7843,42,-11,-6368,-580,3.316475232
7843,43,-69,-7073,-517,3.317662656
7843,44,-127,-2129,436,3.318850080
7843,45,-81,-2615,1475,3.320037504
7843,46,-287,-3099,795,3.321224928
7843,47,-298,-5279,-367,3.322412352
7843,48,-177,-8703,78,3.323599776
7843,49,-72,-6355,785,3.324787200
7843,50,81,-5777,1403,3.325974624
7843,51,163,-7868,1280,3.327162048
7843,52,134,-4677,467,3.328349472
7843,53,236,-3468,730,3.329536896
7843,54,294,-3930,1167,3.330724320
7843,55,339,-260,1571,3.331911744
7843,56,294,-696,1765,3.333099168
7843,57,111,-882,536,3.334286592
7843,58,148,-968,1230,3.335474016
7843,59,10,-6646,495,3.336661440
7843,60,125,-12345,726,3.337848864
7843,61,51,-7408,462,3.339036288
7843,62,37,-2044,462,3.340223712
7843,63,-84,-4746,89,3.341411136
7843,64,-102,-7442,-41,3.342598560
7844,1,-20,-6148,1,3.343785984
7844,2,51,-6180,-125,3.344973408
7844,3,149,-6724,-357,3.346160832
7844,4,48,-8975,-619,3.347348256
7844,5,134,-6669,-167,3.348535680
7844,6,-2,-3590,-210,3.349723104
7844,7,171,-4380,-884,3.350910528
7844,8,100,-6243,-1141,3.352097952
7844,9,240,-3466,-1371,3.353285376
7844,10,135,-1399,-318,3.354472800
7844,11,83,-3589,-742,3.355660224
7844,12,14,-3705,-882,3.356847648
7844,13,-37,-3227,-1668,3.358035072
7844,14,6,-2553,-1490,3.359222496
7844,15,-149,-2908,-1238,3.360409920
7844,16,-173,-3735,-904,3.361597344
7844,17,-325,-2200,-404,3.362784768
7844,18,-284,-471,-630,3.363972192
7844,19,-269,-323,-143,3.365159616
7844,20,-115,82,-171,3.366347040
7844,21,-95,100,256,3.367534464
7844,22,-108,-2690,-185,3.368721888
7844,23,23,-6299,-340,3.369909312
7844,24,101,-7588,417,3.371096736
7844,25,259,-5626,609,3.372284160
7844,26,235,-2212,1281,3.373471584
7844,27,216,-2022,855,3.374659008
7844,28,124,-5180,10,3.375846432
7844,29,169,-4616,716,3.377033856
7844,30,54,-3518,1450,3.378221280
7844,31,45,-9004,974,3.379408704
7844,32,-59,-11470,916,3.380596128
7844,33,-225,-5929,163,3.381783552
7844,34,-189,-6650,683,3.382970976
7844,35,-105,-8322,928,3.384158400
7844,36,-45,-3125,1005,3.385345824
7844,37,106,-4404,362,3.386533248
7844,38,177,-8075,44,3.387720672
7844,39,299,-4710,-200,3.388908096
7844,40,412,-3640,-9,3.390095520
7844,41,418,-4441,-94,3.391282944
7844,42,409,-1715,-816,3.392470368
7844,43,382,-3743,-1074,3.393657792
7844,44,282,-6603,-874,3.394845216
7844,45,214,-3369,-391,3.396032640
7844,46,60,-4791,-646,3.397220064
7844,47,43,-6957,-674,3.398407488
7844,48,-99,-2445,-790,3.399594912
7844,49,-186,-1279,48,3.400782336
7844,50,-290,-4349,385,3.401969760
7844,51,-260,-4375,313,3.403157184
7844,52,-167,-3823,405,3.404344608
7844,53,-96,-2980,316,3.405532032
7844,54,-72,-733,454,3.406719456
7844,55,5,-2204,295,3.407906880
7844,56,62,-4615,-56,3.409094304
7844,57,131,-4088,8,3.410281728
7844,58,89,-1867,147,3.411469152
7844,59,17,-1283,439,3.412656576
7844,60,-60,-1028,373,3.413844000
7844,61,-209,-2012,77,3.415031424
7844,62,-199,-4316,-198,3.416218848
7844,63,-257,-3535,339,3.417406272
7844,64,-256,312,398,3.418593696
7845,1,-279,850,1628,3.419781120
7845,2,-257,235,1010,3.420968544
7845,3,-138,-33,843,3.422155968
7845,4,-139,-2757,-895,3.423343392
7845,5,90,-9371,15,3.424530816
7845,6,149,-6392,-21,3.425718240
7845,7,157,-2245,-7,3.426905664
7845,8,206,-4291,-581,3.428093088
7845,9,130,-6763,-1590,3.429280512
7845,10,230,-7132,-1565,3.430467936
7845,11,263,-5208,-640,3.431655360
7845,12,198,-631,-268,3.432842784
7845,13,66,-1868,-572,3.434030208
7845,14,25,-7076,-1325,3.435217632
7845,15,75,-8563,-1007,3.436405056
7845,16,252,-7175,-467,3.437592480
7845,17,193,-5716,27,3.438779904
7845,18,213,-4892,-504,3.439967328
7845,19,125,-8029,-581,3.441154752
7845,20,266,-7866,-307,3.442342176
7845,21,259,-4710,57,3.443529600
7845,22,316,-6163,-309,3.444717024
7845,23,164,-5535,-549,3.445904448
7845,24,104,-1235,-422,3.447091872
7845,25,80,-1399,638,3.448279296
7845,26,97,-3368,562,3.449466720
7845,27,43,-4986,417,3.450654144
7845,28,51,-8728,-247,3.451841568
7845,29,102,-6492,265,3.453028992
7845,30,55,-463,1645,3.454216416
7845,31,-53,-980,2311,3.455403840
7845,32,-63,-3350,1555,3.456591264
7845,33,69,-2087,1308,3.457778688
7845,34,29,-3464,1280,3.458966112
7845,35,36,-7993,1424,3.460153536
7845,36,-168,-5791,1682,3.461340960
7845,37,-288,-4936,1045,3.462528384
7845,38,-294,-8086,435,3.463715808
7845,39,-289,-5266,334,3.464903232
7845,40,-312,-1639,695,3.466090656
7845,41,-338,-2731,724,3.467278080
7845,42,-356,-3793,-194,3.468465504
7845,43,-213,-7544,-875,3.469652928
7845,44,-55,-9571,-627,3.470840352
7845,45,-3,-3772,-111,3.472027776
7845,46,54,-2568,-351,3.473215200
7845,47,128,-5721,-887,3.474402624
7845,48,149,-1980,-1038,3.475590048
7845,49,163,636,-428,3.476777472
7845,50,154,-1676,-429,3.477964896
7845,51,228,-1897,-744,3.479152320
7845,52,10,-4842,-1858,3.480339744
7845,53,3,-10096,-2525,3.481527168
7845,54,-51,-5486,-863,3.482714592
7845,55,-51,-615,-458,3.483902016
7845,56,-15,-3390,-1010,3.485089440
7845,57,-7,-3131,-1574,3.486276864
7845,58,77,-666,-1594,3.487464288
7845,59,192,-1594,-746,3.488651712
7845,60,377,-544,-161,3.489839136
7845,61,346,-1247,539,3.491026560
7845,62,458,-3100,-496,3.492213984
7845,63,442,-1454,456,3.493401408
7845,64,344,121,803,3.494588832
7846,1,237,-1228,1280,3.495776256
7846,2,172,-2796,489,3.496963680
7846,3,160,-5921,271,3.498151104
7846,4,-45,-8309,160,3.499338528
7846,5,-141,-6479,965,3.500525952
7846,6,-210,-5590,1332,3.501713376
7846,7,-264,-6236,534,3.502900800
7846,8,-214,-8095,434,3.504088224
7846,9,-125,-6372,441,3.505275648
7846,10,-37,-1441,1702,3.506463072
7846,11,159,-341,2029,3.507650496
7846,12,27,-3460,70,3.508837920
7846,13,196,-9467,-751,3.510025344
7846,14,336,-8149,192,3.511212768
7846,15,312,-4866,787,3.512400192
7846,16,251,-3118,1015,3.513587616
7846,17,-74,-4244,-203,3.514775040
7846,18,-156,-6170,-1084,3.515962464
7846,19,-233,-5320,-369,3.517149888
7846,20,-288,-3484,-137,3.518337312
7846,21,-342,-5188,-43,3.519524736
7846,22,-479,-6306,-992,3.520712160
7846,23,-524,-5678,-799,3.521899584
7846,24,-393,-6058,-380,3.523087008
7846,25,-290,-4512,352,3.524274432
7846,26,-70,-1815,59,3.525461856
7846,27,21,-2086,-647,3.526649280
7846,28,135,-7206,-999,3.527836704
7846,29,331,-9908,-421,3.529024128
7846,30,372,-6306,623,3.530211552
7846,31,416,-2750,723,3.531398976
7846,32,417,-939,-37,3.532586400
7846,33,63,27,15,3.533773824
7846,34,263,-2113,-320,3.534961248
7846,35,-40,-5563,230,3.536148672
7846,36,-37,-6662,272,3.537336096
7846,37,-56,-9674,-37,3.538523520
7846,38,-124,-6406,304,3.539710944
7846,39,-136,-2236,567,3.540898368
7846,40,-128,-5027,545,3.542085792
7846,41,23,-4258,489,3.543273216
7846,42,190,1017,-331,3.544460640
7846,43,394,-445,1374,3.545648064
7846,44,456,-685,642,3.546835488
7846,45,368,-1212,132,3.548022912
7846,46,429,-8103,-520,3.549210336
7846,47,329,-8576,-1122,3.550397760
7846,48,414,-1521,-970,3.551585184
7846,49,233,-296,-12,3.552772608
7846,50,-78,-38,-185,3.553960032
7846,51,105,-623,-1326,3.555147456
7846,52,-325,-6255,-559,3.556334880
7846,53,-137,-3684,-1454,3.557522304
7846,54,-203,-73,357,3.558709728
7846,55,30,-4224,564,3.559897152
7846,56,-324,-5816,-24,3.561084576
7846,57,-133,-3681,-690,3.562272000
7846,58,-163,-5770,-513,3.563459424
7846,59,96,-6432,-386,3.564646848
7846,60,13,-3269,200,3.565834272
7846,61,-8,-3674,400,3.567021696
7846,62,30,-3561,-12,3.568209120
7846,63,-124,-2794,-39,3.569396544
7846,64,-60,-3316,6,3.570583968
7847,1,-141,-1033,592,3.571771392
7847,2,-171,-706,529,3.572958816
7847,3,-180,-4284,174,3.574146240
7847,4,-268,-5222,404,3.575333664
7847,5,-225,-6073,689,3.576521088
7847,6,-28,-9967,627,3.577708512
7847,7,-25,-8148,890,3.578895936
7847,8,51,-1994,1235,3.580083360
7847,9,-72,-2554,1050,3.581270784
7847,10,24,-7560,937,3.582458208
7847,11,147,-7551,588,3.583645632
7847,12,222,-4258,407,3.584833056
7847,13,207,-3430,697,3.586020480
7847,14,181,-3361,-119,3.587207904
7847,15,158,-4322,-151,3.588395328
7847,16,239,-4966,-465,3.589582752
7847,17,207,-3566,-620,3.590770176
7847,18,249,-3592,-468,3.591957600
7847,19,225,-2874,-604,3.593145024
7847,20,155,-2430,-547,3.594332448
7847,21,169,-4890,-819,3.595519872
7847,22,147,-7412,-1014,3.596707296
7847,23,237,-7923,-649,3.597894720
7847,24,153,-6026,-360,3.599082144
7847,25,126,-3799,-80,3.600269568
7847,26,-44,-3361,-418,3.601456992
7847,27,-73,-5782,-746,3.602644416
7847,28,-11,-5181,-770,3.603831840
7847,29,37,-2290,-471,3.605019264
7847,30,64,-2722,-402,3.606206688
7847,31,-51,-6746,-465,3.607394112
7847,32,-5,-6464,-921,3.608581536
7847,33,77,-4377,-675,3.609768960
7847,34,193,-4799,-519,3.610956384
7847,35,136,-3519,-440,3.612143808
7847,36,18,-4819,-5,3.613331232
7847,37,-12,-4939,536,3.614518656
7847,38,-171,-3352,1268,3.615706080
7847,39,-99,-1590,1415,3.616893504
7847,40,-399,-1692,1444,3.618080928
7847,41,-207,-2125,1070,3.619268352
7847,42,-551,-3842,1192,3.620455776
7847,43,-361,-4510,733,3.621643200
7847,44,-368,-3531,1428,3.622830624
7847,45,-202,-4690,828,3.624018048
7847,46,-47,-5745,49,3.625205472
7847,47,84,-4502,65,3.626392896
7847,48,191,-1406,-13,3.627580320
7847,49,264,-92,212,3.628767744
7847,50,251,-511,171,3.629955168
7847,51,318,575,30,3.631142592
7847,52,319,908,562,3.632330016
7847,53,432,-118,995,3.633517440
7847,54,-56,-7418,-357,3.634704864
7847,55,-35,-10215,-760,3.635892288
7847,56,-144,-4839,-37,3.637079712
7847,57,-30,-2609,763,3.638267136
7847,58,-123,-4218,-466,3.639454560
7847,59,-169,-6325,-776,3.640641984
7847,60,-33,-4437,-883,3.641829408
7847,61,79,-1774,-789,3.643016832
7847,62,198,-6290,-659,3.644204256
7847,63,287,-9739,-1584,3.645391680
7847,64,322,-7922,-1358,3.646579104
7848,1,516,-4891,-1264,3.647766528
7848,2,403,-1230,-1120,3.648953952
7848,3,352,-2727,-1310,3.650141376
7848,4,379,-6627,-1004,3.651328800
7848,5,252,-3925,-357,3.652516224
7848,6,233,-2189,162,3.653703648
7848,7,-6,-5913,689,3.654891072
7848,8,-145,-4795,168,3.656078496
7848,9,-243,-4396,-126,3.657265920
7848,10,-237,-6629,42,3.658453344
7848,11,-221,-3833,533,3.659640768
7848,12,-292,-2780,793,3.660828192
7848,13,-253,-5604,265,3.662015616
7848,14,-205,-7514,-106,3.663203040
7848,15,-5,-6608,41,3.664390464
7848,16,41,-5165,509,3.665577888
7848,17,95,-5462,561,3.666765312
7848,18,106,-4615,482,3.667952736
7848,19,77,-3943,639,3.669140160
7848,20,150,-4019,1096,3.670327584
7848,21,75,-2645,1692,3.671515008
7848,22,31,-1626,1395,3.672702432
7848,23,-22,-3585,1293,3.673889856
7848,24,-120,-3563,889,3.675077280
7848,25,-243,-5633,1063,3.676264704
7848,26,-240,-9120,973,3.677452128
7848,27,-355,-3598,445,3.678639552
7848,28,-296,-571,316,3.679826976
7848,29,-200,-3759,-228,3.681014400
7848,30,-250,-1924,-6,3.682201824
7848,31,-268,-614,46,3.683389248
7848,32,103,-6288,-653,3.684576672
7848,33,183,-6564,-802,3.685764096
7848,34,332,-439,-663,3.686951520
7848,35,293,-1843,-26,3.688138944
7848,36,320,-4416,-868,3.689326368
7848,37,381,-1718,-606,3.690513792
7848,38,428,-1608,-583,3.691701216
7848,39,435,-3433,-15,3.692888640
7848,40,264,-371,-81,3.694076064
7848,41,170,930,674,3.695263488
7848,42,61,-856,-769,3.696450912
7848,43,-18,-1891,-1206,3.697638336
7848,44,-92,276,-677,3.698825760
7848,45,-133,-1054,-508,3.700013184
7848,46,-101,-3244,-109,3.701200608
7848,47,-115,-3227,-650,3.702388032
7848,48,24,-3936,-972,3.703575456
7848,49,47,-3686,-713,3.704762880
7848,50,156,-1989,-663,3.705950304
7848,51,295,-2880,-233,3.707137728
7848,52,269,-5301,-282,3.708325152
7848,53,265,-6363,-345,3.709512576
7848,54,232,-6422,-141,3.710700000
7848,55,198,-6226,6,3.711887424
7848,56,160,-8412,-210,3.713074848
7848,57,18,-10681,-219,3.714262272
7848,58,-149,-8309,-201,3.715449696
7848,59,-194,-5250,189,3.716637120
7848,60,-282,-7903,43,3.717824544
7848,61,-236,-10799,-162,3.719011968
7848,62,-289,-9146,-150,3.720199392
7848,63,-266,-7530,-103,3.721386816
7848,64,-160,-10268,88,3.722574240
7849,1,-64,-11097,-27,3.723761664
7849,2,-2,-8749,315,3.724949088
7849,3,144,-6492,380,3.726136512
7849,4,126,-5246,607,3.727323936
7849,5,232,-4513,498,3.728511360
7849,6,219,-3584,736,3.729698784
7849,7,153,-3079,600,3.730886208
7849,8,86,-3583,650,3.732073632
7849,9,36,-6152,341,3.733261056
7849,10,-11,-8500,648,3.734448480
7849,11,-79,-3369,986,3.735635904
7849,12,-271,884,1024,3.736823328
7849,13,-128,-1318,1048,3.738010752
7849,14,-197,-1646,613,3.739198176
7849,15,-149,-110,1486,3.740385600
7849,16,-27,-630,2021,3.741573024
7849,17,-72,-191,1476,3.742760448
7849,18,-28,-857,1412,3.743947872
7849,19,131,-3749,459,3.745135296
7849,20,113,-5120,897,3.746322720
7849,21,229,-4107,315,3.747510144
7849,22,137,-2750,825,3.748697568
7849,23,157,231,-34,3.749884992
7849,24,92,1164,308,3.751072416
7849,25,70,98,321,3.752259840
7849,26,54,922,-904,3.753447264
7849,27,174,-1845,-878,3.754634688
7849,28,38,-7243,-1385,3.755822112
7849,29,87,-8432,-1322,3.757009536
7849,30,21,-3365,-1771,3.758196960
7849,31,33,-1758,-900,3.759384384
7849,32,169,-186,-2174,3.760571808
7849,33,-3,392,-1951,3.761759232
7849,34,349,-3117,-2178,3.762946656
7849,35,99,-6418,-1778,3.764134080
7849,36,221,-5423,-1627,3.765321504
7849,37,116,-5174,-1751,3.766508928
7849,38,107,-5419,-1842,3.767696352
7849,39,14,-1798,-2261,3.768883776
7849,40,50,-1688,-1831,3.770071200
7849,41,53,-3093,-1182,3.771258624
7849,42,29,-1016,-859,3.772446048
7849,43,-8,-5303,-1029,3.773633472
7849,44,3,-11692,-1090,3.774820896
7849,45,20,-8858,-292,3.776008320
7849,46,-88,-5125,301,3.777195744
7849,47,-107,-6227,732,3.778383168
7849,48,-138,-5806,693,3.779570592
7849,49,-95,-5080,1456,3.780758016
7849,50,-58,-6760,2025,3.781945440
7849,51,-32,-5520,2681,3.783132864
7849,52,-23,-3302,2433,3.784320288
7849,53,-32,-4116,2278,3.785507712
7849,54,45,-5172,2423,3.786695136
7849,55,13,-5033,2472,3.787882560
7849,56,141,-7583,2906,3.789069984
7849,57,59,-6250,2295,3.790257408
7849,58,92,-3532,2198,3.791444832
7849,59,87,-3986,1884,3.792632256
7849,60,-5,-5327,1676,3.793819680
7849,61,32,-6242,1558,3.795007104
7849,62,-108,-5091,1328,3.796194528
7849,63,-160,-2716,1561,3.797381952
7849,64,-243,-437,1612,3.798569376
7850,1,-420,-1056,1058,3.799756800
7850,2,-204,-2666,202,3.800944224
7850,3,-136,-5119,89,3.802131648
7850,4,18,-4482,-744,3.803319072
7850,5,18,-1864,-621,3.804506496
7850,6,195,-2104,-780,3.805693920
7850,7,145,-3160,-2150,3.806881344
7850,8,325,-4822,-2562,3.808068768
7850,9,315,-4873,-2349,3.809256192
7850,10,344,-2665,-2370,3.810443616
7850,11,175,-4380,-1999,3.811631040
7850,12,189,-5514,-2163,3.812818464
7850,13,37,-4386,-2194,3.814005888
7850,14,36,-3505,-2317,3.815193312
7850,15,-1,-3555,-1998,3.816380736
7850,16,-17,-942,-1788,3.817568160
7850,17,-110,981,-1129,3.818755584
7850,18,29,-158,-1043,3.819943008
7850,19,-101,-1187,-1529,3.821130432
7850,20,157,-5724,-1902,3.822317856
7850,21,323,-7962,-1538,3.823505280
7850,22,280,-4829,-816,3.824692704
7850,23,265,-2187,-1031,3.825880128
7850,24,186,-2111,-232,3.827067552
7850,25,104,-4267,-1338,3.828254976
7850,26,209,-6439,-161,3.829442400
7850,27,9,-4055,724,3.830629824
7850,28,-35,-3171,1015,3.831817248
7850,29,-119,-8615,1538,3.833004672
7850,30,-267,-9317,1271,3.834192096
7850,31,-68,-4707,2404,3.835379520
7850,32,-110,-4290,2431,3.836566944
7850,33,27,-4733,2169,3.837754368
7850,34,-17,-4524,1631,3.838941792
7850,35,52,-5621,1446,3.840129216
7850,36,159,-7438,2139,3.841316640
7850,37,187,-6757,1705,3.842504064
7850,38,121,-6043,1474,3.843691488
7850,39,52,-6619,577,3.844878912
7850,40,-30,-6262,279,3.846066336
7850,41,-119,-7933,916,3.847253760
7850,42,-87,-4945,1364,3.848441184
7850,43,-301,-665,1594,3.849628608
7850,44,-94,-3376,958,3.850816032
7850,45,-313,-6338,309,3.852003456
7850,46,-167,-5063,548,3.853190880
7850,47,-153,-7569,1062,3.854378304
7850,48,-35,-7460,815,3.855565728
7850,49,17,-1908,498,3.856753152
7850,50,38,-1292,330,3.857940576
7850,51,76,-4115,-674,3.859128000
7850,52,24,-2970,-1061,3.860315424
7850,53,156,-3024,-1000,3.861502848
7850,54,137,-4314,-1127,3.862690272
7850,55,120,-1855,-754,3.863877696
7850,56,-28,-335,-739,3.865065120
7850,57,-64,-2423,-710,3.866252544
7850,58,-73,-136,-1205,3.867439968
7850,59,-64,2159,-1339,3.868627392
7850,60,126,735,307,3.869814816
7850,61,223,1834,-185,3.871002240
7850,62,164,1900,93,3.872189664
7850,63,454,155,452,3.873377088
7850,64,68,-7927,-3075,3.874564512
7851,1,441,-10138,-2228,3.875751936
7851,2,268,-3320,-1745,3.876939360
7851,3,322,-116,-157,3.878126784
7851,4,100,-1926,-1856,3.879314208
7851,5,-31,-6463,-2140,3.880501632
7851,6,13,-6367,-2282,3.881689056
7851,7,5,-4014,-1501,3.882876480
7851,8,-105,-4270,183,3.884063904
7851,9,-85,-6695,-473,3.885251328
7851,10,-163,-5770,265,3.886438752
7851,11,-57,-5244,-19,3.887626176
7851,12,130,-3941,462,3.888813600
7851,13,111,-2782,991,3.890001024
7851,14,198,-3816,150,3.891188448
7851,15,197,-7480,379,3.892375872
7851,16,161,-7722,13,3.893563296
7851,17,133,-7974,626,3.894750720
7851,18,-60,-11080,128,3.895938144
7851,19,-171,-8961,-151,3.897125568
7851,20,-198,-2095,275,3.898312992
7851,21,-387,-1723,1128,3.899500416
7851,22,-286,-6285,1636,3.900687840
7851,23,-284,-5751,1645,3.901875264
7851,24,-163,-7933,1030,3.903062688
7851,25,143,-10752,1488,3.904250112
7851,26,60,-8175,2273,3.905437536
7851,27,197,-6008,2596,3.906624960
7851,28,199,-7888,2523,3.907812384
7851,29,239,-5334,1973,3.908999808
7851,30,288,-2191,2187,3.910187232
7851,31,197,-3621,2088,3.911374656
7851,32,78,-5739,1909,3.912562080
7851,33,-62,-7404,925,3.913749504
7851,34,-176,-6385,625,3.914936928
7851,35,-258,-3333,655,3.916124352
7851,36,-262,-1222,586,3.917311776
7851,37,-402,-81,523,3.918499200
7851,38,-234,1317,-943,3.919686624
7851,39,-101,1258,374,3.920874048
7851,40,60,785,-321,3.922061472
7851,41,342,697,-461,3.923248896
7851,42,345,1350,-50,3.924436320
7851,43,258,-1262,-2962,3.925623744
7851,44,454,-5430,-1369,3.926811168
7851,45,130,-1659,-1890,3.927998592
7851,46,276,-369,-1723,3.929186016
7851,47,178,79,-1952,3.930373440
7851,48,-106,1536,-2085,3.931560864
7851,49,4,-2482,-3341,3.932748288
7851,50,-314,-4270,-1729,3.933935712
7851,51,-253,-601,-2514,3.935123136
7851,52,-171,-3863,-2089,3.936310560
7851,53,-156,-5092,-1706,3.937497984
7851,54,-101,-653,-1932,3.938685408
7851,55,49,-3194,-1023,3.939872832
7851,56,99,-4321,-1109,3.941060256
7851,57,337,-2475,-1314,3.942247680
7851,58,267,-6921,-640,3.943435104
7851,59,219,-4426,-281,3.944622528
7851,60,93,-1663,150,3.945809952
7851,61,-73,-7792,-154,3.946997376
7851,62,-173,-9144,-311,3.948184800
7851,63,-218,-5387,-148,3.949372224
7851,64,-257,-6166,629,3.950559648
7852,1,-198,-6324,836,3.951747072
7852,2,-269,-5326,1591,3.952934496
7852,3,-99,-4166,1611,3.954121920
7852,4,-9,-3625,1823,3.955309344
7852,5,153,-6524,1362,3.956496768
7852,6,305,-7885,2109,3.957684192
7852,7,337,-6540,2358,3.958871616
7852,8,194,-9969,2449,3.960059040
7852,9,198,-10859,2572,3.961246464
7852,10,-68,-3836,2325,3.962433888
7852,11,-5,-3093,2285,3.963621312
7852,12,-201,-8478,1581,3.964808736
7852,13,-339,-8524,1428,3.965996160
7852,14,-282,-7742,1542,3.967183584
7852,15,-308,-7272,1922,3.968371008
7852,16,-191,-3668,1387,3.969558432
7852,17,-205,-1442,826,3.970745856
7852,18,-54,-4056,-107,3.971933280
7852,19,108,-3666,251,3.973120704
7852,20,126,-1904,-18,3.974308128
7852,21,103,-4915,-41,3.975495552
7852,22,86,-5061,-573,3.976682976
7852,23,-99,-1822,-1101,3.977870400
7852,24,-144,-4530,-1484,3.979057824
7852,25,-220,-4792,-1033,3.980245248
7852,26,-324,989,-1021,3.981432672
7852,27,-187,372,-416,3.982620096
7852,28,-437,234,-1233,3.983807520
7852,29,11,237,-1593,3.984994944
7852,30,-5,-4117,-2185,3.986182368
7852,31,225,-7386,-1929,3.987369792
7852,32,356,-1173,-1536,3.988557216
7852,33,298,1857,-1982,3.989744640
7852,34,674,364,-371,3.990932064
7852,35,523,2117,-1627,3.992119488
7852,36,682,1733,-883,3.993306912
7852,37,729,248,-1119,3.994494336
7852,38,409,-98,-1097,3.995681760
7852,39,293,-7496,-2845,3.996869184
7852,40,285,-12043,-1157,3.998056608
7852,41,192,-4529,-228,3.999244032
7852,42,198,-1882,85,4.000431456
7852,43,162,-4165,-220,4.001618880
7852,44,304,-5356,-1191,4.002806304
7852,45,312,-6709,-64,4.003993728
7852,46,384,-9098,25,4.005181152
7852,47,348,-9153,1127,4.006368576
7852,48,407,-11722,176,4.007556000
7852,49,598,-9522,833,4.008743424
7852,50,437,-3359,677,4.009930848
7852,51,406,-3816,1109,4.011118272
7852,52,232,-6824,1120,4.012305696
7852,53,103,-5502,597,4.013493120
7852,54,-10,-5841,1356,4.014680544
7852,55,-213,-6351,1380,4.015867968
7852,56,-449,-4468,1838,4.017055392
7852,57,-708,-6499,866,4.018242816
7852,58,-722,-7588,847,4.019430240
7852,59,-680,-7138,727,4.020617664
7852,60,-493,-7340,1712,4.021805088
7852,61,-488,-4607,2011,4.022992512
7852,62,-474,-3291,1359,4.024179936
7852,63,-324,-6888,378,4.025367360
7852,64,-70,-8158,552,4.026554784
7853,1,48,-6016,1317,4.027742208
7853,2,103,-7673,1723,4.028929632
7853,3,105,-6071,1288,4.030117056
7853,4,-4,-2524,481,4.031304480
7853,5,125,-3744,425,4.032491904
7853,6,-89,-4367,464,4.033679328
7853,7,-14,-2481,397,4.034866752
7853,8,-41,-599,554,4.036054176
7853,9,-208,80,249,4.037241600
7853,10,-171,474,1084,4.038429024
7853,11,-115,546,355,4.039616448
7853,12,7,453,-226,4.040803872
7853,13,238,575,-1108,4.041991296
7853,14,239,-52,-1208,4.043178720
7853,15,282,-258,-625,4.044366144
7853,16,441,-489,-569,4.045553568
7853,17,441,-1714,-1496,4.046740992
7853,18,625,-4752,-2306,4.047928416
7853,19,584,-1220,-2199,4.049115840
7853,20,380,2061,-2048,4.050303264
7853,21,283,506,-634,4.051490688
7853,22,-9,1349,-1676,4.052678112
7853,23,192,1233,-1801,4.053865536
7853,24,94,676,-1013,4.055052960
7853,25,27,813,-1746,4.056240384
7853,26,-30,-45,-419,4.057427808
7853,27,-42,-4902,-2745,4.058615232
7853,28,85,-9498,-1031,4.059802656
7853,29,28,-4727,-509,4.060990080
7853,30,-32,-1600,-12,4.062177504
7853,31,84,-4027,-123,4.063364928
7853,32,-105,-6287,-960,4.064552352
7853,33,-120,-10818,-1007,4.065739776
7853,34,-53,-11332,-117,4.066927200
7853,35,-182,-4122,1075,4.068114624
7853,36,-215,-5098,401,4.069302048
7853,37,-348,-11273,132,4.070489472
7853,38,-447,-8976,-444,4.071676896
7853,39,-235,-6971,559,4.072864320
7853,40,-166,-9134,1543,4.074051744
7853,41,-102,-7008,1486,4.075239168
7853,42,-77,-5950,1333,4.076426592
7853,43,-124,-8382,1051,4.077614016
7853,44,32,-8523,1401,4.078801440
7853,45,29,-6440,1572,4.079988864
7853,46,57,-7570,1847,4.081176288
7853,47,43,-9000,1632,4.082363712
7853,48,-70,-9011,2000,4.083551136
7853,49,-62,-7086,2356,4.084738560
7853,50,-97,-2896,2258,4.085925984
7853,51,-102,-3292,1536,4.087113408
7853,52,-34,-5003,1105,4.088300832
7853,53,-73,-4446,1054,4.089488256
7853,54,21,-7148,1404,4.090675680
7853,55,120,-8841,1156,4.091863104
7853,56,146,-6992,125,4.093050528
7853,57,333,-5577,51,4.094237952
7853,58,334,-1685,-256,4.095425376
7853,59,272,-728,251,4.096612800
7853,60,318,-3290,-42,4.097800224
7853,61,122,-2113,-270,4.098987648
7853,62,175,-412,-334,4.100175072
7853,63,51,-949,-485,4.101362496
7853,64,1,-1227,-385,4.102549920
7854,1,-158,-483,-996,4.103737344
7854,2,-182,-3965,-1486,4.104924768
7854,3,-14,-5664,-1737,4.106112192
7854,4,11,-4257,-1631,4.107299616
7854,5,182,-2583,-1230,4.108487040
7854,6,125,533,-1652,4.109674464
7854,7,287,1261,-2228,4.110861888
7854,8,248,776,-1826,4.112049312
7854,9,384,203,-2397,4.113236736
7854,10,191,-19,-1699,4.114424160
7854,11,317,-3681,-2756,4.115611584
7854,12,162,-9322,-2399,4.116799008
7854,13,139,-6994,-1572,4.117986432
7854,14,-130,-2714,-870,4.119173856
7854,15,-116,-877,-277,4.120361280
7854,16,-178,-2672,-1052,4.121548704
7854,17,-146,-3899,-420,4.122736128
7854,18,-202,-2202,-178,4.123923552
7854,19,-74,-832,759,4.125110976
7854,20,-128,-4570,733,4.126298400
7854,21,63,-5028,265,4.127485824
7854,22,-19,-1857,674,4.128673248
7854,23,43,-2428,854,4.129860672
7854,24,146,-2527,1440,4.131048096
7854,25,62,-1442,1179,4.132235520
7854,26,207,-1319,1420,4.133422944
7854,27,85,-687,1151,4.134610368
7854,28,-1,-79,1801,4.135797792
7854,29,-211,-1294,2123,4.136985216
7854,30,-69,-7479,-79,4.138172640
7854,31,102,-13366,841,4.139360064
7854,32,54,-10805,3047,4.140547488
7854,33,-111,-2277,2979,4.141734912
7854,34,-127,-2089,3320,4.142922336
7854,35,-40,-8070,1585,4.144109760
7854,36,77,-8622,921,4.145297184
7854,37,173,-6460,1366,4.146484608
7854,38,126,-6351,1542,4.147672032
7854,39,183,-10081,525,4.148859456
7854,40,227,-11598,67,4.150046880
7854,41,110,-5967,93,4.151234304
7854,42,110,-802,225,4.152421728
7854,43,111,-2111,401,4.153609152
7854,44,46,-3786,-1349,4.154796576
7854,45,95,-6512,-1356,4.155984000
7854,46,-78,-10639,-1328,4.157171424
7854,47,-16,-8522,-651,4.158358848
7854,48,-59,-1926,-631,4.159546272
7854,49,-272,-194,-1498,4.160733696
7854,50,-78,-1593,-2055,4.161921120
7854,51,-314,-4546,-1871,4.163108544
7854,52,-28,-6831,-1500,4.164295968
7854,53,-21,-5051,-1302,4.165483392
7854,54,34,-3165,-1755,4.166670816
7854,55,133,-3724,-2311,4.167858240
7854,56,-20,-4705,-2356,4.169045664
7854,57,114,-3949,-1585,4.170233088
7854,58,117,-3653,-1402,4.171420512
7854,59,166,-3140,-884,4.172607936
7854,60,61,-4105,-906,4.173795360
7854,61,41,-5671,-440,4.174982784
7854,62,-41,-3278,450,4.176170208
7854,63,-22,-1438,168,4.177357632
7854,64,-79,-1552,687,4.178545056
7855,1,-164,-153,505,4.179732480
7855,2,-93,467,1865,4.180919904
7855,3,-151,1176,2413,4.182107328
7855,4,-37,173,1575,4.183294752
7855,5,19,154,1069,4.184482176
7855,6,-55,-807,596,4.185669600
7855,7,142,-7068,139,4.186857024
7855,8,137,-5620,1299,4.188044448
7855,9,45,-2646,1382,4.189231872
7855,10,198,-3823,957,4.190419296
7855,11,68,-4102,-623,4.191606720
7855,12,237,-7613,82,4.192794144
7855,13,242,-9016,874,4.193981568
7855,14,143,-5837,1531,4.195168992
7855,15,102,-6379,1492,4.196356416
7855,16,61,-8652,840,4.197543840
7855,17,153,-5131,1053,4.198731264
7855,18,141,-4631,884,4.199918688
7855,19,143,-6395,734,4.201106112
7855,20,60,-5552,2,4.202293536
7855,21,53,-6412,-530,4.203480960
7855,22,117,-7930,26,4.204668384
7855,23,85,-6921,-221,4.205855808
7855,24,82,-5930,-463,4.207043232
7855,25,-64,-3736,-1283,4.208230656
7855,26,-48,-184,-1494,4.209418080
7855,27,-89,-490,-586,4.210605504
7855,28,97,-1775,-324,4.211792928
7855,29,-100,-5360,-1065,4.212980352
7855,30,-5,-8852,-2102,4.214167776
7855,31,-7,-5867,-718,4.215355200
7855,32,94,-1190,36,4.216542624
7855,33,2,-242,879,4.217730048
7855,34,116,-185,310,4.218917472
7855,35,-107,-835,-1681,4.220104896
7855,36,322,-6565,-1431,4.221292320
7855,37,83,-6383,297,4.222479744
7855,38,97,-1679,282,4.223667168
7855,39,-79,-4025,589,4.224854592
7855,40,-142,-4886,-694,4.226042016
7855,41,-154,-4502,-696,4.227229440
7855,42,-213,-4116,910,4.228416864
7855,43,-258,750,289,4.229604288
7855,44,-133,657,1912,4.230791712
7855,45,-252,-153,626,4.231979136
7855,46,-218,-6471,-1374,4.233166560
7855,47,85,-11598,-157,4.234353984
7855,48,-28,-8050,1538,4.235541408
7855,49,206,245,227,4.236728832
7855,50,57,300,1083,4.237916256
7855,51,-98,-1037,71,4.239103680
7855,52,252,-2942,-1521,4.240291104
7855,53,204,-3595,-618,4.241478528
7855,54,192,-4694,924,4.242665952
7855,55,144,-4193,-504,4.243853376
7855,56,-187,-4773,-781,4.245040800
7855,57,91,-9545,-697,4.246228224
7855,58,76,-8257,-374,4.247415648
7855,59,62,-3620,478,4.248603072
7855,60,140,-2524,252,4.249790496
7855,61,-67,-4325,-743,4.250977920
7855,62,205,-6825,176,4.252165344
7855,63,291,-8590,862,4.253352768
7855,64,356,-6208,1619,4.254540192
7856,1,265,-5275,144,4.255727616
7856,2,188,-8783,-635,4.256915040
7856,3,197,-9587,-442,4.258102464
7856,4,247,-5768,926,4.259289888
7856,5,204,-4273,1044,4.260477312
7856,6,43,-5303,-157,4.261664736
7856,7,27,-4021,-1033,4.262852160
7856,8,34,-2831,-201,4.264039584
7856,9,15,-3564,1090,4.265227008
7856,10,-89,-2511,1086,4.266414432
7856,11,-159,-608,-134,4.267601856
7856,12,-85,-771,5,4.268789280
7856,13,-61,-2224,277,4.269976704
7856,14,29,-2471,1046,4.271164128
7856,15,-68,-2009,714,4.272351552
7856,16,-69,-5394,-641,4.273538976
7856,17,-47,-5202,-635,4.274726400
7856,18,-88,-4661,86,4.275913824
7856,19,-43,-4185,703,4.277101248
7856,20,-295,-2958,353,4.278288672
7856,21,-194,-928,-840,4.279476096
7856,22,-289,280,-821,4.280663520
7856,23,-198,-789,249,4.281850944
7856,24,-143,-1186,78,4.283038368
7856,25,-217,-5095,92,4.284225792
7856,26,-70,-2949,-214,4.285413216
7856,27,-172,-1233,-963,4.286600640
7856,28,27,-1385,292,4.287788064
7856,29,7,-323,386,4.288975488
7856,30,-38,-5340,-1113,4.290162912
7856,31,148,-8290,-1178,4.291350336
7856,32,-75,-3076,-842,4.292537760
7856,33,45,-2119,-235,4.293725184
7856,34,-32,-6027,21,4.294912608
7856,35,4,-6091,-901,4.296100032
7856,36,122,-4401,-807,4.297287456
7856,37,-11,-2132,-572,4.298474880
7856,38,102,-2563,-16,4.299662304
7856,39,265,-7218,629,4.300849728
7856,40,386,-4858,177,4.302037152
7856,41,513,-3030,122,4.303224576
7856,42,504,-5194,-558,4.304412000
7856,43,387,-3478,373,4.305599424
7856,44,537,-2195,736,4.306786848
7856,45,416,-5398,751,4.307974272
7856,46,253,-9268,222,4.309161696
7856,47,188,-5055,165,4.310349120
7856,48,-40,-168,1039,4.311536544
7856,49,-46,-4359,429,4.312723968
7856,50,-134,-10160,331,4.313911392
7856,51,-192,-6852,131,4.315098816
7856,52,-66,-2864,449,4.316286240
7856,53,-72,-5192,446,4.317473664
7856,54,18,-8032,194,4.318661088
7856,55,156,-7424,43,4.319848512
7856,56,159,-5772,288,4.321035936
7856,57,318,-2766,195,4.322223360
7856,58,304,-2912,148,4.323410784
7856,59,283,-4573,-248,4.324598208
7856,60,106,-8516,-415,4.325785632
7856,61,-10,-11042,-711,4.326973056
7856,62,-164,-8267,-241,4.328160480
7856,63,-171,-4520,44,4.329347904
7856,64,-419,-4404,280,4.330535328
7857,1,-516,-5422,-183,4.331722752
7857,2,-534,-5400,-232,4.332910176
7857,3,-434,-6287,-142,4.334097600
7857,4,-299,-5676,24,4.335285024
7857,5,-235,-5504,270,4.336472448
7857,6,-156,-7672,-173,4.337659872
7857,7,-28,-6990,-157,4.338847296
7857,8,43,-4376,-380,4.340034720
7857,9,154,-4151,-266,4.341222144
7857,10,265,-2017,134,4.342409568
7857,11,240,621,121,4.343596992
7857,12,59,-101,556,4.344784416
7857,13,13,-765,-251,4.345971840
7857,14,-55,-144,17,4.347159264
7857,15,-93,-99,382,4.348346688
7857,16,16,-2237,-44,4.349534112
7857,17,-82,-6021,340,4.350721536
7857,18,-52,-5115,546,4.351908960
7857,19,-176,-1299,381,4.353096384
7857,20,21,-141,745,4.354283808
7857,21,211,254,766,4.355471232
7857,22,327,546,1060,4.356658656
7857,23,314,-1251,148,4.357846080
7857,24,385,-4127,299,4.359033504
7857,25,397,-7312,-26,4.360220928
7857,26,449,-4557,423,4.361408352
7857,27,270,1165,-544,4.362595776
7857,28,88,-447,351,4.363783200
7857,29,290,-2223,-1476,4.364970624
7857,30,-62,-2200,-582,4.366158048
7857,31,72,-1432,422,4.367345472
7857,32,-84,-2807,-248,4.368532896
7857,33,-87,-4317,-423,4.369720320
7857,34,-69,-4650,-1044,4.370907744
7857,35,-106,-5423,-887,4.372095168
7857,36,-10,-7691,-477,4.373282592
7857,37,23,-6395,-654,4.374470016
7857,38,50,-3269,-323,4.375657440
7857,39,125,-1646,-198,4.376844864
7857,40,9,-1954,-779,4.378032288
7857,41,73,-5245,-578,4.379219712
7857,42,23,-4193,-971,4.380407136
7857,43,-56,-3019,-563,4.381594560
7857,44,9,-7177,-1043,4.382781984
7857,45,-170,-11547,-758,4.383969408
7857,46,-48,-8488,-13,4.385156832
7857,47,-232,-4843,-37,4.386344256
7857,48,-105,-5113,56,4.387531680
7857,49,-156,-5593,-24,4.388719104
7857,50,-131,-3951,724,4.389906528
7857,51,-152,-3125,1784,4.391093952
7857,52,-166,-5932,1537,4.392281376
7857,53,-67,-7826,1292,4.393468800
7857,54,-60,-5032,982,4.394656224
7857,55,-43,-2003,1117,4.395843648
7857,56,11,-2210,1354,4.397031072
7857,57,48,-5087,895,4.398218496
7857,58,132,-6151,780,4.399405920
7857,59,163,-1860,544,4.400593344
7857,60,148,-1882,288,4.401780768
7857,61,214,-7787,112,4.402968192
7857,62,143,-7672,-48,4.404155616
7857,63,130,-4989,195,4.405343040
7857,64,151,-5197,610,4.406530464
7858,1,64,-3558,444,4.407717888
7858,2,113,-5493,306,4.408905312
7858,3,66,-6314,309,4.410092736
7858,4,42,-1941,345,4.411280160
7858,5,86,-4118,-99,4.412467584
7858,6,104,-6304,256,4.413655008
7858,7,14,-2594,-289,4.414842432
7858,8,187,-4921,-469,4.416029856
7858,9,180,-5718,-1041,4.417217280
7858,10,175,-2766,-1550,4.418404704
7858,11,307,-2762,-1090,4.419592128
7858,12,141,-1558,-1134,4.420779552
7858,13,300,-759,-1271,4.421966976
7858,14,154,-4408,-1280,4.423154400
7858,15,66,-4488,-1561,4.424341824
7858,16,69,-2540,-1306,4.425529248
7858,17,9,-3086,-345,4.426716672
7858,18,-35,-499,-478,4.427904096
7858,19,-189,-599,-119,4.429091520
7858,20,-175,-4291,-638,4.430278944
7858,21,-87,-4271,222,4.431466368
7858,22,-43,-4466,-133,4.432653792
7858,23,-25,-7499,121,4.433841216
7858,24,-5,-3380,131,4.435028640
7858,25,-38,1573,75,4.436216064
7858,26,-176,-1055,634,4.437403488
7858,27,87,-5425,-1570,4.438590912
7858,28,28,-6333,-31,4.439778336
7858,29,120,-7519,536,4.440965760
7858,30,-41,-3931,1572,4.442153184
7858,31,-197,131,1398,4.443340608
7858,32,-138,-4264,645,4.444528032
7858,33,-147,-7488,807,4.445715456
7858,34,-96,-3711,847,4.446902880
7858,35,-45,-4267,1428,4.448090304
7858,36,-128,-7972,985,4.449277728
7858,37,-30,-7250,757,4.450465152
7858,38,-52,-11266,-138,4.451652576
7858,39,35,-10790,359,4.452840000
7858,40,143,-1930,262,4.454027424
7858,41,30,-2266,-302,4.455214848
7858,42,158,-7014,-311,4.456402272
7858,43,3,-5244,-1088,4.457589696
7858,44,203,-9999,-703,4.458777120
7858,45,226,-12459,-118,4.459964544
7858,46,157,-3098,-468,4.461151968
7858,47,123,219,582,4.462339392
7858,48,94,-1983,446,4.463526816
7858,49,176,-1649,326,4.464714240
7858,50,148,-5212,509,4.465901664
7858,51,153,-7117,-48,4.467089088
7858,52,154,-2421,81,4.468276512
7858,53,68,-6003,226,4.469463936
7858,54,42,-6118,117,4.470651360
7858,55,-90,-682,-99,4.471838784
7858,56,25,-510,-55,4.473026208
7858,57,-34,355,-682,4.474213632
7858,58,-26,1462,-478,4.475401056
7858,59,-122,1650,1134,4.476588480
7858,60,-151,1422,369,4.477775904
7858,61,-48,495,606,4.478963328
7858,62,-66,-287,164,4.480150752
7858,63,107,-5801,-1084,4.481338176
7858,64,69,-7183,1239,4.482525600
7859,1,-30,-1510,239,4.483713024
7859,2,24,526,777,4.484900448
7859,3,45,512,962,4.486087872
7859,4,-11,2426,245,4.487275296
7859,5,9,304,850,4.488462720
7859,6,13,8,642,4.489650144
7859,7,-217,-9856,-1002,4.490837568
7859,8,-37,-14273,-895,4.492024992
7859,9,-243,-3258,-720,4.493212416
7859,10,-72,824,-221,4.494399840
7859,11,-110,-2908,-2130,4.495587264
7859,12,-202,-7345,-1948,4.496774688
7859,13,84,-7673,-1873,4.497962112
7859,14,164,-8509,-1301,4.499149536
7859,15,209,-11724,66,4.500336960
7859,16,225,-13515,-936,4.501524384
7859,17,232,-6706,-306,4.502711808
7859,18,135,-1602,-918,4.503899232
7859,19,308,-6384,-1284,4.505086656
7859,20,182,-7812,-644,4.506274080
7859,21,232,-4292,-175,4.507461504
7859,22,247,-6015,124,4.508648928
7859,23,-5,-7993,-99,4.509836352
7859,24,85,-5244,-494,4.511023776
7859,25,1,-4307,-114,4.512211200
7859,26,58,-3315,228,4.513398624
7859,27,92,-1470,593,4.514586048
7859,28,82,-3318,1008,4.515773472
7859,29,89,-7317,1347,4.516960896
7859,30,147,-6917,1445,4.518148320
7859,31,141,-5319,981,4.519335744
7859,32,283,-6807,1430,4.520523168
7859,33,161,-4752,1619,4.521710592
7859,34,4,-791,2446,4.522898016
7859,35,-49,-1616,3410,4.524085440
7859,36,-58,-2854,1779,4.525272864
7859,37,-17,-3008,1530,4.526460288
7859,38,12,-1450,1231,4.527647712
7859,39,-148,-1375,1917,4.528835136
7859,40,-62,-3385,957,4.530022560
7859,41,-190,-5369,786,4.531209984
7859,42,-129,-4751,328,4.532397408
7859,43,-105,-1842,-159,4.533584832
7859,44,-145,-3073,-63,4.534772256
7859,45,-145,-4315,-475,4.535959680
7859,46,-258,-1948,-414,4.537147104
7859,47,-269,-900,-326,4.538334528
7859,48,-223,-643,-333,4.539521952
7859,49,-159,-555,-981,4.540709376
7859,50,-211,-4006,-1767,4.541896800
7859,51,-79,-8036,-2067,4.543084224
7859,52,-100,-3831,-2060,4.544271648
7859,53,26,-2961,-1858,4.545459072
7859,54,200,-5904,-2398,4.546646496
7859,55,218,-4450,-2485,4.547833920
7859,56,339,-1337,-2447,4.549021344
7859,57,311,597,-1890,4.550208768
7859,58,192,-1101,-2195,4.551396192
7859,59,358,-2636,-2009,4.552583616
7859,60,91,-6883,-965,4.553771040
7859,61,208,-9979,-1474,4.554958464
7859,62,7,-5069,-734,4.556145888
7859,63,-60,381,-698,4.557333312
7859,64,-77,-681,442,4.558520736
7860,1,-51,-6925,-1199,4.559708160
7860,2,20,-8875,627,4.560895584
7860,3,230,-5635,955,4.562083008
7860,4,189,-4982,1823,4.563270432
7860,5,254,-5397,1015,4.564457856
7860,6,263,-7071,352,4.565645280
7860,7,394,-7254,949,4.566832704
7860,8,475,-2074,1399,4.568020128
7860,9,341,-1136,2252,4.569207552
7860,10,230,-7096,1138,4.570394976
7860,11,147,-11087,1213,4.571582400
7860,12,146,-9574,1883,4.572769824
7860,13,16,-4835,2576,4.573957248
7860,14,-218,-393,2164,4.575144672
7860,15,-236,-604,2724,4.576332096
7860,16,-242,-20,1951,4.577519520
7860,17,-122,-1301,946,4.578706944
7860,18,-261,-10856,1484,4.579894368
7860,19,-121,-12089,602,4.581081792
7860,20,-125,-5530,806,4.582269216
7860,21,-160,-1162,500,4.583456640
7860,22,-238,-3831,-773,4.584644064
7860,23,-100,-10363,-1016,4.585831488
7860,24,-90,-4879,-253,4.587018912
7860,25,-106,1015,-684,4.588206336
7860,26,-306,-1795,100,4.589393760
7860,27,-63,-3433,-1148,4.590581184
7860,28,-465,-7709,778,4.591768608
7860,29,-204,-9511,-990,4.592956032
7860,30,-235,-1491,-1081,4.594143456
7860,31,-46,-93,-611,4.595330880
7860,32,-119,-515,19,4.596518304
7860,33,-29,266,-1962,4.597705728
7860,34,148,-7115,-336,4.598893152
7860,35,276,-6025,-1867,4.600080576
7860,36,176,-677,-1846,4.601268000
7860,37,336,-1576,-28,4.602455424
7860,38,76,1762,-1182,4.603642848
7860,39,190,1079,-999,4.604830272
7860,40,349,-3127,-1323,4.606017696
7860,41,132,-1133,-1133,4.607205120
7860,42,189,-458,-367,4.608392544
7860,43,183,-3729,-146,4.609579968
7860,44,189,-4797,-151,4.610767392
7860,45,85,-1498,81,4.611954816
7860,46,154,-1408,-230,4.613142240
7860,47,203,-603,410,4.614329664
7860,48,284,-1633,-244,4.615517088
7860,49,324,-9823,-222,4.616704512
7860,50,319,-12172,706,4.617891936
7860,51,319,-1837,221,4.619079360
7860,52,162,-413,1045,4.620266784
7860,53,257,-5538,-602,4.621454208
7860,54,47,-5875,93,4.622641632
7860,55,72,-6172,167,4.623829056
7860,56,-61,-3523,896,4.625016480
7860,57,-53,-1929,1071,4.626203904
7860,58,-176,-7077,-43,4.627391328
7860,59,-122,-8926,56,4.628578752
7860,60,-116,-5196,256,4.629766176
7860,61,-60,-5968,443,4.630953600
7860,62,-43,-8760,502,4.632141024
7860,63,-185,-6378,480,4.633328448
7860,64,-152,-7276,328,4.634515872
7861,1,-109,-9979,665,4.635703296
7861,2,-104,-8740,290,4.636890720
7861,3,-100,-5164,316,4.638078144
7861,4,-258,-4778,582,4.639265568
7861,5,-189,-7234,660,4.640452992
7861,6,-122,-9912,1436,4.641640416
7861,7,-112,-8700,675,4.642827840
7861,8,-118,-8704,453,4.644015264
7861,9,-33,-7922,48,4.645202688
7861,10,17,-4254,630,4.646390112
7861,11,201,-2383,1522,4.647577536
7861,12,17,-2729,1331,4.648764960
7861,13,63,-4260,284,4.649952384
7861,14,120,-5191,-27,4.651139808
7861,15,87,-3822,55,4.652327232
7861,16,106,-4129,474,4.653514656
7861,17,-101,-4862,154,4.654702080
7861,18,-171,-3199,-754,4.655889504
7861,19,-83,-1955,-826,4.657076928
7861,20,-90,-858,-342,4.658264352
7861,21,19,1003,-441,4.659451776
7861,22,109,1357,252,4.660639200
7861,23,126,2372,-634,4.661826624
7861,24,239,3416,-988,4.663014048
7861,25,282,3438,-389,4.664201472
7861,26,265,2264,-63,4.665388896
7861,27,361,1265,-736,4.666576320
7861,28,216,1450,-1131,4.667763744
7861,29,191,1590,-939,4.668951168
7861,30,115,88,-724,4.670138592
7861,31,-37,-465,122,4.671326016
7861,32,27,-9889,-2729,4.672513440
7861,33,81,-13619,-1280,4.673700864
7861,34,-194,-4240,-1276,4.674888288
7861,35,-94,380,-58,4.676075712
7861,36,-77,27,893,4.677263136
7861,37,-110,-1119,-1427,4.678450560
7861,38,352,-6796,-302,4.679637984
7861,39,58,-6558,-926,4.680825408
7861,40,188,-3598,797,4.682012832
7861,41,201,-1847,488,4.683200256
7861,42,129,-4699,479,4.684387680
7861,43,189,-10188,-1002,4.685575104
7861,44,-20,-5052,-184,4.686762528
7861,45,-219,-1427,362,4.687949952
7861,46,-128,-9809,-169,4.689137376
7861,47,-220,-9495,219,4.690324800
7861,48,-292,-5056,277,4.691512224
7861,49,-144,-6465,1199,4.692699648
7861,50,-251,-4455,848,4.693887072
7861,51,3,-3776,901,4.695074496
7861,52,141,-5237,1334,4.696261920
7861,53,66,-3868,1548,4.697449344
7861,54,279,-7970,810,4.698636768
7861,55,308,-15609,766,4.699824192
7861,56,392,-12317,36,4.701011616
7861,57,303,-7681,541,4.702199040
7861,58,179,-7496,655,4.703386464
7861,59,48,-5660,974,4.704573888
7861,60,55,-5392,490,4.705761312
7861,61,-109,-6654,872,4.706948736
7861,62,-130,-2004,1062,4.708136160
7861,63,-211,-1122,889,4.709323584
7861,64,-110,-5080,912,4.710511008
7862,1,-91,-5142,-27,4.711698432
7862,2,-62,-6448,152,4.712885856
7862,3,84,-7924,359,4.714073280
7862,4,152,-1975,291,4.715260704
7862,5,184,357,348,4.716448128
7862,6,186,-913,-787,4.717635552
7862,7,80,-109,-721,4.718822976
7862,8,-148,-885,-801,4.720010400
7862,9,91,-4447,-1233,4.721197824
7862,10,-308,-6521,-707,4.722385248
7862,11,-169,-5694,-959,4.723572672
7862,12,-286,-3757,-1001,4.724760096
7862,13,-431,-2265,-746,4.725947520
7862,14,-114,-1610,-1014,4.727134944
7862,15,-111,-2247,-536,4.728322368
7862,16,82,194,-590,4.729509792
7862,17,152,900,386,4.730697216
7862,18,350,55,384,4.731884640
7862,19,525,-72,0,4.733072064
7862,20,329,-760,-560,4.734259488
7862,21,393,-6778,-1519,4.735446912
7862,22,140,-6288,-759,4.736634336
7862,23,121,-684,-1104,4.737821760
7862,24,8,-1903,271,4.739009184
7862,25,-239,-1944,-1390,4.740196608
7862,26,-273,-1710,-1299,4.741384032
7862,27,-330,-5383,-859,4.742571456
7862,28,-216,-6869,81,4.743758880
7862,29,-141,-7060,-285,4.744946304
7862,30,31,-10989,354,4.746133728
7862,31,186,-6847,709,4.747321152
7862,32,331,-609,525,4.748508576
7862,33,510,-1372,850,4.749696000
7862,34,514,-2272,360,4.750883424
7862,35,428,-5190,139,4.752070848
7862,36,499,-8497,475,4.753258272
7862,37,316,-7956,976,4.754445696
7862,38,219,-5219,1096,4.755633120
7862,39,-77,-1846,753,4.756820544
7862,40,-282,-425,170,4.758007968
7862,41,-465,-436,671,4.759195392
7862,42,-330,-831,713,4.760382816
7862,43,1,-2634,1851,4.761570240
7862,44,-336,-9022,724,4.762757664
7862,45,-191,-13668,-439,4.763945088
7862,46,-50,-11746,329,4.765132512
7862,47,110,-5927,646,4.766319936
7862,48,136,-3989,1233,4.767507360
7862,49,79,-5190,357,4.768694784
7862,50,181,-2082,467,4.769882208
7862,51,117,-2861,506,4.771069632
7862,52,45,-10208,183,4.772257056
7862,53,3,-10811,276,4.773444480
7862,54,-110,-4606,-277,4.774631904
7862,55,-132,-2850,327,4.775819328
7862,56,-329,-3250,-285,4.777006752
7862,57,-378,-4220,-174,4.778194176
7862,58,-188,-4122,98,4.779381600
7862,59,-169,-251,-172,4.780569024
7862,60,-101,-280,368,4.781756448
7862,61,90,-1419,-9,4.782943872
7862,62,-122,-1382,15,4.784131296
7862,63,113,-6253,-636,4.785318720
7862,64,91,-6507,-713,4.786506144
7863,1,192,868,-1204,4.787693568
7863,2,241,-244,387,4.788880992
7863,3,-84,-211,-993,4.790068416
7863,4,-107,574,-1472,4.791255840
7863,5,-3,-1233,-825,4.792443264
7863,6,118,-4368,-1935,4.793630688
7863,7,124,-3586,-138,4.794818112
7863,8,105,-1561,-178,4.796005536
7863,9,-57,-4759,-794,4.797192960
7863,10,176,-7465,-567,4.798380384
7863,11,154,-2263,-453,4.799567808
7863,12,213,432,138,4.800755232
7863,13,529,-424,787,4.801942656
7863,14,114,-309,667,4.803130080
7863,15,466,-1735,51,4.804317504
7863,16,251,-7189,1001,4.805504928
7863,17,170,-4747,212,4.806692352
7863,18,77,-741,424,4.807879776
7863,19,-66,-4543,-43,4.809067200
7863,20,-88,-10077,-1134,4.810254624
7863,21,-26,-8966,-662,4.811442048
7863,22,-204,-5576,-114,4.812629472
7863,23,1,-6038,-16,4.813816896
7863,24,-120,-4480,-161,4.815004320
7863,25,39,-5922,-530,4.816191744
7863,26,133,-11507,-464,4.817379168
7863,27,106,-10257,503,4.818566592
7863,28,241,-4288,521,4.819754016
7863,29,257,-5872,800,4.820941440
7863,30,150,-7542,207,4.822128864
7863,31,124,-5077,533,4.823316288
7863,32,152,-4196,963,4.824503712
7863,33,92,-4415,893,4.825691136
7863,34,15,-5956,379,4.826878560
7863,35,-218,-7898,-152,4.828065984
7863,36,-226,-10707,-7,4.829253408
7863,37,-215,-10917,-23,4.830440832
7863,38,-280,-7674,475,4.831628256
7863,39,-183,-2626,155,4.832815680
7863,40,-266,-1848,328,4.834003104
7863,41,-94,-2868,448,4.835190528
7863,42,-84,-2069,1234,4.836377952
7863,43,56,-2237,826,4.837565376
7863,44,80,-4414,274,4.838752800
7863,45,120,-6007,-38,4.839940224
7863,46,92,-3666,491,4.841127648
7863,47,68,-2498,1136,4.842315072
7863,48,43,-1968,661,4.843502496
7863,49,50,-16,19,4.844689920
7863,50,9,-98,-119,4.845877344
7863,51,-97,300,213,4.847064768
7863,52,-165,-326,262,4.848252192
7863,53,-192,-3787,-1081,4.849439616
7863,54,-161,-7887,-530,4.850627040
7863,55,-133,-3118,-377,4.851814464
7863,56,-145,1369,-203,4.853001888
7863,57,31,-20,1094,4.854189312
7863,58,-10,1635,-660,4.855376736
7863,59,198,996,-31,4.856564160
7863,60,353,-1635,-875,4.857751584
7863,61,391,-5694,-472,4.858939008
7863,62,417,-2817,-563,4.860126432
7863,63,297,-752,-805,4.861313856
7863,64,338,-230,-1436,4.862501280
7864,1,217,666,-1161,4.863688704
7864,2,5,-677,-1126,4.864876128
7864,3,266,-5900,-1781,4.866063552
7864,4,7,-9702,-1464,4.867250976
7864,5,-47,-10310,-1621,4.868438400
7864,6,-108,-4507,-516,4.869625824
7864,7,-232,-935,-259,4.870813248
7864,8,-27,-5287,-500,4.872000672
7864,9,11,-4361,-354,4.873188096
7864,10,16,-379,-107,4.874375520
7864,11,204,-5780,518,4.875562944
7864,12,164,-9455,504,4.876750368
7864,13,351,-6891,737,4.877937792
7864,14,374,-7176,340,4.879125216
7864,15,230,-5429,157,4.880312640
7864,16,102,-4858,-223,4.881500064
7864,17,79,-9050,-26,4.882687488
7864,18,-42,-9851,633,4.883874912
7864,19,-120,-8542,778,4.885062336
7864,20,-269,-9838,666,4.886249760
7864,21,-313,-8414,815,4.887437184
7864,22,-274,-2438,1149,4.888624608
7864,23,-302,-2994,1771,4.889812032
7864,24,-99,-7174,1778,4.890999456
7864,25,-113,-5787,1875,4.892186880
7864,26,2,-2853,1955,4.893374304
7864,27,150,-2326,1740,4.894561728
7864,28,159,-2508,1349,4.895749152
7864,29,225,-1978,919,4.896936576
7864,30,142,-3692,217,4.898124000
7864,31,131,-8801,-205,4.899311424
7864,32,82,-8515,341,4.900498848
7864,33,-96,-2916,333,4.901686272
7864,34,-326,-4284,-111,4.902873696
7864,35,-379,-7544,-894,4.904061120
7864,36,-394,-5107,-845,4.905248544
7864,37,-243,-2735,242,4.906435968
7864,38,-234,-1375,823,4.907623392
7864,39,-264,-2137,572,4.908810816
7864,40,57,-5067,-382,4.909998240
7864,41,163,-6462,-529,4.911185664
7864,42,388,-5278,-983,4.912373088
7864,43,364,-3789,-498,4.913560512
7864,44,447,-845,-775,4.914747936
7864,45,202,-921,-1295,4.915935360
7864,46,287,-4406,-2076,4.917122784
7864,47,186,-1867,-1564,4.918310208
7864,48,185,1380,-1752,4.919497632
7864,49,-185,-528,-1040,4.920685056
7864,50,15,-1954,-2430,4.921872480
7864,51,-61,-1659,-1167,4.923059904
7864,52,-174,-2881,-539,4.924247328
7864,53,-15,-2540,-444,4.925434752
7864,54,60,700,-268,4.926622176
7864,55,282,236,511,4.927809600
7864,56,373,156,695,4.928997024
7864,57,450,-20,830,4.930184448
7864,58,480,-2655,179,4.931371872
7864,59,345,-6054,-567,4.932559296
7864,60,333,-4651,-433,4.933746720
7864,61,90,-3421,-109,4.934934144
7864,62,-29,-3056,232,4.936121568
7864,63,-258,-2721,422,4.937308992
7864,64,-249,-3618,161,4.938496416
7865,1,-351,-5492,392,4.939683840
7865,2,-330,-7371,460,4.940871264
7865,3,-233,-8365,1208,4.942058688
7865,4,-206,-5537,1825,4.943246112
7865,5,-60,-2719,1597,4.944433536
7865,6,11,-6878,1009,4.945620960
7865,7,137,-9306,1003,4.946808384
7865,8,102,-8118,991,4.947995808
7865,9,221,-9725,1098,4.949183232
7865,10,124,-9729,674,4.950370656
7865,11,74,-5791,-115,4.951558080
7865,12,-31,-8580,-592,4.952745504
7865,13,-122,-10145,-766,4.953932928
7865,14,-168,-4860,-348,4.955120352
7865,15,-229,-4619,-269,4.956307776
7865,16,-165,-4838,26,4.957495200
7865,17,-208,-834,-104,4.958682624
7865,18,-6,-2222,135,4.959870048
7865,19,47,-5650,169,4.961057472
7865,20,115,-1270,301,4.962244896
7865,21,156,-76,1024,4.963432320
7865,22,446,-1370,913,4.964619744
7865,23,-1,-3669,137,4.965807168
7865,24,440,-7785,-401,4.966994592
7865,25,-9,-9334,-334,4.968182016
7865,26,72,-5349,-697,4.969369440
7865,27,-86,-2825,-297,4.970556864
7865,28,-160,-2810,-22,4.971744288
7865,29,-149,-2414,-318,4.972931712
7865,30,-179,-1033,-316,4.974119136
7865,31,-225,40,-5,4.975306560
7865,32,103,-212,-264,4.976493984
7865,33,51,-510,375,4.977681408
7865,34,281,-4487,-152,4.978868832
7865,35,394,-6531,2,4.980056256
7865,36,422,-4360,364,4.981243680
7865,37,565,-41,-251,4.982431104
7865,38,352,427,906,4.983618528
7865,39,-16,-967,-38,4.984805952
7865,40,283,-2500,-495,4.985993376
7865,41,-124,-1971,-564,4.987180800
7865,42,-311,-2833,-747,4.988368224
7865,43,-393,-2823,-864,4.989555648
7865,44,-578,-2556,-1591,4.990743072
7865,45,-261,-6141,-897,4.991930496
7865,46,-222,-3110,-1315,4.993117920
7865,47,-140,-313,-735,4.994305344
7865,48,308,-4298,-709,4.995492768
7865,49,248,-8498,-765,4.996680192
7865,50,513,-9144,-796,4.997867616
7865,51,532,-7327,-323,4.999055040
7865,52,466,-4221,226,5.000242464
7865,53,310,-1980,233,5.001429888
7865,54,54,-3827,140,5.002617312
7865,55,-108,-5507,-7,5.003804736
7865,56,-199,-5343,332,5.004992160
7865,57,-380,-7473,468,5.006179584
7865,58,-410,-8231,366,5.007367008
7865,59,-421,-8094,79,5.008554432
7865,60,-261,-8143,482,5.009741856
7865,61,-140,-6075,568,5.010929280
7865,62,-54,-3895,666,5.012116704
7865,63,229,-4396,1147,5.013304128
7865,64,424,-3075,829,5.014491552
7866,1,463,-5431,1320,5.015678976
7866,2,487,-9722,751,5.016866400
7866,3,353,-7041,1353,5.018053824
7866,4,325,-1957,1493,5.019241248
7866,5,124,-2713,1251,5.020428672
7866,6,-20,-2536,1179,5.021616096
7866,7,-280,-845,898,5.022803520
7866,8,-241,-5308,221,5.023990944
7866,9,-363,-9451,147,5.025178368
7866,10,-266,-6711,-84,5.026365792
7866,11,-175,-6746,244,5.027553216
7866,12,-79,-8297,228,5.028740640
7866,13,-43,-3657,-204,5.029928064
7866,14,30,-1972,-275,5.031115488
7866,15,198,-3970,-319,5.032302912
7866,16,236,-2596,-99,5.033490336
7866,17,232,-3285,-335,5.034677760
7866,18,152,-8561,-517,5.035865184
7866,19,122,-5922,-680,5.037052608
7866,20,-44,-374,-761,5.038240032
7866,21,-110,-3705,-945,5.039427456
7866,22,-185,-5833,-1198,5.040614880
7866,23,-210,-816,-1076,5.041802304
7866,24,-222,362,-983,5.042989728
7866,25,-164,-1982,-1268,5.044177152
7866,26,-160,-725,-1132,5.045364576
7866,27,58,534,-983,5.046552000
7866,28,58,-289,-376,5.047739424
7866,29,179,422,-819,5.048926848
7866,30,253,443,-290,5.050114272
7866,31,342,-325,75,5.051301696
7866,32,234,-679,-222,5.052489120
7866,33,202,-3648,-332,5.053676544
7866,34,57,-5256,-104,5.054863968
7866,35,175,-1308,971,5.056051392
7866,36,-140,-1060,886,5.057238816
7866,37,-52,-6097,927,5.058426240
7866,38,-171,-6757,127,5.059613664
7866,39,-139,-6682,231,5.060801088
7866,40,-29,-5695,779,5.061988512
7866,41,-90,-942,739,5.063175936
7866,42,118,-2661,953,5.064363360
7866,43,206,-4155,918,5.065550784
7866,44,226,-1172,768,5.066738208
7866,45,316,-4048,695,5.067925632
7866,46,321,-7453,865,5.069113056
7866,47,277,-5250,214,5.070300480
7866,48,246,-8781,37,5.071487904
7866,49,93,-9822,-36,5.072675328
7866,50,-32,-2768,159,5.073862752
7866,51,-114,-1974,191,5.075050176
7866,52,-235,-5821,-757,5.076237600
7866,53,-135,-8446,-799,5.077425024
7866,54,-102,-8212,-331,5.078612448
7866,55,-81,-5635,-67,5.079799872
7866,56,-43,-5900,-462,5.080987296
7866,57,-41,-6216,-628,5.082174720
7866,58,125,-3144,-435,5.083362144
7866,59,164,-1474,66,5.084549568
7866,60,270,-3464,374,5.085736992
7866,61,179,-4921,-540,5.086924416
7866,62,208,-5624,-222,5.088111840
7866,63,83,-6834,216,5.089299264
7866,64,-39,-6345,-35,5.090486688
7867,1,-160,-6585,493,5.091674112
7867,2,-262,-4930,143,5.092861536
7867,3,-274,-3263,220,5.094048960
7867,4,-343,-3382,428,5.095236384
7867,5,-285,-3338,640,5.096423808
7867,6,-186,-4164,283,5.097611232
7867,7,-90,-4942,47,5.098798656
7867,8,99,-4472,-143,5.099986080
7867,9,176,-5706,197,5.101173504
7867,10,244,-4952,529,5.102360928
7867,11,224,-2686,441,5.103548352
7867,12,324,-2058,351,5.104735776
7867,13,230,-3556,-56,5.105923200
7867,14,230,-5006,-340,5.107110624
7867,15,97,-5370,-81,5.108298048
7867,16,1,-5301,75,5.109485472
7867,17,-38,-2410,93,5.110672896
7867,18,-233,-1891,-6,5.111860320
7867,19,-100,-1419,-83,5.113047744
7867,20,-204,431,-257,5.114235168
7867,21,51,-92,-243,5.115422592
7867,22,62,-2660,-611,5.116610016
7867,23,207,-5301,-542,5.117797440
7867,24,282,-4995,-762,5.118984864
7867,25,328,-4014,-928,5.120172288
7867,26,393,-4313,-713,5.121359712
7867,27,309,-1413,-860,5.122547136
7867,28,229,129,-628,5.123734560
7867,29,-26,-1068,41,5.124921984
7867,30,-78,-1775,-513,5.126109408
7867,31,-12,-3744,19,5.127296832
7867,32,-135,-8539,-438,5.128484256
7867,33,-229,-9234,-791,5.129671680
7867,34,-282,-5291,468,5.130859104
7867,35,-178,-3759,173,5.132046528
7867,36,-97,-6157,226,5.133233952
7867,37,-66,-7333,166,5.134421376
7867,38,130,-3587,157,5.135608800
7867,39,229,-3998,950,5.136796224
7867,40,267,-6860,696,5.137983648
7867,41,275,-6516,592,5.139171072
7867,42,212,-5715,533,5.140358496
7867,43,169,-3462,890,5.141545920
7867,44,68,-1873,905,5.142733344
7867,45,-84,-2196,813,5.143920768
7867,46,-137,-3405,434,5.145108192
7867,47,-257,-4496,-20,5.146295616
7867,48,-230,-5158,226,5.147483040
7867,49,-241,-7447,8,5.148670464
7867,50,-162,-9293,-9,5.149857888
7867,51,-116,-6136,-5,5.151045312
7867,52,-83,-3659,-76,5.152232736
7867,53,39,-5023,-67,5.153420160
7867,54,73,-5503,-328,5.154607584
7867,55,297,-4979,-189,5.155795008
7867,56,228,-7757,-370,5.156982432
7867,57,323,-7370,66,5.158169856
7867,58,164,-3437,118,5.159357280
7867,59,182,-5302,88,5.160544704
7867,60,143,-3835,88,5.161732128
7867,61,20,-119,-238,5.162919552
7867,62,-61,-1029,260,5.164106976
7867,63,-122,-844,-137,5.165294400
7867,64,-17,-269,80,5.166481824
7868,1,-197,-3182,-178,5.167669248
7868,2,-34,-7067,-781,5.168856672
7868,3,-87,-7492,-97,5.170044096
7868,4,-86,-2174,-211,5.171231520
7868,5,-85,694,118,5.172418944
7868,6,49,-1625,-24,5.173606368
7868,7,-75,-5711,-260,5.174793792
7868,8,150,-3525,21,5.175981216
7868,9,107,-1688,555,5.177168640
7868,10,185,-3702,423,5.178356064
7868,11,145,-2593,77,5.179543488
7868,12,70,-1678,19,5.180730912
7868,13,191,-1411,714,5.181918336
7868,14,118,-1595,-224,5.183105760
7868,15,154,-4166,-92,5.184293184
7868,16,73,-4292,113,5.185480608
7868,17,-58,-2683,130,5.186668032
7868,18,-16,-6121,163,5.187855456
7868,19,-60,-8687,-647,5.189042880
7868,20,-55,-6547,-507,5.190230304
7868,21,-131,-5887,-405,5.191417728
7868,22,-127,-4161,117,5.192605152
7868,23,-94,-1229,549,5.193792576
7868,24,-9,-360,252,5.194980000
7868,25,-26,-745,221,5.196167424
7868,26,125,-1570,-470,5.197354848
7868,27,244,-2797,-594,5.198542272
7868,28,300,-4395,-592,5.199729696
7868,29,242,-6759,-599,5.200917120
7868,30,281,-7353,-731,5.202104544
7868,31,218,-4269,-1135,5.203291968
7868,32,181,-4967,-765,5.204479392
7868,33,78,-6077,-816,5.205666816
7868,34,-66,-2911,149,5.206854240
7868,35,-32,-808,877,5.208041664
7868,36,-400,-6807,101,5.209229088
7868,37,-132,-9771,133,5.210416512
7868,38,-254,-6042,1077,5.211603936
7868,39,-121,-3466,1395,5.212791360
7868,40,-213,-5596,1273,5.213978784
7868,41,-86,-9038,400,5.215166208
7868,42,149,-6887,589,5.216353632
7868,43,228,-4470,833,5.217541056
7868,44,279,-3849,977,5.218728480
7868,45,220,-2861,327,5.219915904
7868,46,212,-1989,-373,5.221103328
7868,47,209,-4488,-188,5.222290752
7868,48,122,-6385,-182,5.223478176
7868,49,28,-3959,609,5.224665600
7868,50,-104,-2386,459,5.225853024
7868,51,-228,-1660,157,5.227040448
7868,52,-333,-1495,408,5.228227872
7868,53,-239,136,314,5.229415296
7868,54,-99,532,1198,5.230602720
7868,55,39,-223,649,5.231790144
7868,56,-4,-935,254,5.232977568
7868,57,30,-8481,-437,5.234164992
7868,58,107,-13449,-876,5.235352416
7868,59,188,-7715,-665,5.236539840
7868,60,242,-1521,-653,5.237727264
7868,61,204,-671,-1251,5.238914688
7868,62,46,-1935,-1522,5.240102112
7868,63,-4,-5731,-814,5.241289536
7868,64,92,-6348,-797,5.242476960
7869,1,-8,-4477,-815,5.243664384
7869,2,39,-7896,-683,5.244851808
7869,3,-103,-8323,-742,5.246039232
7869,4,-27,-3682,98,5.247226656
7869,5,6,-2365,437,5.248414080
7869,6,78,-2954,-221,5.249601504
7869,7,179,-2614,-385,5.250788928
7869,8,153,-4395,-271,5.251976352
7869,9,303,-3809,140,5.253163776
7869,10,124,-5625,-197,5.254351200
7869,11,144,-10094,-1332,5.255538624
7869,12,17,-7695,-1321,5.256726048
7869,13,59,-822,-723,5.257913472
7869,14,-1,271,664,5.259100896
7869,15,-111,-1191,293,5.260288320
7869,16,-94,-582,365,5.261475744
7869,17,-172,-2426,-336,5.262663168
7869,18,297,-6718,467,5.263850592
7869,19,84,-7250,1774,5.265038016
7869,20,126,-3953,1492,5.266225440
7869,21,-51,-3367,1790,5.267412864
7869,22,17,-3071,1077,5.268600288
7869,23,116,-892,1100,5.269787712
7869,24,149,-622,1776,5.270975136
7869,25,-4,-940,1674,5.272162560
7869,26,-343,-1212,619,5.273349984
7869,27,-174,-5320,-946,5.274537408
7869,28,-354,-11020,-550,5.275724832
7869,29,-173,-7947,334,5.276912256
7869,30,-263,-1710,796,5.278099680
7869,31,-241,-1326,255,5.279287104
7869,32,-160,-3869,-691,5.280474528
7869,33,-13,-4815,45,5.281661952
7869,34,194,-4647,340,5.282849376
7869,35,383,-6660,270,5.284036800
7869,36,390,-6821,-254,5.285224224
7869,37,362,-3899,-644,5.286411648
7869,38,198,-4562,-487,5.287599072
7869,39,67,-6817,-139,5.288786496
7869,40,112,-3510,-243,5.289973920
7869,41,-85,-2534,-1144,5.291161344
7869,42,-20,-6901,-1752,5.292348768
7869,43,-243,-9691,-1994,5.293536192
7869,44,-168,-8417,-920,5.294723616
7869,45,-119,-4467,-508,5.295911040
7869,46,-114,-1434,-933,5.297098464
7869,47,163,-994,-914,5.298285888
7869,48,137,-1305,-739,5.299473312
7869,49,309,-3105,-68,5.300660736
7869,50,466,-7164,-45,5.301848160
7869,51,523,-7272,-83,5.303035584
7869,52,475,-4217,-528,5.304223008
7869,53,340,-7828,-293,5.305410432
7869,54,224,-8547,-12,5.306597856
7869,55,9,-4326,424,5.307785280
7869,56,-2,-1752,484,5.308972704
7869,57,-281,-278,324,5.310160128
7869,58,-405,-478,796,5.311347552
7869,59,-294,-3761,-212,5.312534976
7869,60,-138,-4985,835,5.313722400
7869,61,-188,-5059,1552,5.314909824
7869,62,-70,-4634,959,5.316097248
7869,63,-100,68,1081,5.317284672
7869,64,241,-279,2878,5.318472096
7870,1,9,-6599,165,5.319659520
7870,2,267,-8288,-37,5.320846944
7870,3,114,-3641,855,5.322034368
7870,4,147,-3803,1003,5.323221792
7870,5,52,-5480,1218,5.324409216
7870,6,-268,-6483,625,5.325596640
7870,7,-284,-4360,124,5.326784064
7870,8,-427,-833,36,5.327971488
7870,9,-414,-476,517,5.329158912
7870,10,-104,-1329,-198,5.330346336
7870,11,-344,-3145,179,5.331533760
7870,12,123,-7725,-915,5.332721184
7870,13,-55,-6866,-639,5.333908608
7870,14,133,-1785,-386,5.335096032
7870,15,352,-803,-115,5.336283456
7870,16,321,-291,-144,5.337470880
7870,17,226,-782,-704,5.338658304
7870,18,205,-6881,-258,5.339845728
7870,19,109,-9603,-1003,5.341033152
7870,20,145,-6003,-846,5.342220576
7870,21,106,-5978,-461,5.343408000
7870,22,-189,-5731,-1506,5.344595424
7870,23,-71,-4849,-1214,5.345782848
7870,24,-201,-409,-367,5.346970272
7870,25,-28,1074,-460,5.348157696
7870,26,329,-80,912,5.349345120
7870,27,48,-2869,-808,5.350532544
7870,28,543,-4926,-378,5.351719968
7870,29,406,-5134,-556,5.352907392
7870,30,451,-2666,-151,5.354094816
7870,31,427,-472,-14,5.355282240
7870,32,103,-4135,-578,5.356469664
7870,33,183,-7889,-406,5.357657088
7870,34,67,-4052,358,5.358844512
7870,35,-266,-2225,1051,5.360031936
7870,36,-212,-4701,782,5.361219360
7870,37,-511,-2077,580,5.362406784
7870,38,-357,-1453,440,5.363594208
7870,39,-148,-2991,897,5.364781632
7870,40,-283,-2811,633,5.365969056
7870,41,32,-9026,-16,5.367156480
7870,42,167,-14185,-658,5.368343904
7870,43,180,-11456,-406,5.369531328
7870,44,427,-6892,628,5.370718752
7870,45,263,-2302,792,5.371906176
7870,46,197,-918,780,5.373093600
7870,47,52,-2371,-40,5.374281024
7870,48,-96,-2809,166,5.375468448
7870,49,-130,-5500,1236,5.376655872
7870,50,-285,-7597,426,5.377843296
7870,51,-403,-5711,-15,5.379030720
7870,52,-324,-5501,-375,5.380218144
7870,53,-272,-4282,-61,5.381405568
7870,54,-146,-2133,545,5.382592992
7870,55,-27,-1431,561,5.383780416
7870,56,-30,-3590,-159,5.384967840
7870,57,320,-4948,-583,5.386155264
7870,58,344,-5020,-19,5.387342688
7870,59,340,-4524,11,5.388530112
7870,60,331,-2234,121,5.389717536
7870,61,87,-163,-196,5.390904960
7870,62,93,-1620,-418,5.392092384
7870,63,46,-7263,-1054,5.393279808
7870,64,32,-6552,257,5.394467232
7871,1,9,-4107,330,5.395654656
7871,2,-147,-7294,-166,5.396842080
7871,3,-132,-7089,-174,5.398029504
7871,4,-75,-3813,-48,5.399216928
7871,5,24,-3014,809,5.400404352
7871,6,167,-802,351,5.401591776
7871,7,257,718,159,5.402779200
7871,8,259,-1227,-246,5.403966624
7871,9,577,-5991,-621,5.405154048
7871,10,332,-6742,-313,5.406341472
7871,11,381,-4222,-953,5.407528896
7871,12,284,-1276,-62,5.408716320
7871,13,-88,-221,-987,5.409903744
7871,14,-286,-819,-983,5.411091168
7871,15,-190,-5351,-723,5.412278592
7871,16,-232,-5475,-676,5.413466016
7871,17,-196,-4643,-593,5.414653440
7871,18,-334,-5289,-507,5.415840864
7871,19,-198,-5760,-861,5.417028288
7871,20,-74,-10038,-638,5.418215712
7871,21,-9,-9586,118,5.419403136
7871,22,152,-2573,-123,5.420590560
7871,23,208,-1159,500,5.421777984
7871,24,176,-6533,-115,5.422965408
7871,25,308,-5852,249,5.424152832
7871,26,197,-2634,1281,5.425340256
7871,27,260,-1692,1040,5.426527680
7871,28,-60,-570,636,5.427715104
7871,29,-183,151,742,5.428902528
7871,30,-393,-125,1125,5.430089952
7871,31,35,-3198,145,5.431277376
7871,32,-544,-11650,1150,5.432464800
7871,33,-208,-10580,189,5.433652224
7871,34,-279,-2464,333,5.434839648
7871,35,-133,-478,1431,5.436027072
7871,36,-136,-2587,843,5.437214496
7871,37,-8,-5329,606,5.438401920
7871,38,205,-2035,1219,5.439589344
7871,39,237,-119,1523,5.440776768
7871,40,373,-4936,293,5.441964192
7871,41,305,-9447,-198,5.443151616
7871,42,345,-7455,-670,5.444339040
7871,43,299,-4231,469,5.445526464
7871,44,192,-1231,11,5.446713888
7871,45,173,-2632,-86,5.447901312
7871,46,8,-7903,-572,5.449088736
7871,47,-28,-4542,113,5.450276160
7871,48,-104,-1604,-213,5.451463584
7871,49,-159,-5593,-367,5.452651008
7871,50,-99,-4826,-1045,5.453838432
7871,51,-125,-2388,-1058,5.455025856
7871,52,-45,-3383,-318,5.456213280
7871,53,3,-2698,-562,5.457400704
7871,54,63,-2848,-707,5.458588128
7871,55,229,-6149,-1313,5.459775552
7871,56,316,-2930,-1355,5.460962976
7871,57,207,-3942,-1269,5.462150400
7871,58,290,-7262,-1313,5.463337824
7871,59,110,-3481,-1101,5.464525248
7871,60,104,-2759,-1012,5.465712672
7871,61,70,-4824,-576,5.466900096
7871,62,-75,-3342,-775,5.468087520
7871,63,-114,-2429,-345,5.469274944
7871,64,-256,-2380,-25,5.470462368
7872,1,-227,130,430,5.471649792
7872,2,-172,-1821,890,5.472837216
7872,3,-76,-6412,1299,5.474024640
7872,4,-210,-4775,1514,5.475212064
7872,5,-110,-2101,977,5.476399488
7872,6,-111,-5141,1427,5.477586912
7872,7,34,-7346,563,5.478774336
7872,8,33,-7930,714,5.479961760
7872,9,98,-7990,997,5.481149184
7872,10,90,-3593,730,5.482336608
7872,11,14,-4248,890,5.483524032
7872,12,11,-6149,618,5.484711456
7872,13,-17,-4106,770,5.485898880
7872,14,131,-4882,226,5.487086304
7872,15,58,-8601,23,5.488273728
7872,16,92,-9806,-211,5.489461152
7872,17,54,-6669,493,5.490648576
7872,18,124,-6815,460,5.491836000
7872,19,237,-7273,269,5.493023424
7872,20,188,-6526,-58,5.494210848
7872,21,266,-3973,-230,5.495398272
7872,22,65,-3511,90,5.496585696
7872,23,161,-6159,-400,5.497773120
7872,24,80,-8477,-524,5.498960544
7872,25,130,-8059,-866,5.500147968
7872,26,50,-3657,-565,5.501335392
7872,27,-31,-1407,-371,5.502522816
7872,28,-35,-1061,-440,5.503710240
7872,29,-104,-624,-454,5.504897664
7872,30,11,-561,-661,5.506085088
7872,31,43,457,-547,5.507272512
7872,32,101,887,-500,5.508459936
7872,33,246,20,-149,5.509647360
7872,34,-121,-3573,-687,5.510834784
7872,35,246,-9363,-832,5.512022208
7872,36,76,-6245,349,5.513209632
7872,37,77,1367,-96,5.514397056
7872,38,80,-424,1142,5.515584480
7872,39,-185,-1238,153,5.516771904
7872,40,-265,451,-54,5.517959328
7872,41,-257,-4520,381,5.519146752
7872,42,-279,-6627,1407,5.520334176
7872,43,-159,-1125,1075,5.521521600
7872,44,-285,-1272,1007,5.522709024
7872,45,-258,-3729,305,5.523896448
7872,46,-75,-430,-51,5.525083872
7872,47,1,-95,256,5.526271296
7872,48,238,-2059,464,5.527458720
7872,49,290,-13,288,5.528646144
7872,50,162,-3089,18,5.529833568
7872,51,194,-9470,-561,5.531020992
7872,52,78,-6067,-714,5.532208416
7872,53,34,-1541,-120,5.533395840
7872,54,55,-1568,-618,5.534583264
7872,55,-176,-3560,-997,5.535770688
7872,56,-146,-5923,-704,5.536958112
7872,57,-140,-6762,-628,5.538145536
7872,58,-102,-7758,-245,5.539332960
7872,59,109,-7493,-804,5.540520384
7872,60,119,-6162,-1003,5.541707808
7872,61,266,-7155,-851,5.542895232
7872,62,328,-7416,-874,5.544082656
7872,63,401,-3973,-84,5.545270080
7872,64,511,-1347,-199,5.546457504
7873,1,400,-4986,-565,5.547644928
7873,2,416,-7296,-470,5.548832352
7873,3,192,-6962,-37,5.550019776
7873,4,124,-10711,333,5.551207200
7873,5,6,-9758,353,5.552394624
7873,6,-126,-5395,601,5.553582048
7873,7,-228,-4192,638,5.554769472
7873,8,-298,-4220,921,5.555956896
7873,9,-214,-2303,1083,5.557144320
7873,10,-144,-5764,619,5.558331744
7873,11,73,-8007,799,5.559519168
7873,12,55,-3129,958,5.560706592
7873,13,192,-5286,853,5.561894016
7873,14,265,-7564,857,5.563081440
7873,15,232,-1343,19,5.564268864
7873,16,260,314,829,5.565456288
7873,17,117,-1371,671,5.566643712
7873,18,151,-1320,668,5.567831136
7873,19,-61,-3689,1273,5.569018560
7873,20,-181,-5758,227,5.570205984
7873,21,-332,-2692,506,5.571393408
7873,22,-383,-1030,613,5.572580832
7873,23,-443,-1675,381,5.573768256
7873,24,-355,-1964,506,5.574955680
7873,25,-409,-697,223,5.576143104
7873,26,-247,-534,353,5.577330528
7873,27,-26,-1384,-263,5.578517952
7873,28,-96,-4531,-1069,5.579705376
7873,29,141,-7130,-1698,5.580892800
7873,30,119,-6509,-1109,5.582080224
7873,31,194,-3107,-1040,5.583267648
7873,32,116,-2649,-971,5.584455072
7873,33,169,-2627,-1186,5.585642496
7873,34,81,-3456,-1547,5.586829920
7873,35,142,-5701,-1725,5.588017344
7873,36,50,-4364,-510,5.589204768
7873,37,112,-1708,-449,5.590392192
7873,38,26,-2796,-555,5.591579616
7873,39,80,-5934,-738,5.592767040
7873,40,126,-3065,-642,5.593954464
7873,41,106,-1356,87,5.595141888
7873,42,301,-2489,0,5.596329312
7873,43,200,-3407,-383,5.597516736
7873,44,281,-7592,-868,5.598704160
7873,45,276,-9654,-549,5.599891584
7873,46,280,-5939,-203,5.601079008
7873,47,206,-2612,100,5.602266432
7873,48,82,-2577,114,5.603453856
7873,49,6,-4238,-322,5.604641280
7873,50,74,-5512,441,5.605828704
7873,51,28,-5569,950,5.607016128
7873,52,62,-6409,735,5.608203552
7873,53,68,-8297,943,5.609390976
7873,54,53,-6625,854,5.610578400
7873,55,130,-4323,1421,5.611765824
7873,56,62,-5113,1135,5.612953248
7873,57,130,-5021,994,5.614140672
7873,58,71,-4284,937,5.615328096
7873,59,45,-4925,910,5.616515520
7873,60,-7,-7800,912,5.617702944
7873,61,-92,-7414,520,5.618890368
7873,62,-166,-4523,371,5.620077792
7873,63,-214,-4326,150,5.621265216
7873,64,-335,-2532,690,5.622452640
7874,1,-354,-51,851,5.623640064
7874,2,-209,-1578,774,5.624827488
7874,3,-341,-3749,170,5.626014912
7874,4,-126,-7000,-385,5.627202336
7874,5,-34,-9770,-198,5.628389760
7874,6,-22,-8465,95,5.629577184
7874,7,23,-5982,334,5.630764608
7874,8,-67,-4697,-162,5.631952032
7874,9,-7,-3095,-337,5.633139456
7874,10,-17,-1893,-272,5.634326880
7874,11,-68,-3238,-61,5.635514304
7874,12,-47,-3237,-48,5.636701728
7874,13,-112,-2118,-294,5.637889152
7874,14,-139,-3812,-732,5.639076576
7874,15,-41,-5391,-894,5.640264000
7874,16,-12,-3721,-434,5.641451424
7874,17,131,-2478,-412,5.642638848
7874,18,163,-3373,-504,5.643826272
7874,19,198,-2084,-761,5.645013696
7874,20,353,-1320,-366,5.646201120
7874,21,439,-1209,-259,5.647388544
7874,22,414,-1047,-74,5.648575968
7874,23,356,-2061,-750,5.649763392
7874,24,264,-582,-539,5.650950816
7874,25,145,477,-84,5.652138240
7874,26,155,-1678,-419,5.653325664
7874,27,64,-2781,-56,5.654513088
7874,28,-31,-1131,-745,5.655700512
7874,29,16,-2243,-752,5.656887936
7874,30,-72,-3766,-528,5.658075360
7874,31,29,-2259,155,5.659262784
7874,32,16,170,340,5.660450208
7874,33,72,-352,452,5.661637632
7874,34,219,-1433,-353,5.662825056
7874,35,74,-5173,-197,5.664012480
7874,36,191,-6420,258,5.665199904
7874,37,76,-3842,728,5.666387328
7874,38,51,-1915,1081,5.667574752
7874,39,-110,-3940,119,5.668762176
7874,40,-140,-7409,-225,5.669949600
7874,41,-223,-8608,395,5.671137024
7874,42,-220,-8308,73,5.672324448
7874,43,-296,-8848,834,5.673511872
7874,44,-263,-5996,522,5.674699296
7874,45,-321,-5106,187,5.675886720
7874,46,-127,-8412,289,5.677074144
7874,47,-101,-6498,91,5.678261568
7874,48,43,-4521,163,5.679448992
7874,49,66,-6718,308,5.680636416
7874,50,69,-9206,-201,5.681823840
7874,51,174,-10509,194,5.683011264
7874,52,124,-9266,256,5.684198688
7874,53,162,-4922,260,5.685386112
7874,54,32,-4049,58,5.686573536
7874,55,20,-8008,-303,5.687760960
7874,56,78,-7680,362,5.688948384
7874,57,-32,-5152,666,5.690135808
7874,58,38,-4585,515,5.691323232
7874,59,-69,-7039,-477,5.692510656
7874,60,69,-6997,-641,5.693698080
7874,61,121,-3051,350,5.694885504
7874,62,201,-914,618,5.696072928
7874,63,172,-1935,391,5.697260352
7874,64,221,-2258,-552,5.698447776
7875,1,298,-2114,-374,5.699635200
7875,2,316,-6318,-191,5.700822624
7875,3,333,-4921,75,5.702010048
7875,4,69,-675,163,5.703197472
7875,5,97,-1047,-168,5.704384896
7875,6,-22,-1066,-251,5.705572320
7875,7,-11,297,289,5.706759744
7875,8,-105,2,1068,5.707947168
7875,9,-105,-969,-67,5.709134592
7875,10,20,343,288,5.710322016
7875,11,-193,-2151,-810,5.711509440
7875,12,-7,-6376,-41,5.712696864
7875,13,-93,-997,84,5.713884288
7875,14,-39,-1119,-381,5.715071712
7875,15,143,-3371,-775,5.716259136
7875,16,-57,205,-841,5.717446560
7875,17,86,-1378,-18,5.718633984
7875,18,-55,-5957,212,5.719821408
7875,19,-117,-1915,-469,5.721008832
7875,20,-83,-3205,-1065,5.722196256
7875,21,-129,-7642,-589,5.723383680
7875,22,-225,-1057,-325,5.724571104
7875,23,-144,-1709,184,5.725758528
7875,24,-134,-6825,1,5.726945952
7875,25,-81,-1554,-706,5.728133376
7875,26,27,-735,-263,5.729320800
7875,27,4,-7891,-208,5.730508224
7875,28,186,-7888,-314,5.731695648
7875,29,169,-2746,-108,5.732883072
7875,30,139,-2487,-115,5.734070496
7875,31,170,-3594,-621,5.735257920
7875,32,67,-5572,-350,5.736445344
7875,33,221,-9519,-276,5.737632768
7875,34,189,-9199,109,5.738820192
7875,35,40,-6828,-73,5.740007616
7875,36,25,-8601,84,5.741195040
7875,37,18,-9534,230,5.742382464
7875,38,27,-7179,873,5.743569888
7875,39,146,-3231,1213,5.744757312
7875,40,13,-1346,1016,5.745944736
7875,41,179,-3096,875,5.747132160
7875,42,242,-7436,658,5.748319584
7875,43,251,-9437,804,5.749507008
7875,44,338,-9278,538,5.750694432
7875,45,235,-10104,41,5.751881856
7875,46,238,-8716,-46,5.753069280
7875,47,146,-5220,238,5.754256704
7875,48,74,-4310,804,5.755444128
7875,49,-51,-4958,513,5.756631552
7875,50,-90,-4500,24,5.757818976
7875,51,-110,-3387,354,5.759006400
7875,52,-116,-1968,809,5.760193824
7875,53,-121,-853,1217,5.761381248
7875,54,-319,-2167,785,5.762568672
7875,55,-174,-1168,-198,5.763756096
7875,56,-142,436,341,5.764943520
7875,57,90,-1776,335,5.766130944
7875,58,-82,-3717,-115,5.767318368
7875,59,18,-3786,-402,5.768505792
7875,60,-60,-3987,-668,5.769693216
7875,61,-49,-1705,-777,5.770880640
7875,62,-164,-1401,-448,5.772068064
7875,63,-174,-3621,222,5.773255488
7875,64,-319,-1152,-394,5.774442912
7876,1,-321,-1980,-326,5.775630336
7876,2,-278,-4462,-635,5.776817760
7876,3,-275,-2473,50,5.778005184
7876,4,1,-127,504,5.779192608
7876,5,-131,-813,43,5.780380032
7876,6,319,-1043,-449,5.781567456
7876,7,146,58,-367,5.782754880
7876,8,392,-778,-397,5.783942304
7876,9,362,-3606,-718,5.785129728
7876,10,399,-8944,-1061,5.786317152
7876,11,378,-7826,-1146,5.787504576
7876,12,213,-1833,-933,5.788692000
7876,13,38,-3246,-838,5.789879424
7876,14,14,-7273,-884,5.791066848
7876,15,-52,-6974,-763,5.792254272
7876,16,-13,-5718,-415,5.793441696
7876,17,-109,-3530,126,5.794629120
7876,18,-50,-1764,179,5.795816544
7876,19,168,-2566,309,5.797003968
7876,20,189,-4267,20,5.798191392
7876,21,457,-1899,204,5.799378816
7876,22,388,-3214,-76,5.800566240
7876,23,579,-6332,-111,5.801753664
7876,24,459,-5940,-41,5.802941088
7876,25,390,-7650,-406,5.804128512
7876,26,223,-6592,201,5.805315936
7876,27,28,-1245,-240,5.806503360
7876,28,-129,-1093,671,5.807690784
7876,29,-264,-6871,272,5.808878208
7876,30,-334,-6653,602,5.810065632
7876,31,-339,-5781,1378,5.811253056
7876,32,-203,-4867,1249,5.812440480
7876,33,-295,-3307,1277,5.813627904
7876,34,-114,-8067,550,5.814815328
7876,35,8,-10022,1189,5.816002752
7876,36,62,-4681,1227,5.817190176
7876,37,148,-5834,1156,5.818377600
7876,38,187,-11096,626,5.819565024
7876,39,130,-7402,67,5.820752448
7876,40,53,-3733,502,5.821939872
7876,41,-98,-4928,335,5.823127296
7876,42,-229,-4497,126,5.824314720
7876,43,-272,-2215,284,5.825502144
7876,44,-406,-3411,103,5.826689568
7876,45,-343,-7329,219,5.827876992
7876,46,-341,-7215,75,5.829064416
7876,47,-244,-4132,130,5.830251840
7876,48,-63,-2595,50,5.831439264
7876,49,-21,-3172,-332,5.832626688
7876,50,180,-2581,5,5.833814112
7876,51,261,-1142,-170,5.835001536
7876,52,334,-1793,-382,5.836188960
7876,53,249,-2749,-1137,5.837376384
7876,54,272,-4564,-1641,5.838563808
7876,55,231,-6230,-1688,5.839751232
7876,56,155,-4825,-1513,5.840938656
7876,57,71,-2362,-1194,5.842126080
7876,58,-57,-896,-1287,5.843313504
7876,59,30,-233,-1024,5.844500928
7876,60,-27,-306,-481,5.845688352
7876,61,132,-1619,-452,5.846875776
7876,62,137,-2812,-188,5.848063200
7876,63,219,-3666,3,5.849250624
7876,64,295,-4061,-74,5.850438048
7877,1,378,-3487,470,5.851625472
7877,2,420,-1790,302,5.852812896
7877,3,433,-160,142,5.854000320
7877,4,162,-889,93,5.855187744
7877,5,-11,-1607,-212,5.856375168
7877,6,22,-3710,-340,5.857562592
7877,7,-212,-10130,-635,5.858750016
7877,8,-186,-11617,-179,5.859937440
7877,9,-378,-5229,-567,5.861124864
7877,10,-333,-3279,309,5.862312288
7877,11,-213,-4949,350,5.863499712
7877,12,-130,-2211,862,5.864687136
7877,13,133,-1752,1346,5.865874560
7877,14,195,-5469,1002,5.867061984
7877,15,346,-5661,938,5.868249408
7877,16,319,-7631,683,5.869436832
7877,17,340,-10055,858,5.870624256
7877,18,116,-5303,778,5.871811680
7877,19,-29,-2272,551,5.872999104
7877,20,-114,-5698,93,5.874186528
7877,21,-279,-4963,-29,5.875373952
7877,22,-311,-1657,387,5.876561376
7877,23,-573,-2814,547,5.877748800
7877,24,-441,-4896,-115,5.878936224
7877,25,-394,-7250,-483,5.880123648
7877,26,-121,-6423,-136,5.881311072
7877,27,-98,-1972,1155,5.882498496
7877,28,68,-189,928,5.883685920
7877,29,218,-958,644,5.884873344
7877,30,397,-697,405,5.886060768
7877,31,439,-2874,-89,5.887248192
7877,32,472,-8571,39,5.888435616
7877,33,305,-7180,644,5.889623040
7877,34,139,-1309,367,5.890810464
7877,35,-52,-2120,54,5.891997888
7877,36,-145,-2770,-496,5.893185312
7877,37,-253,-2030,-538,5.894372736
7877,38,-283,-1989,-269,5.895560160
7877,39,-297,-415,-230,5.896747584
7877,40,-252,-121,-113,5.897935008
7877,41,-246,-3009,-1277,5.899122432
7877,42,155,-9173,-787,5.900309856
7877,43,287,-8116,-133,5.901497280
7877,44,446,-3918,-191,5.902684704
7877,45,492,-1149,72,5.903872128
7877,46,411,-4292,-536,5.905059552
7877,47,473,-8299,-963,5.906246976
7877,48,425,-4819,-502,5.907434400
7877,49,310,-2202,-755,5.908621824
7877,50,102,-4349,-1081,5.909809248
7877,51,-141,-3196,-1361,5.910996672
7877,52,-258,-3213,-1243,5.912184096
7877,53,-184,-6508,-602,5.913371520
7877,54,-320,-5794,-953,5.914558944
7877,55,-149,-5904,-1299,5.915746368
7877,56,-99,-7151,-992,5.916933792
7877,57,22,-4628,-401,5.918121216
7877,58,194,-6311,273,5.919308640
7877,59,216,-6878,242,5.920496064
7877,60,236,-3163,377,5.921683488
7877,61,310,-4123,183,5.922870912
7877,62,174,-7716,981,5.924058336
7877,63,132,-6091,998,5.925245760
7877,64,-46,-3978,1325,5.926433184
7878,1,-182,-3346,1199,5.927620608
7878,2,-276,-3443,774,5.928808032
7878,3,-226,-5878,807,5.929995456
7878,4,-283,-6367,1285,5.931182880
7878,5,-238,-3016,1387,5.932370304
7878,6,-215,-2407,1291,5.933557728
7878,7,-22,-4562,994,5.934745152
7878,8,121,-2852,1474,5.935932576
7878,9,117,136,1728,5.937120000
7878,10,99,-2010,1381,5.938307424
7878,11,221,-7078,864,5.939494848
7878,12,199,-6017,929,5.940682272
7878,13,127,-3140,1010,5.941869696
7878,14,-14,-7287,1060,5.943057120
7878,15,-142,-7741,-60,5.944244544
7878,16,-199,-4754,-372,5.945431968
7878,17,-244,-3301,-163,5.946619392
7878,18,-271,-2841,-107,5.947806816
7878,19,-137,-7163,-947,5.948994240
7878,20,-33,-8436,-1161,5.950181664
7878,21,18,-4165,-1519,5.951369088
7878,22,183,-982,-1237,5.952556512
7878,23,216,-3142,-1301,5.953743936
7878,24,478,-3048,-1285,5.954931360
7878,25,368,-28,-884,5.956118784
7878,26,319,-562,-1622,5.957306208
7878,27,256,-4172,-1444,5.958493632
7878,28,162,-4128,-1622,5.959681056
7878,29,121,-2349,-789,5.960868480
7878,30,38,-2348,-923,5.962055904
7878,31,-121,-537,-1523,5.963243328
7878,32,-209,-1451,-1269,5.964430752
7878,33,-147,-4205,-1404,5.965618176
7878,34,-90,-4435,-630,5.966805600
7878,35,65,-5665,-569,5.967993024
7878,36,85,-5724,-610,5.969180448
7878,37,85,-2074,-244,5.970367872
7878,38,194,581,204,5.971555296
7878,39,247,138,1272,5.972742720
7878,40,236,-436,1099,5.973930144
7878,41,99,-809,1831,5.975117568
7878,42,219,-3224,526,5.976304992
7878,43,-28,-6486,1845,5.977492416
7878,44,-40,-7485,1743,5.978679840
7878,45,-220,-4165,1944,5.979867264
7878,46,-332,231,1622,5.981054688
7878,47,-317,-569,2152,5.982242112
7878,48,-363,-3650,111,5.983429536
7878,49,-18,-8535,1286,5.984616960
7878,50,-176,-9987,1050,5.985804384
7878,51,-50,-8833,615,5.986991808
7878,52,-8,-6022,440,5.988179232
7878,53,104,-2828,259,5.989366656
7878,54,61,-3414,157,5.990554080
7878,55,164,-5902,-219,5.991741504
7878,56,167,-6507,-35,5.992928928
7878,57,271,-7463,-248,5.994116352
7878,58,259,-7680,-161,5.995303776
7878,59,114,-9388,-344,5.996491200
7878,60,123,-6614,-514,5.997678624
7878,61,-68,-1495,-537,5.998866048
7878,62,140,-1036,-893,6.000053472
7878,63,-155,-3627,-1026,6.001240896
7878,64,79,-4724,-1027,6.002428320
7879,1,-79,-7392,-454,6.003615744
7879,2,103,-10583,-1757,6.004803168
7879,3,78,-8480,-1328,6.005990592
7879,4,105,-3788,-1066,6.007178016
7879,5,89,-2326,-870,6.008365440
7879,6,168,-3565,-424,6.009552864
7879,7,156,-4554,-692,6.010740288
7879,8,264,-6694,-626,6.011927712
7879,9,215,-6141,-78,6.013115136
7879,10,182,-3065,34,6.014302560
7879,11,224,-2974,463,6.015489984
7879,12,87,-2452,194,6.016677408
7879,13,-2,207,-163,6.017864832
7879,14,86,-45,1270,6.019052256
7879,15,-84,-2798,21,6.020239680
7879,16,-33,-6762,413,6.021427104
7879,17,-134,-5963,491,6.022614528
7879,18,-191,-4374,618,6.023801952
7879,19,-218,-1110,1094,6.024989376
7879,20,-200,792,976,6.026176800
7879,21,-132,1341,1546,6.027364224
7879,22,-149,2168,1136,6.028551648
7879,23,-145,820,1263,6.029739072
7879,24,-245,-68,1856,6.030926496
7879,25,-40,-11638,-3714,6.032113920
7879,26,70,-20888,-1097,6.033301344
7879,27,147,-7044,1256,6.034488768
7879,28,-200,2179,705,6.035676192
7879,29,68,-68,3207,6.036863616
7879,30,-108,1164,-964,6.038051040
7879,31,-18,1781,-579,6.039238464
7879,32,243,539,-1348,6.040425888
7879,33,379,-4735,-525,6.041613312
7879,34,-255,-16730,2191,6.042800736
7879,35,323,-12536,444,6.043988160
7879,36,-270,2184,-1518,6.045175584
7879,37,259,-213,1498,6.046363008
7879,38,-91,221,-2409,6.047550432
7879,39,36,401,-2590,6.048737856
7879,40,238,-1842,1260,6.049925280
7879,41,100,-12506,1273,6.051112704
7879,42,144,-14370,1208,6.052300128
7879,43,-10,-3406,561,6.053487552
7879,44,167,681,-1244,6.054674976
7879,45,-22,-139,-1984,6.055862400
7879,46,-42,-1354,-2786,6.057049824
7879,47,513,-8092,-68,6.058237248
7879,48,314,-8720,783,6.059424672
7879,49,119,-3150,1498,6.060612096
7879,50,470,-4204,1005,6.061799520
7879,51,125,-4118,603,6.062986944
7879,52,119,-2542,298,6.064174368
7879,53,93,-3339,-137,6.065361792
7879,54,-70,-4241,174,6.066549216
7879,55,20,-7833,426,6.067736640
7879,56,-42,-10031,764,6.068924064
7879,57,-285,-5639,863,6.070111488
7879,58,-51,-2628,43,6.071298912
7879,59,-258,-3721,-648,6.072486336
7879,60,-201,-4618,-136,6.073673760
7879,61,-88,-3769,557,6.074861184
7879,62,-178,-5105,1102,6.076048608
7879,63,-25,-6709,228,6.077236032
7879,64,34,-4562,-1025,6.078423456
7880,1,8,-4504,-924,6.079610880
7880,2,216,-5089,-554,6.080798304
7880,3,45,-4863,500,6.081985728
7880,4,56,-4004,581,6.083173152
7880,5,-98,-3253,759,6.084360576
7880,6,-241,-3136,-307,6.085548000
7880,7,-76,-4473,-259,6.086735424
7880,8,-214,-7439,-687,6.087922848
7880,9,-248,-6187,65,6.089110272
7880,10,-224,-2622,477,6.090297696
7880,11,-272,-3291,316,6.091485120
7880,12,-73,-7683,212,6.092672544
7880,13,59,-6972,-156,6.093859968
7880,14,188,-2218,52,6.095047392
7880,15,262,-2196,-134,6.096234816
7880,16,347,-4334,-264,6.097422240
7880,17,354,-7095,248,6.098609664
7880,18,510,-6136,746,6.099797088
7880,19,390,-3466,768,6.100984512
7880,20,331,-2305,-6,6.102171936
7880,21,182,-674,-205,6.103359360
7880,22,20,-1953,-244,6.104546784
7880,23,66,-5965,249,6.105734208
7880,24,-48,-7123,619,6.106921632
7880,25,-22,-4808,-225,6.108109056
7880,26,-65,-3685,-18,6.109296480
7880,27,-71,-2124,-243,6.110483904
7880,28,41,-1387,-133,6.111671328
7880,29,118,-4926,-666,6.112858752
7880,30,256,-6265,-833,6.114046176
7880,31,322,-3109,-201,6.115233600
7880,32,318,-780,49,6.116421024
7880,33,296,-864,373,6.117608448
7880,34,210,-443,-308,6.118795872
7880,35,150,525,-504,6.119983296
7880,36,80,-133,-429,6.121170720
7880,37,-130,-872,161,6.122358144
7880,38,-105,-2416,224,6.123545568
7880,39,-349,-5959,-253,6.124732992
7880,40,-380,-5992,-581,6.125920416
7880,41,-426,-3077,-1071,6.127107840
7880,42,-404,-572,243,6.128295264
7880,43,-295,-524,776,6.129482688
7880,44,-344,-3494,305,6.130670112
7880,45,-188,-7856,-120,6.131857536
7880,46,-129,-7174,-413,6.133044960
7880,47,58,-5315,27,6.134232384
7880,48,93,-5559,512,6.135419808
7880,49,61,-4724,476,6.136607232
7880,50,101,-6181,372,6.137794656
7880,51,89,-6328,244,6.138982080
7880,52,127,-5676,435,6.140169504
7880,53,148,-6390,477,6.141356928
7880,54,20,-6303,380,6.142544352
7880,55,-44,-7092,8,6.143731776
7880,56,-92,-6061,63,6.144919200
7880,57,-82,-2671,585,6.146106624
7880,58,72,-587,671,6.147294048
7880,59,-62,-4766,-1,6.148481472
7880,60,119,-7241,-616,6.149668896
7880,61,97,-4167,122,6.150856320
7880,62,269,-3968,213,6.152043744
7880,63,350,-3547,228,6.153231168
7880,64,365,-1330,1,6.154418592
7881,1,303,-1071,-460,6.155606016
7881,2,359,-3770,-474,6.156793440
7881,3,287,-4848,-751,6.157980864
7881,4,349,-5683,-75,6.159168288
7881,5,234,-5984,-398,6.160355712
7881,6,183,-5560,-832,6.161543136
7881,7,103,-7416,-475,6.162730560
7881,8,-47,-4641,-275,6.163917984
7881,9,-19,-1970,309,6.165105408
7881,10,-54,-1415,541,6.166292832
7881,11,-147,-2164,549,6.167480256
7881,12,-23,-4555,-137,6.168667680
7881,13,-88,-4329,559,6.169855104
7881,14,-29,-1605,326,6.171042528
7881,15,-37,-1284,536,6.172229952
7881,16,-38,-1201,405,6.173417376
7881,17,-158,-232,253,6.174604800
7881,18,-37,-4073,-962,6.175792224
7881,19,-165,-9560,-546,6.176979648
7881,20,-77,-5723,-52,6.178167072
7881,21,-294,-5398,-610,6.179354496
7881,22,-217,-8271,-230,6.180541920
7881,23,-321,-6492,-532,6.181729344
7881,24,-233,-4627,-136,6.182916768
7881,25,-163,-3361,585,6.184104192
7881,26,-117,-384,165,6.185291616
7881,27,-108,-1859,311,6.186479040
7881,28,175,-6254,364,6.187666464
7881,29,138,-3010,452,6.188853888
7881,30,264,-2474,392,6.190041312
7881,31,331,-3093,199,6.191228736
7881,32,112,-1403,-485,6.192416160
7881,33,308,-3773,-712,6.193603584
7881,34,82,-8141,188,6.194791008
7881,35,181,-5056,-592,6.195978432
7881,36,-36,-3873,-165,6.197165856
7881,37,1,-2681,-358,6.198353280
7881,38,-266,138,-390,6.199540704
7881,39,34,-1485,46,6.200728128
7881,40,-142,-2622,577,6.201915552
7881,41,186,-1977,40,6.203102976
7881,42,143,-3441,785,6.204290400
7881,43,260,-4997,352,6.205477824
7881,44,397,-6630,95,6.206665248
7881,45,379,-8941,116,6.207852672
7881,46,472,-6055,-601,6.209040096
7881,47,433,-5291,-201,6.210227520
7881,48,315,-5717,125,6.211414944
7881,49,137,-3384,181,6.212602368
7881,50,19,-5139,76,6.213789792
7881,51,-105,-7703,-106,6.214977216
7881,52,-187,-5272,-301,6.216164640
7881,53,-193,-4141,272,6.217352064
7881,54,-244,-6933,257,6.218539488
7881,55,-239,-6937,224,6.219726912
7881,56,-211,-6064,308,6.220914336
7881,57,-26,-5615,198,6.222101760
7881,58,25,-2773,522,6.223289184
7881,59,74,-1749,203,6.224476608
7881,60,97,-6266,-362,6.225664032
7881,61,90,-6418,-759,6.226851456
7881,62,52,-3676,-580,6.228038880
7881,63,26,-5524,-623,6.229226304
7881,64,-117,-6507,-695,6.230413728
7882,1,-157,-4800,-790,6.231601152
7882,2,-256,-5756,-820,6.232788576
7882,3,-270,-6664,-462,6.233976000
7882,4,-316,-4740,-117,6.235163424
7882,5,-138,-3921,478,6.236350848
7882,6,-46,-2292,989,6.237538272
7882,7,22,-1450,834,6.238725696
7882,8,18,-3916,614,6.239913120
7882,9,193,-2983,917,6.241100544
7882,10,211,-1195,1196,6.242287968
7882,11,291,-3332,1066,6.243475392
7882,12,164,-3968,543,6.244662816
7882,13,134,-2396,332,6.245850240
7882,14,-27,-2141,-58,6.247037664
7882,15,-53,-5717,-519,6.248225088
7882,16,-44,-6752,-202,6.249412512
7882,17,-166,-2230,110,6.250599936
7882,18,-140,-582,583,6.251787360
7882,19,-168,-1365,297,6.252974784
7882,20,-69,-52,-57,6.254162208
7882,21,172,-231,786,6.255349632
7882,22,305,-2922,21,6.256537056
7882,23,365,-3220,505,6.257724480
7882,24,472,-3883,300,6.258911904
7882,25,468,-5366,344,6.260099328
7882,26,432,-3258,-195,6.261286752
7882,27,248,-2622,-409,6.262474176
7882,28,153,-2634,-678,6.263661600
7882,29,-43,-3759,-1120,6.264849024
7882,30,-143,-7128,-1268,6.266036448
7882,31,-299,-8231,-1102,6.267223872
7882,32,-306,-7893,-1067,6.268411296
7882,33,-233,-6908,-773,6.269598720
7882,34,-215,-3382,-772,6.270786144
7882,35,-177,-667,-254,6.271973568
7882,36,25,-341,-56,6.273160992
7882,37,309,-888,105,6.274348416
7882,38,145,-5865,-588,6.275535840
7882,39,578,-10609,-1147,6.276723264
7882,40,261,-9234,101,6.277910688
7882,41,327,-6804,-334,6.279098112
7882,42,102,-4788,298,6.280285536
7882,43,-57,-711,342,6.281472960
7882,44,-222,-277,-161,6.282660384
7882,45,-505,-1768,-164,6.283847808
7882,46,-458,-1719,638,6.285035232
7882,47,-338,-5865,-387,6.286222656
7882,48,-280,-11412,174,6.287410080
7882,49,-214,-8174,706,6.288597504
7882,50,-5,-1465,1324,6.289784928
7882,51,14,-2282,1737,6.290972352
7882,52,213,-4235,1307,6.292159776
7882,53,339,-1468,1227,6.293347200
7882,54,389,-2206,1519,6.294534624
7882,55,477,-6296,1501,6.295722048
7882,56,300,-6821,1007,6.296909472
7882,57,138,-5412,585,6.298096896
7882,58,-8,-4827,173,6.299284320
7882,59,-240,-3500,24,6.300471744
7882,60,-284,-2240,202,6.301659168
7882,61,-273,-3291,-346,6.302846592
7882,62,-274,-6568,-478,6.304034016
7882,63,-193,-7394,-627,6.305221440
7882,64,-91,-5496,-198,6.306408864
7883,1,108,-3553,-77,6.307596288
7883,2,291,-4882,-491,6.308783712
7883,3,392,-5433,-582,6.309971136
7883,4,430,-1935,-213,6.311158560
7883,5,531,-176,139,6.312345984
7883,6,376,-1206,19,6.313533408
7883,7,173,-1920,-1021,6.314720832
7883,8,258,-1829,-831,6.315908256
7883,9,-31,-2880,-1306,6.317095680
7883,10,-27,-2026,-912,6.318283104
7883,11,-322,-1189,-823,6.319470528
7883,12,-369,-579,-1439,6.320657952
7883,13,-214,-735,-1246,6.321845376
7883,14,-248,-2582,-912,6.323032800
7883,15,-34,-4338,-832,6.324220224
7883,16,29,-4071,-433,6.325407648
7883,17,112,-3353,267,6.326595072
7883,18,273,-3606,331,6.327782496
7883,19,278,-4810,510,6.328969920
7883,20,395,-3482,796,6.330157344
7883,21,245,-698,489,6.331344768
7883,22,42,-1613,719,6.332532192
7883,23,-4,-4276,359,6.333719616
7883,24,-177,-8447,150,6.334907040
7883,25,-144,-10969,269,6.336094464
7883,26,-274,-8958,-296,6.337281888
7883,27,-330,-6828,64,6.338469312
7883,28,-255,-4802,100,6.339656736
7883,29,-169,-1027,515,6.340844160
7883,30,-51,-1276,830,6.342031584
7883,31,99,-6536,377,6.343219008
7883,32,246,-7801,423,6.344406432
7883,33,340,-3559,762,6.345593856
7883,34,312,-4105,844,6.346781280
7883,35,307,-7819,176,6.347968704
7883,36,152,-8771,-397,6.349156128
7883,37,250,-8815,-666,6.350343552
7883,38,96,-10211,-492,6.351530976
7883,39,0,-9610,-370,6.352718400
7883,40,-139,-7162,-357,6.353905824
7883,41,-228,-7870,-642,6.355093248
7883,42,-173,-8978,-983,6.356280672
7883,43,-131,-7075,-800,6.357468096
7883,44,46,-3966,48,6.358655520
7883,45,6,-1657,767,6.359842944
7883,46,100,-582,896,6.361030368
7883,47,323,-39,1000,6.362217792
7883,48,366,-647,585,6.363405216
7883,49,484,-2839,661,6.364592640
7883,50,314,-4284,776,6.365780064
7883,51,231,-4210,650,6.366967488
7883,52,61,-3017,920,6.368154912
7883,53,-133,-1772,332,6.369342336
7883,54,-273,-4189,-209,6.370529760
7883,55,-325,-7011,-630,6.371717184
7883,56,-380,-5614,-359,6.372904608
7883,57,-373,-3227,239,6.374092032
7883,58,-437,-1174,420,6.375279456
7883,59,-309,-946,651,6.376466880
7883,60,-82,-1378,272,6.377654304
7883,61,95,525,-49,6.378841728
7883,62,399,1064,840,6.380029152
7883,63,347,161,1117,6.381216576
7883,64,376,-3127,-664,6.382404000
7884,1,458,-10598,-123,6.383591424
7884,2,393,-13021,-557,6.384778848
7884,3,223,-5105,-375,6.385966272
7884,4,97,1372,-925,6.387153696
7884,5,-289,388,235,6.388341120
7884,6,-526,1053,-1452,6.389528544
7884,7,-581,-100,-620,6.390715968
7884,8,-92,-4532,-1411,6.391903392
7884,9,-420,-12796,-405,6.393090816
7884,10,-19,-7540,-1213,6.394278240
7884,11,-281,1805,-1268,6.395465664
7884,12,317,-836,517,6.396653088
7884,13,166,-1397,-1499,6.397840512
7884,14,562,489,-921,6.399027936
7884,15,747,-1777,60,6.400215360
7884,16,355,-6667,-425,6.401402784
7884,17,389,-7226,-441,6.402590208
7884,18,161,-4538,879,6.403777632
7884,19,48,-1808,280,6.404965056
7884,20,-208,-12,109,6.406152480
7884,21,-425,-282,469,6.407339904
7884,22,-359,-928,560,6.408527328
7884,23,-331,-5389,630,6.409714752
7884,24,-246,-11383,1191,6.410902176
7884,25,-72,-9234,1360,6.412089600
7884,26,19,-3244,1538,6.413277024
7884,27,240,-436,1833,6.414464448
7884,28,265,-1822,1321,6.415651872
7884,29,336,-5856,1119,6.416839296
7884,30,482,-7133,1378,6.418026720
7884,31,366,-5964,1217,6.419214144
7884,32,221,-8570,811,6.420401568
7884,33,124,-9530,-121,6.421588992
7884,34,-49,-3498,41,6.422776416
7884,35,-206,-267,323,6.423963840
7884,36,-453,-1381,237,6.425151264
7884,37,-350,-2969,-374,6.426338688
7884,38,-136,-7520,-517,6.427526112
7884,39,-142,-9280,-714,6.428713536
7884,40,-150,-5192,-418,6.429900960
7884,41,53,-4919,-790,6.431088384
7884,42,207,-6310,-880,6.432275808
7884,43,146,-5870,-1392,6.433463232
7884,44,328,-9110,-1064,6.434650656
7884,45,281,-8633,-400,6.435838080
7884,46,331,-2131,-592,6.437025504
7884,47,-142,-1740,-585,6.438212928
7884,48,6,-5711,-2455,6.439400352
7884,49,-167,-6299,-1656,6.440587776
7884,50,33,-3724,-670,6.441775200
7884,51,-227,-4274,-592,6.442962624
7884,52,-158,-5559,-867,6.444150048
7884,53,-75,-6332,-1071,6.445337472
7884,54,101,-6195,-537,6.446524896
7884,55,135,-3263,-88,6.447712320
7884,56,133,-2341,315,6.448899744
7884,57,231,-3741,284,6.450087168
7884,58,311,-2225,754,6.451274592
7884,59,194,-3239,872,6.452462016
7884,60,197,-7053,930,6.453649440
7884,61,86,-6603,934,6.454836864
7884,62,-16,-3534,319,6.456024288
7884,63,-122,-4267,892,6.457211712
7884,64,-197,-2223,1100,6.458399136
7885,1,-91,391,1500,6.459586560
7885,2,-268,-549,1447,6.460773984
7885,3,-83,-89,393,6.461961408
7885,4,97,-475,685,6.463148832
7885,5,75,-3643,304,6.464336256
7885,6,306,-8679,521,6.465523680
7885,7,208,-4968,678,6.466711104
7885,8,190,-237,576,6.467898528
7885,9,342,-1276,619,6.469085952
7885,10,68,-2613,76,6.470273376
7885,11,84,-3447,155,6.471460800
7885,12,-60,-3973,68,6.472648224
7885,13,-231,-4394,-158,6.473835648
7885,14,-227,-5185,-643,6.475023072
7885,15,-410,-4330,-503,6.476210496
7885,16,-359,-3896,-919,6.477397920
7885,17,-134,-5899,-855,6.478585344
7885,18,-141,-3439,-1183,6.479772768
7885,19,106,-1548,-1064,6.480960192
7885,20,292,-5145,-908,6.482147616
7885,21,276,-8431,-1160,6.483335040
7885,22,481,-8220,-856,6.484522464
7885,23,386,-4287,-927,6.485709888
7885,24,311,-2354,-454,6.486897312
7885,25,188,-6191,-597,6.488084736
7885,26,31,-5887,91,6.489272160
7885,27,-91,-2029,549,6.490459584
7885,28,-174,-3433,74,6.491647008
7885,29,-338,-4187,136,6.492834432
7885,30,-327,73,-88,6.494021856
7885,31,-222,-2670,417,6.495209280
7885,32,-82,-5060,169,6.496396704
7885,33,-12,-2199,260,6.497584128
7885,34,105,-3866,-404,6.498771552
7885,35,247,-5492,-112,6.499958976
7885,36,382,-3882,-13,6.501146400
7885,37,366,-4344,550,6.502333824
7885,38,333,-4145,510,6.503521248
7885,39,193,-3111,615,6.504708672
7885,40,102,-4011,1071,6.505896096
7885,41,-38,-2978,1254,6.507083520
7885,42,-159,-7144,1027,6.508270944
7885,43,-206,-10971,460,6.509458368
7885,44,-277,-4923,826,6.510645792
7885,45,-207,-1249,877,6.511833216
7885,46,-179,-4405,889,6.513020640
7885,47,-67,-3534,233,6.514208064
7885,48,17,-2305,71,6.515395488
7885,49,273,-3775,-383,6.516582912
7885,50,248,-4217,-440,6.517770336
7885,51,301,-4574,-516,6.518957760
7885,52,207,-6361,-624,6.520145184
7885,53,159,-5828,-718,6.521332608
7885,54,61,-3903,-739,6.522520032
7885,55,-33,-4820,-443,6.523707456
7885,56,-96,-2997,339,6.524894880
7885,57,-272,422,474,6.526082304
7885,58,-227,-1276,451,6.527269728
7885,59,-254,-4502,-45,6.528457152
7885,60,-119,-6582,-270,6.529644576
7885,61,45,-5634,63,6.530832000
7885,62,21,-2282,256,6.532019424
7885,63,229,-763,98,6.533206848
7885,64,156,-871,-332,6.534394272
7886,1,290,-1752,-776,6.535581696
7886,2,267,-4186,-751,6.536769120
7886,3,279,-6170,-498,6.537956544
7886,4,205,-3944,162,6.539143968
7886,5,-31,-1377,299,6.540331392
7886,6,-216,-3450,-193,6.541518816
7886,7,-194,-7340,56,6.542706240
7886,8,-147,-6320,197,6.543893664
7886,9,-93,-4217,660,6.545081088
7886,10,-118,-5143,633,6.546268512
7886,11,-107,-5631,120,6.547455936
7886,12,60,-6136,132,6.548643360
7886,13,189,-6725,-286,6.549830784
7886,14,300,-5486,-344,6.551018208
7886,15,297,-4620,-888,6.552205632
7886,16,232,-7245,-1298,6.553393056
7886,17,227,-9833,-1002,6.554580480
7886,18,178,-8629,-920,6.555767904
7886,19,165,-7532,-551,6.556955328
7886,20,31,-4635,-681,6.558142752
7886,21,-65,373,-308,6.559330176
7886,22,-117,412,632,6.560517600
7886,23,-158,-549,832,6.561705024
7886,24,20,-1018,747,6.562892448
7886,25,-243,-5548,-261,6.564079872
7886,26,321,-13517,-665,6.565267296
7886,27,-15,-12064,441,6.566454720
7886,28,83,-1698,882,6.567642144
7886,29,-97,-997,950,6.568829568
7886,30,87,-5616,-267,6.570016992
7886,31,26,-6125,-107,6.571204416
7886,32,120,-2360,615,6.572391840
7886,33,-152,-2440,1675,6.573579264
7886,34,-94,-5895,243,6.574766688
7886,35,-137,-3667,287,6.575954112
7886,36,-161,584,475,6.577141536
7886,37,-94,300,2321,6.578328960
7886,38,-11,244,1698,6.579516384
7886,39,91,403,1351,6.580703808
7886,40,102,331,2209,6.581891232
7886,41,102,-1408,384,6.583078656
7886,42,158,-6019,964,6.584266080
7886,43,64,-4182,463,6.585453504
7886,44,15,-716,-234,6.586640928
7886,45,101,16,-259,6.587828352
7886,46,-110,1679,-195,6.589015776
7886,47,-68,1362,233,6.590203200
7886,48,-127,-33,-214,6.591390624
7886,49,-438,425,-834,6.592578048
7886,50,206,-4548,-3032,6.593765472
7886,51,-289,-9879,-1716,6.594952896
7886,52,86,-3904,-293,6.596140320
7886,53,31,-559,-632,6.597327744
7886,54,75,-4159,-1190,6.598515168
7886,55,270,-7872,-2162,6.599702592
7886,56,331,-7262,-1393,6.600890016
7886,57,360,-3099,-527,6.602077440
7886,58,401,-3600,-636,6.603264864
7886,59,318,-8000,-1981,6.604452288
7886,60,181,-9082,-2224,6.605639712
7886,61,156,-5815,-1802,6.606827136
7886,62,-91,-4621,-703,6.608014560
7886,63,-79,-8128,-985,6.609201984
7886,64,-94,-8898,-1514,6.610389408
7887,1,-98,-7061,-880,6.611576832
7887,2,-23,-4633,-273,6.612764256
7887,3,-44,-5758,634,6.613951680
7887,4,66,-7640,-178,6.615139104
7887,5,172,-9323,-223,6.616326528
7887,6,291,-8476,217,6.617513952
7887,7,283,-7350,1196,6.618701376
7887,8,300,-10506,1530,6.619888800
7887,9,163,-6967,1691,6.621076224
7887,10,62,-1222,1476,6.622263648
7887,11,137,-2012,1701,6.623451072
7887,12,-154,-4243,2177,6.624638496
7887,13,-46,-3336,2215,6.625825920
7887,14,-245,-6850,2636,6.627013344
7887,15,-214,-8026,1663,6.628200768
7887,16,-252,-5253,2133,6.629388192
7887,17,-170,-3561,2052,6.630575616
7887,18,-159,-3017,2096,6.631763040
7887,19,20,-1313,1703,6.632950464
7887,20,-157,-773,1592,6.634137888
7887,21,62,-4218,675,6.635325312
7887,22,-20,-7522,927,6.636512736
7887,23,23,-5070,789,6.637700160
7887,24,-27,-3656,306,6.638887584
7887,25,-186,-5284,-560,6.640075008
7887,26,-254,-4365,-869,6.641262432
7887,27,-288,-357,-239,6.642449856
7887,28,-248,926,33,6.643637280
7887,29,-9,337,-358,6.644824704
7887,30,-5,269,-1418,6.646012128
7887,31,114,424,-1578,6.647199552
7887,32,254,-510,-1988,6.648386976
7887,33,179,-2378,-1341,6.649574400
7887,34,268,-1846,-1805,6.650761824
7887,35,297,-1348,-1772,6.651949248
7887,36,294,89,-2129,6.653136672
7887,37,16,592,-2186,6.654324096
7887,38,203,-3480,-2444,6.655511520
7887,39,-7,-5928,-2035,6.656698944
7887,40,17,-3850,-2112,6.657886368
7887,41,-135,-3707,-1050,6.659073792
7887,42,-9,-1247,-979,6.660261216
7887,43,-73,-2681,-1399,6.661448640
7887,44,141,-7312,-1135,6.662636064
7887,45,212,-2753,-885,6.663823488
7887,46,339,-181,-108,6.665010912
7887,47,426,-6830,112,6.666198336
7887,48,519,-7070,54,6.667385760
7887,49,453,-2536,318,6.668573184
7887,50,363,-3355,311,6.669760608
7887,51,186,-4435,542,6.670948032
7887,52,-6,-6842,315,6.672135456
7887,53,11,-10467,1094,6.673322880
7887,54,-161,-9230,1150,6.674510304
7887,55,-262,-8584,1526,6.675697728
7887,56,-261,-7993,1493,6.676885152
7887,57,-275,-4094,1517,6.678072576
7887,58,-104,-3193,2071,6.679260000
7887,59,-65,-3097,2123,6.680447424
7887,60,-22,-3943,2055,6.681634848
7887,61,115,-8437,1463,6.682822272
7887,62,142,-7979,1715,6.684009696
7887,63,171,-2329,1768,6.685197120
7887,64,92,-1792,1597,6.686384544
7888,1,51,-5443,813,6.687571968
7888,2,-147,-5140,722,6.688759392
7888,3,-178,-4965,837,6.689946816
7888,4,-323,-6936,623,6.691134240
7888,5,-384,-8116,945,6.692321664
7888,6,-488,-4354,498,6.693509088
7888,7,-475,-2887,121,6.694696512
7888,8,-310,-8817,-117,6.695883936
7888,9,-161,-10517,-130,6.697071360
7888,10,11,-6286,331,6.698258784
7888,11,43,-4339,422,6.699446208
7888,12,173,-5709,-360,6.700633632
7888,13,305,-4885,-762,6.701821056
7888,14,329,-3005,-859,6.703008480
7888,15,345,-3735,-1170,6.704195904
7888,16,278,-2963,-964,6.705383328
7888,17,125,-2219,-1616,6.706570752
7888,18,209,-3868,-1347,6.707758176
7888,19,8,-2170,-1461,6.708945600
7888,20,-13,-234,-1804,6.710133024
7888,21,13,-1780,-1847,6.711320448
7888,22,-11,-1858,-1952,6.712507872
7888,23,92,-258,-1326,6.713695296
7888,24,28,-1163,-617,6.714882720
7888,25,425,-942,-744,6.716070144
7888,26,359,-1035,-1270,6.717257568
7888,27,524,-3091,-1731,6.718444992
7888,28,541,-305,-854,6.719632416
7888,29,502,877,-215,6.720819840
7888,30,70,-1729,-238,6.722007264
7888,31,394,-5875,-1389,6.723194688
7888,32,119,-4201,-1215,6.724382112
7888,33,0,-4657,-22,6.725569536
7888,34,-134,-2135,747,6.726756960
7888,35,-440,1650,597,6.727944384
7888,36,-435,-734,1644,6.729131808
7888,37,-536,105,494,6.730319232
7888,38,213,-675,839,6.731506656
7888,39,-221,-8996,968,6.732694080
7888,40,-20,-9590,1042,6.733881504
7888,41,-49,-5451,1807,6.735068928
7888,42,44,-4254,2096,6.736256352
7888,43,-47,-4017,1550,6.737443776
7888,44,33,-8537,912,6.738631200
7888,45,70,-11640,677,6.739818624
7888,46,-38,-7553,806,6.741006048
7888,47,-183,-4279,1398,6.742193472
7888,48,-310,-9584,616,6.743380896
7888,49,-228,-8042,806,6.744568320
7888,50,-290,-2871,771,6.745755744
7888,51,-143,-1691,874,6.746943168
7888,52,-168,-1317,994,6.748130592
7888,53,225,-1562,506,6.749318016
7888,54,53,-6063,380,6.750505440
7888,55,189,-10035,-485,6.751692864
7888,56,355,-5909,834,6.752880288
7888,57,329,-1935,755,6.754067712
7888,58,265,-763,278,6.755255136
7888,59,-32,-2043,-174,6.756442560
7888,60,239,-8485,-1189,6.757629984
7888,61,90,-11889,-596,6.758817408
7888,62,21,-4097,-1108,6.760004832
7888,63,-59,141,-603,6.761192256
7888,64,-332,-1505,-894,6.762379680
7889,1,-31,-649,-1473,6.763567104
7889,2,24,-1906,-773,6.764754528
7889,3,189,-6383,-1155,6.765941952
7889,4,240,-7036,-1071,6.767129376
7889,5,371,-4907,-972,6.768316800
7889,6,399,-3738,-757,6.769504224
7889,7,335,-2322,-540,6.770691648
7889,8,448,-1140,-1473,6.771879072
7889,9,366,-3845,-1022,6.773066496
7889,10,182,-5210,-772,6.774253920
7889,11,-8,-4824,-128,6.775441344
7889,12,-179,-9559,-230,6.776628768
7889,13,-258,-8636,-866,6.777816192
7889,14,-387,-2279,-481,6.779003616
7889,15,-377,89,-327,6.780191040
7889,16,-382,-299,-165,6.781378464
7889,17,-203,-1006,128,6.782565888
7889,18,-204,-5653,-1029,6.783753312
7889,19,194,-9999,-848,6.784940736
7889,20,135,-7659,607,6.786128160
7889,21,347,-3043,597,6.787315584
7889,22,197,-3726,392,6.788503008
7889,23,116,-5873,784,6.789690432
7889,24,162,-5405,-26,6.790877856
7889,25,88,-6288,1432,6.792065280
7889,26,-69,-5280,1667,6.793252704
7889,27,-181,-4406,1230,6.794440128
7889,28,-349,-3723,1305,6.795627552
7889,29,-424,-920,1079,6.796814976
7889,30,-251,-409,1880,6.798002400
7889,31,-96,-2278,2037,6.799189824
7889,32,16,-2471,1854,6.800377248
7889,33,143,-4251,748,6.801564672
7889,34,180,-5435,727,6.802752096
7889,35,299,-3811,407,6.803939520
7889,36,406,-2866,663,6.805126944
7889,37,411,-1406,562,6.806314368
7889,38,238,-113,506,6.807501792
7889,39,115,-1436,368,6.808689216
7889,40,-159,-6752,310,6.809876640
7889,41,-92,-5614,644,6.811064064
7889,42,-186,-4572,-432,6.812251488
7889,43,-157,-4989,542,6.813438912
7889,44,-192,-1101,-429,6.814626336
7889,45,-177,-152,56,6.815813760
7889,46,3,-2330,-223,6.817001184
7889,47,83,-5945,-664,6.818188608
7889,48,425,-7490,-1181,6.819376032
7889,49,363,-4783,-1585,6.820563456
7889,50,463,-5239,-1758,6.821750880
7889,51,291,-7583,-2096,6.822938304
7889,52,171,-2066,-2055,6.824125728
7889,53,97,866,-1287,6.825313152
7889,54,-71,-2915,-1372,6.826500576
7889,55,-70,-3957,-1519,6.827688000
7889,56,-163,-3161,-1400,6.828875424
7889,57,-309,-5692,-935,6.830062848
7889,58,-352,-5082,-985,6.831250272
7889,59,-123,-3236,-1020,6.832437696
7889,60,-92,-4069,-607,6.833625120
7889,61,101,-6133,-889,6.834812544
7889,62,78,-8480,-610,6.835999968
7889,63,148,-8026,-526,6.837187392
7889,64,293,-8767,-189,6.838374816
7890,1,252,-6752,147,6.839562240
7890,2,158,-3429,90,6.840749664
7890,3,134,-4591,390,6.841937088
7890,4,-59,-5330,793,6.843124512
7890,5,-126,-1894,1555,6.844311936
7890,6,-169,-2709,1929,6.845499360
7890,7,-231,-6107,1907,6.846686784
7890,8,-59,-5075,2017,6.847874208
7890,9,-112,-4526,1841,6.849061632
7890,10,-26,-3962,1978,6.850249056
7890,11,32,-2760,1868,6.851436480
7890,12,87,-6509,1800,6.852623904
7890,13,242,-10103,1445,6.853811328
7890,14,207,-6687,1390,6.854998752
7890,15,170,-4855,1178,6.856186176
7890,16,130,-5968,1102,6.857373600
7890,17,34,-2219,611,6.858561024
7890,18,-11,20,960,6.859748448
7890,19,-221,-1817,354,6.860935872
7890,20,-29,-4400,-535,6.862123296
7890,21,-37,-5070,-373,6.863310720
7890,22,-99,-6595,-13,6.864498144
7890,23,2,-4473,433,6.865685568
7890,24,-11,-587,-199,6.866872992
7890,25,260,-687,2,6.868060416
7890,26,69,-2299,-1100,6.869247840
7890,27,281,-1580,-1119,6.870435264
7890,28,225,688,-530,6.871622688
7890,29,184,-17,-288,6.872810112
7890,30,30,-3331,-2207,6.873997536
7890,31,-17,-3628,-1716,6.875184960
7890,32,-27,545,-1238,6.876372384
7890,33,-143,320,-747,6.877559808
7890,34,-301,376,-1591,6.878747232
7890,35,-241,1330,-1825,6.879934656
7890,36,-249,653,-1239,6.881122080
7890,37,134,-9677,-2553,6.882309504
7890,38,20,-13453,-738,6.883496928
7890,39,96,-4616,-1539,6.884684352
7890,40,183,1178,-671,6.885871776
7890,41,97,678,282,6.887059200
7890,42,191,1213,135,6.888246624
7890,43,200,-5678,-985,6.889434048
7890,44,295,-11957,-536,6.890621472
7890,45,90,-10903,89,6.891808896
7890,46,7,-5481,937,6.892996320
7890,47,-113,-33,1207,6.894183744
7890,48,-268,-574,815,6.895371168
7890,49,-75,-1521,216,6.896558592
7890,50,-219,-2002,-11,6.897746016
7890,51,75,-9348,150,6.898933440
7890,52,92,-16177,874,6.900120864
7890,53,182,-10567,1045,6.901308288
7890,54,203,-5454,1412,6.902495712
7890,55,272,-2888,694,6.903683136
7890,56,75,-6741,-469,6.904870560
7890,57,313,-9852,-160,6.906057984
7890,58,203,-5608,1340,6.907245408
7890,59,248,-7097,1693,6.908432832
7890,60,105,-13481,1179,6.909620256
7890,61,-62,-11594,125,6.910807680
7890,62,3,-4845,284,6.911995104
7890,63,23,-3726,788,6.913182528
7890,64,-134,-592,1716,6.914369952
7891,1,181,-1338,1730,6.915557376
7891,2,-176,-9980,359,6.916744800
7891,3,-14,-10638,-633,6.917932224
7891,4,156,-8149,356,6.919119648
7891,5,207,-5336,1332,6.920307072
7891,6,98,663,-95,6.921494496
7891,7,30,2,1225,6.922681920
7891,8,-220,656,-53,6.923869344
7891,9,-200,1612,-36,6.925056768
7891,10,-154,342,1451,6.926244192
7891,11,-305,677,-437,6.927431616
7891,12,-219,704,-406,6.928619040
7891,13,-317,-787,236,6.929806464
7891,14,-121,-1347,-798,6.930993888
7891,15,-170,-3717,564,6.932181312
7891,16,-58,-2260,-1109,6.933368736
7891,17,132,-436,-967,6.934556160
7891,18,282,387,-1088,6.935743584
7891,19,157,1630,-316,6.936931008
7891,20,289,-269,-253,6.938118432
7891,21,-4,175,-1397,6.939305856
7891,22,190,-5611,-2606,6.940493280
7891,23,142,-10997,-1014,6.941680704
7891,24,-97,-4448,-305,6.942868128
7891,25,1,624,-465,6.944055552
7891,26,-176,-737,-296,6.945242976
7891,27,-118,-751,-2233,6.946430400
7891,28,52,-4705,-1215,6.947617824
7891,29,83,-6469,-382,6.948805248
7891,30,206,-2671,-284,6.949992672
7891,31,283,-6170,-1148,6.951180096
7891,32,239,-9214,-1640,6.952367520
7891,33,306,-5209,-1598,6.953554944
7891,34,353,-4557,-626,6.954742368
7891,35,229,-5767,-493,6.955929792
7891,36,189,-6887,-1397,6.957117216
7891,37,76,-10014,-709,6.958304640
7891,38,81,-5921,271,6.959492064
7891,39,-81,-2356,1131,6.960679488
7891,40,-97,-8628,778,6.961866912
7891,41,-54,-8802,311,6.963054336
7891,42,-78,-4323,848,6.964241760
7891,43,151,-7421,1784,6.965429184
7891,44,168,-10553,2399,6.966616608
7891,45,185,-8253,2041,6.967804032
7891,46,199,-8965,1526,6.968991456
7891,47,191,-7556,1458,6.970178880
7891,48,173,-5673,2021,6.971366304
7891,49,154,-8342,2224,6.972553728
7891,50,-7,-8098,2311,6.973741152
7891,51,-160,-4270,1561,6.974928576
7891,52,-267,-4666,1580,6.976116000
7891,53,-304,-5787,1702,6.977303424
7891,54,-259,-3179,1976,6.978490848
7891,55,-319,-2225,1704,6.979678272
7891,56,-262,-1856,1142,6.980865696
7891,57,-57,-414,1017,6.982053120
7891,58,-210,-2576,473,6.983240544
7891,59,86,-6845,358,6.984427968
7891,60,-8,-2866,-61,6.985615392
7891,61,118,-69,-615,6.986802816
7891,62,0,-1703,-547,6.987990240
7891,63,-102,-1112,-947,6.989177664
7891,64,-203,83,-755,6.990365088
7892,1,-158,-574,-1106,6.991552512
7892,2,-239,-3358,-1808,6.992739936
7892,3,-259,-2717,-2099,6.993927360
7892,4,-310,-1077,-1446,6.995114784
7892,5,-212,-1980,-1384,6.996302208
7892,6,-14,-2212,-1340,6.997489632
7892,7,102,847,-2085,6.998677056
7892,8,160,1067,-1717,6.999864480
7892,9,575,523,-1402,7.001051904
7892,10,464,1063,-1327,7.002239328
7892,11,550,-490,-1242,7.003426752
7892,12,357,-5192,-2533,7.004614176
7892,13,350,-3611,-1953,7.005801600
7892,14,385,996,-1730,7.006989024
7892,15,97,24,-173,7.008176448
7892,16,-84,-155,-1061,7.009363872
7892,17,85,-2138,-1997,7.010551296
7892,18,-321,-8300,-1164,7.011738720
7892,19,32,-8936,-40,7.012926144
7892,20,-71,-5850,986,7.014113568
7892,21,6,-6986,1034,7.015300992
7892,22,205,-4952,965,7.016488416
7892,23,116,-1998,508,7.017675840
7892,24,438,-4476,1478,7.018863264
7892,25,482,-6240,1501,7.020050688
7892,26,433,-7992,1180,7.021238112
7892,27,507,-11110,778,7.022425536
7892,28,277,-11388,828,7.023612960
7892,29,183,-8305,1547,7.024800384
7892,30,-33,-5684,1867,7.025987808
7892,31,-240,-5405,1220,7.027175232
7892,32,-226,-6219,1331,7.028362656
7892,33,-189,-4235,1460,7.029550080
7892,34,-247,-3999,2082,7.030737504
7892,35,-282,-9352,1317,7.031924928
7892,36,-222,-10612,618,7.033112352
7892,37,-71,-7240,1031,7.034299776
7892,38,-29,-5690,968,7.035487200
7892,39,-58,-5356,1672,7.036674624
7892,40,-84,-3180,714,7.037862048
7892,41,-19,-5800,-106,7.039049472
7892,42,16,-10582,-506,7.040236896
7892,43,15,-7502,-142,7.041424320
7892,44,-74,-2519,649,7.042611744
7892,45,-264,-4374,-54,7.043799168
7892,46,-339,-8016,-565,7.044986592
7892,47,-331,-4660,-468,7.046174016
7892,48,-358,-511,239,7.047361440
7892,49,-149,-443,690,7.048548864
7892,50,-246,-340,-63,7.049736288
7892,51,-8,-647,-289,7.050923712
7892,52,-9,-4050,-864,7.052111136
7892,53,141,-4995,-621,7.053298560
7892,54,165,-1592,-331,7.054485984
7892,55,307,567,-1134,7.055673408
7892,56,221,1217,-823,7.056860832
7892,57,54,1837,-1456,7.058048256
7892,58,-19,292,-1444,7.059235680
7892,59,70,-1633,-2128,7.060423104
7892,60,155,-6941,-1654,7.061610528
7892,61,153,-6895,-1148,7.062797952
7892,62,60,-557,-1524,7.063985376
7892,63,0,1155,-885,7.065172800
7892,64,317,-529,-1004,7.066360224
7893,1,331,-4601,-1883,7.067547648
7893,2,460,-5046,-1008,7.068735072
7893,3,494,-5464,-687,7.069922496
7893,4,578,-2790,926,7.071109920
7893,5,514,717,270,7.072297344
7893,6,432,-3909,-522,7.073484768
7893,7,245,-6877,-952,7.074672192
7893,8,77,-56,-568,7.075859616
7893,9,-197,-1470,461,7.077047040
7893,10,-167,-9181,-672,7.078234464
7893,11,-329,-11213,-193,7.079421888
7893,12,-246,-9375,106,7.080609312
7893,13,-333,-4011,1129,7.081796736
7893,14,-302,-747,1114,7.082984160
7893,15,41,-2661,1217,7.084171584
7893,16,-141,-3715,1099,7.085359008
7893,17,177,-6019,808,7.086546432
7893,18,207,-10025,1941,7.087733856
7893,19,293,-9104,1728,7.088921280
7893,20,331,-5377,1538,7.090108704
7893,21,63,-6774,1336,7.091296128
7893,22,10,-9603,1131,7.092483552
7893,23,-10,-6473,1921,7.093670976
7893,24,-247,-4107,2035,7.094858400
7893,25,-243,-4822,1427,7.096045824
7893,26,-569,-3897,1014,7.097233248
7893,27,-483,-5103,823,7.098420672
7893,28,-282,-7306,1633,7.099608096
7893,29,-309,-2409,1629,7.100795520
7893,30,-206,639,984,7.101982944
7893,31,-39,-211,1451,7.103170368
7893,32,-46,1408,443,7.104357792
7893,33,201,1512,1228,7.105545216
7893,34,211,414,21,7.106732640
7893,35,257,-253,-911,7.107920064
7893,36,50,-1806,-1264,7.109107488
7893,37,111,-9690,-788,7.110294912
7893,38,-70,-9880,-1065,7.111482336
7893,39,-35,-2802,-2183,7.112669760
7893,40,-154,-1052,-1818,7.113857184
7893,41,-135,183,-2841,7.115044608
7893,42,-126,36,-2009,7.116232032
7893,43,-18,-7908,-1470,7.117419456
7893,44,140,-10840,-1474,7.118606880
7893,45,247,-5804,-1120,7.119794304
7893,46,458,-1618,-985,7.120981728
7893,47,536,623,-1000,7.122169152
7893,48,447,134,-1620,7.123356576
7893,49,441,-6035,-1812,7.124544000
7893,50,471,-7934,-1918,7.125731424
7893,51,334,-5033,-1201,7.126918848
7893,52,329,-4541,-447,7.128106272
7893,53,15,-2375,-888,7.129293696
7893,54,-234,-4460,-1812,7.130481120
7893,55,-216,-8662,-1829,7.131668544
7893,56,-295,-4732,-1101,7.132855968
7893,57,-133,-1236,563,7.134043392
7893,58,28,-3014,1227,7.135230816
7893,59,-161,-5010,707,7.136418240
7893,60,113,-7085,153,7.137605664
7893,61,195,-7597,777,7.138793088
7893,62,367,-3778,1422,7.139980512
7893,63,362,-5503,2202,7.141167936
7893,64,312,-6803,2383,7.142355360
7894,1,139,-4728,2165,7.143542784
7894,2,107,-6322,1482,7.144730208
7894,3,-104,-7345,2249,7.145917632
7894,4,-93,-1246,2322,7.147105056
7894,5,-411,-858,2973,7.148292480
7894,6,-286,-5780,2195,7.149479904
7894,7,-413,-4413,2111,7.150667328
7894,8,-418,-4979,1969,7.151854752
7894,9,-177,-6473,1713,7.153042176
7894,10,-101,-2977,1087,7.154229600
7894,11,-49,-3060,1005,7.155417024
7894,12,-68,-7222,648,7.156604448
7894,13,4,-9890,316,7.157791872
7894,14,68,-10600,112,7.158979296
7894,15,102,-7436,-281,7.160166720
7894,16,44,-2037,-600,7.161354144
7894,17,-80,-1798,-1006,7.162541568
7894,18,-74,-2326,-1266,7.163728992
7894,19,-127,-1464,-1079,7.164916416
7894,20,-55,-3305,-1349,7.166103840
7894,21,-7,-3677,-1211,7.167291264
7894,22,-55,-305,-1315,7.168478688
7894,23,-78,-959,-1597,7.169666112
7894,24,94,-2287,-1862,7.170853536
7894,25,158,-1368,-2115,7.172040960
7894,26,364,-1528,-1655,7.173228384
7894,27,348,-2573,-1482,7.174415808
7894,28,383,-1395,-1399,7.175603232
7894,29,267,-3231,-1745,7.176790656
7894,30,205,-6573,-2008,7.177978080
7894,31,135,-5421,-2044,7.179165504
7894,32,100,-1205,-1344,7.180352928
7894,33,89,701,-777,7.181540352
7894,34,-56,173,-305,7.182727776
7894,35,-167,806,-560,7.183915200
7894,36,-56,157,94,7.185102624
7894,37,96,-4362,-1890,7.186290048
7894,38,353,-10043,-88,7.187477472
7894,39,233,-8504,724,7.188664896
7894,40,147,-3050,1354,7.189852320
7894,41,121,-613,1961,7.191039744
7894,42,181,-5147,212,7.192227168
7894,43,300,-11138,684,7.193414592
7894,44,151,-6710,1617,7.194602016
7894,45,-71,-3120,2457,7.195789440
7894,46,-192,-7893,1717,7.196976864
7894,47,-358,-8723,1206,7.198164288
7894,48,-365,-5445,1060,7.199351712
7894,49,-194,-3498,1555,7.200539136
7894,50,-241,-4537,1402,7.201726560
7894,51,-99,-7637,758,7.202913984
7894,52,50,-7915,1023,7.204101408
7894,53,125,-6002,889,7.205288832
7894,54,269,-6676,1027,7.206476256
7894,55,325,-5064,215,7.207663680
7894,56,194,-3102,-471,7.208851104
7894,57,193,-6659,-283,7.210038528
7894,58,-113,-7555,560,7.211225952
7894,59,-104,-4796,1457,7.212413376
7894,60,-224,-3917,1118,7.213600800
7894,61,-319,-3743,263,7.214788224
7894,62,-376,-3057,-322,7.215975648
7894,63,-450,-1427,265,7.217163072
7894,64,-300,-606,961,7.218350496
7895,1,-77,-807,563,7.219537920
7895,2,3,-1558,-181,7.220725344
7895,3,244,-3068,-1295,7.221912768
7895,4,350,-6119,-966,7.223100192
7895,5,356,-6017,-928,7.224287616
7895,6,365,-4325,-1149,7.225475040
7895,7,320,-4129,-998,7.226662464
7895,8,214,-2027,-1123,7.227849888
7895,9,165,-753,-516,7.229037312
7895,10,-25,-1380,-240,7.230224736
7895,11,-148,-571,-563,7.231412160
7895,12,-191,-19,-715,7.232599584
7895,13,-77,-2350,-725,7.233787008
7895,14,-40,-5240,-598,7.234974432
7895,15,103,-6266,-403,7.236161856
7895,16,172,-4820,-955,7.237349280
7895,17,300,-3152,-1430,7.238536704
7895,18,379,-2233,-1491,7.239724128
7895,19,440,-1424,-1123,7.240911552
7895,20,431,-1217,-580,7.242098976
7895,21,259,-3486,-975,7.243286400
7895,22,50,-5450,-1352,7.244473824
7895,23,-122,-5128,-1198,7.245661248
7895,24,-143,-4853,-546,7.246848672
7895,25,-244,-6237,-242,7.248036096
7895,26,-289,-9838,-182,7.249223520
7895,27,-305,-9084,-91,7.250410944
7895,28,-245,-5858,594,7.251598368
7895,29,-54,-5241,966,7.252785792
7895,30,6,-7639,1063,7.253973216
7895,31,163,-7964,644,7.255160640
7895,32,179,-7815,711,7.256348064
7895,33,238,-7167,787,7.257535488
7895,34,144,-8045,1171,7.258722912
7895,35,191,-8703,1202,7.259910336
7895,36,101,-5948,1423,7.261097760
7895,37,98,-2513,1310,7.262285184
7895,38,-140,-1912,1537,7.263472608
7895,39,-166,-1678,1854,7.264660032
7895,40,-242,-641,2104,7.265847456
7895,41,-88,-1920,2115,7.267034880
7895,42,-102,-4556,1953,7.268222304
7895,43,-64,-4614,1635,7.269409728
7895,44,-59,-2415,1467,7.270597152
7895,45,-32,-688,2114,7.271784576
7895,46,-41,331,992,7.272972000
7895,47,184,1113,846,7.274159424
7895,48,210,1366,1037,7.275346848
7895,49,178,1085,305,7.276534272
7895,50,8,1212,275,7.277721696
7895,51,-173,592,76,7.278909120
7895,52,-449,-1525,-1667,7.280096544
7895,53,24,-8724,-1763,7.281283968
7895,54,-183,-8429,-484,7.282471392
7895,55,11,-1436,-1388,7.283658816
7895,56,-176,826,-187,7.284846240
7895,57,-27,442,-1174,7.286033664
7895,58,-57,-1202,-3260,7.287221088
7895,59,213,-7615,-1751,7.288408512
7895,60,540,-7633,-1705,7.289595936
7895,61,467,-4602,-891,7.290783360
7895,62,436,-3574,-2035,7.291970784
7895,63,311,-5044,-2573,7.293158208
7895,64,315,-6133,-3145,7.294345632
7896,1,181,-4253,-2384,7.295533056
7896,2,117,-3300,-2243,7.296720480
7896,3,-98,-5623,-2816,7.297907904
7896,4,-88,-6420,-2166,7.299095328
7896,5,-286,-4380,-1732,7.300282752
7896,6,-308,-6119,-993,7.301470176
7896,7,-91,-5483,-446,7.302657600
7896,8,-66,-2837,-693,7.303845024
7896,9,251,-4557,67,7.305032448
7896,10,129,-6908,742,7.306219872
7896,11,252,-6493,1470,7.307407296
7896,12,429,-6892,1436,7.308594720
7896,13,457,-4711,1273,7.309782144
7896,14,278,-1802,1598,7.310969568
7896,15,221,-5607,1611,7.312156992
7896,16,77,-9286,2648,7.313344416
7896,17,-64,-8626,2388,7.314531840
7896,18,-189,-10321,2296,7.315719264
7896,19,-283,-9741,2696,7.316906688
7896,20,-190,-1922,2936,7.318094112
7896,21,-356,-824,3543,7.319281536
7896,22,-222,-6085,2504,7.320468960
7896,23,-114,-6144,2309,7.321656384
7896,24,1,-5662,2083,7.322843808
7896,25,151,-9295,2530,7.324031232
7896,26,211,-9212,1944,7.325218656
7896,27,87,-4930,1237,7.326406080
7896,28,128,-5864,91,7.327593504
7896,29,8,-7617,-59,7.328780928
7896,30,-67,-2986,199,7.329968352
7896,31,-47,-2520,173,7.331155776
7896,32,-223,-2845,-211,7.332343200
7896,33,-403,-954,-1502,7.333530624
7896,34,-406,-4787,-2122,7.334718048
7896,35,-276,-8806,-1922,7.335905472
7896,36,-151,-3290,-1055,7.337092896
7896,37,-123,1017,-1216,7.338280320
7896,38,-40,324,-1268,7.339467744
7896,39,85,1491,-2406,7.340655168
7896,40,242,2108,-1560,7.341842592
7896,41,415,1850,-1737,7.343030016
7896,42,383,624,-1838,7.344217440
7896,43,235,-1797,-3104,7.345404864
7896,44,276,-8164,-2038,7.346592288
7896,45,38,-6381,-2039,7.347779712
7896,46,39,-229,-1999,7.348967136
7896,47,22,163,-2144,7.350154560
7896,48,-10,899,-1840,7.351341984
7896,49,-14,1652,-1636,7.352529408
7896,50,156,-869,894,7.353716832
7896,51,-116,-517,500,7.354904256
7896,52,410,-5135,81,7.356091680
7896,53,211,-5630,150,7.357279104
7896,54,389,567,-445,7.358466528
7896,55,374,823,1765,7.359653952
7896,56,127,-2196,1032,7.360841376
7896,57,310,-4466,-464,7.362028800
7896,58,178,-8657,1154,7.363216224
7896,59,85,-6441,1681,7.364403648
7896,60,-16,-469,2396,7.365591072
7896,61,-382,-1849,2260,7.366778496
7896,62,-319,-5276,1391,7.367965920
7896,63,-264,-4323,-181,7.369153344
7896,64,-126,-7231,1211,7.370340768
7897,1,149,-9159,1575,7.371528192
7897,2,-26,-6786,1373,7.372715616
7897,3,178,-7241,789,7.373903040
7897,4,164,-9327,130,7.375090464
7897,5,230,-10390,473,7.376277888
7897,6,296,-8369,1021,7.377465312
7897,7,132,-8217,1028,7.378652736
7897,8,49,-10301,286,7.379840160
7897,9,-146,-9313,366,7.381027584
7897,10,-235,-5689,231,7.382215008
7897,11,-282,-6467,689,7.383402432
7897,12,-258,-9396,-4,7.384589856
7897,13,-270,-8687,-222,7.385777280
7897,14,-199,-6613,-122,7.386964704
7897,15,-192,-4953,573,7.388152128
7897,16,-95,-5806,277,7.389339552
7897,17,35,-6856,-475,7.390526976
7897,18,149,-3366,-422,7.391714400
7897,19,207,-1882,-296,7.392901824
7897,20,59,-4501,50,7.394089248
7897,21,90,-5020,107,7.395276672
7897,22,61,-3330,-548,7.396464096
7897,23,54,-4527,-598,7.397651520
7897,24,-72,-2000,-915,7.398838944
7897,25,-202,203,-528,7.400026368
7897,26,-184,-1797,-30,7.401213792
7897,27,-143,-2006,-259,7.402401216
7897,28,-29,-2303,-353,7.403588640
7897,29,0,-3960,-476,7.404776064
7897,30,197,-392,-225,7.405963488
7897,31,211,1582,-54,7.407150912
7897,32,392,-1445,-57,7.408338336
7897,33,463,-606,-1206,7.409525760
7897,34,288,1802,-192,7.410713184
7897,35,397,388,438,7.411900608
7897,36,199,868,-856,7.413088032
7897,37,110,957,278,7.414275456
7897,38,-133,465,-410,7.415462880
7897,39,-238,11,-663,7.416650304
7897,40,-453,-1584,-619,7.417837728
7897,41,225,-11679,74,7.419025152
7897,42,-349,-11155,-494,7.420212576
7897,43,-112,-1996,-1690,7.421400000
7897,44,-21,-3452,-393,7.422587424
7897,45,66,-3627,-1703,7.423774848
7897,46,288,-3443,-455,7.424962272
7897,47,329,-6324,-34,7.426149696
7897,48,506,-4568,214,7.427337120
7897,49,459,-4393,709,7.428524544
7897,50,208,-8687,338,7.429711968
7897,51,267,-7327,289,7.430899392
7897,52,79,-3495,698,7.432086816
7897,53,-25,-2695,129,7.433274240
7897,54,-184,-4979,254,7.434461664
7897,55,-351,-6118,542,7.435649088
7897,56,-244,-4783,1673,7.436836512
7897,57,-249,-3796,1561,7.438023936
7897,58,-305,-8303,973,7.439211360
7897,59,-40,-8652,1008,7.440398784
7897,60,-130,-3458,794,7.441586208
7897,61,87,-4317,1503,7.442773632
7897,62,193,-5718,1357,7.443961056
7897,63,175,-1653,1145,7.445148480
7897,64,396,-461,1576,7.446335904
7898,1,143,-1964,545,7.447523328
7898,2,192,-4356,262,7.448710752
7898,3,182,-5281,201,7.449898176
7898,4,-10,-6856,460,7.451085600
7898,5,-32,-6599,194,7.452273024
7898,6,-253,-5221,-321,7.453460448
7898,7,-248,-5731,-361,7.454647872
7898,8,-300,-4386,-139,7.455835296
7898,9,-218,-175,-149,7.457022720
7898,10,-239,-2518,-64,7.458210144
7898,11,-35,-6993,-630,7.459397568
7898,12,-24,-5037,-118,7.460584992
7898,13,80,-3845,-554,7.461772416
7898,14,123,-5027,-656,7.462959840
7898,15,114,-3671,-1327,7.464147264
7898,16,196,-3192,-1877,7.465334688
7898,17,191,-5847,-1369,7.466522112
7898,18,153,-4709,-1592,7.467709536
7898,19,104,-4593,-1434,7.468896960
7898,20,37,-5999,-1998,7.470084384
7898,21,-41,-6185,-2098,7.471271808
7898,22,22,-6490,-1672,7.472459232
7898,23,-30,-7197,-1174,7.473646656
7898,24,34,-5991,-861,7.474834080
7898,25,-13,-2799,-349,7.476021504
7898,26,-7,-1605,-194,7.477208928
7898,27,195,-3965,291,7.478396352
7898,28,202,-4730,257,7.479583776
7898,29,315,-3578,635,7.480771200
7898,30,269,-3407,783,7.481958624
7898,31,231,-2250,724,7.483146048
7898,32,197,-3213,846,7.484333472
7898,33,176,-4468,747,7.485520896
7898,34,62,-5048,924,7.486708320
7898,35,83,-6355,375,7.487895744
7898,36,-52,-6284,933,7.489083168
7898,37,-79,-2525,1459,7.490270592
7898,38,-187,-415,1788,7.491458016
7898,39,-114,-2249,1510,7.492645440
7898,40,-53,-3507,1187,7.493832864
7898,41,11,-2242,1316,7.495020288
7898,42,33,-2165,1628,7.496207712
7898,43,76,-4806,1990,7.497395136
7898,44,80,-2736,1618,7.498582560
7898,45,91,-575,1157,7.499769984
7898,46,163,-3552,66,7.500957408
7898,47,97,-4034,-52,7.502144832
7898,48,55,-2623,367,7.503332256
7898,49,-73,-3672,-40,7.504519680
7898,50,-233,-3839,-170,7.505707104
7898,51,-292,-4271,-1074,7.506894528
7898,52,-247,-6306,-1342,7.508081952
7898,53,-291,-6891,-893,7.509269376
7898,54,-231,-2339,-634,7.510456800
7898,55,-375,187,-427,7.511644224
7898,56,-20,-822,-207,7.512831648
7898,57,-133,-2240,-931,7.514019072
7898,58,259,-5901,-477,7.515206496
7898,59,225,-6796,-1109,7.516393920
7898,60,202,-4780,-1490,7.517581344
7898,61,291,-2982,-981,7.518768768
7898,62,94,-2366,-1305,7.519956192
7898,63,170,-4344,-1624,7.521143616
7898,64,166,-4637,-1216,7.522331040
7899,1,72,-1454,-1390,7.523518464
7899,2,36,253,-777,7.524705888
7899,3,-262,-682,-311,7.525893312
7899,4,-25,-2088,-949,7.527080736
7899,5,-74,-6986,-250,7.528268160
7899,6,63,-6241,-329,7.529455584
7899,7,30,-2517,532,7.530643008
7899,8,164,-3632,631,7.531830432
7899,9,204,-6939,779,7.533017856
7899,10,309,-8434,626,7.534205280
7899,11,402,-8278,534,7.535392704
7899,12,467,-7292,1251,7.536580128
7899,13,272,-4495,487,7.537767552
7899,14,169,-8091,605,7.538954976
7899,15,84,-12183,57,7.540142400
7899,16,42,-8383,528,7.541329824
7899,17,37,-7042,603,7.542517248
7899,18,-122,-8332,390,7.543704672
7899,19,-78,-3540,714,7.544892096
7899,20,-85,-654,894,7.546079520
7899,21,8,-5695,901,7.547266944
7899,22,-22,-6125,476,7.548454368
7899,23,73,-3418,576,7.549641792
7899,24,102,-7262,577,7.550829216
7899,25,137,-8193,710,7.552016640
7899,26,-9,-3842,582,7.553204064
7899,27,-54,-3777,156,7.554391488
7899,28,-40,-7203,-505,7.555578912
7899,29,-146,-6033,-226,7.556766336
7899,30,-184,-1819,324,7.557953760
7899,31,-397,-1506,519,7.559141184
7899,32,-357,-2763,16,7.560328608
7899,33,-389,-2276,-539,7.561516032
7899,34,-218,-4370,-354,7.562703456
7899,35,-25,-4348,227,7.563890880
7899,36,-63,-1592,887,7.565078304
7899,37,2,59,399,7.566265728
7899,38,113,756,357,7.567453152
7899,39,238,1193,562,7.568640576
7899,40,229,1991,741,7.569828000
7899,41,178,1248,444,7.571015424
7899,42,31,1201,1013,7.572202848
7899,43,-124,767,69,7.573390272
7899,44,-50,-3482,-1484,7.574577696
7899,45,-195,-12115,-171,7.575765120
7899,46,-140,-8931,-550,7.576952544
7899,47,-95,54,-1275,7.578139968
7899,48,-112,717,-1190,7.579327392
7899,49,-59,1172,-460,7.580514816
7899,50,223,1566,-581,7.581702240
7899,51,386,-8203,-2080,7.582889664
7899,52,750,-14579,-906,7.584077088
7899,53,696,-7097,-941,7.585264512
7899,54,550,-929,-282,7.586451936
7899,55,503,-1204,-200,7.587639360
7899,56,330,-2533,-946,7.588826784
7899,57,245,-6684,-2266,7.590014208
7899,58,208,-7012,-1627,7.591201632
7899,59,-106,-3159,-360,7.592389056
7899,60,-218,-4697,-445,7.593576480
7899,61,-338,-9372,-73,7.594763904
7899,62,-357,-9183,-1500,7.595951328
7899,63,-83,-6112,-726,7.597138752
7899,64,-64,-2837,-282,7.598326176
7900,1,19,-3540,193,7.599513600
7900,2,130,-6280,521,7.600701024
7900,3,66,-6545,669,7.601888448
7900,4,477,-5377,867,7.603075872
7900,5,292,-8479,372,7.604263296
7900,6,344,-9113,581,7.605450720
7900,7,69,-5587,1281,7.606638144
7900,8,-79,-2796,2073,7.607825568
7900,9,-208,-6236,2114,7.609012992
7900,10,-292,-9343,1630,7.610200416
7900,11,-354,-4654,1993,7.611387840
7900,12,-322,-869,2145,7.612575264
7900,13,-370,-3085,2499,7.613762688
7900,14,-407,-6697,2636,7.614950112
7900,15,-164,-4201,1984,7.616137536
7900,16,-179,-429,2112,7.617324960
7900,17,197,-1117,1908,7.618512384
7900,18,92,-981,1031,7.619699808
7900,19,-23,-3680,888,7.620887232
7900,20,165,-4570,-55,7.622074656
7900,21,37,-2776,353,7.623262080
7900,22,101,-1791,494,7.624449504
7900,23,103,-241,-300,7.625636928
7900,24,-407,96,-963,7.626824352
7900,25,-330,554,-1535,7.628011776
7900,26,-275,-3861,-2397,7.629199200
7900,27,-71,-5773,-1265,7.630386624
7900,28,12,-2618,-870,7.631574048
7900,29,-46,-729,-1102,7.632761472
7900,30,53,381,-1730,7.633948896
7900,31,194,-1945,-2568,7.635136320
7900,32,465,-4755,-2171,7.636323744
7900,33,670,-2800,-2082,7.637511168
7900,34,563,-2845,-2097,7.638698592
7900,35,479,-8338,-1960,7.639886016
7900,36,285,-8830,-2655,7.641073440
7900,37,81,-5880,-2197,7.642260864
7900,38,100,-5721,-1998,7.643448288
7900,39,13,-3598,-1806,7.644635712
7900,40,-78,-3324,-1404,7.645823136
7900,41,-106,-4782,-1157,7.647010560
7900,42,-246,-5338,-448,7.648197984
7900,43,-68,-5450,-354,7.649385408
7900,44,112,-3405,121,7.650572832
7900,45,224,-753,245,7.651760256
7900,46,315,-731,958,7.652947680
7900,47,327,-1615,1317,7.654135104
7900,48,328,-2273,1573,7.655322528
7900,49,398,-7522,1073,7.656509952
7900,50,317,-8964,1010,7.657697376
7900,51,217,-5578,1514,7.658884800
7900,52,51,-5481,1877,7.660072224
7900,53,-307,-5561,2450,7.661259648
7900,54,-428,-4017,2198,7.662447072
7900,55,-433,-6399,2161,7.663634496
7900,56,-307,-8663,2091,7.664821920
7900,57,-226,-7147,2536,7.666009344
7900,58,-205,-4768,2881,7.667196768
7900,59,-159,-3108,2592,7.668384192
7900,60,-45,-5318,1722,7.669571616
7900,61,88,-6255,1299,7.670759040
7900,62,175,-5248,1284,7.671946464
7900,63,251,-6912,1244,7.673133888
7900,64,92,-6437,555,7.674321312
7901,1,-97,-6304,-164,7.675508736
7901,2,-197,-6759,-556,7.676696160
7901,3,-286,-4248,-366,7.677883584
7901,4,-263,-1610,-353,7.679071008
7901,5,-421,-2773,-964,7.680258432
7901,6,-462,-5164,-1531,7.681445856
7901,7,-331,-6027,-1483,7.682633280
7901,8,-159,-5071,-962,7.683820704
7901,9,15,-2185,-1094,7.685008128
7901,10,179,-2485,-1625,7.686195552
7901,11,338,-3122,-2052,7.687382976
7901,12,431,-2370,-1705,7.688570400
7901,13,488,-2263,-1404,7.689757824
7901,14,385,-2939,-1398,7.690945248
7901,15,414,-3158,-1794,7.692132672
7901,16,264,-2721,-2048,7.693320096
7901,17,147,-2389,-1604,7.694507520
7901,18,-56,-1451,-1370,7.695694944
7901,19,-130,-1614,-1010,7.696882368
7901,20,-158,-1548,-962,7.698069792
7901,21,-167,-690,-671,7.699257216
7901,22,-12,-284,-24,7.700444640
7901,23,-82,-2494,-430,7.701632064
7901,24,297,-5171,-316,7.702819488
7901,25,221,-4786,73,7.704006912
7901,26,553,-1874,169,7.705194336
7901,27,421,-2599,850,7.706381760
7901,28,544,-4682,835,7.707569184
7901,29,319,-6408,349,7.708756608
7901,30,229,-6865,396,7.709944032
7901,31,87,-3080,976,7.711131456
7901,32,81,-439,1048,7.712318880
7901,33,-383,-1059,1989,7.713506304
7901,34,-442,-1152,871,7.714693728
7901,35,-405,-1484,1281,7.715881152
7901,36,-308,-5306,826,7.717068576
7901,37,-11,-7383,1163,7.718256000
7901,38,-147,-4647,1642,7.719443424
7901,39,-13,-4474,1160,7.720630848
7901,40,49,-7376,1093,7.721818272
7901,41,28,-5430,305,7.723005696
7901,42,167,-7166,401,7.724193120
7901,43,208,-7802,929,7.725380544
7901,44,9,-3744,1044,7.726567968
7901,45,-1,-6864,483,7.727755392
7901,46,-217,-10309,51,7.728942816
7901,47,-250,-6059,137,7.730130240
7901,48,-187,-3129,468,7.731317664
7901,49,-266,-4904,388,7.732505088
7901,50,-208,-4475,-171,7.733692512
7901,51,-162,-6455,-374,7.734879936
7901,52,-66,-8625,-43,7.736067360
7901,53,147,-7143,-170,7.737254784
7901,54,235,-7797,-742,7.738442208
7901,55,362,-7116,-486,7.739629632
7901,56,321,-3399,-983,7.740817056
7901,57,223,-3939,-349,7.742004480
7901,58,207,-4971,-392,7.743191904
7901,59,162,-3476,-868,7.744379328
7901,60,106,-3649,-737,7.745566752
7901,61,-39,-3341,-1161,7.746754176
7901,62,-51,-2734,-752,7.747941600
7901,63,-66,-2714,-612,7.749129024
7901,64,-87,-1132,-1049,7.750316448
7902,1,52,-2963,-1324,7.751503872
7902,2,89,-6826,-1383,7.752691296
7902,3,267,-3432,-672,7.753878720
7902,4,207,-2442,-802,7.755066144
7902,5,324,-7105,-1026,7.756253568
7902,6,326,-6097,-951,7.757440992
7902,7,314,-1860,-663,7.758628416
7902,8,254,-1023,786,7.759815840
7902,9,109,198,91,7.761003264
7902,10,-118,961,676,7.762190688
7902,11,-216,852,608,7.763378112
7902,12,-345,592,784,7.764565536
7902,13,-456,-791,1182,7.765752960
7902,14,-200,-8877,-1477,7.766940384
7902,15,-83,-12338,-474,7.768127808
7902,16,-163,-7101,736,7.769315232
7902,17,-218,-578,1671,7.770502656
7902,18,16,570,2076,7.771690080
7902,19,-11,457,1132,7.772877504
7902,20,-1,470,713,7.774064928
7902,21,198,455,36,7.775252352
7902,22,251,-2089,1419,7.776439776
7902,23,-19,-12034,732,7.777627200
7902,24,-27,-10261,227,7.778814624
7902,25,-67,-2285,1747,7.780002048
7902,26,-57,-910,2449,7.781189472
7902,27,-146,535,1183,7.782376896
7902,28,-233,-578,1497,7.783564320
7902,29,36,-5296,-1067,7.784751744
7902,30,174,-7704,-1411,7.785939168
7902,31,-48,-7752,1757,7.787126592
7902,32,119,-3941,389,7.788314016
7902,33,-55,-3899,262,7.789501440
7902,34,322,-6517,-317,7.790688864
7902,35,212,-4066,-1329,7.791876288
7902,36,162,-4840,-115,7.793063712
7902,37,130,-4110,-293,7.794251136
7902,38,101,-3962,-1072,7.795438560
7902,39,227,-5916,-1100,7.796625984
7902,40,88,-4456,-1319,7.797813408
7902,41,196,-1625,-636,7.799000832
7902,42,15,-3283,-873,7.800188256
7902,43,128,-10081,-1844,7.801375680
7902,44,230,-9178,-1082,7.802563104
7902,45,94,-4939,-885,7.803750528
7902,46,310,-5791,-958,7.804937952
7902,47,105,-5991,-1608,7.806125376
7902,48,148,-2975,-2095,7.807312800
7902,49,92,-5023,-820,7.808500224
7902,50,-48,-7567,-324,7.809687648
7902,51,7,-5784,201,7.810875072
7902,52,-108,-4702,-227,7.812062496
7902,53,-157,-2511,-182,7.813249920
7902,54,-186,-2179,255,7.814437344
7902,55,-180,-3480,559,7.815624768
7902,56,-88,-5442,1012,7.816812192
7902,57,5,-7496,488,7.817999616
7902,58,-45,-6300,1112,7.819187040
7902,59,-14,-4943,1166,7.820374464
7902,60,-49,-4623,1026,7.821561888
7902,61,-112,-2411,1130,7.822749312
7902,62,33,-495,820,7.823936736
7902,63,-143,-1091,1519,7.825124160
7902,64,-124,-1333,1869,7.826311584
7903,1,-197,-462,2015,7.827499008
7903,2,-223,-1342,1544,7.828686432
7903,3,-126,-5066,822,7.829873856
7903,4,-128,-7655,395,7.831061280
7903,5,-81,-5379,703,7.832248704
7903,6,23,-1494,1888,7.833436128
7903,7,44,-1063,1286,7.834623552
7903,8,106,-2127,413,7.835810976
7903,9,160,-1291,93,7.836998400
7903,10,331,423,9,7.838185824
7903,11,244,-3889,-110,7.839373248
7903,12,181,-10036,-1024,7.840560672
7903,13,100,-9474,-755,7.841748096
7903,14,89,-8035,-1203,7.842935520
7903,15,87,-6392,-780,7.844122944
7903,16,80,-2001,-853,7.845310368
7903,17,23,68,-1263,7.846497792
7903,18,107,-613,-1122,7.847685216
7903,19,133,326,-1127,7.848872640
7903,20,122,-1948,-867,7.850060064
7903,21,344,-9238,-1603,7.851247488
7903,22,314,-9217,-1830,7.852434912
7903,23,313,-6134,-2121,7.853622336
7903,24,280,-4916,-1518,7.854809760
7903,25,183,-2647,-1272,7.855997184
7903,26,182,-2622,-1246,7.857184608
7903,27,62,-4719,-1236,7.858372032
7903,28,-4,-2325,-1071,7.859559456
7903,29,-86,-1908,-611,7.860746880
7903,30,-209,-6520,-579,7.861934304
7903,31,-252,-8652,-159,7.863121728
7903,32,-218,-6313,-103,7.864309152
7903,33,-174,-4931,769,7.865496576
7903,34,-37,-4099,680,7.866684000
7903,35,-89,-5139,760,7.867871424
7903,36,98,-6199,988,7.869058848
7903,37,98,-4806,1168,7.870246272
7903,38,165,-5584,1650,7.871433696
7903,39,99,-4803,1783,7.872621120
7903,40,-39,-3647,1585,7.873808544
7903,41,-125,-5787,1531,7.874995968
7903,42,-190,-5406,1417,7.876183392
7903,43,-296,-4210,1682,7.877370816
7903,44,-279,-4624,1851,7.878558240
7903,45,-323,-2281,1707,7.879745664
7903,46,-343,-3119,1041,7.880933088
7903,47,-154,-11696,647,7.882120512
7903,48,-96,-10162,956,7.883307936
7903,49,2,-3194,1064,7.884495360
7903,50,93,-4342,1125,7.885682784
7903,51,113,-5735,509,7.886870208
7903,52,188,-4882,1,7.888057632
7903,53,260,-3985,166,7.889245056
7903,54,301,-857,186,7.890432480
7903,55,253,-94,29,7.891619904
7903,56,134,-1075,6,7.892807328
7903,57,88,335,-887,7.893994752
7903,58,0,897,-104,7.895182176
7903,59,122,-865,-1481,7.896369600
7903,60,17,-4852,-1185,7.897557024
7903,61,63,-4864,-1664,7.898744448
7903,62,5,-2292,-792,7.899931872
7903,63,114,-667,-341,7.901119296
7903,64,99,-176,-1298,7.902306720
7904,1,228,-3589,-1555,7.903494144
7904,2,271,-3627,-1717,7.904681568
7904,3,316,333,-1192,7.905868992
7904,4,232,397,61,7.907056416
7904,5,36,505,-525,7.908243840
7904,6,61,-662,-877,7.909431264
7904,7,205,-2234,-1940,7.910618688
7904,8,172,-4030,-1275,7.911806112
7904,9,97,-1996,267,7.912993536
7904,10,-126,-269,-501,7.914180960
7904,11,-95,-180,313,7.915368384
7904,12,-152,-1535,-395,7.916555808
7904,13,-104,-4356,-576,7.917743232
7904,14,-21,-5264,395,7.918930656
7904,15,-185,-2229,377,7.920118080
7904,16,-188,-2261,512,7.921305504
7904,17,-173,-5690,403,7.922492928
7904,18,-233,-7911,365,7.923680352
7904,19,-6,-8475,796,7.924867776
7904,20,-134,-6394,390,7.926055200
7904,21,-59,-6556,170,7.927242624
7904,22,-44,-8200,247,7.928430048
7904,23,-114,-8724,511,7.929617472
7904,24,101,-10281,585,7.930804896
7904,25,131,-10856,122,7.931992320
7904,26,162,-7556,110,7.933179744
7904,27,162,-5698,120,7.934367168
7904,28,101,-8002,706,7.935554592
7904,29,117,-8268,912,7.936742016
7904,30,149,-7049,814,7.937929440
7904,31,80,-8112,655,7.939116864
7904,32,133,-7116,806,7.940304288
7904,33,-60,-5293,902,7.941491712
7904,34,-50,-7220,976,7.942679136
7904,35,3,-8944,492,7.943866560
7904,36,33,-7092,336,7.945053984
7904,37,132,-4531,694,7.946241408
7904,38,107,-3416,549,7.947428832
7904,39,131,-4092,632,7.948616256
7904,40,213,-2863,-42,7.949803680
7904,41,269,-2682,-195,7.950991104
7904,42,304,-5733,-487,7.952178528
7904,43,358,-5559,54,7.953365952
7904,44,213,-937,566,7.954553376
7904,45,119,-484,407,7.955740800
7904,46,36,-1912,-14,7.956928224
7904,47,-48,-2150,-338,7.958115648
7904,48,49,-999,222,7.959303072
7904,49,-169,-1988,396,7.960490496
7904,50,-144,-2959,324,7.961677920
7904,51,-306,-2216,-461,7.962865344
7904,52,-244,-3510,-970,7.964052768
7904,53,-125,-5910,-1108,7.965240192
7904,54,-49,-6054,-1072,7.966427616
7904,55,-45,-3021,-729,7.967615040
7904,56,-35,-743,-1071,7.968802464
7904,57,-90,365,-938,7.969989888
7904,58,-41,198,-1287,7.971177312
7904,59,237,-2744,-1784,7.972364736
7904,60,90,-3109,-1033,7.973552160
7904,61,29,-2686,-1467,7.974739584
7904,62,-84,-3808,-449,7.975927008
7904,63,-116,-3238,-736,7.977114432
7904,64,-57,-3374,-771,7.978301856
7905,1,-114,-4367,-601,7.979489280
7905,2,-39,-1569,-981,7.980676704
7905,3,-113,-197,85,7.981864128
7905,4,-121,-1667,267,7.983051552
7905,5,30,-2437,302,7.984238976
7905,6,-43,-5376,472,7.985426400
7905,7,86,-6198,-433,7.986613824
7905,8,82,-4276,149,7.987801248
7905,9,159,-3008,690,7.988988672
7905,10,110,-3741,909,7.990176096
7905,11,274,-7262,303,7.991363520
7905,12,313,-9087,1133,7.992550944
7905,13,404,-6350,1193,7.993738368
7905,14,273,-5381,1774,7.994925792
7905,15,158,-7789,1857,7.996113216
7905,16,134,-7293,1462,7.997300640
7905,17,121,-3402,2053,7.998488064
7905,18,108,-68,1882,7.999675488
7905,19,93,-551,2503,8.000862912
7905,20,-71,-5095,369,8.002050336
7905,21,48,-8009,651,8.003237760
7905,22,-11,-6785,702,8.004425184
7905,23,34,-7361,751,8.005612608
7905,24,62,-6092,333,8.006800032
7905,25,-14,-3435,-233,8.007987456
7905,26,2,-5660,-611,8.009174880
7905,27,11,-4202,-394,8.010362304
7905,28,-48,602,107,8.011549728
7905,29,28,-859,399,8.012737152
7905,30,-75,-3700,-1132,8.013924576
7905,31,-51,-7552,-1269,8.015112000
7905,32,-126,-7873,-810,8.016299424
7905,33,-224,-5369,-412,8.017486848
7905,34,-192,-1136,-697,8.018674272
7905,35,-200,599,-422,8.019861696
7905,36,-149,-799,-1345,8.021049120
7905,37,-178,-6392,-1232,8.022236544
7905,38,-162,-7379,-1639,8.023423968
7905,39,-68,-7523,-1599,8.024611392
7905,40,18,-5879,-625,8.025798816
7905,41,-146,-2048,-1349,8.026986240
7905,42,15,-5768,-741,8.028173664
7905,43,-4,-4091,-919,8.029361088
7905,44,-24,584,-766,8.030548512
7905,45,178,-2043,201,8.031735936
7905,46,-9,-4513,-243,8.032923360
7905,47,231,-2182,529,8.034110784
7905,48,178,-4371,380,8.035298208
7905,49,160,-6697,61,8.036485632
7905,50,191,-2820,-161,8.037673056
7905,51,138,-2721,361,8.038860480
7905,52,216,-3944,666,8.040047904
7905,53,216,-2607,615,8.041235328
7905,54,185,-3071,698,8.042422752
7905,55,144,-5743,345,8.043610176
7905,56,152,-5491,183,8.044797600
7905,57,113,-5485,793,8.045985024
7905,58,185,-5013,1072,8.047172448
7905,59,37,-4788,1069,8.048359872
7905,60,100,-6538,626,8.049547296
7905,61,128,-5808,422,8.050734720
7905,62,229,-4728,787,8.051922144
7905,63,280,-6448,727,8.053109568
7905,64,269,-5238,795,8.054296992
7906,1,199,-2035,478,8.055484416
7906,2,198,-2559,147,8.056671840
7906,3,142,-4911,94,8.057859264
7906,4,23,-4313,-245,8.059046688
7906,5,14,-5197,-159,8.060234112
7906,6,-177,-5952,-642,8.061421536
7906,7,-195,-3662,-152,8.062608960
7906,8,-314,-4629,-369,8.063796384
7906,9,-294,-6411,-68,8.064983808
7906,10,-286,-3597,-267,8.066171232
7906,11,-316,-3493,-475,8.067358656
7906,12,-186,-4455,254,8.068546080
7906,13,-240,-777,221,8.069733504
7906,14,-96,-3165,224,8.070920928
7906,15,-26,-8302,-471,8.072108352
7906,16,32,-4824,-631,8.073295776
7906,17,99,-2252,-160,8.074483200
7906,18,82,-3329,56,8.075670624
7906,19,46,-2122,-109,8.076858048
7906,20,-8,-405,-151,8.078045472
7906,21,-86,-229,-192,8.079232896
7906,22,-84,199,-164,8.080420320
7906,23,-164,-302,396,8.081607744
7906,24,-127,-426,77,8.082795168
7906,25,-191,-2389,148,8.083982592
7906,26,-91,-6211,-538,8.085170016
7906,27,-86,-6659,-192,8.086357440
7906,28,62,-4486,-231,8.087544864
7906,29,93,-5316,-86,8.088732288
7906,30,244,-7112,-401,8.089919712
7906,31,297,-5449,-573,8.091107136
7906,32,325,-5283,-482,8.092294560
7906,33,390,-7133,-537,8.093481984
7906,34,372,-5227,-225,8.094669408
7906,35,363,-1590,-89,8.095856832
7906,36,297,-1236,-95,8.097044256
7906,37,225,-4147,-446,8.098231680
7906,38,259,-2936,-603,8.099419104
7906,39,200,-4464,-106,8.100606528
7906,40,144,-6370,-113,8.101793952
7906,41,47,-4540,45,8.102981376
7906,42,53,-4577,-194,8.104168800
7906,43,-45,-6408,-44,8.105356224
7906,44,-22,-4423,-170,8.106543648
7906,45,-113,-3735,295,8.107731072
7906,46,-60,-5715,315,8.108918496
7906,47,-136,-3614,438,8.110105920
7906,48,-84,-5038,361,8.111293344
7906,49,-15,-7624,210,8.112480768
7906,50,-3,-4552,516,8.113668192
7906,51,64,-1664,442,8.114855616
7906,52,72,-4951,725,8.116043040
7906,53,168,-3908,608,8.117230464
7906,54,136,-1539,1098,8.118417888
7906,55,210,-5347,597,8.119605312
7906,56,101,-6518,660,8.120792736
7906,57,19,-3519,802,8.121980160
7906,58,-186,-4238,938,8.123167584
7906,59,-308,-6169,1020,8.124355008
7906,60,-431,-5730,446,8.125542432
7906,61,-428,-7790,604,8.126729856
7906,62,-340,-2604,819,8.127917280
7906,63,-497,1676,899,8.129104704
7906,64,-325,-839,1518,8.130292128
7907,1,-252,-1599,-911,8.131479552
7907,2,-33,-4138,-538,8.132666976
7907,3,197,-10511,-724,8.133854400
7907,4,241,-9632,-1271,8.135041824
7907,5,382,-1933,-792,8.136229248
7907,6,315,-1821,-921,8.137416672
7907,7,313,-3560,-1632,8.138604096
7907,8,309,-1829,-1216,8.139791520
7907,9,265,-720,-576,8.140978944
7907,10,195,-1150,-563,8.142166368
7907,11,107,-1426,-271,8.143353792
7907,12,-172,-6587,-942,8.144541216
7907,13,-56,-7814,-628,8.145728640
7907,14,-132,-1483,-625,8.146916064
7907,15,-52,-1071,-155,8.148103488
7907,16,150,-2654,-715,8.149290912
7907,17,-88,-2187,-704,8.150478336
7907,18,286,-3473,-285,8.151665760
7907,19,304,-5195,-119,8.152853184
7907,20,439,-4597,47,8.154040608
7907,21,405,-3684,-831,8.155228032
7907,22,263,-6400,-526,8.156415456
7907,23,235,-7264,-346,8.157602880
7907,24,135,-4364,343,8.158790304
7907,25,42,-4671,1022,8.159977728
7907,26,-15,-4551,566,8.161165152
7907,27,-129,-3673,651,8.162352576
7907,28,-131,-3663,1138,8.163540000
7907,29,-198,-4515,1413,8.164727424
7907,30,-238,-5747,1340,8.165914848
7907,31,-104,-9616,518,8.167102272
7907,32,-4,-11031,422,8.168289696
7907,33,-1,-5120,1085,8.169477120
7907,34,-39,-4821,639,8.170664544
7907,35,65,-6217,717,8.171851968
7907,36,-17,-2124,-116,8.173039392
7907,37,117,-1847,178,8.174226816
7907,38,-22,-5653,403,8.175414240
7907,39,-60,-5760,169,8.176601664
7907,40,-96,-4894,297,8.177789088
7907,41,-253,-5633,-497,8.178976512
7907,42,-143,-4331,8,8.180163936
7907,43,-152,-3821,156,8.181351360
7907,44,-103,-4377,469,8.182538784
7907,45,-72,-1410,235,8.183726208
7907,46,-181,-1027,-205,8.184913632
7907,47,21,-5074,-347,8.186101056
7907,48,22,-7701,-284,8.187288480
7907,49,77,-6160,-386,8.188475904
7907,50,85,-4768,-42,8.189663328
7907,51,70,-1489,-598,8.190850752
7907,52,-30,-52,-107,8.192038176
7907,53,-67,-1711,-323,8.193225600
7907,54,151,-1039,-303,8.194413024
7907,55,106,-1804,28,8.195600448
7907,56,132,-3489,-92,8.196787872
7907,57,-11,-759,-101,8.197975296
7907,58,88,679,838,8.199162720
7907,59,142,-1787,-400,8.200350144
7907,60,211,-5939,-453,8.201537568
7907,61,283,-4187,-428,8.202724992
7907,62,207,-1319,143,8.203912416
7907,63,267,508,134,8.205099840
7907,64,189,817,1000,8.206287264
7908,1,85,308,-123,8.207474688
7908,2,49,-1005,-1251,8.208662112
7908,3,100,-5946,-1181,8.209849536
7908,4,75,-7418,-479,8.211036960
7908,5,-25,-3910,553,8.212224384
7908,6,-94,-1964,-162,8.213411808
7908,7,41,-5071,-683,8.214599232
7908,8,51,-7045,-1413,8.215786656
7908,9,190,-6760,-771,8.216974080
7908,10,187,-8526,-92,8.218161504
7908,11,125,-8767,-84,8.219348928
7908,12,119,-8241,-261,8.220536352
7908,13,93,-8953,-492,8.221723776
7908,14,114,-6038,12,8.222911200
7908,15,33,-1717,256,8.224098624
7908,16,-108,-2792,-10,8.225286048
7908,17,-159,-6311,-50,8.226473472
7908,18,-152,-4557,98,8.227660896
7908,19,-110,-2848,763,8.228848320
7908,20,-128,-7454,363,8.230035744
7908,21,-158,-7583,-673,8.231223168
7908,22,-153,-4349,-234,8.232410592
7908,23,10,-3774,270,8.233598016
7908,24,-21,-5971,1012,8.234785440
7908,25,42,-6968,891,8.235972864
7908,26,49,-6087,369,8.237160288
7908,27,42,-7199,336,8.238347712
7908,28,82,-7344,684,8.239535136
7908,29,-33,-4351,1450,8.240722560
7908,30,-59,-2315,1804,8.241909984
7908,31,-128,-3445,1330,8.243097408
7908,32,-95,-6420,701,8.244284832
7908,33,-9,-6277,1113,8.245472256
7908,34,-8,-2018,1250,8.246659680
7908,35,75,-494,1297,8.247847104
7908,36,129,-2682,354,8.249034528
7908,37,161,-4398,-227,8.250221952
7908,38,210,-3936,122,8.251409376
7908,39,116,-2558,151,8.252596800
7908,40,121,-1251,118,8.253784224
7908,41,50,-211,-655,8.254971648
7908,42,-54,-407,-858,8.256159072
7908,43,-54,-2314,-659,8.257346496
7908,44,-171,-2621,-622,8.258533920
7908,45,-54,-1986,-571,8.259721344
7908,46,-72,-2783,-772,8.260908768
7908,47,-32,-1127,-1261,8.262096192
7908,48,-2,-711,-1200,8.263283616
7908,49,278,-6464,-1305,8.264471040
7908,50,312,-6609,-1456,8.265658464
7908,51,327,-3247,-1703,8.266845888
7908,52,372,-4486,-1401,8.268033312
7908,53,263,-4402,-1054,8.269220736
7908,54,291,-1314,-887,8.270408160
7908,55,92,-4183,-998,8.271595584
7908,56,86,-6758,-1510,8.272783008
7908,57,-136,-4701,-472,8.273970432
7908,58,-164,-3111,-80,8.275157856
7908,59,-235,-6019,567,8.276345280
7908,60,-205,-7507,-48,8.277532704
7908,61,-194,-4101,-206,8.278720128
7908,62,-114,-4133,-201,8.279907552
7908,63,-38,-8807,90,8.281094976
7908,64,72,-8718,840,8.282282400
7909,1,151,-2877,1104,8.283469824
7909,2,131,-2864,636,8.284657248
7909,3,163,-9306,4,8.285844672
7909,4,206,-5488,578,8.287032096
7909,5,221,614,1315,8.288219520
7909,6,-26,-2534,1944,8.289406944
7909,7,16,-3821,674,8.290594368
7909,8,31,-3893,1151,8.291781792
7909,9,-2,-8399,1495,8.292969216
7909,10,-48,-6108,1013,8.294156640
7909,11,-159,-3447,1904,8.295344064
7909,12,-138,-6273,1040,8.296531488
7909,13,-111,-6335,1030,8.297718912
7909,14,-80,-6324,1316,8.298906336
7909,15,37,-6072,1277,8.300093760
7909,16,-28,-2966,969,8.301281184
7909,17,-52,-1508,641,8.302468608
7909,18,-125,-4392,-648,8.303656032
7909,19,32,-6208,-90,8.304843456
7909,20,25,-4387,579,8.306030880
7909,21,38,-2853,-54,8.307218304
7909,22,-64,-1820,-228,8.308405728
7909,23,-75,-2273,-888,8.309593152
7909,24,80,-1484,-766,8.310780576
7909,25,-80,-2469,-639,8.311968000
7909,26,160,-4714,-825,8.313155424
7909,27,69,-3105,-870,8.314342848
7909,28,60,-1968,-1108,8.315530272
7909,29,71,-5417,-1111,8.316717696
7909,30,32,-5606,-637,8.317905120
7909,31,145,-163,-651,8.319092544
7909,32,110,-206,-969,8.320279968
7909,33,84,-1250,-1107,8.321467392
7909,34,-83,269,-695,8.322654816
7909,35,90,-990,-440,8.323842240
7909,36,104,-2204,-427,8.325029664
7909,37,161,-1505,-1079,8.326217088
7909,38,147,-1476,-1149,8.327404512
7909,39,65,-2799,-674,8.328591936
7909,40,157,-5754,-867,8.329779360
7909,41,98,-7255,-176,8.330966784
7909,42,210,-3410,-363,8.332154208
7909,43,125,-1093,-191,8.333341632
7909,44,78,-5160,70,8.334529056
7909,45,14,-5825,64,8.335716480
7909,46,-65,-4682,611,8.336903904
7909,47,-81,-5513,450,8.338091328
7909,48,-104,-4793,616,8.339278752
7909,49,-74,-4108,454,8.340466176
7909,50,-11,-7078,588,8.341653600
7909,51,30,-9776,14,8.342841024
7909,52,33,-9279,75,8.344028448
7909,53,190,-7726,254,8.345215872
7909,54,205,-7193,208,8.346403296
7909,55,294,-8458,749,8.347590720
7909,56,186,-6634,250,8.348778144
7909,57,89,-6349,376,8.349965568
7909,58,90,-7365,311,8.351152992
7909,59,-20,-5270,786,8.352340416
7909,60,16,-5718,1207,8.353527840
7909,61,-134,-7678,1351,8.354715264
7909,62,-219,-3423,954,8.355902688
7909,63,-327,-2571,483,8.357090112
7909,64,-121,-5957,584,8.358277536
7910,1,-128,-1837,1149,8.359464960
7910,2,-1,332,1428,8.360652384
7910,3,-90,-2787,548,8.361839808
7910,4,-50,-3618,-440,8.363027232
7910,5,219,-2715,-466,8.364214656
7910,6,67,-8340,239,8.365402080
7910,7,199,-6298,125,8.366589504
7910,8,-1,15,269,8.367776928
7910,9,-36,-1002,490,8.368964352
7910,10,-206,-2064,-753,8.370151776
7910,11,-55,-2747,38,8.371339200
7910,12,-82,-2915,1079,8.372526624
7910,13,-104,-3897,36,8.373714048
7910,14,-60,-3750,155,8.374901472
7910,15,-81,-3467,-304,8.376088896
7910,16,139,-3051,-302,8.377276320
7910,17,171,-2511,-209,8.378463744
7910,18,269,-333,-1105,8.379651168
7910,19,277,373,-1082,8.380838592
7910,20,278,-867,-1362,8.382026016
7910,21,-24,-653,-951,8.383213440
7910,22,211,-4138,-1423,8.384400864
7910,23,33,-6463,-1805,8.385588288
7910,24,57,-1865,-2049,8.386775712
7910,25,-55,-104,-1018,8.387963136
7910,26,-203,-2377,-1345,8.389150560
7910,27,12,-5150,-1268,8.390337984
7910,28,-10,-7581,-1069,8.391525408
7910,29,176,-6542,-1020,8.392712832
7910,30,197,-2365,-288,8.393900256
7910,31,151,-3424,-275,8.395087680
7910,32,335,-7853,-544,8.396275104
7910,33,272,-7340,-555,8.397462528
7910,34,250,-4582,-562,8.398649952
7910,35,217,-6843,212,8.399837376
7910,36,77,-4277,413,8.401024800
7910,37,-85,-2473,629,8.402212224
7910,38,-72,-6949,211,8.403399648
7910,39,-257,-8493,748,8.404587072
7910,40,-121,-5169,1147,8.405774496
7910,41,-177,-4478,1902,8.406961920
7910,42,-158,-4986,2140,8.408149344
7910,43,-170,-4570,1771,8.409336768
7910,44,-131,-7926,1578,8.410524192
7910,45,72,-7332,1755,8.411711616
7910,46,143,-3517,1879,8.412899040
7910,47,137,-4830,2087,8.414086464
7910,48,111,-4959,1589,8.415273888
7910,49,-27,-5101,971,8.416461312
7910,50,97,-8563,510,8.417648736
7910,51,81,-6884,692,8.418836160
7910,52,-6,-2395,923,8.420023584
7910,53,-63,-2452,948,8.421211008
7910,54,-299,-2907,375,8.422398432
7910,55,-181,-793,477,8.423585856
7910,56,-180,-2840,360,8.424773280
7910,57,-33,-4016,169,8.425960704
7910,58,-55,-2224,437,8.427148128
7910,59,-73,-2260,-197,8.428335552
7910,60,-26,-2772,11,8.429522976
7910,61,22,-3193,-1002,8.430710400
7910,62,133,-3315,-828,8.431897824
7910,63,133,-1861,-1202,8.433085248
7910,64,160,136,-1492,8.434272672
7911,1,-142,-659,-1238,8.435460096
7911,2,26,-1234,-1972,8.436647520
7911,3,-78,-1227,-1678,8.437834944
7911,4,97,-4078,-2327,8.439022368
7911,5,96,-5231,-2103,8.440209792
7911,6,64,-2135,-1945,8.441397216
7911,7,66,-752,-1089,8.442584640
7911,8,91,-374,-800,8.443772064
7911,9,258,-565,-1036,8.444959488
7911,10,446,-2704,-906,8.446146912
7911,11,377,-4823,-756,8.447334336
7911,12,328,-3451,-394,8.448521760
7911,13,175,-5881,-267,8.449709184
7911,14,200,-9189,-116,8.450896608
7911,15,102,-4244,-65,8.452084032
7911,16,15,-3157,-41,8.453271456
7911,17,-4,-6020,147,8.454458880
7911,18,-186,-3004,316,8.455646304
7911,19,-154,-1839,780,8.456833728
7911,20,-82,-5986,869,8.458021152
7911,21,-39,-8024,433,8.459208576
7911,22,149,-6981,829,8.460396000
7911,23,121,-5615,951,8.461583424
7911,24,157,-4945,959,8.462770848
7911,25,159,-6912,1037,8.463958272
7911,26,184,-6852,1063,8.465145696
7911,27,254,-5114,1510,8.466333120
7911,28,159,-7355,997,8.467520544
7911,29,1,-8613,1134,8.468707968
7911,30,-194,-7022,785,8.469895392
7911,31,-260,-7500,871,8.471082816
7911,32,-268,-9206,1119,8.472270240
7911,33,-230,-6988,786,8.473457664
7911,34,-306,-5281,1143,8.474645088
7911,35,-296,-4510,473,8.475832512
7911,36,-235,-7530,417,8.477019936
7911,37,-20,-9457,213,8.478207360
7911,38,80,-4971,591,8.479394784
7911,39,108,-4627,294,8.480582208
7911,40,96,-9140,-272,8.481769632
7911,41,67,-8274,-306,8.482957056
7911,42,82,-3984,-146,8.484144480
7911,43,-2,-4267,135,8.485331904
7911,44,-27,-5001,-365,8.486519328
7911,45,-105,-3717,-455,8.487706752
7911,46,-178,-1943,-265,8.488894176
7911,47,-259,-957,-71,8.490081600
7911,48,-204,-2043,-524,8.491269024
7911,49,-54,-1059,-693,8.492456448
7911,50,-42,-291,-1044,8.493643872
7911,51,178,-1530,-734,8.494831296
7911,52,132,-824,-518,8.496018720
7911,53,316,209,-843,8.497206144
7911,54,278,-119,-398,8.498393568
7911,55,390,536,-1501,8.499580992
7911,56,351,1242,-480,8.500768416
7911,57,185,1495,-285,8.501955840
7911,58,46,889,-39,8.503143264
7911,59,11,898,-123,8.504330688
7911,60,-36,41,-286,8.505518112
7911,61,67,-3555,-1583,8.506705536
7911,62,-21,-7785,-301,8.507892960
7911,63,-47,-5569,50,8.509080384
7911,64,-81,-617,-162,8.510267808
7912,1,99,83,561,8.511455232
7912,2,153,-90,90,8.512642656
7912,3,304,394,-399,8.513830080
7912,4,364,-171,558,8.515017504
7912,5,224,-4168,-997,8.516204928
7912,6,269,-13029,-1121,8.517392352
7912,7,138,-12764,27,8.518579776
7912,8,70,-6549,-371,8.519767200
7912,9,-66,-8944,399,8.520954624
7912,10,-224,-9236,-383,8.522142048
7912,11,-266,-6453,-343,8.523329472
7912,12,-215,-5865,815,8.524516896
7912,13,-250,-3973,1421,8.525704320
7912,14,-11,-3326,1049,8.526891744
7912,15,-177,-7468,607,8.528079168
7912,16,21,-5508,191,8.529266592
7912,17,33,-2409,700,8.530454016
7912,18,207,-7243,754,8.531641440
7912,19,347,-6246,964,8.532828864
7912,20,203,-1324,676,8.534016288
7912,21,226,-4360,316,8.535203712
7912,22,82,-8716,291,8.536391136
7912,23,21,-5483,265,8.537578560
7912,24,-90,-4786,690,8.538765984
7912,25,-255,-4539,887,8.539953408
7912,26,-403,-201,1112,8.541140832
7912,27,-303,-2451,1023,8.542328256
7912,28,-285,-5107,1267,8.543515680
7912,29,-187,-2502,1017,8.544703104
7912,30,41,-2907,645,8.545890528
7912,31,41,-4446,1027,8.547077952
7912,32,265,-3451,500,8.548265376
7912,33,266,-6405,171,8.549452800
7912,34,330,-8283,-194,8.550640224
7912,35,312,-3343,-776,8.551827648
7912,36,163,-2073,-537,8.553015072
7912,37,86,-2749,-541,8.554202496
7912,38,-79,-1549,-578,8.555389920
7912,39,-162,-4283,-806,8.556577344
7912,40,-176,-4273,-914,8.557764768
7912,41,-283,-433,-908,8.558952192
7912,42,-230,-561,-664,8.560139616
7912,43,-110,-1844,-746,8.561327040
7912,44,-93,-3461,-1657,8.562514464
7912,45,250,-8131,-1599,8.563701888
7912,46,300,-6806,-1429,8.564889312
7912,47,434,-467,-1109,8.566076736
7912,48,427,-1678,-903,8.567264160
7912,49,339,-5126,-1806,8.568451584
7912,50,252,-5910,-1907,8.569639008
7912,51,221,-3488,-1625,8.570826432
7912,52,72,-1155,-592,8.572013856
7912,53,-221,-2011,-624,8.573201280
7912,54,-149,-3944,-857,8.574388704
7912,55,-231,-4595,-810,8.575576128
7912,56,-92,-6012,-39,8.576763552
7912,57,-119,-5734,620,8.577950976
7912,58,23,-4540,781,8.579138400
7912,59,124,-7452,1042,8.580325824
7912,60,90,-8098,1011,8.581513248
7912,61,232,-6083,957,8.582700672
7912,62,301,-7909,1306,8.583888096
7912,63,288,-7042,1416,8.585075520
7912,64,230,-3764,1539,8.586262944
7913,1,58,-6612,1137,8.587450368
7913,2,5,-9773,1147,8.588637792
7913,3,-45,-6251,1380,8.589825216
7913,4,-173,-3346,1319,8.591012640
7913,5,-70,-4458,1294,8.592200064
7913,6,-175,-3259,1021,8.593387488
7913,7,-188,-1482,1651,8.594574912
7913,8,154,-1321,1555,8.595762336
7913,9,-107,-5089,610,8.596949760
7913,10,238,-7147,4,8.598137184
7913,11,107,-4576,838,8.599324608
7913,12,164,-4378,807,8.600512032
7913,13,20,-4477,607,8.601699456
7913,14,2,-1238,361,8.602886880
7913,15,-240,-575,-252,8.604074304
7913,16,-129,-2840,-734,8.605261728
7913,17,-387,-3140,-388,8.606449152
7913,18,-314,-2798,-399,8.607636576
7913,19,-440,-5482,-976,8.608824000
7913,20,-301,-5496,-1079,8.610011424
7913,21,-153,-2625,-923,8.611198848
7913,22,-71,-1861,-626,8.612386272
7913,23,128,-1930,-673,8.613573696
7913,24,177,-67,-1006,8.614761120
7913,25,283,-49,-667,8.615948544
7913,26,463,-1734,-892,8.617135968
7913,27,494,-2802,-520,8.618323392
7913,28,304,-4609,-950,8.619510816
7913,29,241,-3178,-1326,8.620698240
7913,30,-16,-2935,-903,8.621885664
7913,31,-12,-3875,-1192,8.623073088
7913,32,-171,-3911,-672,8.624260512
7913,33,-134,-3516,-681,8.625447936
7913,34,-156,-1991,-508,8.626635360
7913,35,-229,-1619,-553,8.627822784
7913,36,-20,-1640,-144,8.629010208
7913,37,98,-4224,-48,8.630197632
7913,38,288,-4086,-230,8.631385056
7913,39,382,-6299,-180,8.632572480
7913,40,519,-8885,-351,8.633759904
7913,41,471,-3769,531,8.634947328
7913,42,424,-2038,341,8.636134752
7913,43,332,-7971,276,8.637322176
7913,44,216,-8236,99,8.638509600
7913,45,67,-2838,541,8.639697024
7913,46,-136,-6578,833,8.640884448
7913,47,-251,-11080,313,8.642071872
7913,48,-334,-8752,689,8.643259296
7913,49,-226,-6856,485,8.644446720
7913,50,-160,-8073,816,8.645634144
7913,51,-114,-6362,676,8.646821568
7913,52,-36,-5161,661,8.648008992
7913,53,109,-5759,1156,8.649196416
7913,54,187,-2722,1017,8.650383840
7913,55,254,-2488,982,8.651571264
7913,56,279,-5983,531,8.652758688
7913,57,178,-2969,698,8.653946112
7913,58,151,195,1190,8.655133536
7913,59,-233,-1253,1101,8.656320960
7913,60,-176,-1861,616,8.657508384
7913,61,-359,-2343,349,8.658695808
7913,62,-280,-8369,79,8.659883232
7913,63,-330,-11299,389,8.661070656
7913,64,-409,-6398,363,8.662258080
7914,1,-269,-4039,780,8.663445504
7914,2,-317,-3991,359,8.664632928
7914,3,-82,-1921,92,8.665820352
7914,4,29,-2154,285,8.667007776
7914,5,162,-1816,369,8.668195200
7914,6,104,-233,544,8.669382624
7914,7,374,-3747,-593,8.670570048
7914,8,222,-9505,-794,8.671757472
7914,9,338,-5843,-1371,8.672944896
7914,10,168,-2919,-984,8.674132320
7914,11,168,-3417,-1150,8.675319744
7914,12,14,610,-1504,8.676507168
7914,13,-64,1586,-594,8.677694592
7914,14,-33,730,-201,8.678882016
7914,15,-1,270,-1558,8.680069440
7914,16,199,-283,-929,8.681256864
7914,17,-68,-1946,-1777,8.682444288
7914,18,237,-5251,-1103,8.683631712
7914,19,138,-4688,-1220,8.684819136
7914,20,290,-4420,-1561,8.686006560
7914,21,407,-3692,-876,8.687193984
7914,22,322,-2623,-1670,8.688381408
7914,23,368,-3701,-837,8.689568832
7914,24,314,-163,-596,8.690756256
7914,25,-43,743,219,8.691943680
7914,26,-100,-3018,-623,8.693131104
7914,27,-3,-9593,774,8.694318528
7914,28,-120,-6010,27,8.695505952
7914,29,-128,-2947,573,8.696693376
7914,30,-191,-5591,1054,8.697880800
7914,31,-202,-5483,-364,8.699068224
7914,32,-110,-9140,575,8.700255648
7914,33,-41,-9405,1804,8.701443072
7914,34,119,-2536,2083,8.702630496
7914,35,15,-1954,2491,8.703817920
7914,36,-52,-6084,1321,8.705005344
7914,37,36,-9493,230,8.706192768
7914,38,150,-10853,1073,8.707380192
7914,39,115,-7526,1317,8.708567616
7914,40,47,-3685,1525,8.709755040
7914,41,-226,-3507,905,8.710942464
7914,42,-124,-5935,209,8.712129888
7914,43,22,-4500,515,8.713317312
7914,44,-115,-5049,840,8.714504736
7914,45,74,-6565,771,8.715692160
7914,46,-179,-5117,413,8.716879584
7914,47,-82,-3933,334,8.718067008
7914,48,-56,-6917,306,8.719254432
7914,49,-121,-9618,88,8.720441856
7914,50,60,-4848,279,8.721629280
7914,51,15,-1156,-66,8.722816704
7914,52,16,-1711,166,8.724004128
7914,53,-37,-2546,-181,8.725191552
7914,54,-51,-2201,-355,8.726378976
7914,55,79,-3560,-586,8.727566400
7914,56,147,-3731,-1674,8.728753824
7914,57,59,-3528,-1525,8.729941248
7914,58,100,-3363,-938,8.731128672
7914,59,11,-1948,-980,8.732316096
7914,60,144,-3502,-1039,8.733503520
7914,61,227,-3500,-1880,8.734690944
7914,62,150,-787,-1267,8.735878368
7914,63,264,561,-217,8.737065792
7914,64,10,442,231,8.738253216
7915,1,123,-2958,-455,8.739440640
7915,2,156,-6937,-1112,8.740628064
7915,3,123,-8527,-1136,8.741815488
7915,4,119,-6289,-343,8.743002912
7915,5,55,-3101,285,8.744190336
7915,6,59,-1165,71,8.745377760
7915,7,-88,-1011,-393,8.746565184
7915,8,88,-3769,-719,8.747752608
7915,9,157,-3957,32,8.748940032
7915,10,165,-2878,-54,8.750127456
7915,11,22,-10196,-301,8.751314880
7915,12,-16,-10790,-566,8.752502304
7915,13,-32,-2987,30,8.753689728
7915,14,77,-3684,620,8.754877152
7915,15,86,-7039,711,8.756064576
7915,16,-36,-2628,684,8.757252000
7915,17,-133,-105,1100,8.758439424
7915,18,-15,-1923,1259,8.759626848
7915,19,-166,-4039,1355,8.760814272
7915,20,99,-7538,750,8.762001696
7915,21,-113,-7150,711,8.763189120
7915,22,-159,-3057,37,8.764376544
7915,23,-97,-4915,198,8.765563968
7915,24,-39,-6116,741,8.766751392
7915,25,12,-2633,728,8.767938816
7915,26,111,-2404,635,8.769126240
7915,27,18,-5802,325,8.770313664
7915,28,113,-5548,105,8.771501088
7915,29,23,-4267,1117,8.772688512
7915,30,-57,-4912,1251,8.773875936
7915,31,25,-5031,1119,8.775063360
7915,32,5,-2194,1025,8.776250784
7915,33,-39,-362,1010,8.777438208
7915,34,-58,-4082,819,8.778625632
7915,35,-109,-5843,431,8.779813056
7915,36,48,-5306,312,8.781000480
7915,37,70,-5702,-54,8.782187904
7915,38,-12,-3283,-228,8.783375328
7915,39,13,-165,-352,8.784562752
7915,40,-75,-589,-591,8.785750176
7915,41,38,-1897,-1249,8.786937600
7915,42,104,-4365,-1558,8.788125024
7915,43,179,-5675,-1107,8.789312448
7915,44,156,-1607,-756,8.790499872
7915,45,105,-521,-508,8.791687296
7915,46,50,-4544,-1387,8.792874720
7915,47,144,-4086,-1333,8.794062144
7915,48,131,746,-730,8.795249568
7915,49,228,-470,-223,8.796436992
7915,50,143,-6472,-838,8.797624416
7915,51,127,-7730,-1099,8.798811840
7915,52,113,-4914,-1366,8.799999264
7915,53,63,-5722,-1213,8.801186688
7915,54,123,-5587,-1016,8.802374112
7915,55,4,-2827,-990,8.803561536
7915,56,-72,-2185,-475,8.804748960
7915,57,-163,-1886,-600,8.805936384
7915,58,-157,-1820,111,8.807123808
7915,59,73,-1563,54,8.808311232
7915,60,-112,-2783,347,8.809498656
7915,61,35,-4073,-308,8.810686080
7915,62,94,-6325,697,8.811873504
7915,63,27,-8118,605,8.813060928
7915,64,77,-9206,374,8.814248352
7916,1,94,-11149,975,8.815435776
7916,2,114,-6608,395,8.816623200
7916,3,30,-7471,1067,8.817810624
7916,4,45,-6605,1655,8.818998048
7916,5,-175,-1774,1677,8.820185472
7916,6,18,-4344,1131,8.821372896
7916,7,-67,-6845,1291,8.822560320
7916,8,-30,-4429,841,8.823747744
7916,9,-2,-4653,1485,8.824935168
7916,10,-2,-5835,1187,8.826122592
7916,11,116,-4220,678,8.827310016
7916,12,151,-7260,506,8.828497440
7916,13,230,-7625,519,8.829684864
7916,14,284,-2344,1096,8.830872288
7916,15,124,-2716,404,8.832059712
7916,16,63,-6635,53,8.833247136
7916,17,-81,-7435,-595,8.834434560
7916,18,-129,-7476,-371,8.835621984
7916,19,-112,-7082,253,8.836809408
7916,20,-302,-4233,-502,8.837996832
7916,21,-275,-4399,-286,8.839184256
7916,22,-275,-5246,-1179,8.840371680
7916,23,-121,-3411,-875,8.841559104
7916,24,71,-3606,-747,8.842746528
7916,25,173,-2808,-810,8.843933952
7916,26,363,276,-669,8.845121376
7916,27,365,381,-611,8.846308800
7916,28,327,1038,-506,8.847496224
7916,29,272,1125,-1180,8.848683648
7916,30,242,470,-659,8.849871072
7916,31,6,-496,-364,8.851058496
7916,32,52,-4247,-1950,8.852245920
7916,33,-180,-7088,-699,8.853433344
7916,34,-295,-3433,-278,8.854620768
7916,35,-461,412,-103,8.855808192
7916,36,-358,37,174,8.856995616
7916,37,-162,-654,-199,8.858183040
7916,38,-130,-2182,-228,8.859370464
7916,39,159,-5437,29,8.860557888
7916,40,214,-3909,421,8.861745312
7916,41,377,-1640,22,8.862932736
7916,42,505,-4995,-417,8.864120160
7916,43,400,-6274,-269,8.865307584
7916,44,369,-2268,303,8.866495008
7916,45,267,-967,1112,8.867682432
7916,46,-85,-2324,503,8.868869856
7916,47,-30,-3383,-96,8.870057280
7916,48,-248,-4665,387,8.871244704
7916,49,-301,-3865,1178,8.872432128
7916,50,-340,-2169,1245,8.873619552
7916,51,-367,-2410,595,8.874806976
7916,52,-86,-1858,742,8.875994400
7916,53,-168,-2902,625,8.877181824
7916,54,109,-7567,539,8.878369248
7916,55,204,-5408,368,8.879556672
7916,56,228,-3630,-457,8.880744096
7916,57,443,-8515,-656,8.881931520
7916,58,221,-9590,-873,8.883118944
7916,59,232,-9539,-271,8.884306368
7916,60,212,-10904,-134,8.885493792
7916,61,17,-6294,-106,8.886681216
7916,62,-19,-1714,198,8.887868640
7916,63,-132,-4678,3,8.889056064
7916,64,-140,-7801,447,8.890243488
7917,1,-85,-7741,181,8.891430912
7917,2,-81,-10291,336,8.892618336
7917,3,70,-9468,495,8.893805760
7917,4,61,-6524,462,8.894993184
7917,5,131,-7813,537,8.896180608
7917,6,163,-6486,60,8.897368032
7917,7,144,-2903,-356,8.898555456
7917,8,182,-3872,-121,8.899742880
7917,9,148,-4998,-268,8.900930304
7917,10,65,-2814,98,8.902117728
7917,11,-31,-2282,-247,8.903305152
7917,12,-117,-4438,-1131,8.904492576
7917,13,-172,-6079,-1067,8.905680000
7917,14,-148,-4836,-576,8.906867424
7917,15,-111,-1030,598,8.908054848
7917,16,-101,-325,570,8.909242272
7917,17,-32,-3292,31,8.910429696
7917,18,-3,-2927,-128,8.911617120
7917,19,138,722,54,8.912804544
7917,20,323,-435,1720,8.913991968
7917,21,77,-2556,540,8.915179392
7917,22,307,-1376,425,8.916366816
7917,23,-104,-3797,-441,8.917554240
7917,24,86,-4615,-405,8.918741664
7917,25,-30,-546,463,8.919929088
7917,26,-259,-1152,330,8.921116512
7917,27,-318,-1597,-331,8.922303936
7917,28,-339,-703,-463,8.923491360
7917,29,-340,-1657,247,8.924678784
7917,30,-83,-7896,51,8.925866208
7917,31,-124,-5816,-381,8.927053632
7917,32,18,-2525,-563,8.928241056
7917,33,268,-4061,-357,8.929428480
7917,34,170,-2950,-19,8.930615904
7917,35,470,-2388,-38,8.931803328
7917,36,380,-3469,180,8.932990752
7917,37,419,-3890,-614,8.934178176
7917,38,382,-5030,-726,8.935365600
7917,39,154,-7800,-460,8.936553024
7917,40,90,-6336,-350,8.937740448
7917,41,-41,-4881,-510,8.938927872
7917,42,-152,-7660,-1154,8.940115296
7917,43,-115,-9490,-998,8.941302720
7917,44,-135,-6258,-209,8.942490144
7917,45,-145,-4806,348,8.943677568
7917,46,48,-5655,267,8.944864992
7917,47,13,-5993,-330,8.946052416
7917,48,341,-4952,149,8.947239840
7917,49,279,-3044,655,8.948427264
7917,50,302,-1687,1114,8.949614688
7917,51,354,-1642,979,8.950802112
7917,52,201,-2647,173,8.951989536
7917,53,300,-4258,413,8.953176960
7917,54,61,-4303,46,8.954364384
7917,55,-17,-2319,597,8.955551808
7917,56,-234,-3921,188,8.956739232
7917,57,-338,-4617,-39,8.957926656
7917,58,-394,-2977,486,8.959114080
7917,59,-335,-3124,368,8.960301504
7917,60,-272,-4701,1206,8.961488928
7917,61,-239,-2498,759,8.962676352
7917,62,-208,-625,988,8.963863776
7917,63,-129,-2965,710,8.965051200
7917,64,132,-4221,894,8.966238624
7918,1,137,-5777,1007,8.967426048
7918,2,244,-5608,675,8.968613472
7918,3,158,-1877,676,8.969800896
7918,4,8,-1259,443,8.970988320
7918,5,18,-6366,-32,8.972175744
7918,6,-73,-7107,-485,8.973363168
7918,7,-74,-3512,-441,8.974550592
7918,8,-228,-3834,-667,8.975738016
7918,9,-327,-3902,-921,8.976925440
7918,10,-346,-5942,-1132,8.978112864
7918,11,-122,-7744,-953,8.979300288
7918,12,0,-4611,-845,8.980487712
7918,13,127,-2593,-1025,8.981675136
7918,14,185,-4917,-979,8.982862560
7918,15,287,-3914,-968,8.984049984
7918,16,385,-4519,-923,8.985237408
7918,17,518,-8524,-1159,8.986424832
7918,18,564,-5864,-1105,8.987612256
7918,19,443,-3451,-1109,8.988799680
7918,20,384,-4798,-684,8.989987104
7918,21,194,-3073,-720,8.991174528
7918,22,147,-3495,-869,8.992361952
7918,23,110,-6125,-848,8.993549376
7918,24,-24,-4182,-698,8.994736800
7918,25,10,-3460,-64,8.995924224
7918,26,-130,-5942,456,8.997111648
7918,27,-141,-4501,451,8.998299072
7918,28,-102,-4163,504,8.999486496
7918,29,69,-4836,515,9.000673920
7918,30,187,-1740,1225,9.001861344
7918,31,185,-419,1769,9.003048768
7918,32,130,-2871,1614,9.004236192
7918,33,196,-1995,1169,9.005423616
7918,34,64,-455,1289,9.006611040
7918,35,173,-6173,35,9.007798464
7918,36,87,-11269,640,9.008985888
7918,37,-65,-7070,875,9.010173312
7918,38,-209,-4531,967,9.011360736
7918,39,-303,-4367,817,9.012548160
7918,40,-367,-3627,511,9.013735584
7918,41,-278,-4618,582,9.014923008
7918,42,-268,-2630,1242,9.016110432
7918,43,-291,213,864,9.017297856
7918,44,-242,-573,1648,9.018485280
7918,45,-129,-1144,907,9.019672704
7918,46,-206,-3333,125,9.020860128
7918,47,113,-5220,-233,9.022047552
7918,48,-11,-4668,-100,9.023234976
7918,49,114,-2680,-355,9.024422400
7918,50,-37,-1585,-661,9.025609824
7918,51,6,-2410,-510,9.026797248
7918,52,2,-6947,-1204,9.027984672
7918,53,-58,-7934,-1740,9.029172096
7918,54,-32,-4208,-1864,9.030359520
7918,55,-123,-5331,-1708,9.031546944
7918,56,-120,-6220,-1200,9.032734368
7918,57,52,-5930,-931,9.033921792
7918,58,156,-5984,-543,9.035109216
7918,59,247,-3938,-347,9.036296640
7918,60,397,-307,-750,9.037484064
7918,61,357,60,195,9.038671488
7918,62,499,-2179,-299,9.039858912
7918,63,443,-4591,-221,9.041046336
7918,64,481,-3907,-706,9.042233760
7919,1,397,-3428,-749,9.043421184
7919,2,243,-4539,-538,9.044608608
7919,3,37,-3885,-527,9.045796032
7919,4,52,-2135,30,9.046983456
7919,5,-124,-590,-21,9.048170880
7919,6,-174,-1874,-267,9.049358304
7919,7,-156,-5700,-325,9.050545728
7919,8,-103,-7529,512,9.051733152
7919,9,-6,-4652,1188,9.052920576
7919,10,-58,-3473,1197,9.054108000
7919,11,85,-7175,790,9.055295424
7919,12,272,-7807,669,9.056482848
7919,13,231,-5155,862,9.057670272
7919,14,277,-4871,1228,9.058857696
7919,15,149,-5603,745,9.060045120
7919,16,92,-6098,378,9.061232544
7919,17,50,-5739,443,9.062419968
7919,18,-185,-5539,137,9.063607392
7919,19,-211,-6369,611,9.064794816
7919,20,-377,-4389,280,9.065982240
7919,21,-452,-1767,478,9.067169664
7919,22,-301,-2788,564,9.068357088
7919,23,-346,-5232,645,9.069544512
7919,24,-189,-3580,792,9.070731936
7919,25,-236,-3302,540,9.071919360
7919,26,-95,-4473,439,9.073106784
7919,27,-60,-4467,245,9.074294208
7919,28,51,-5074,84,9.075481632
7919,29,12,-7771,-35,9.076669056
7919,30,59,-7896,-778,9.077856480
7919,31,32,-4488,-654,9.079043904
7919,32,23,-3487,-638,9.080231328
7919,33,-18,-4355,-687,9.081418752
7919,34,34,-4438,-394,9.082606176
7919,35,38,-2576,-595,9.083793600
7919,36,24,-2819,-413,9.084981024
7919,37,119,-3824,-142,9.086168448
7919,38,119,-1912,158,9.087355872
7919,39,256,-2633,521,9.088543296
7919,40,364,-2780,161,9.089730720
7919,41,379,-1484,273,9.090918144
7919,42,426,-2554,-279,9.092105568
7919,43,361,-4390,349,9.093292992
7919,44,341,-617,65,9.094480416
7919,45,161,157,-252,9.095667840
7919,46,93,-3545,-777,9.096855264
7919,47,-80,-897,-1387,9.098042688
7919,48,-106,-646,-857,9.099230112
7919,49,-166,-5248,-1305,9.100417536
7919,50,-190,-6105,-898,9.101604960
7919,51,-55,-4288,-1268,9.102792384
7919,52,-57,-5746,-728,9.103979808
7919,53,137,-7429,-855,9.105167232
7919,54,234,-7486,-196,9.106354656
7919,55,289,-5156,248,9.107542080
7919,56,326,-2480,547,9.108729504
7919,57,328,-3220,659,9.109916928
7919,58,241,-5963,307,9.111104352
7919,59,155,-6501,606,9.112291776
7919,60,-101,-6130,-17,9.113479200
7919,61,-279,-8974,30,9.114666624
7919,62,-418,-10616,-425,9.115854048
7919,63,-472,-7672,39,9.117041472
7919,64,-490,-5588,442,9.118228896
7920,1,-491,-5372,-67,9.119416320
7920,2,-403,-6741,75,9.120603744
7920,3,-181,-5114,74,9.121791168
7920,4,-49,-2699,1120,9.122978592
7920,5,186,-2941,1462,9.124166016
7920,6,178,-2520,1339,9.125353440
7920,7,292,-2661,839,9.126540864
7920,8,343,-4881,909,9.127728288
7920,9,299,-6022,1027,9.128915712
7920,10,237,-4179,1197,9.130103136
7920,11,110,-4609,1198,9.131290560
7920,12,-2,-4148,609,9.132477984
7920,13,-176,-968,524,9.133665408
7920,14,-225,-631,757,9.134852832
7920,15,-287,-307,891,9.136040256
7920,16,-255,283,379,9.137227680
7920,17,-105,-20,754,9.138415104
7920,18,-57,-314,588,9.139602528
7920,19,99,-386,479,9.140789952
7920,20,182,-3723,52,9.141977376
7920,21,329,-5523,-684,9.143164800
7920,22,474,-4897,-550,9.144352224
7920,23,497,-3944,-386,9.145539648
7920,24,392,-2437,-240,9.146727072
7920,25,324,-1333,-353,9.147914496
7920,26,140,362,-1071,9.149101920
7920,27,-29,249,-1404,9.150289344
7920,28,-12,-1615,-1819,9.151476768
7920,29,-188,-2013,-1500,9.152664192
7920,30,-141,-2278,-1274,9.153851616
7920,31,-234,-4458,-1766,9.155039040
7920,32,-109,-4419,-2004,9.156226464
7920,33,-71,-3010,-2087,9.157413888
7920,34,84,-5584,-1766,9.158601312
7920,35,287,-5780,-980,9.159788736
7920,36,293,-102,-579,9.160976160
7920,37,251,-1963,-543,9.162163584
7920,38,192,-11239,-1064,9.163351008
7920,39,135,-10130,-735,9.164538432
7920,40,109,-4932,-71,9.165725856
7920,41,27,-4506,703,9.166913280
7920,42,-269,-3229,85,9.168100704
7920,43,-299,-4182,-171,9.169288128
7920,44,-282,-8985,-80,9.170475552
7920,45,-101,-9026,582,9.171662976
7920,46,-50,-4682,1115,9.172850400
7920,47,-89,-5137,853,9.174037824
7920,48,28,-9462,535,9.175225248
7920,49,84,-8883,755,9.176412672
7920,50,215,-7178,1633,9.177600096
7920,51,320,-5954,2103,9.178787520
7920,52,209,-3050,2034,9.179974944
7920,53,164,-3046,1729,9.181162368
7920,54,100,-8498,1757,9.182349792
7920,55,34,-9517,1877,9.183537216
7920,56,-12,-6814,1927,9.184724640
7920,57,-129,-5751,1682,9.185912064
7920,58,-188,-1614,1311,9.187099488
7920,59,-171,609,1539,9.188286912
7920,60,-52,-1982,623,9.189474336
7920,61,-175,-7254,521,9.190661760
7920,62,63,-6293,-583,9.191849184
7920,63,83,-5247,38,9.193036608
7920,64,248,-4691,385,9.194224032
7921,1,37,-2771,-67,9.195411456
7921,2,40,-6194,-971,9.196598880
7921,3,102,-5899,-1253,9.197786304
7921,4,64,-162,-1084,9.198973728
7921,5,-25,-218,686,9.200161152
7921,6,-187,-178,173,9.201348576
7921,7,-343,149,-651,9.202536000
7921,8,-181,-2915,-1938,9.203723424
7921,9,-65,-5528,-2014,9.204910848
7921,10,3,-2170,-802,9.206098272
7921,11,-14,-1238,-813,9.207285696
7921,12,5,-2880,-1672,9.208473120
7921,13,194,-2630,-2295,9.209660544
7921,14,226,-3788,-2909,9.210847968
7921,15,481,-4414,-1591,9.212035392
7921,16,277,54,-1107,9.213222816
7921,17,209,-925,-795,9.214410240
7921,18,167,-6178,-749,9.215597664
7921,19,-50,-3282,-959,9.216785088
7921,20,10,-2178,148,9.217972512
7921,21,-19,-4168,286,9.219159936
7921,22,-90,-2861,-36,9.220347360
7921,23,-61,-4084,-138,9.221534784
7921,24,-159,-4714,419,9.222722208
7921,25,9,-1634,784,9.223909632
7921,26,167,-4380,517,9.225097056
7921,27,239,-8792,-180,9.226284480
7921,28,266,-5803,-250,9.227471904
7921,29,206,-5431,150,9.228659328
7921,30,193,-8584,765,9.229846752
7921,31,241,-6255,1077,9.231034176
7921,32,100,-3687,1060,9.232221600
7921,33,79,-4006,1264,9.233409024
7921,34,-104,-2479,1381,9.234596448
7921,35,-190,-2394,1926,9.235783872
7921,36,-147,-6203,1801,9.236971296
7921,37,-113,-8650,1447,9.238158720
7921,38,-46,-7673,1296,9.239346144
7921,39,-43,-5308,1391,9.240533568
7921,40,-51,-2385,1420,9.241720992
7921,41,-11,-1827,962,9.242908416
7921,42,69,-2708,392,9.244095840
7921,43,65,-2702,178,9.245283264
7921,44,166,-3284,318,9.246470688
7921,45,1,-4376,636,9.247658112
7921,46,-103,-5337,-172,9.248845536
7921,47,-202,-7710,-278,9.250032960
7921,48,-227,-5852,-27,9.251220384
7921,49,-184,-1733,407,9.252407808
7921,50,-164,-2000,871,9.253595232
7921,51,-207,-1591,395,9.254782656
7921,52,-206,-2583,-422,9.255970080
7921,53,-30,-9868,-901,9.257157504
7921,54,199,-10169,-492,9.258344928
7921,55,237,-2822,-350,9.259532352
7921,56,230,-1005,-497,9.260719776
7921,57,127,-1274,-1318,9.261907200
7921,58,106,-1361,-2001,9.263094624
7921,59,222,-4901,-1771,9.264282048
7921,60,267,-3798,-1352,9.265469472
7921,61,160,-1263,-1332,9.266656896
7921,62,85,-5208,-1720,9.267844320
7921,63,-52,-5801,-1364,9.269031744
7921,64,-61,-2939,-1323,9.270219168
7922,1,57,-5830,-833,9.271406592
7922,2,128,-3404,-430,9.272594016
7922,3,98,2172,-871,9.273781440
7922,4,195,-210,1132,9.274968864
7922,5,290,-1076,-1233,9.276156288
7922,6,121,-6751,-499,9.277343712
7922,7,252,-11587,-1599,9.278531136
7922,8,300,-7823,-485,9.279718560
7922,9,200,-2398,375,9.280905984
7922,10,13,-1840,144,9.282093408
7922,11,-210,-5254,-1170,9.283280832
7922,12,25,-7250,-708,9.284468256
7922,13,-43,-4432,1231,9.285655680
7922,14,-39,-11,1329,9.286843104
7922,15,-150,-2535,2450,9.288030528
7922,16,-181,-10239,2107,9.289217952
7922,17,-59,-9218,1753,9.290405376
7922,18,-97,-6875,1372,9.291592800
7922,19,77,-6490,2141,9.292780224
7922,20,16,-2866,1418,9.293967648
7922,21,-87,-3115,1231,9.295155072
7922,22,19,-7936,1133,9.296342496
7922,23,33,-5977,880,9.297529920
7922,24,39,-3625,1554,9.298717344
7922,25,27,-4600,692,9.299904768
7922,26,-32,-422,596,9.301092192
7922,27,-198,868,1399,9.302279616
7922,28,-237,-900,308,9.303467040
7922,29,-44,-1437,155,9.304654464
7922,30,26,-364,628,9.305841888
7922,31,138,-2152,321,9.307029312
7922,32,12,-3382,590,9.308216736
7922,33,-20,-2257,234,9.309404160
7922,34,-21,-4994,-355,9.310591584
7922,35,3,-6226,-954,9.311779008
7922,36,120,-2910,-902,9.312966432
7922,37,64,-1324,-480,9.314153856
7922,38,-86,-3210,-893,9.315341280
7922,39,-72,-4546,-1262,9.316528704
7922,40,-13,-4875,-2066,9.317716128
7922,41,175,-5033,-1315,9.318903552
7922,42,181,-1362,-1267,9.320090976
7922,43,60,-134,-1087,9.321278400
7922,44,189,-4563,-1934,9.322465824
7922,45,243,-6907,-2181,9.323653248
7922,46,403,-5529,-1399,9.324840672
7922,47,412,-4461,-891,9.326028096
7922,48,314,-2278,-492,9.327215520
7922,49,113,-3525,-1426,9.328402944
7922,50,114,-8083,-1616,9.329590368
7922,51,-22,-6931,-1047,9.330777792
7922,52,-63,-3318,-487,9.331965216
7922,53,-124,-5937,-328,9.333152640
7922,54,-235,-6133,-434,9.334340064
7922,55,-285,-3387,-638,9.335527488
7922,56,-234,-9401,-572,9.336714912
7922,57,27,-10466,171,9.337902336
7922,58,128,-2721,464,9.339089760
7922,59,243,-814,1272,9.340277184
7922,60,312,-2831,951,9.341464608
7922,61,130,-2899,1150,9.342652032
7922,62,311,-4610,1006,9.343839456
7922,63,309,-7439,1701,9.345026880
7922,64,267,-6228,1587,9.346214304
7923,1,0,-6644,1705,9.347401728
7923,2,-200,-7441,2052,9.348589152
7923,3,-389,-6678,1699,9.349776576
7923,4,-342,-6135,1779,9.350964000
7923,5,-356,-1933,2031,9.352151424
7923,6,-273,-415,2076,9.353338848
7923,7,-375,-4458,1476,9.354526272
7923,8,-233,-8330,1543,9.355713696
7923,9,-58,-7589,802,9.356901120
7923,10,89,-8827,779,9.358088544
7923,11,278,-5801,248,9.359275968
7923,12,222,-1606,383,9.360463392
7923,13,277,-5174,7,9.361650816
7923,14,177,-5294,290,9.362838240
7923,15,103,-316,205,9.364025664
7923,16,60,-126,304,9.365213088
7923,17,-20,123,-292,9.366400512
7923,18,-47,-292,-860,9.367587936
7923,19,-349,-5984,-958,9.368775360
7923,20,-276,-6416,-1436,9.369962784
7923,21,-255,-1512,-1135,9.371150208
7923,22,77,-914,-827,9.372337632
7923,23,-59,-1002,-1692,9.373525056
7923,24,156,-2576,-1433,9.374712480
7923,25,229,-1715,-2042,9.375899904
7923,26,347,237,-1793,9.377087328
7923,27,421,-456,-1139,9.378274752
7923,28,191,-42,-1592,9.379462176
7923,29,359,-2645,-2106,9.380649600
7923,30,127,-8889,-1968,9.381837024
7923,31,175,-6320,-1423,9.383024448
7923,32,-34,-499,-957,9.384211872
7923,33,36,-1973,-265,9.385399296
7923,34,-100,-4602,-1188,9.386586720
7923,35,-96,-4636,-626,9.387774144
7923,36,-50,-4790,56,9.388961568
7923,37,13,-3976,173,9.390148992
7923,38,10,-4083,425,9.391336416
7923,39,167,-8450,-19,9.392523840
7923,40,220,-10271,368,9.393711264
7923,41,251,-6308,1117,9.394898688
7923,42,311,-1481,1619,9.396086112
7923,43,-57,-1507,990,9.397273536
7923,44,139,-2932,1053,9.398460960
7923,45,34,-5214,273,9.399648384
7923,46,55,-8531,1569,9.400835808
7923,47,-117,-7060,1819,9.402023232
7923,48,-284,-2896,1415,9.403210656
7923,49,-101,-2758,1187,9.404398080
7923,50,-225,-5234,871,9.405585504
7923,51,-76,-5476,1153,9.406772928
7923,52,-30,-5827,1011,9.407960352
7923,53,-11,-4421,2037,9.409147776
7923,54,54,-4250,1187,9.410335200
7923,55,37,-9632,1037,9.411522624
7923,56,74,-11531,776,9.412710048
7923,57,14,-4876,851,9.413897472
7923,58,-11,-1800,1385,9.415084896
7923,59,-59,-3942,565,9.416272320
7923,60,-62,-3042,596,9.417459744
7923,61,-172,-543,575,9.418647168
7923,62,-97,-2664,546,9.419834592
7923,63,-116,-4183,-603,9.421022016
7923,64,-118,-4098,-518,9.422209440
7924,1,-13,-2712,-393,9.423396864
7924,2,-108,229,-184,9.424584288
7924,3,82,-100,-654,9.425771712
7924,4,-28,-2332,-1416,9.426959136
7924,5,225,-2657,-1872,9.428146560
7924,6,215,-4879,-1462,9.429333984
7924,7,194,-6847,-798,9.430521408
7924,8,141,-5734,-1376,9.431708832
7924,9,134,-3307,-1242,9.432896256
7924,10,24,328,-1921,9.434083680
7924,11,93,886,-1030,9.435271104
7924,12,-128,-341,-531,9.436458528
7924,13,249,-175,-1265,9.437645952
7924,14,123,-486,-945,9.438833376
7924,15,98,-1218,-1794,9.440020800
7924,16,189,-4251,-1464,9.441208224
7924,17,255,-4239,-688,9.442395648
7924,18,197,-2181,-591,9.443583072
7924,19,213,-2705,-972,9.444770496
7924,20,93,-3414,-925,9.445957920
7924,21,125,-3806,-746,9.447145344
7924,22,15,-8753,-5,9.448332768
7924,23,-10,-10548,285,9.449520192
7924,24,-105,-5583,197,9.450707616
7924,25,-180,-4307,414,9.451895040
7924,26,-180,-6286,548,9.453082464
7924,27,-208,-6960,731,9.454269888
7924,28,-4,-8306,1028,9.455457312
7924,29,117,-9581,603,9.456644736
7924,30,220,-11174,468,9.457832160
7924,31,280,-9389,885,9.459019584
7924,32,375,-5093,1084,9.460207008
7924,33,385,-4160,1535,9.461394432
7924,34,269,-5373,982,9.462581856
7924,35,196,-5497,882,9.463769280
7924,36,84,-4589,1537,9.464956704
7924,37,-88,-6654,1523,9.466144128
7924,38,-209,-9549,1745,9.467331552
7924,39,-353,-7821,1459,9.468518976
7924,40,-386,-2896,1602,9.469706400
7924,41,-431,-1113,1988,9.470893824
7924,42,-400,-1147,1556,9.472081248
7924,43,-226,-725,1450,9.473268672
7924,44,-182,-1183,1036,9.474456096
7924,45,53,-2710,364,9.475643520
7924,46,100,-6227,-281,9.476830944
7924,47,186,-8600,-602,9.478018368
7924,48,242,-6027,-776,9.479205792
7924,49,153,-4401,-853,9.480393216
7924,50,148,-4085,-966,9.481580640
7924,51,36,-1607,-990,9.482768064
7924,52,-50,-1594,-516,9.483955488
7924,53,-99,-3538,-403,9.485142912
7924,54,-210,-1925,-294,9.486330336
7924,55,-225,66,26,9.487517760
7924,56,-137,-1846,-395,9.488705184
7924,57,-40,-2643,-388,9.489892608
7924,58,-29,360,-689,9.491080032
7924,59,87,-196,-1001,9.492267456
7924,60,207,-1852,-1540,9.493454880
7924,61,359,-2152,-2023,9.494642304
7924,62,369,-2316,-2057,9.495829728
7924,63,296,-1773,-2105,9.497017152
7924,64,261,-878,-2031,9.498204576
7925,1,47,-693,-2359,9.499392000
7925,2,65,-2051,-2005,9.500579424
7925,3,-78,-5573,-1581,9.501766848
7925,4,-24,-6340,-783,9.502954272
7925,5,-21,-3678,-388,9.504141696
7925,6,-70,-3728,-29,9.505329120
7925,7,-31,-6662,-127,9.506516544
7925,8,133,-7374,248,9.507703968
7925,9,200,-8388,986,9.508891392
7925,10,393,-6243,1386,9.510078816
7925,11,280,-1580,1395,9.511266240
7925,12,258,-3234,775,9.512453664
7925,13,213,-7101,950,9.513641088
7925,14,92,-5553,765,9.514828512
7925,15,129,-5314,1037,9.516015936
7925,16,4,-6942,1128,9.517203360
7925,17,-195,-4746,931,9.518390784
7925,18,-206,-6275,1170,9.519578208
7925,19,-332,-8776,1546,9.520765632
7925,20,-142,-5379,1899,9.521953056
7925,21,-91,-3391,1596,9.523140480
7925,22,-50,-4941,1884,9.524327904
7925,23,-4,-4723,1985,9.525515328
7925,24,28,-3924,2101,9.526702752
7925,25,37,-5593,2170,9.527890176
7925,26,122,-3946,902,9.529077600
7925,27,35,-3890,515,9.530265024
7925,28,75,-8169,-118,9.531452448
7925,29,6,-8529,111,9.532639872
7925,30,-165,-5940,280,9.533827296
7925,31,-185,-4005,-150,9.535014720
7925,32,-269,-2346,-559,9.536202144
7925,33,-227,-2419,-612,9.537389568
7925,34,-200,-2813,-302,9.538576992
7925,35,-247,-2192,180,9.539764416
7925,36,-125,-1722,2,9.540951840
7925,37,-58,-3176,-548,9.542139264
7925,38,70,-6234,-1087,9.543326688
7925,39,228,-7153,-898,9.544514112
7925,40,241,-4183,-854,9.545701536
7925,41,257,-2557,-1185,9.546888960
7925,42,227,-1792,-1789,9.548076384
7925,43,85,-384,-2107,9.549263808
7925,44,134,-2742,-2167,9.550451232
7925,45,111,-3240,-1804,9.551638656
7925,46,40,536,-1957,9.552826080
7925,47,-198,-1034,-1949,9.554013504
7925,48,94,-6281,-1786,9.555200928
7925,49,-5,-3693,-1643,9.556388352
7925,50,171,-3995,-787,9.557575776
7925,51,190,-6076,-73,9.558763200
7925,52,141,302,-1003,9.559950624
7925,53,457,2,1304,9.561138048
7925,54,195,-5274,-184,9.562325472
7925,55,467,-6344,260,9.563512896
7925,56,308,-4695,1162,9.564700320
7925,57,207,-4829,1051,9.565887744
7925,58,64,-1653,732,9.567075168
7925,59,-145,-4559,339,9.568262592
7925,60,-85,-10398,-134,9.569450016
7925,61,-138,-5895,888,9.570637440
7925,62,-219,256,900,9.571824864
7925,63,-355,-2136,1609,9.573012288
7925,64,31,-2909,818,9.574199712
7926,1,-184,-916,1404,9.575387136
7926,2,224,-3758,1440,9.576574560
7926,3,47,-4836,1804,9.577761984
7926,4,200,-995,1052,9.578949408
7926,5,160,-4197,1699,9.580136832
7926,6,160,-9716,1281,9.581324256
7926,7,86,-9541,1280,9.582511680
7926,8,90,-2788,1061,9.583699104
7926,9,-87,243,715,9.584886528
7926,10,-212,-831,1803,9.586073952
7926,11,-251,-2815,-961,9.587261376
7926,12,-551,-8526,-27,9.588448800
7926,13,-173,-9684,59,9.589636224
7926,14,-305,-7288,-474,9.590823648
7926,15,-127,-2438,9,9.592011072
7926,16,-103,426,754,9.593198496
7926,17,20,-2793,-726,9.594385920
7926,18,234,-3415,-429,9.595573344
7926,19,183,807,-475,9.596760768
7926,20,368,-943,-515,9.597948192
7926,21,251,-4118,-1010,9.599135616
7926,22,112,-6070,-1501,9.600323040
7926,23,190,-7312,-1179,9.601510464
7926,24,-40,-2934,-1407,9.602697888
7926,25,-114,-1299,-1533,9.603885312
7926,26,-57,-9863,-1934,9.605072736
7926,27,-163,-10431,-2151,9.606260160
7926,28,-11,-5765,-1311,9.607447584
7926,29,-31,-5731,-1309,9.608635008
7926,30,20,-3825,-1178,9.609822432
7926,31,253,-1607,-1471,9.611009856
7926,32,340,-5464,-948,9.612197280
7926,33,467,-7069,-377,9.613384704
7926,34,439,-4064,56,9.614572128
7926,35,354,-5941,-241,9.615759552
7926,36,512,-6653,86,9.616946976
7926,37,240,-3743,-308,9.618134400
7926,38,166,-5357,220,9.619321824
7926,39,34,-7036,-62,9.620509248
7926,40,-258,-6673,-165,9.621696672
7926,41,-147,-7112,607,9.622884096
7926,42,-354,-7193,420,9.624071520
7926,43,-245,-8459,1018,9.625258944
7926,44,-179,-5528,675,9.626446368
7926,45,-287,-2396,704,9.627633792
7926,46,55,-4774,1083,9.628821216
7926,47,32,-6821,1497,9.630008640
7926,48,259,-5018,2149,9.631196064
7926,49,231,-5081,1877,9.632383488
7926,50,282,-4677,1258,9.633570912
7926,51,207,-3224,1198,9.634758336
7926,52,229,-3607,1296,9.635945760
7926,53,54,-2995,2029,9.637133184
7926,54,-40,-4606,1425,9.638320608
7926,55,-148,-7435,888,9.639508032
7926,56,-357,-5230,886,9.640695456
7926,57,-359,-3378,792,9.641882880
7926,58,-432,-3347,1208,9.643070304
7926,59,-449,-940,679,9.644257728
7926,60,-308,808,362,9.645445152
7926,61,-251,560,781,9.646632576
7926,62,-49,1314,456,9.647820000
7926,63,48,1508,920,9.649007424
7926,64,147,1029,5,9.650194848
7927,1,197,720,-528,9.651382272
7927,2,-76,-567,-1324,9.652569696
7927,3,287,-5537,-2943,9.653757120
7927,4,42,-7548,-1128,9.654944544
7927,5,168,-1787,-1066,9.656131968
7927,6,1,639,-1714,9.657319392
7927,7,-83,139,-1098,9.658506816
7927,8,-174,2753,-1407,9.659694240
7927,9,-110,1482,-548,9.660881664
7927,10,337,-978,-1079,9.662069088
7927,11,-54,-6498,-2243,9.663256512
7927,12,299,-7870,-1952,9.664443936
7927,13,317,-1456,-389,9.665631360
7927,14,488,1546,65,9.666818784
7927,15,304,-3418,-2173,9.668006208
7927,16,443,-9621,-2121,9.669193632
7927,17,442,-8545,-1546,9.670381056
7927,18,322,-7617,-713,9.671568480
7927,19,12,-4464,533,9.672755904
7927,20,-93,-3985,-799,9.673943328
7927,21,-288,-11542,-1609,9.675130752
7927,22,-158,-10370,-767,9.676318176
7927,23,-119,-1428,381,9.677505600
7927,24,4,-3133,1509,9.678693024
7927,25,-169,-6723,356,9.679880448
7927,26,72,-5973,625,9.681067872
7927,27,160,-5778,1052,9.682255296
7927,28,368,-7365,1783,9.683442720
7927,29,447,-7697,1820,9.684630144
7927,30,229,-6230,1719,9.685817568
7927,31,186,-5019,1425,9.687004992
7927,32,40,-7548,1825,9.688192416
7927,33,-11,-7912,1766,9.689379840
7927,34,-160,-6405,1587,9.690567264
7927,35,-315,-4903,1143,9.691754688
7927,36,-433,-3160,1421,9.692942112
7927,37,-422,-5561,2038,9.694129536
7927,38,-297,-7850,2189,9.695316960
7927,39,-230,-6065,1782,9.696504384
7927,40,-42,-4936,785,9.697691808
7927,41,61,-6787,1122,9.698879232
7927,42,198,-2654,1512,9.700066656
7927,43,79,-343,1941,9.701254080
7927,44,169,-4565,870,9.702441504
7927,45,108,-5513,16,9.703628928
7927,46,107,-4375,-421,9.704816352
7927,47,-12,-2361,95,9.706003776
7927,48,-307,-46,-140,9.707191200
7927,49,-470,-586,-695,9.708378624
7927,50,-354,-1867,-1637,9.709566048
7927,51,-508,-4638,-1840,9.710753472
7927,52,-245,-5897,-1686,9.711940896
7927,53,-220,-4103,-1704,9.713128320
7927,54,-32,-1374,-1381,9.714315744
7927,55,122,-1648,-2323,9.715503168
7927,56,385,-4783,-2369,9.716690592
7927,57,593,-3173,-1833,9.717878016
7927,58,687,83,-1576,9.719065440
7927,59,670,-283,-1131,9.720252864
7927,60,451,-1380,-1976,9.721440288
7927,61,354,-684,-1951,9.722627712
7927,62,146,-340,-1592,9.723815136
7927,63,31,-1360,-1813,9.725002560
7927,64,11,-4443,-1766,9.726189984
7928,1,-166,-4719,-2001,9.727377408
7928,2,-295,-3500,-1221,9.728564832
7928,3,-191,-4135,-640,9.729752256
7928,4,-140,-3915,-244,9.730939680
7928,5,63,-1182,156,9.732127104
7928,6,152,-172,215,9.733314528
7928,7,258,-1789,454,9.734501952
7928,8,466,-2735,1561,9.735689376
7928,9,449,-3804,1777,9.736876800
7928,10,564,-6495,1616,9.738064224
7928,11,357,-6134,1186,9.739251648
7928,12,241,-5029,1166,9.740439072
7928,13,56,-8341,1584,9.741626496
7928,14,-87,-8191,2061,9.742813920
7928,15,-223,-4313,2230,9.744001344
7928,16,-371,-1680,1900,9.745188768
7928,17,-469,-3568,1391,9.746376192
7928,18,-318,-7192,1560,9.747563616
7928,19,-270,-6241,2282,9.748751040
7928,20,-150,-4603,1887,9.749938464
7928,21,-13,-6780,1596,9.751125888
7928,22,-20,-5989,1341,9.752313312
7928,23,83,-3404,1438,9.753500736
7928,24,146,-5777,1255,9.754688160
7928,25,94,-5807,762,9.755875584
7928,26,70,-2916,167,9.757063008
7928,27,27,-4771,-97,9.758250432
7928,28,-87,-7434,-123,9.759437856
7928,29,-230,-6526,-548,9.760625280
7928,30,-335,-7955,-996,9.761812704
7928,31,-365,-7682,-1679,9.763000128
7928,32,-318,-4993,-1601,9.764187552
7928,33,-220,-4753,-1452,9.765374976
7928,34,-138,-6206,-1109,9.766562400
7928,35,-44,-6042,-1599,9.767749824
7928,36,112,-6867,-1657,9.768937248
7928,37,286,-7819,-1807,9.770124672
7928,38,453,-5626,-1218,9.771312096
7928,39,456,-4235,-963,9.772499520
7928,40,411,-4448,-1142,9.773686944
7928,41,301,-2859,-1194,9.774874368
7928,42,257,124,-1461,9.776061792
7928,43,175,-243,-736,9.777249216
7928,44,123,-802,-999,9.778436640
7928,45,115,-1050,-1079,9.779624064
7928,46,-39,-7275,-1904,9.780811488
7928,47,-10,-8994,-1309,9.781998912
7928,48,-104,-2413,-870,9.783186336
7928,49,51,-814,143,9.784373760
7928,50,10,-2891,-52,9.785561184
7928,51,136,-1784,-180,9.786748608
7928,52,262,-1236,556,9.787936032
7928,53,298,-5408,1066,9.789123456
7928,54,347,-5747,1657,9.790310880
7928,55,256,-4448,1705,9.791498304
7928,56,232,-3844,1631,9.792685728
7928,57,77,-3154,1376,9.793873152
7928,58,-30,-4761,1232,9.795060576
7928,59,-77,-5546,1714,9.796248000
7928,60,-141,-1656,1772,9.797435424
7928,61,-341,-478,2006,9.798622848
7928,62,-226,-4262,987,9.799810272
7928,63,-255,-1703,1188,9.800997696
7928,64,-243,574,1489,9.802185120
7929,1,-4,-2910,765,9.803372544
7929,2,-303,-5353,533,9.804559968
7929,3,0,-4832,178,9.805747392
7929,4,-199,-9119,1030,9.806934816
7929,5,55,-12078,184,9.808122240
7929,6,22,-8746,223,9.809309664
7929,7,-30,-3634,394,9.810497088
7929,8,-66,-2845,-17,9.811684512
7929,9,-115,-3979,304,9.812871936
7929,10,-100,-1126,477,9.814059360
7929,11,-58,-650,72,9.815246784
7929,12,-40,-2429,-555,9.816434208
7929,13,-110,-2148,-1112,9.817621632
7929,14,87,-1126,-762,9.818809056
7929,15,14,-519,-397,9.819996480
7929,16,129,-996,-965,9.821183904
7929,17,135,-3674,-1551,9.822371328
7929,18,186,-4520,-1301,9.823558752
7929,19,223,-1382,-903,9.824746176
7929,20,126,-3583,-806,9.825933600
7929,21,82,-8280,-1042,9.827121024
7929,22,44,-6671,-1205,9.828308448
7929,23,39,-3034,-831,9.829495872
7929,24,124,-2002,-148,9.830683296
7929,25,36,-2259,-465,9.831870720
7929,26,30,-4882,-1177,9.833058144
7929,27,167,-9429,-1364,9.834245568
7929,28,347,-7898,-1084,9.835432992
7929,29,416,-4080,-181,9.836620416
7929,30,406,-3824,-488,9.837807840
7929,31,261,-5405,-802,9.838995264
7929,32,285,-5548,-1108,9.840182688
7929,33,276,-4589,-231,9.841370112
7929,34,170,-3666,725,9.842557536
7929,35,-36,-4064,839,9.843744960
7929,36,-208,-5347,759,9.844932384
7929,37,-383,-5854,645,9.846119808
7929,38,-375,-4252,1261,9.847307232
7929,39,-470,-1499,1617,9.848494656
7929,40,-326,-1329,1531,9.849682080
7929,41,-145,-3391,742,9.850869504
7929,42,-266,-8348,1030,9.852056928
7929,43,-3,-11251,-72,9.853244352
7929,44,86,-8827,518,9.854431776
7929,45,292,-2896,960,9.855619200
7929,46,258,-508,142,9.856806624
7929,47,287,-3582,-301,9.857994048
7929,48,115,-4995,963,9.859181472
7929,49,145,-4173,993,9.860368896
7929,50,45,-3673,1336,9.861556320
7929,51,-89,-4746,1619,9.862743744
7929,52,-113,-4790,806,9.863931168
7929,53,-334,-6161,1566,9.865118592
7929,54,-278,-3303,1446,9.866306016
7929,55,-286,-226,1355,9.867493440
7929,56,-11,-2356,920,9.868680864
7929,57,-135,-3726,-269,9.869868288
7929,58,59,-5809,-325,9.871055712
7929,59,103,-6255,-605,9.872243136
7929,60,264,-4433,-828,9.873430560
7929,61,293,-2424,-1595,9.874617984
7929,62,200,-2525,-1634,9.875805408
7929,63,215,-4644,-2165,9.876992832
7929,64,261,-4748,-1424,9.878180256
7930,1,190,-2357,-1120,9.879367680
7930,2,77,-286,-1541,9.880555104
7930,3,34,-738,-1029,9.881742528
7930,4,89,-1569,-1414,9.882929952
7930,5,121,-5904,-514,9.884117376
7930,6,84,-6166,-880,9.885304800
7930,7,-2,-1975,-958,9.886492224
7930,8,213,-2645,-1040,9.887679648
7930,9,136,-4575,-1317,9.888867072
7930,10,236,-3111,-1024,9.890054496
7930,11,113,-3164,-1051,9.891241920
7930,12,96,-3889,-1019,9.892429344
7930,13,-23,-4910,-1651,9.893616768
7930,14,-30,-7547,-864,9.894804192
7930,15,-80,-6582,-43,9.895991616
7930,16,-189,-1678,564,9.897179040
7930,17,-271,-760,394,9.898366464
7930,18,-205,-2556,291,9.899553888
7930,19,-84,-3794,1043,9.900741312
7930,20,43,-4739,1737,9.901928736
7930,21,10,-3439,2388,9.903116160
7930,22,-9,-5155,1512,9.904303584
7930,23,86,-5758,1335,9.905491008
7930,24,30,-3021,1300,9.906678432
7930,25,109,-4031,1746,9.907865856
7930,26,22,-5705,1823,9.909053280
7930,27,-20,-2127,1205,9.910240704
7930,28,-148,-1774,1336,9.911428128
7930,29,-115,-7051,420,9.912615552
7930,30,-139,-9688,925,9.913802976
7930,31,-28,-4828,1384,9.914990400
7930,32,-157,390,1055,9.916177824
7930,33,-37,-404,1751,9.917365248
7930,34,58,-245,1271,9.918552672
7930,35,154,-1026,944,9.919740096
7930,36,310,-10566,41,9.920927520
7930,37,272,-12901,-315,9.922114944
7930,38,272,-4313,-424,9.923302368
7930,39,259,-294,344,9.924489792
7930,40,23,-4004,-1428,9.925677216
7930,41,52,-10270,-2169,9.926864640
7930,42,41,-9254,-1811,9.928052064
7930,43,-81,-3573,-1618,9.929239488
7930,44,-110,-1432,-490,9.930426912
7930,45,-331,-4589,-1596,9.931614336
7930,46,-113,-8549,-1644,9.932801760
7930,47,38,-8020,-1843,9.933989184
7930,48,101,-4376,-1925,9.935176608
7930,49,245,-3838,-1037,9.936364032
7930,50,314,-3977,-1362,9.937551456
7930,51,301,-8032,-899,9.938738880
7930,52,458,-7994,-916,9.939926304
7930,53,298,-504,-843,9.941113728
7930,54,335,217,-536,9.942301152
7930,55,26,-1352,-890,9.943488576
7930,56,-106,-1661,-1128,9.944676000
7930,57,-60,-3708,159,9.945863424
7930,58,-357,-7793,467,9.947050848
7930,59,-276,-4017,208,9.948238272
7930,60,-406,430,502,9.949425696
7930,61,-262,-2020,784,9.950613120
7930,62,-168,-4382,1177,9.951800544
7930,63,-156,-2256,1492,9.952987968
7930,64,113,-1707,2215,9.954175392
7931,1,153,-4132,1168,9.955362816
7931,2,274,-5930,1270,9.956550240
7931,3,165,-7664,1534,9.957737664
7931,4,221,-6132,1709,9.958925088
7931,5,90,-2304,1884,9.960112512
7931,6,65,-1145,1657,9.961299936
7931,7,-73,-1758,1485,9.962487360
7931,8,-200,-4083,1365,9.963674784
7931,9,-175,-3384,1188,9.964862208
7931,10,-281,-1376,897,9.966049632
7931,11,-62,-3536,466,9.967237056
7931,12,-158,-4398,352,9.968424480
7931,13,-32,-2735,536,9.969611904
7931,14,-44,-5589,158,9.970799328
7931,15,93,-6603,-380,9.971986752
7931,16,163,-2915,-713,9.973174176
7931,17,276,-3774,-618,9.974361600
7931,18,198,-5839,-865,9.975549024
7931,19,137,-5140,-888,9.976736448
7931,20,123,-5822,-1378,9.977923872
7931,21,48,-6361,-1560,9.979111296
7931,22,85,-3482,-1085,9.980298720
7931,23,9,-661,-1101,9.981486144
7931,24,83,-2958,-919,9.982673568
7931,25,-1,-4129,-1720,9.983860992
7931,26,61,-3692,-1384,9.985048416
7931,27,215,-4309,-1396,9.986235840
7931,28,240,-5952,-1087,9.987423264
7931,29,336,-8190,-1088,9.988610688
7931,30,192,-8253,-1263,9.989798112
7931,31,166,-4886,-797,9.990985536
7931,32,59,-2156,-565,9.992172960
7931,33,3,-4273,-277,9.993360384
7931,34,-15,-3861,-72,9.994547808
7931,35,-124,-304,149,9.995735232
7931,36,-203,-1517,59,9.996922656
7931,37,-216,-5451,311,9.998110080
7931,38,-167,-4433,306,9.999297504
7931,39,-32,-4964,511,10.000484928
7931,40,80,-7213,450,10.001672352
7931,41,33,-4977,274,10.002859776
7931,42,192,-4844,512,10.004047200
7931,43,150,-8855,716,10.005234624
7931,44,241,-5804,1348,10.006422048
7931,45,108,-851,1438,10.007609472
7931,46,-19,-2000,1526,10.008796896
7931,47,-90,-3550,1274,10.009984320
7931,48,-273,-1783,1274,10.011171744
7931,49,-287,-4874,1730,10.012359168
7931,50,-281,-7240,969,10.013546592
7931,51,-301,-4558,1027,10.014734016
7931,52,-209,-4384,650,10.015921440
7931,53,-92,-4645,495,10.017108864
7931,54,-17,-3591,238,10.018296288
7931,55,165,-5953,-89,10.019483712
7931,56,292,-5074,130,10.020671136
7931,57,244,-296,-8,10.021858560
7931,58,312,-4372,-264,10.023045984
7931,59,164,-10436,-613,10.024233408
7931,60,181,-7756,-707,10.025420832
7931,61,120,-5029,-249,10.026608256
7931,62,45,-2953,29,10.027795680
7931,63,-56,-196,-38,10.028983104
7931,64,-106,-474,5,10.030170528
7932,1,-80,-1503,-228,10.031357952
7932,2,6,-994,-523,10.032545376
7932,3,154,-1730,-267,10.033732800
7932,4,149,-2103,-914,10.034920224
7932,5,347,-3227,-887,10.036107648
7932,6,309,-5521,-1307,10.037295072
7932,7,397,-3940,-1509,10.038482496
7932,8,334,-1234,-1204,10.039669920
7932,9,279,179,-1036,10.040857344
7932,10,-30,350,-218,10.042044768
7932,11,59,-1716,-1356,10.043232192
7932,12,-152,-8103,-838,10.044419616
7932,13,-113,-6852,-153,10.045607040
7932,14,-298,135,106,10.046794464
7932,15,-259,292,773,10.047981888
7932,16,-171,-1566,-410,10.049169312
7932,17,-51,-6739,-228,10.050356736
7932,18,164,-7537,175,10.051544160
7932,19,165,-2101,151,10.052731584
7932,20,198,-4324,81,10.053919008
7932,21,264,-7758,-673,10.055106432
7932,22,23,-6661,-947,10.056293856
7932,23,176,-6646,248,10.057481280
7932,24,-24,-1630,652,10.058668704
7932,25,-155,73,859,10.059856128
7932,26,-470,-2367,383,10.061043552
7932,27,-502,-4119,279,10.062230976
7932,28,-198,-5623,855,10.063418400
7932,29,-282,-10076,1497,10.064605824
7932,30,-117,-5988,1359,10.065793248
7932,31,-86,-1707,905,10.066980672
7932,32,16,-5241,692,10.068168096
7932,33,-11,-7072,738,10.069355520
7932,34,319,-6084,146,10.070542944
7932,35,366,-4937,1039,10.071730368
7932,36,394,-1750,386,10.072917792
7932,37,287,-2754,288,10.074105216
7932,38,30,-12950,329,10.075292640
7932,39,57,-9121,-136,10.076480064
7932,40,5,-2242,643,10.077667488
7932,41,32,-8490,-39,10.078854912
7932,42,-52,-8770,-293,10.080042336
7932,43,29,-2949,939,10.081229760
7932,44,-105,-1087,1891,10.082417184
7932,45,-108,-298,994,10.083604608
7932,46,410,-750,870,10.084792032
7932,47,100,-2334,-920,10.085979456
7932,48,498,-5056,-797,10.087166880
7932,49,209,-7358,-430,10.088354304
7932,50,274,-9333,-1247,10.089541728
7932,51,272,-6018,-1787,10.090729152
7932,52,106,-2990,-1217,10.091916576
7932,53,78,-3371,-1576,10.093104000
7932,54,12,-2432,-614,10.094291424
7932,55,-264,-154,-551,10.095478848
7932,56,-185,-1439,-1220,10.096666272
7932,57,-286,-4653,-1069,10.097853696
7932,58,-89,-6166,-1005,10.099041120
7932,59,78,-6935,400,10.100228544
7932,60,-121,-2648,108,10.101415968
7932,61,-80,849,-612,10.102603392
7932,62,332,-1446,807,10.103790816
7932,63,53,-5459,-1022,10.104978240
7932,64,307,-8202,-754,10.106165664
7933,1,100,-8044,-586,10.107353088
7933,2,32,-6027,-314,10.108540512
7933,3,-102,-2590,-797,10.109727936
7933,4,-438,-2081,149,10.110915360
7933,5,-361,-4928,356,10.112102784
7933,6,-273,-4311,155,10.113290208
7933,7,-401,-1298,730,10.114477632
7933,8,-132,-3448,544,10.115665056
7933,9,-242,-5259,1272,10.116852480
7933,10,37,-4367,1393,10.118039904
7933,11,264,-6035,1178,10.119227328
7933,12,160,-5801,1228,10.120414752
7933,13,375,-2695,792,10.121602176
7933,14,302,-6180,985,10.122789600
7933,15,292,-8258,894,10.123977024
7933,16,191,-7990,458,10.125164448
7933,17,124,-8136,154,10.126351872
7933,18,-9,-5321,212,10.127539296
7933,19,-68,-1541,528,10.128726720
7933,20,-196,-131,1508,10.129914144
7933,21,-254,376,892,10.131101568
7933,22,-135,376,1254,10.132288992
7933,23,-31,1334,357,10.133476416
7933,24,268,1641,1036,10.134663840
7933,25,451,731,1927,10.135851264
7933,26,-42,-6646,-3042,10.137038688
7933,27,701,-17989,-1066,10.138226112
7933,28,204,-13117,-907,10.139413536
7933,29,362,730,-268,10.140600960
7933,30,270,946,1024,10.141788384
7933,31,-250,236,94,10.142975808
7933,32,-199,704,-2696,10.144163232
7933,33,-148,-3480,-1137,10.145350656
7933,34,-493,-9728,-152,10.146538080
7933,35,-176,-10713,-272,10.147725504
7933,36,-227,-3528,-254,10.148912928
7933,37,-216,322,-1305,10.150100352
7933,38,166,-422,-1080,10.151287776
7933,39,107,-443,-996,10.152475200
7933,40,331,247,235,10.153662624
7933,41,513,-88,456,10.154850048
7933,42,348,-462,941,10.156037472
7933,43,301,-5111,-1245,10.157224896
7933,44,17,-8519,-1545,10.158412320
7933,45,-193,-4684,-1244,10.159599744
7933,46,-300,-962,-639,10.160787168
7933,47,-587,-558,-416,10.161974592
7933,48,-486,-4831,-891,10.163162016
7933,49,-396,-9835,208,10.164349440
7933,50,-290,-4138,1095,10.165536864
7933,51,-194,-802,621,10.166724288
7933,52,155,-6633,345,10.167911712
7933,53,194,-6677,331,10.169099136
7933,54,510,-6301,729,10.170286560
7933,55,492,-9221,1939,10.171473984
7933,56,541,-6221,1039,10.172661408
7933,57,530,-3894,284,10.173848832
7933,58,303,-5559,-107,10.175036256
7933,59,76,-6400,-260,10.176223680
7933,60,60,-8431,1036,10.177411104
7933,61,-179,-7656,1068,10.178598528
7933,62,-198,-4595,638,10.179785952
7933,63,-302,-6634,-334,10.180973376
7933,64,-266,-7622,-118,10.182160800
7934,1,16,-3673,792,10.183348224
7934,2,15,-3122,599,10.184535648
7934,3,213,-5215,295,10.185723072
7934,4,397,-3606,-138,10.186910496
7934,5,403,-4807,346,10.188097920
7934,6,608,-6782,444,10.189285344
7934,7,281,-4672,-290,10.190472768
7934,8,228,-3366,-847,10.191660192
7934,9,101,-3256,-914,10.192847616
7934,10,-51,-2770,-302,10.194035040
7934,11,-125,-5135,334,10.195222464
7934,12,-286,-5865,-187,10.196409888
7934,13,-453,-1683,-376,10.197597312
7934,14,-390,-2011,-798,10.198784736
7934,15,-237,-7043,-165,10.199972160
7934,16,-91,-5582,626,10.201159584
7934,17,-3,-1474,688,10.202347008
7934,18,53,-1009,661,10.203534432
7934,19,119,-877,-105,10.204721856
7934,20,300,-344,287,10.205909280
7934,21,102,-1263,286,10.207096704
7934,22,181,-2264,-188,10.208284128
7934,23,41,-2182,-315,10.209471552
7934,24,-39,-1406,-922,10.210658976
7934,25,-403,27,-207,10.211846400
7934,26,-619,304,-384,10.213033824
7934,27,-172,-1972,-1246,10.214221248
7934,28,-393,-4563,-793,10.215408672
7934,29,-179,-2651,-692,10.216596096
7934,30,-187,-289,315,10.217783520
7934,31,191,-138,624,10.218970944
7934,32,69,-3401,-203,10.220158368
7934,33,631,-8236,-665,10.221345792
7934,34,482,-4483,-140,10.222533216
7934,35,560,-794,401,10.223720640
7934,36,449,-4817,533,10.224908064
7934,37,221,-6778,-17,10.226095488
7934,38,198,-4112,-528,10.227282912
7934,39,90,-1171,-131,10.228470336
7934,40,-306,-1140,179,10.229657760
7934,41,-105,-3697,-656,10.230845184
7934,42,-304,-7573,260,10.232032608
7934,43,-205,-8667,-576,10.233220032
7934,44,-79,-6863,-375,10.234407456
7934,45,-35,-4600,194,10.235594880
7934,46,231,-4928,-520,10.236782304
7934,47,357,-9248,-77,10.237969728
7934,48,236,-6728,507,10.239157152
7934,49,377,-3733,590,10.240344576
7934,50,422,-9511,955,10.241532000
7934,51,323,-7738,769,10.242719424
7934,52,170,-3727,304,10.243906848
7934,53,-26,-6106,190,10.245094272
7934,54,-149,-5561,-72,10.246281696
7934,55,-136,-5694,-173,10.247469120
7934,56,-240,-11923,-84,10.248656544
7934,57,-144,-12983,-205,10.249843968
7934,58,-127,-7445,376,10.251031392
7934,59,-98,-4924,611,10.252218816
7934,60,-32,-6316,209,10.253406240
7934,61,47,-5857,186,10.254593664
7934,62,122,-6361,495,10.255781088
7934,63,290,-3890,1519,10.256968512
7934,64,31,-414,1479,10.258155936
7935,1,173,-1942,1054,10.259343360
7935,2,-86,-4385,229,10.260530784
7935,3,-194,-5610,-520,10.261718208
7935,4,-87,-5481,481,10.262905632
7935,5,-311,-2403,480,10.264093056
7935,6,-291,-1035,125,10.265280480
7935,7,-337,-2020,-714,10.266467904
7935,8,-553,-2476,-515,10.267655328
7935,9,-86,-568,-755,10.268842752
7935,10,-252,-170,15,10.270030176
7935,11,221,-717,-79,10.271217600
7935,12,76,355,244,10.272405024
7935,13,122,-3860,-910,10.273592448
7935,14,318,-10027,141,10.274779872
7935,15,303,-6225,-254,10.275967296
7935,16,349,-3000,228,10.277154720
7935,17,196,-2610,313,10.278342144
7935,18,27,-4068,-550,10.279529568
7935,19,143,-6991,-9,10.280716992
7935,20,-13,-2177,11,10.281904416
7935,21,63,1233,-302,10.283091840
7935,22,-126,-867,211,10.284279264
7935,23,-115,365,-1366,10.285466688
7935,24,-64,536,-465,10.286654112
7935,25,124,-3756,-1997,10.287841536
7935,26,258,-5277,-557,10.289028960
7935,27,200,417,-779,10.290216384
7935,28,191,476,617,10.291403808
7935,29,356,626,471,10.292591232
7935,30,165,-1083,-407,10.293778656
7935,31,382,-5207,-108,10.294966080
7935,32,137,-6610,-549,10.296153504
7935,33,170,-1406,264,10.297340928
7935,34,-9,-1966,105,10.298528352
7935,35,84,-7433,-58,10.299715776
7935,36,-182,-7928,-653,10.300903200
7935,37,-62,-3641,271,10.302090624
7935,38,-120,-1166,708,10.303278048
7935,39,-24,-5743,-314,10.304465472
7935,40,-17,-12250,-124,10.305652896
7935,41,-66,-8364,123,10.306840320
7935,42,20,-599,1232,10.308027744
7935,43,55,-2720,859,10.309215168
7935,44,24,-6851,99,10.310402592
7935,45,-8,-6955,730,10.311590016
7935,46,-39,-3687,1342,10.312777440
7935,47,-153,-1670,1651,10.313964864
7935,48,-83,-5094,1263,10.315152288
7935,49,-218,-8064,422,10.316339712
7935,50,-263,-4305,205,10.317527136
7935,51,-299,-4949,-42,10.318714560
7935,52,-207,-8980,30,10.319901984
7935,53,-194,-6006,-367,10.321089408
7935,54,-143,-5338,-489,10.322276832
7935,55,22,-5516,-122,10.323464256
7935,56,20,-2724,-390,10.324651680
7935,57,240,-4661,-224,10.325839104
7935,58,193,-7165,-411,10.327026528
7935,59,228,-1829,71,10.328213952
7935,60,252,-2398,558,10.329401376
7935,61,300,-8683,336,10.330588800
7935,62,172,-5534,256,10.331776224
7935,63,87,-1523,-273,10.332963648
7935,64,118,-1626,525,10.334151072
7936,1,-46,-2585,-172,10.335338496
7936,2,112,-5626,141,10.336525920
7936,3,-92,-4124,125,10.337713344
7936,4,-34,-788,-806,10.338900768
7936,5,30,-4797,-1105,10.340088192
7936,6,65,-7422,-1304,10.341275616
7936,7,203,-2630,-850,10.342463040
7936,8,171,-3740,-832,10.343650464
7936,9,298,-6541,-1329,10.344837888
7936,10,275,-5399,-1072,10.346025312
7936,11,350,-4013,-669,10.347212736
7936,12,284,-4756,133,10.348400160
7936,13,358,-3488,-279,10.349587584
7936,14,133,-3796,-47,10.350775008
7936,15,263,-3757,-21,10.351962432
7936,16,-6,-1852,469,10.353149856
7936,17,31,-3279,389,10.354337280
7936,18,-62,-4933,-1,10.355524704
7936,19,-138,-3636,-161,10.356712128
7936,20,-160,-1024,39,10.357899552
7936,21,-285,-1296,99,10.359086976
7936,22,-183,-2149,214,10.360274400
7936,23,-261,-2128,39,10.361461824
7936,24,-179,-4191,-226,10.362649248
7936,25,-131,-4897,84,10.363836672
7936,26,-151,-3921,242,10.365024096
7936,27,-82,-6792,475,10.366211520
7936,28,-88,-5898,702,10.367398944
7936,29,-82,-2825,583,10.368586368
7936,30,23,-6727,234,10.369773792
7936,31,12,-8911,361,10.370961216
7936,32,15,-4293,828,10.372148640
7936,33,3,-5750,898,10.373336064
7936,34,44,-9082,580,10.374523488
7936,35,-37,-4447,393,10.375710912
7936,36,-16,-2066,212,10.376898336
7936,37,-16,-7377,350,10.378085760
7936,38,32,-8272,-30,10.379273184
7936,39,-12,-5207,200,10.380460608
7936,40,29,-6145,379,10.381648032
7936,41,-1,-4460,329,10.382835456
7936,42,50,-2513,354,10.384022880
7936,43,90,-5016,68,10.385210304
7936,44,108,-3065,-19,10.386397728
7936,45,67,-1648,-99,10.387585152
7936,46,170,-7050,-241,10.388772576
7936,47,180,-5761,4,10.389960000
7936,48,136,508,-120,10.391147424
7936,49,197,-2405,-545,10.392334848
7936,50,148,-6547,-1241,10.393522272
7936,51,211,-2854,-813,10.394709696
7936,52,180,-2189,-593,10.395897120
7936,53,160,-5586,-251,10.397084544
7936,54,128,-2232,-311,10.398271968
7936,55,65,689,-364,10.399459392
7936,56,68,-935,820,10.400646816
7936,57,36,811,-631,10.401834240
7936,58,8,1278,803,10.403021664
7936,59,-52,527,1498,10.404209088
7936,60,-113,-1943,-370,10.405396512
7936,61,-79,-11631,-454,10.406583936
7936,62,-65,-15235,-421,10.407771360
7936,63,-114,-4709,391,10.408958784
7936,64,-156,1619,-11,10.410146208
7937,1,-156,-1097,1437,10.411333632
7937,2,-182,782,-864,10.412521056
7937,3,-87,522,578,10.413708480
7937,4,-110,-6412,-2691,10.414895904
7937,5,200,-13590,-713,10.416083328
7937,6,12,-7608,440,10.417270752
7937,7,-22,-1568,858,10.418458176
7937,8,16,-2710,1235,10.419645600
7937,9,63,-3325,201,10.420833024
7937,10,85,-3695,-571,10.422020448
7937,11,72,-5076,-489,10.423207872
7937,12,19,-3359,743,10.424395296
7937,13,0,-4729,217,10.425582720
7937,14,-52,-7246,375,10.426770144
7937,15,-212,-8319,-979,10.427957568
7937,16,-10,-6905,-285,10.429144992
7937,17,-60,-1017,412,10.430332416
7937,18,-2,-857,632,10.431519840
7937,19,14,-6735,240,10.432707264
7937,20,50,-4940,-242,10.433894688
7937,21,315,-247,335,10.435082112
7937,22,296,-4179,-263,10.436269536
7937,23,314,-6151,-92,10.437456960
7937,24,252,-4624,289,10.438644384
7937,25,210,-6031,440,10.439831808
7937,26,261,-6181,753,10.441019232
7937,27,157,-2663,514,10.442206656
7937,28,120,-1288,344,10.443394080
7937,29,6,-1595,195,10.444581504
7937,30,-81,-1534,318,10.445768928
7937,31,-141,-3277,847,10.446956352
7937,32,-118,-3877,808,10.448143776
7937,33,-204,-4147,231,10.449331200
7937,34,-34,-8299,-300,10.450518624
7937,35,-22,-8607,-619,10.451706048
7937,36,53,-2761,234,10.452893472
7937,37,136,-141,431,10.454080896
7937,38,103,-1367,50,10.455268320
7937,39,192,-4661,-631,10.456455744
7937,40,159,-7056,-237,10.457643168
7937,41,121,-3966,5,10.458830592
7937,42,5,691,-112,10.460018016
7937,43,-83,-49,461,10.461205440
7937,44,-255,393,-1004,10.462392864
7937,45,-154,-3256,-1395,10.463580288
7937,46,-173,-11286,-1254,10.464767712
7937,47,-64,-8297,-376,10.465955136
7937,48,-209,889,-539,10.467142560
7937,49,-110,-538,760,10.468329984
7937,50,-296,-5114,-1748,10.469517408
7937,51,219,-7610,-876,10.470704832
7937,52,146,-4590,-210,10.471892256
7937,53,96,-1583,-373,10.473079680
7937,54,285,-1320,-51,10.474267104
7937,55,35,-1042,-2,10.475454528
7937,56,195,-2457,-1306,10.476641952
7937,57,111,-7003,-358,10.477829376
7937,58,167,-5355,1450,10.479016800
7937,59,119,-1667,-142,10.480204224
7937,60,-15,-5796,304,10.481391648
7937,61,-123,-10947,-649,10.482579072
7937,62,80,-9598,167,10.483766496
7937,63,69,-5761,1009,10.484953920
7937,64,-13,-2218,310,10.486141344
7938,1,29,-5777,-210,10.487328768
7938,2,25,-9793,-215,10.488516192
7938,3,138,-7284,1305,10.489703616
7938,4,179,-5643,1292,10.490891040
7938,5,110,-6958,852,10.492078464
7938,6,256,-5801,-302,10.493265888
7938,7,225,-4696,274,10.494453312
7938,8,231,-5021,912,10.495640736
7938,9,251,-2852,866,10.496828160
7938,10,172,-4949,-85,10.498015584
7938,11,214,-7995,-1027,10.499203008
7938,12,98,-7184,-741,10.500390432
7938,13,22,-7489,30,10.501577856
7938,14,-51,-7196,314,10.502765280
7938,15,-225,-3913,-247,10.503952704
7938,16,-184,-2583,-258,10.505140128
7938,17,-132,-2891,324,10.506327552
7938,18,-268,-3935,668,10.507514976
7938,19,-159,-3438,448,10.508702400
7938,20,-206,-2963,-117,10.509889824
7938,21,-94,-5205,-60,10.511077248
7938,22,80,-4752,253,10.512264672
7938,23,-7,-2518,812,10.513452096
7938,24,85,-2754,4,10.514639520
7938,25,62,-4808,-531,10.515826944
7938,26,94,-2303,-765,10.517014368
7938,27,86,-1565,130,10.518201792
7938,28,129,-1897,460,10.519389216
7938,29,-232,-308,462,10.520576640
7938,30,-92,-357,-364,10.521764064
7938,31,-430,-629,107,10.522951488
7938,32,-137,-146,320,10.524138912
7938,33,-244,695,1129,10.525326336
7938,34,-124,20,992,10.526513760
7938,35,-56,109,-68,10.527701184
7938,36,-88,-146,297,10.528888608
7938,37,92,-1647,-364,10.530076032
7938,38,254,-4553,433,10.531263456
7938,39,244,-5309,-311,10.532450880
7938,40,318,-2525,-613,10.533638304
7938,41,235,-326,-511,10.534825728
7938,42,-6,-605,-848,10.536013152
7938,43,251,-7898,-631,10.537200576
7938,44,160,-7644,-897,10.538388000
7938,45,96,-15,-592,10.539575424
7938,46,7,-520,177,10.540762848
7938,47,-103,-58,-170,10.541950272
7938,48,61,-1026,122,10.543137696
7938,49,119,-7521,-289,10.544325120
7938,50,207,-8832,-788,10.545512544
7938,51,208,-3132,-404,10.546699968
7938,52,185,-5507,-95,10.547887392
7938,53,179,-11024,-519,10.549074816
7938,54,215,-10101,-916,10.550262240
7938,55,138,-8640,-1053,10.551449664
7938,56,149,-6642,-788,10.552637088
7938,57,-4,-4285,-524,10.553824512
7938,58,-53,-5093,93,10.555011936
7938,59,-142,-5381,151,10.556199360
7938,60,-149,-6787,196,10.557386784
7938,61,-3,-8061,57,10.558574208
7938,62,40,-7054,463,10.559761632
7938,63,148,-5920,1117,10.560949056
7938,64,27,-7464,1055,10.562136480
7939,1,100,-10748,790,10.563323904
7939,2,178,-9633,853,10.564511328
7939,3,208,-3936,1103,10.565698752
7939,4,107,-930,1836,10.566886176
7939,5,-52,-3334,1187,10.568073600
7939,6,-215,-7558,610,10.569261024
7939,7,-250,-10153,135,10.570448448
7939,8,-283,-11283,489,10.571635872
7939,9,-247,-7361,1181,10.572823296
7939,10,-288,-2998,936,10.574010720
7939,11,-295,-3636,510,10.575198144
7939,12,-173,-4148,172,10.576385568
7939,13,-15,-2271,307,10.577572992
7939,14,234,-3487,974,10.578760416
7939,15,297,-5458,842,10.579947840
7939,16,330,-2895,718,10.581135264
7939,17,205,-105,203,10.582322688
7939,18,89,-1607,-465,10.583510112
7939,19,28,-5910,-832,10.584697536
7939,20,-22,-2966,-756,10.585884960
7939,21,-22,750,-394,10.587072384
7939,22,-243,-225,53,10.588259808
7939,23,-450,1107,-1064,10.589447232
7939,24,-456,1605,-724,10.590634656
7939,25,-271,1556,-863,10.591822080
7939,26,75,1319,-1245,10.593009504
7939,27,146,103,-666,10.594196928
7939,28,191,-179,-440,10.595384352
7939,29,382,-686,-304,10.596571776
7939,30,333,-3332,-1407,10.597759200
7939,31,647,-3980,-1573,10.598946624
7939,32,493,-1718,-908,10.600134048
7939,33,512,117,-777,10.601321472
7939,34,104,-255,-148,10.602508896
7939,35,133,-2926,-602,10.603696320
7939,36,-214,-9703,-603,10.604883744
7939,37,-119,-6985,-751,10.606071168
7939,38,-288,1079,-189,10.607258592
7939,39,-254,-974,474,10.608446016
7939,40,-361,-5827,-1418,10.609633440
7939,41,-17,-7621,-784,10.610820864
7939,42,70,-6005,636,10.612008288
7939,43,316,-2751,1019,10.613195712
7939,44,284,-1872,459,10.614383136
7939,45,369,-6100,33,10.615570560
7939,46,340,-9812,-615,10.616757984
7939,47,359,-8585,171,10.617945408
7939,48,279,-4716,930,10.619132832
7939,49,179,-2951,490,10.620320256
7939,50,-69,-6245,-35,10.621507680
7939,51,-259,-10889,-621,10.622695104
7939,52,-193,-9211,617,10.623882528
7939,53,-250,-5493,1010,10.625069952
7939,54,-207,-6374,852,10.626257376
7939,55,-150,-6522,530,10.627444800
7939,56,-210,-6983,240,10.628632224
7939,57,16,-9132,1118,10.629819648
7939,58,12,-6004,1388,10.631007072
7939,59,219,-1464,1295,10.632194496
7939,60,261,-2613,1182,10.633381920
7939,61,135,-4813,706,10.634569344
7939,62,91,-7521,936,10.635756768
7939,63,75,-7968,579,10.636944192
7939,64,13,-4320,934,10.638131616
7940,1,2,-901,334,10.639319040
7940,2,-284,-480,489,10.640506464
7940,3,-191,-1442,573,10.641693888
7940,4,-427,-6036,392,10.642881312
7940,5,-182,-5944,128,10.644068736
7940,6,-131,-848,-148,10.645256160
7940,7,10,-2888,26,10.646443584
7940,8,49,-5353,199,10.647631008
7940,9,-12,-1282,-94,10.648818432
7940,10,163,295,-132,10.650005856
7940,11,258,-699,-550,10.651193280
7940,12,116,654,-351,10.652380704
7940,13,173,-1714,-690,10.653568128
7940,14,140,-9372,11,10.654755552
7940,15,-82,-6014,-1175,10.655942976
7940,16,-11,-1813,-2090,10.657130400
7940,17,-67,-2381,-1193,10.658317824
7940,18,-13,-127,-1916,10.659505248
7940,19,17,-5032,-1624,10.660692672
7940,20,80,-10785,-1702,10.661880096
7940,21,142,-6736,-1040,10.663067520
7940,22,408,-2226,-951,10.664254944
7940,23,227,-5188,-947,10.665442368
7940,24,573,-7651,-1449,10.666629792
7940,25,375,-3299,-793,10.667817216
7940,26,456,456,-1480,10.669004640
7940,27,237,-962,412,10.670192064
7940,28,14,-2588,-513,10.671379488
7940,29,39,-1911,-114,10.672566912
7940,30,66,-5093,-222,10.673754336
7940,31,-209,-5372,-482,10.674941760
7940,32,-268,-1903,-37,10.676129184
7940,33,-352,-4873,239,10.677316608
7940,34,-182,-6939,696,10.678504032
7940,35,-61,-6538,826,10.679691456
7940,36,-116,-8424,1241,10.680878880
7940,37,128,-6146,1368,10.682066304
7940,38,37,-2328,1810,10.683253728
7940,39,174,-5939,2088,10.684441152
7940,40,241,-8937,2006,10.685628576
7940,41,169,-4835,2362,10.686816000
7940,42,153,-5363,2152,10.688003424
7940,43,98,-7382,1989,10.689190848
7940,44,-106,-5728,1748,10.690378272
7940,45,-62,-8019,1183,10.691565696
7940,46,-112,-7176,1606,10.692753120
7940,47,-276,-1767,915,10.693940544
7940,48,-282,-1134,1173,10.695127968
7940,49,-293,-3090,359,10.696315392
7940,50,-169,-2637,631,10.697502816
7940,51,-174,-1927,577,10.698690240
7940,52,-311,-1977,-51,10.699877664
7940,53,-31,-2886,-76,10.701065088
7940,54,-115,-3874,-428,10.702252512
7940,55,-23,-3695,-270,10.703439936
7940,56,125,-3493,-511,10.704627360
7940,57,-9,-1256,-1077,10.705814784
7940,58,151,-155,-1055,10.707002208
7940,59,-75,-1365,-1217,10.708189632
7940,60,28,-3421,-1896,10.709377056
7940,61,93,-6197,-1706,10.710564480
7940,62,84,-5289,-1857,10.711751904
7940,63,15,-2601,-1956,10.712939328
7940,64,41,-1802,-1620,10.714126752
7941,1,6,-259,-1316,10.715314176
7941,2,61,894,-861,10.716501600
7941,3,207,663,-676,10.717689024
7941,4,217,1064,-872,10.718876448
7941,5,327,704,82,10.720063872
7941,6,119,-3456,-2162,10.721251296
7941,7,417,-13458,-301,10.722438720
7941,8,284,-9434,-495,10.723626144
7941,9,206,-2835,-248,10.724813568
7941,10,211,-3925,-56,10.726000992
7941,11,85,-5717,-449,10.727188416
7941,12,94,-5763,-624,10.728375840
7941,13,47,-7371,549,10.729563264
7941,14,-17,-3170,297,10.730750688
7941,15,-47,-1942,366,10.731938112
7941,16,66,-5765,279,10.733125536
7941,17,12,-2311,692,10.734312960
7941,18,153,-2020,1215,10.735500384
7941,19,158,-8575,584,10.736687808
7941,20,228,-9395,621,10.737875232
7941,21,261,-5819,1395,10.739062656
7941,22,125,-6312,1669,10.740250080
7941,23,125,-8335,1459,10.741437504
7941,24,-96,-7447,923,10.742624928
7941,25,-123,-3302,785,10.743812352
7941,26,-283,-3066,994,10.744999776
7941,27,-296,-6023,1271,10.746187200
7941,28,-375,-7712,1135,10.747374624
7941,29,-317,-6204,602,10.748562048
7941,30,-335,-6642,164,10.749749472
7941,31,-86,-7288,3,10.750936896
7941,32,-4,-6879,154,10.752124320
7941,33,92,-6993,322,10.753311744
7941,34,172,-6608,305,10.754499168
7941,35,202,-5825,4,10.755686592
7941,36,322,-4448,232,10.756874016
7941,37,180,-2712,498,10.758061440
7941,38,150,-1027,596,10.759248864
7941,39,-103,-827,318,10.760436288
7941,40,-132,-3663,-164,10.761623712
7941,41,-251,-6618,-177,10.762811136
7941,42,-278,-5370,-134,10.763998560
7941,43,-307,-1717,37,10.765185984
7941,44,-277,47,-611,10.766373408
7941,45,-225,181,-1055,10.767560832
7941,46,-17,618,-1013,10.768748256
7941,47,194,1235,-869,10.769935680
7941,48,352,1349,-398,10.771123104
7941,49,367,1877,-965,10.772310528
7941,50,335,1503,-615,10.773497952
7941,51,337,589,-1236,10.774685376
7941,52,104,-77,-665,10.775872800
7941,53,284,-7878,-2874,10.777060224
7941,54,322,-10126,-808,10.778247648
7941,55,18,-1155,-681,10.779435072
7941,56,-141,5,417,10.780622496
7941,57,52,-1023,137,10.781809920
7941,58,-184,-3625,-1695,10.782997344
7941,59,108,-4729,-1135,10.784184768
7941,60,82,-3266,-885,10.785372192
7941,61,195,-1989,1014,10.786559616
7941,62,247,-5223,-324,10.787747040
7941,63,357,-9012,234,10.788934464
7941,64,285,-6236,-977,10.790121888
7942,1,347,-4414,-741,10.791309312
7942,2,184,-6146,-39,10.792496736
7942,3,-23,-6887,-420,10.793684160
7942,4,5,-6716,533,10.794871584
7942,5,-246,-6593,487,10.796059008
7942,6,-213,-5826,601,10.797246432
7942,7,-356,-7155,554,10.798433856
7942,8,-261,-8970,321,10.799621280
7942,9,-87,-9559,824,10.800808704
7942,10,-124,-10509,1323,10.801996128
7942,11,2,-11397,1192,10.803183552
7942,12,118,-8013,1218,10.804370976
7942,13,163,-4360,819,10.805558400
7942,14,284,-4391,875,10.806745824
7942,15,224,-9158,940,10.807933248
7942,16,219,-8929,1146,10.809120672
7942,17,260,-6620,1351,10.810308096
7942,18,133,-9189,760,10.811495520
7942,19,51,-8622,1138,10.812682944
7942,20,-109,-4324,865,10.813870368
7942,21,-231,-1620,1588,10.815057792
7942,22,-227,-2529,955,10.816245216
7942,23,-229,-4105,825,10.817432640
7942,24,-199,-3842,1440,10.818620064
7942,25,-136,-1190,966,10.819807488
7942,26,-147,-2547,794,10.820994912
7942,27,-93,-5496,-835,10.822182336
7942,28,36,-2924,-737,10.823369760
7942,29,-28,-1835,-367,10.824557184
7942,30,94,-2250,-243,10.825744608
7942,31,41,-705,-383,10.826932032
7942,32,-22,662,-1314,10.828119456
7942,33,-119,1092,-660,10.829306880
7942,34,-155,1614,-1421,10.830494304
7942,35,-141,1592,-335,10.831681728
7942,36,-135,1996,-366,10.832869152
7942,37,-169,1495,-60,10.834056576
7942,38,-85,261,-875,10.835244000
7942,39,75,320,-563,10.836431424
7942,40,75,-1148,-1312,10.837618848
7942,41,288,-3021,-994,10.838806272
7942,42,159,-1077,-1080,10.839993696
7942,43,311,7,-1288,10.841181120
7942,44,462,357,-339,10.842368544
7942,45,405,852,-427,10.843555968
7942,46,382,-2547,-2232,10.844743392
7942,47,195,-6027,-1302,10.845930816
7942,48,41,-4896,-1174,10.847118240
7942,49,88,-4363,-628,10.848305664
7942,50,-86,-2715,180,10.849493088
7942,51,-34,-953,-133,10.850680512
7942,52,-39,-1358,-473,10.851867936
7942,53,-153,-5581,-125,10.853055360
7942,54,114,-8544,-186,10.854242784
7942,55,82,-9705,305,10.855430208
7942,56,176,-10044,932,10.856617632
7942,57,219,-7613,689,10.857805056
7942,58,185,-4071,677,10.858992480
7942,59,190,-3731,617,10.860179904
7942,60,249,-6480,315,10.861367328
7942,61,179,-5004,1149,10.862554752
7942,62,151,-5705,1044,10.863742176
7942,63,146,-10912,856,10.864929600
7942,64,-61,-12515,737,10.866117024
7943,1,-44,-8363,349,10.867304448
7943,2,-214,-7803,899,10.868491872
7943,3,-155,-6775,929,10.869679296
7943,4,-154,-5495,1107,10.870866720
7943,5,-110,-9645,1088,10.872054144
7943,6,-5,-9104,1446,10.873241568
7943,7,-42,-3956,1323,10.874428992
7943,8,39,-4101,968,10.875616416
7943,9,-21,-7724,665,10.876803840
7943,10,12,-4722,471,10.877991264
7943,11,-103,-3641,1253,10.879178688
7943,12,42,-4207,940,10.880366112
7943,13,-228,-2922,456,10.881553536
7943,14,-96,-2602,-322,10.882740960
7943,15,-218,-4463,-250,10.883928384
7943,16,-163,-5484,-292,10.885115808
7943,17,-192,-3249,392,10.886303232
7943,18,-273,-1012,-3,10.887490656
7943,19,-255,-3841,-498,10.888678080
7943,20,-153,-6499,-1055,10.889865504
7943,21,-134,-4366,-376,10.891052928
7943,22,40,-1910,-305,10.892240352
7943,23,4,-936,-473,10.893427776
7943,24,82,-1069,-728,10.894615200
7943,25,164,-1958,-815,10.895802624
7943,26,295,-356,-811,10.896990048
7943,27,200,761,-840,10.898177472
7943,28,343,-1473,-1344,10.899364896
7943,29,288,-121,-2026,10.900552320
7943,30,205,-483,-1452,10.901739744
7943,31,286,-4199,-1476,10.902927168
7943,32,205,-3127,-685,10.904114592
7943,33,263,514,-1456,10.905302016
7943,34,131,47,-817,10.906489440
7943,35,230,-945,-1092,10.907676864
7943,36,26,-2691,-1119,10.908864288
7943,37,183,-5258,-730,10.910051712
7943,38,78,-5577,-232,10.911239136
7943,39,194,-4642,-560,10.912426560
7943,40,115,-5685,-153,10.913613984
7943,41,216,-5512,176,10.914801408
7943,42,166,-5209,-247,10.915988832
7943,43,182,-4946,221,10.917176256
7943,44,203,-4861,-61,10.918363680
7943,45,189,-7135,70,10.919551104
7943,46,103,-7871,727,10.920738528
7943,47,46,-5946,508,10.921925952
7943,48,13,-6589,807,10.923113376
7943,49,-110,-7695,575,10.924300800
7943,50,-102,-5883,1017,10.925488224
7943,51,-153,-3867,1859,10.926675648
7943,52,-215,-3022,1957,10.927863072
7943,53,-200,-3728,1550,10.929050496
7943,54,-295,-6243,900,10.930237920
7943,55,-138,-8508,900,10.931425344
7943,56,-101,-7701,1557,10.932612768
7943,57,-128,-6497,1472,10.933800192
7943,58,-47,-6000,1252,10.934987616
7943,59,-148,-3678,494,10.936175040
7943,60,-54,-2705,551,10.937362464
7943,61,-18,-4340,558,10.938549888
7943,62,-18,-5439,582,10.939737312
7943,63,-78,-4322,802,10.940924736
7943,64,-203,-2733,271,10.942112160
7944,1,-255,-4219,517,10.943299584
7944,2,-220,-5465,380,10.944487008
7944,3,-199,-2418,521,10.945674432
7944,4,-198,44,447,10.946861856
7944,5,-163,-276,235,10.948049280
7944,6,-23,137,153,10.949236704
7944,7,-44,-138,374,10.950424128
7944,8,78,-4560,-1427,10.951611552
7944,9,198,-10420,-1472,10.952798976
7944,10,213,-8567,-1515,10.953986400
7944,11,162,-4184,-1405,10.955173824
7944,12,243,-4710,-964,10.956361248
7944,13,206,-4664,-1709,10.957548672
7944,14,250,-2997,-1962,10.958736096
7944,15,286,-1083,-1394,10.959923520
7944,16,241,723,-1229,10.961110944
7944,17,322,-622,-318,10.962298368
7944,18,302,-6138,-1286,10.963485792
7944,19,291,-7026,-1173,10.964673216
7944,20,357,-5242,-1672,10.965860640
7944,21,368,-5186,-416,10.967048064
7944,22,327,-1685,-1091,10.968235488
7944,23,209,-3010,-668,10.969422912
7944,24,260,-6321,-853,10.970610336
7944,25,146,-3195,-558,10.971797760
7944,26,87,-4123,-62,10.972985184
7944,27,-83,-5626,-121,10.974172608
7944,28,-177,-1461,337,10.975360032
7944,29,-233,-1963,203,10.976547456
7944,30,-167,-5763,694,10.977734880
7944,31,-154,-1510,828,10.978922304
7944,32,-69,-1394,1435,10.980109728
7944,33,47,-7599,1038,10.981297152
7944,34,57,-4940,1156,10.982484576
7944,35,125,-3371,1369,10.983672000
7944,36,114,-6621,1637,10.984859424
7944,37,102,-3496,1646,10.986046848
7944,38,41,-668,1911,10.987234272
7944,39,-56,-4010,1695,10.988421696
7944,40,-265,-5990,1459,10.989609120
7944,41,-293,-5297,1641,10.990796544
7944,42,-356,-5315,1387,10.991983968
7944,43,-386,-5424,1542,10.993171392
7944,44,-426,-4633,1084,10.994358816
7944,45,-476,-3334,1073,10.995546240
7944,46,-279,-2890,1140,10.996733664
7944,47,-221,-4073,573,10.997921088
7944,48,59,-5963,319,10.999108512
7944,49,106,-7249,-324,11.000295936
7944,50,153,-7938,-374,11.001483360
7944,51,243,-5137,-336,11.002670784
7944,52,134,-2927,-782,11.003858208
7944,53,184,-4773,-1077,11.005045632
7944,54,111,-3341,-1323,11.006233056
7944,55,29,-1366,-1103,11.007420480
7944,56,43,-1750,-877,11.008607904
7944,57,-66,-2511,-1194,11.009795328
7944,58,-47,-3278,-1675,11.010982752
7944,59,48,-5395,-1878,11.012170176
7944,60,150,-5597,-1663,11.013357600
7944,61,221,-3102,-1252,11.014545024
7944,62,254,-1185,-1203,11.015732448
7944,63,242,-1199,-1342,11.016919872
7944,64,476,-3155,-1568,11.018107296
7945,1,440,-3711,-1321,11.019294720
7945,2,452,-2245,-930,11.020482144
7945,3,307,-2385,-873,11.021669568
7945,4,165,-5384,-987,11.022856992
7945,5,99,-6622,-1001,11.024044416
7945,6,58,-5632,-261,11.025231840
7945,7,-20,-4812,-37,11.026419264
7945,8,-74,-5202,132,11.027606688
7945,9,-114,-3568,273,11.028794112
7945,10,-117,-3434,753,11.029981536
7945,11,20,-3498,1337,11.031168960
7945,12,15,-3840,1359,11.032356384
7945,13,186,-6064,915,11.033543808
7945,14,138,-5248,1033,11.034731232
7945,15,100,-4400,1055,11.035918656
7945,16,81,-6380,1289,11.037106080
7945,17,-15,-6672,1128,11.038293504
7945,18,-34,-4679,916,11.039480928
7945,19,-78,-5347,902,11.040668352
7945,20,-208,-4436,878,11.041855776
7945,21,-312,-4643,1084,11.043043200
7945,22,-325,-7280,499,11.044230624
7945,23,-310,-8712,838,11.045418048
7945,24,-119,-5538,545,11.046605472
7945,25,-197,-5562,982,11.047792896
7945,26,-44,-5768,704,11.048980320
7945,27,-106,-5043,592,11.050167744
7945,28,117,-4050,384,11.051355168
7945,29,113,-4105,431,11.052542592
7945,30,172,-3926,126,11.053730016
7945,31,100,-3839,245,11.054917440
7945,32,81,-4267,-243,11.056104864
7945,33,-12,-1923,-135,11.057292288
7945,34,-70,-3007,-745,11.058479712
7945,35,-69,-6632,-866,11.059667136
7945,36,-59,-4829,-527,11.060854560
7945,37,-54,-1757,-594,11.062041984
7945,38,-57,-3407,-209,11.063229408
7945,39,-39,-1564,-814,11.064416832
7945,40,42,1382,-458,11.065604256
7945,41,302,-360,-93,11.066791680
7945,42,250,-1537,-664,11.067979104
7945,43,512,-594,-237,11.069166528
7945,44,230,-884,-733,11.070353952
7945,45,399,-3998,-1208,11.071541376
7945,46,310,-8321,-1283,11.072728800
7945,47,370,-7493,-1251,11.073916224
7945,48,194,-3678,-615,11.075103648
7945,49,58,-1825,-596,11.076291072
7945,50,-71,-325,-350,11.077478496
7945,51,-107,-61,-420,11.078665920
7945,52,-85,-2902,-373,11.079853344
7945,53,-82,-2216,-215,11.081040768
7945,54,-140,1298,-337,11.082228192
7945,55,12,18,1405,11.083415616
7945,56,6,582,166,11.084603040
7945,57,149,115,789,11.085790464
7945,58,-80,-6101,-2853,11.086977888
7945,59,402,-15669,-1297,11.088165312
7945,60,105,-9997,744,11.089352736
7945,61,-17,-444,910,11.090540160
7945,62,-127,-4564,651,11.091727584
7945,63,-206,-9022,-156,11.092915008
7945,64,-211,-3966,73,11.094102432
7946,1,-268,-1845,808,11.095289856
7946,2,-281,-3055,1832,11.096477280
7946,3,-278,-4094,746,11.097664704
7946,4,-149,-8658,544,11.098852128
7946,5,-23,-9509,886,11.100039552
7946,6,104,-5206,1033,11.101226976
7946,7,178,-6233,1280,11.102414400
7946,8,198,-7395,466,11.103601824
7946,9,203,-5853,612,11.104789248
7946,10,188,-6990,869,11.105976672
7946,11,161,-9452,1025,11.107164096
7946,12,122,-8516,334,11.108351520
7946,13,-115,-6323,137,11.109538944
7946,14,-176,-5453,159,11.110726368
7946,15,-241,-4520,882,11.111913792
7946,16,-176,-3442,982,11.113101216
7946,17,-213,-3228,247,11.114288640
7946,18,-34,-6020,-484,11.115476064
7946,19,142,-6298,-273,11.116663488
7946,20,285,-2020,224,11.117850912
7946,21,320,-2843,210,11.119038336
7946,22,405,-4499,-401,11.120225760
7946,23,441,-2842,-1000,11.121413184
7946,24,454,-4052,-884,11.122600608
7946,25,270,-5703,-673,11.123788032
7946,26,47,-3916,-599,11.124975456
7946,27,-45,-2245,-735,11.126162880
7946,28,-163,-4529,-1220,11.127350304
7946,29,-240,-8211,-1166,11.128537728
7946,30,-257,-5985,-394,11.129725152
7946,31,-236,-505,-83,11.130912576
7946,32,-187,-945,-202,11.132100000
7946,33,-41,-2793,-744,11.133287424
7946,34,16,-2278,-749,11.134474848
7946,35,328,-3060,-410,11.135662272
7946,36,315,-3857,36,11.136849696
7946,37,395,-727,-405,11.138037120
7946,38,183,-1779,-838,11.139224544
7946,39,166,-5319,-739,11.140411968
7946,40,57,-910,-127,11.141599392
7946,41,-185,341,181,11.142786816
7946,42,-300,-2458,292,11.143974240
7946,43,-388,-385,-495,11.145161664
7946,44,-536,616,951,11.146349088
7946,45,-266,-216,1711,11.147536512
7946,46,-199,-3325,674,11.148723936
7946,47,-17,-7140,681,11.149911360
7946,48,-33,-5661,-285,11.151098784
7946,49,107,-2675,1300,11.152286208
7946,50,427,-2007,1208,11.153473632
7946,51,300,-4700,974,11.154661056
7946,52,536,-5830,218,11.155848480
7946,53,426,-1184,288,11.157035904
7946,54,126,-813,1262,11.158223328
7946,55,35,-3161,607,11.159410752
7946,56,-109,-5185,461,11.160598176
7946,57,-107,-6580,-493,11.161785600
7946,58,-112,-6814,-130,11.162973024
7946,59,-188,-1433,701,11.164160448
7946,60,-232,525,1104,11.165347872
7946,61,104,-2589,34,11.166535296
7946,62,-164,-7532,52,11.167722720
7946,63,319,-6918,-897,11.168910144
7946,64,303,-6628,392,11.170097568
7947,1,418,-5703,521,11.171284992
7947,2,286,-3368,-804,11.172472416
7947,3,169,-6260,-1643,11.173659840
7947,4,201,-7903,-1732,11.174847264
7947,5,164,-4151,-1213,11.176034688
7947,6,-24,-4392,-401,11.177222112
7947,7,-66,-6848,-1290,11.178409536
7947,8,-285,-8758,-1341,11.179596960
7947,9,-222,-10463,-1072,11.180784384
7947,10,-113,-6795,-298,11.181971808
7947,11,-111,-979,142,11.183159232
7947,12,73,-1702,-94,11.184346656
7947,13,-21,-6219,-742,11.185534080
7947,14,25,-7436,-201,11.186721504
7947,15,222,-8345,199,11.187908928
7947,16,262,-9373,486,11.189096352
7947,17,275,-7749,-37,11.190283776
7947,18,137,-4967,-224,11.191471200
7947,19,-91,-3606,-70,11.192658624
7947,20,-155,-6459,-149,11.193846048
7947,21,-114,-6491,384,11.195033472
7947,22,-197,-1499,267,11.196220896
7947,23,-131,-1938,828,11.197408320
7947,24,-200,-4978,273,11.198595744
7947,25,-146,-5745,597,11.199783168
7947,26,50,-5217,887,11.200970592
7947,27,32,-2173,978,11.202158016
7947,28,315,-630,1301,11.203345440
7947,29,315,-1574,1314,11.204532864
7947,30,115,-4793,602,11.205720288
7947,31,240,-8893,382,11.206907712
7947,32,101,-8738,709,11.208095136
7947,33,98,-3179,822,11.209282560
7947,34,88,-415,1227,11.210469984
7947,35,-511,-1284,897,11.211657408
7947,36,-119,-2551,-356,11.212844832
7947,37,-421,-3229,-318,11.214032256
7947,38,-205,-1091,148,11.215219680
7947,39,-103,-369,301,11.216407104
7947,40,15,-1012,-374,11.217594528
7947,41,113,-5251,-404,11.218781952
7947,42,177,-5327,-617,11.219969376
7947,43,259,-753,-502,11.221156800
7947,44,415,192,-306,11.222344224
7947,45,391,492,-34,11.223531648
7947,46,346,1671,-609,11.224719072
7947,47,168,1379,33,11.225906496
7947,48,29,535,-692,11.227093920
7947,49,-59,-372,-631,11.228281344
7947,50,-101,-1843,-1454,11.229468768
7947,51,-140,-7665,-541,11.230656192
7947,52,-149,-4172,-588,11.231843616
7947,53,-277,-904,-820,11.233031040
7947,54,-12,-2916,-718,11.234218464
7947,55,-72,-2611,-1432,11.235405888
7947,56,208,-3733,-921,11.236593312
7947,57,279,-5674,118,11.237780736
7947,58,262,-3413,-74,11.238968160
7947,59,322,-4393,-67,11.240155584
7947,60,217,-8287,-462,11.241343008
7947,61,235,-6295,-307,11.242530432
7947,62,51,-4561,61,11.243717856
7947,63,-105,-6629,104,11.244905280
7947,64,-203,-6233,54,11.246092704
7948,1,-278,-6070,240,11.247280128
7948,2,-220,-9013,473,11.248467552
7948,3,-181,-5907,723,11.249654976
7948,4,-230,-798,716,11.250842400
7948,5,-101,-2941,22,11.252029824
7948,6,10,-11413,-102,11.253217248
7948,7,146,-11457,-249,11.254404672
7948,8,250,-7711,676,11.255592096
7948,9,264,-7126,619,11.256779520
7948,10,221,-7540,103,11.257966944
7948,11,225,-6172,-204,11.259154368
7948,12,91,-7044,515,11.260341792
7948,13,155,-7691,1172,11.261529216
7948,14,-56,-3268,1681,11.262716640
7948,15,-155,-980,1576,11.263904064
7948,16,-186,-330,1359,11.265091488
7948,17,-308,179,1418,11.266278912
7948,18,-50,-693,1035,11.267466336
7948,19,51,-2222,1035,11.268653760
7948,20,-6,-4443,198,11.269841184
7948,21,66,-8260,40,11.271028608
7948,22,96,-5454,573,11.272216032
7948,23,93,-2103,711,11.273403456
7948,24,207,-2602,3,11.274590880
7948,25,10,-1492,-745,11.275778304
7948,26,195,244,-459,11.276965728
7948,27,-202,115,1126,11.278153152
7948,28,-248,-1201,875,11.279340576
7948,29,-124,-6573,137,11.280528000
7948,30,-198,-8822,-1053,11.281715424
7948,31,13,-5233,-1151,11.282902848
7948,32,-64,-2742,-358,11.284090272
7948,33,44,-2269,-527,11.285277696
7948,34,119,-6313,-900,11.286465120
7948,35,315,-6978,-1696,11.287652544
7948,36,397,-1748,-1316,11.288839968
7948,37,449,-1931,-1309,11.290027392
7948,38,307,-5374,-1353,11.291214816
7948,39,165,-4550,-1909,11.292402240
7948,40,144,-2766,-1846,11.293589664
7948,41,-10,-4571,-1388,11.294777088
7948,42,18,-5226,-1293,11.295964512
7948,43,-143,-4930,-1156,11.297151936
7948,44,-141,-4367,-1200,11.298339360
7948,45,-137,-4164,-1384,11.299526784
7948,46,-119,-9705,-1167,11.300714208
7948,47,121,-9609,-513,11.301901632
7948,48,90,-5383,-397,11.303089056
7948,49,270,-7781,-431,11.304276480
7948,50,204,-8463,-408,11.305463904
7948,51,150,-4917,-204,11.306651328
7948,52,246,-5743,727,11.307838752
7948,53,243,-4357,1138,11.309026176
7948,54,185,-411,1552,11.310213600
7948,55,7,-2359,1800,11.311401024
7948,56,-129,-2179,1903,11.312588448
7948,57,-184,146,2581,11.313775872
7948,58,-44,-2722,1963,11.314963296
7948,59,-248,-6064,2260,11.316150720
7948,60,-144,-3192,2524,11.317338144
7948,61,-191,-2059,2306,11.318525568
7948,62,-170,-4396,2715,11.319712992
7948,63,-72,-3752,1603,11.320900416
7948,64,-73,-3690,1250,11.322087840
7949,1,-56,-6187,1194,11.323275264
7949,2,-51,-3925,1086,11.324462688
7949,3,-164,-3532,1334,11.325650112
7949,4,-116,-4275,707,11.326837536
7949,5,-225,-2156,479,11.328024960
7949,6,-111,-175,96,11.329212384
7949,7,-141,-73,372,11.330399808
7949,8,36,-1452,-342,11.331587232
7949,9,-126,-6284,-556,11.332774656
7949,10,40,-9019,-1040,11.333962080
7949,11,142,-2711,-898,11.335149504
7949,12,172,-494,-797,11.336336928
7949,13,208,-3140,-1771,11.337524352
7949,14,68,-3388,-2040,11.338711776
7949,15,81,-1780,-2325,11.339899200
7949,16,90,-2476,-1832,11.341086624
7949,17,60,-2919,-1858,11.342274048
7949,18,-68,-4232,-2485,11.343461472
7949,19,-13,-7894,-2782,11.344648896
7949,20,-26,-5316,-2548,11.345836320
7949,21,5,249,-1838,11.347023744
7949,22,158,279,-1019,11.348211168
7949,23,242,315,-1363,11.349398592
7949,24,370,281,-1506,11.350586016
7949,25,338,-3233,-1980,11.351773440
7949,26,609,-11255,-1705,11.352960864
7949,27,395,-9876,-105,11.354148288
7949,28,333,-466,-318,11.355335712
7949,29,127,-201,1527,11.356523136
7949,30,91,-6321,-314,11.357710560
7949,31,-32,-8931,265,11.358897984
7949,32,-76,-4439,1890,11.360085408
7949,33,-112,-1034,2704,11.361272832
7949,34,-137,-2936,1876,11.362460256
7949,35,-176,-6634,1667,11.363647680
7949,36,-149,-7342,1525,11.364835104
7949,37,56,-5750,2244,11.366022528
7949,38,63,-4146,2374,11.367209952
7949,39,190,-6991,1715,11.368397376
7949,40,249,-8675,1766,11.369584800
7949,41,111,-7043,1297,11.370772224
7949,42,225,-8040,1428,11.371959648
7949,43,73,-6860,945,11.373147072
7949,44,-85,-3203,628,11.374334496
7949,45,-158,-3706,537,11.375521920
7949,46,-415,-6450,947,11.376709344
7949,47,-305,-7097,926,11.377896768
7949,48,-363,-8765,817,11.379084192
7949,49,-288,-4821,594,11.380271616
7949,50,-248,711,347,11.381459040
7949,51,-39,-1713,104,11.382646464
7949,52,-134,-3958,431,11.383833888
7949,53,132,-887,-171,11.385021312
7949,54,-74,-5593,-1076,11.386208736
7949,55,233,-9059,-1379,11.387396160
7949,56,90,-5632,-1281,11.388583584
7949,57,113,-5378,-887,11.389771008
7949,58,-41,-6277,-1572,11.390958432
7949,59,-63,-3496,-1784,11.392145856
7949,60,-115,-2462,-1432,11.393333280
7949,61,-37,-2042,-1032,11.394520704
7949,62,-138,-647,-149,11.395708128
7949,63,-41,-3056,-1015,11.396895552
7949,64,57,-4722,-558,11.398082976
7950,1,249,-2854,-1181,11.399270400
7950,2,373,-2379,-416,11.400457824
7950,3,473,-3459,-160,11.401645248
7950,4,465,-2635,-1248,11.402832672
7950,5,515,-4848,-1069,11.404020096
7950,6,455,-4367,-1234,11.405207520
7950,7,360,-91,-665,11.406394944
7950,8,-64,-572,136,11.407582368
7950,9,-44,-899,-824,11.408769792
7950,10,-222,-1880,-798,11.409957216
7950,11,-289,-4709,-250,11.411144640
7950,12,-223,-5952,451,11.412332064
7950,13,-249,-1859,626,11.413519488
7950,14,-87,-3375,434,11.414706912
7950,15,14,-8823,-21,11.415894336
7950,16,99,-5397,223,11.417081760
7950,17,209,-4040,983,11.418269184
7950,18,450,-5487,1211,11.419456608
7950,19,251,-4000,587,11.420644032
7950,20,340,-4278,212,11.421831456
7950,21,92,-6355,585,11.423018880
7950,22,-35,-4581,627,11.424206304
7950,23,-131,-4153,1054,11.425393728
7950,24,-300,-5293,530,11.426581152
7950,25,-367,-4224,529,11.427768576
7950,26,-470,-5023,561,11.428956000
7950,27,-364,-5313,1264,11.430143424
7950,28,-299,-2076,1741,11.431330848
7950,29,-134,-540,1512,11.432518272
7950,30,226,-1588,1500,11.433705696
7950,31,67,-861,1317,11.434893120
7950,32,284,-1895,1328,11.436080544
7950,33,114,-8803,482,11.437267968
7950,34,294,-10268,265,11.438455392
7950,35,195,-4218,569,11.439642816
7950,36,91,-466,653,11.440830240
7950,37,-44,-1693,247,11.442017664
7950,38,-138,-3920,-564,11.443205088
7950,39,-268,-3250,-579,11.444392512
7950,40,-260,-2834,-433,11.445579936
7950,41,-223,-2675,15,11.446767360
7950,42,-159,-5024,-151,11.447954784
7950,43,-10,-5963,-643,11.449142208
7950,44,-17,-5057,-885,11.450329632
7950,45,352,-5079,-1107,11.451517056
7950,46,440,-3024,-526,11.452704480
7950,47,504,-2099,-695,11.453891904
7950,48,551,-3664,-1007,11.455079328
7950,49,395,-4506,-1753,11.456266752
7950,50,326,-3951,-1568,11.457454176
7950,51,151,-4967,-1926,11.458641600
7950,52,-4,-4791,-1883,11.459829024
7950,53,-71,-5899,-2065,11.461016448
7950,54,-80,-6823,-1885,11.462203872
7950,55,-319,-5340,-1721,11.463391296
7950,56,-206,-5260,-1613,11.464578720
7950,57,-123,-6095,-1435,11.465766144
7950,58,54,-7815,-1357,11.466953568
7950,59,194,-6530,-408,11.468140992
7950,60,75,-2981,354,11.469328416
7950,61,362,-2716,774,11.470515840
7950,62,171,-8648,-135,11.471703264
7950,63,369,-8351,207,11.472890688
7950,64,193,-5797,913,11.474078112
7951,1,150,-5562,1403,11.475265536
7951,2,-105,-3948,1669,11.476452960
7951,3,-221,-5607,1144,11.477640384
7951,4,-258,-7708,1160,11.478827808
7951,5,-348,-5338,1794,11.480015232
7951,6,-180,-1811,2105,11.481202656
7951,7,-408,-4595,2426,11.482390080
7951,8,13,-2677,2100,11.483577504
7951,9,-195,-934,2212,11.484764928
7951,10,231,-7473,1908,11.485952352
7951,11,107,-5068,2104,11.487139776
7951,12,166,76,1555,11.488327200
7951,13,167,-2472,2186,11.489514624
7951,14,77,-4025,436,11.490702048
7951,15,57,-4432,915,11.491889472
7951,16,-4,-4404,1471,11.493076896
7951,17,-101,-951,837,11.494264320
7951,18,-198,631,605,11.495451744
7951,19,-402,-609,500,11.496639168
7951,20,-382,954,-409,11.497826592
7951,21,-153,390,-302,11.499014016
7951,22,25,-5451,-1645,11.500201440
7951,23,-106,-5876,-1047,11.501388864
7951,24,140,-1905,-1832,11.502576288
7951,25,137,-883,-438,11.503763712
7951,26,314,-256,-1429,11.504951136
7951,27,229,-1281,-2458,11.506138560
7951,28,469,-3040,-1976,11.507325984
7951,29,190,-1260,-2180,11.508513408
7951,30,192,-3026,-2139,11.509700832
7951,31,33,-8868,-2409,11.510888256
7951,32,75,-5916,-1981,11.512075680
7951,33,-15,933,-2214,11.513263104
7951,34,-147,847,-1536,11.514450528
7951,35,88,-1410,-2023,11.515637952
7951,36,-113,-5095,-2283,11.516825376
7951,37,167,-9146,-1617,11.518012800
7951,38,190,-7737,-907,11.519200224
7951,39,314,-3410,-97,11.520387648
7951,40,318,-4482,-395,11.521575072
7951,41,291,-5396,-439,11.522762496
7951,42,205,-2187,5,11.523949920
7951,43,212,-1010,771,11.525137344
7951,44,215,-3351,1692,11.526324768
7951,45,31,-4699,1718,11.527512192
7951,46,-83,-4090,1552,11.528699616
7951,47,-173,-7670,749,11.529887040
7951,48,-176,-10745,1527,11.531074464
7951,49,-120,-5001,2057,11.532261888
7951,50,-88,-2483,2167,11.533449312
7951,51,-48,-8286,1977,11.534636736
7951,52,-60,-8701,1590,11.535824160
7951,53,32,-4638,1905,11.537011584
7951,54,59,-2743,2684,11.538199008
7951,55,110,-1633,1913,11.539386432
7951,56,7,-3868,1457,11.540573856
7951,57,89,-7467,1120,11.541761280
7951,58,-20,-9398,1733,11.542948704
7951,59,-49,-8099,1471,11.544136128
7951,60,-178,-7385,546,11.545323552
7951,61,-184,-10272,248,11.546510976
7951,62,-199,-9778,-477,11.547698400
7951,63,-207,-6820,342,11.548885824
7951,64,-188,-5735,406,11.550073248
7952,1,-183,-4102,-356,11.551260672
7952,2,-109,-954,-471,11.552448096
7952,3,-11,-911,-686,11.553635520
7952,4,51,-4381,-1044,11.554822944
7952,5,142,-5027,-1000,11.556010368
7952,6,109,-3799,-1432,11.557197792
7952,7,236,-4378,-1426,11.558385216
7952,8,167,-4047,-1433,11.559572640
7952,9,163,-3568,-1474,11.560760064
7952,10,144,-2094,-1416,11.561947488
7952,11,34,355,-2142,11.563134912
7952,12,36,230,-1374,11.564322336
7952,13,-46,-16,-1390,11.565509760
7952,14,-12,1052,-1138,11.566697184
7952,15,50,1307,341,11.567884608
7952,16,-13,448,-1481,11.569072032
7952,17,202,-2813,-1552,11.570259456
7952,18,120,-6363,-1538,11.571446880
7952,19,262,-7601,-477,11.572634304
7952,20,235,-2445,-215,11.573821728
7952,21,252,-781,-66,11.575009152
7952,22,312,-6497,-742,11.576196576
7952,23,265,-6645,-783,11.577384000
7952,24,223,-2752,1007,11.578571424
7952,25,157,-2260,1331,11.579758848
7952,26,-63,-1461,1327,11.580946272
7952,27,-117,-2565,792,11.582133696
7952,28,-172,-7164,386,11.583321120
7952,29,-135,-5226,1270,11.584508544
7952,30,-126,-199,980,11.585695968
7952,31,-204,-7778,480,11.586883392
7952,32,-111,-11287,35,11.588070816
7952,33,-92,-4348,703,11.589258240
7952,34,76,-3835,1510,11.590445664
7952,35,61,-6725,915,11.591633088
7952,36,9,-4551,170,11.592820512
7952,37,-5,-2993,-92,11.594007936
7952,38,33,-8165,523,11.595195360
7952,39,101,-11028,1259,11.596382784
7952,40,7,-6484,1380,11.597570208
7952,41,-60,-3123,836,11.598757632
7952,42,-118,-3594,297,11.599945056
7952,43,-129,-4729,328,11.601132480
7952,44,18,-6165,1124,11.602319904
7952,45,-32,-6461,1086,11.603507328
7952,46,18,-4467,716,11.604694752
7952,47,-26,-4410,135,11.605882176
7952,48,43,-4946,339,11.607069600
7952,49,34,-1898,863,11.608257024
7952,50,10,21,455,11.609444448
7952,51,51,-1176,250,11.610631872
7952,52,-15,-2695,-409,11.611819296
7952,53,-11,-5391,-431,11.613006720
7952,54,-22,-6912,-17,11.614194144
7952,55,-40,-3333,40,11.615381568
7952,56,-25,-568,-772,11.616568992
7952,57,24,-1251,-833,11.617756416
7952,58,19,-953,-1048,11.618943840
7952,59,180,-1495,-317,11.620131264
7952,60,175,-2320,-416,11.621318688
7952,61,292,-2997,-1244,11.622506112
7952,62,279,-4452,-1623,11.623693536
7952,63,288,-6261,-1823,11.624880960
7952,64,276,-7675,-1244,11.626068384
7953,1,214,-6529,-567,11.627255808
7953,2,121,-848,-824,11.628443232
7953,3,-43,77,-812,11.629630656
7953,4,20,-2487,-1258,11.630818080
7953,5,-140,-2621,-519,11.632005504
7953,6,-77,-3901,-574,11.633192928
7953,7,-144,-6068,-468,11.634380352
7953,8,-205,-2361,-541,11.635567776
7953,9,-133,-718,-343,11.636755200
7953,10,-78,-6690,-765,11.637942624
7953,11,94,-5767,-730,11.639130048
7953,12,28,-3555,-386,11.640317472
7953,13,245,-3828,-474,11.641504896
7953,14,-3,-5016,-308,11.642692320
7953,15,166,-9518,183,11.643879744
7953,16,123,-10236,902,11.645067168
7953,17,25,-4606,787,11.646254592
7953,18,-36,-1945,1299,11.647442016
7953,19,-115,-4065,1265,11.648629440
7953,20,-78,-5683,1777,11.649816864
7953,21,-41,-6318,2338,11.651004288
7953,22,-49,-3677,2208,11.652191712
7953,23,-35,-3827,1986,11.653379136
7953,24,87,-7180,1187,11.654566560
7953,25,79,-6807,1651,11.655753984
7953,26,152,-5212,1561,11.656941408
7953,27,112,-6958,1432,11.658128832
7953,28,181,-4940,735,11.659316256
7953,29,144,-1175,591,11.660503680
7953,30,89,-933,951,11.661691104
7953,31,23,-4456,520,11.662878528
7953,32,4,-5725,-51,11.664065952
7953,33,-82,-3116,30,11.665253376
7953,34,-75,-984,177,11.666440800
7953,35,-132,-8,511,11.667628224
7953,36,-60,-902,-161,11.668815648
7953,37,-65,-4677,-624,11.670003072
7953,38,73,-3104,-1660,11.671190496
7953,39,102,-1989,-1283,11.672377920
7953,40,260,-5499,-961,11.673565344
7953,41,91,-5999,-1252,11.674752768
7953,42,136,-3736,-1545,11.675940192
7953,43,31,-975,-1908,11.677127616
7953,44,42,842,-2092,11.678315040
7953,45,-65,379,-688,11.679502464
7953,46,-169,-262,-1188,11.680689888
7953,47,12,-2110,-909,11.681877312
7953,48,-177,-5748,-1460,11.683064736
7953,49,-58,-8187,-1637,11.684252160
7953,50,-63,-5506,-718,11.685439584
7953,51,33,-3636,-694,11.686627008
7953,52,79,-5234,-661,11.687814432
7953,53,62,-4608,-953,11.689001856
7953,54,177,-3378,-939,11.690189280
7953,55,195,-7181,-506,11.691376704
7953,56,209,-9569,-294,11.692564128
7953,57,185,-8212,-378,11.693751552
7953,58,54,-6770,64,11.694938976
7953,59,-14,-2498,482,11.696126400
7953,60,-81,-1326,724,11.697313824
7953,61,-42,-6613,631,11.698501248
7953,62,94,-7057,860,11.699688672
7953,63,82,-5100,1228,11.700876096
7953,64,107,-6722,1607,11.702063520
7954,1,153,-6424,1647,11.703250944
7954,2,171,-4374,1470,11.704438368
7954,3,233,-6783,1194,11.705625792
7954,4,230,-7869,886,11.706813216
7954,5,156,-5691,1193,11.708000640
7954,6,116,-6659,1172,11.709188064
7954,7,50,-5336,1466,11.710375488
7954,8,-129,-5011,759,11.711562912
7954,9,-70,-9077,247,11.712750336
7954,10,-164,-7465,585,11.713937760
7954,11,-143,-2185,679,11.715125184
7954,12,-109,-3560,1197,11.716312608
7954,13,-195,-6462,435,11.717500032
7954,14,-38,-5701,437,11.718687456
7954,15,11,-3766,415,11.719874880
7954,16,122,-2306,575,11.721062304
7954,17,194,-751,611,11.722249728
7954,18,22,-267,246,11.723437152
7954,19,-65,-1291,194,11.724624576
7954,20,29,-668,-138,11.725812000
7954,21,-190,803,-351,11.726999424
7954,22,-215,672,75,11.728186848
7954,23,-366,1003,-855,11.729374272
7954,24,-410,1726,-606,11.730561696
7954,25,-359,1790,-496,11.731749120
7954,26,-336,1599,-434,11.732936544
7954,27,-74,682,-332,11.734123968
7954,28,-113,-1341,-2714,11.735311392
7954,29,168,-13377,-1364,11.736498816
7954,30,211,-10257,-672,11.737686240
7954,31,247,259,-1209,11.738873664
7954,32,431,183,-244,11.740061088
7954,33,362,1451,-814,11.741248512
7954,34,352,2842,-1331,11.742435936
7954,35,419,-377,726,11.743623360
7954,36,12,-287,-95,11.744810784
7954,37,295,-8410,-1138,11.745998208
7954,38,268,-13812,-1451,11.747185632
7954,39,-47,-6002,-1424,11.748373056
7954,40,59,-2370,32,11.749560480
7954,41,-116,-1839,-1256,11.750747904
7954,42,-53,-2280,-1435,11.751935328
7954,43,73,-4816,-1067,11.753122752
7954,44,190,-2859,129,11.754310176
7954,45,214,-3091,1138,11.755497600
7954,46,230,-10227,677,11.756685024
7954,47,288,-6390,320,11.757872448
7954,48,159,-2392,-377,11.759059872
7954,49,300,-8082,82,11.760247296
7954,50,193,-8582,301,11.761434720
7954,51,128,-8477,593,11.762622144
7954,52,187,-9337,869,11.763809568
7954,53,-24,-5979,808,11.764996992
7954,54,6,-4868,1217,11.766184416
7954,55,-126,-6129,1358,11.767371840
7954,56,-161,-4788,1395,11.768559264
7954,57,-77,-6512,1601,11.769746688
7954,58,-163,-10948,1797,11.770934112
7954,59,-115,-8840,2089,11.772121536
7954,60,-138,-5915,1865,11.773308960
7954,61,-97,-6035,1448,11.774496384
7954,62,-33,-4878,1284,11.775683808
7954,63,-107,-4564,1154,11.776871232
7954,64,-145,-4070,1700,11.778058656
7955,1,-150,-6886,961,11.779246080
7955,2,-63,-9584,226,11.780433504
7955,3,-155,-8229,-162,11.781620928
7955,4,-136,-6668,-688,11.782808352
7955,5,-245,-5721,-23,11.783995776
7955,6,-161,-2796,-379,11.785183200
7955,7,-126,-992,-130,11.786370624
7955,8,-116,-4591,-773,11.787558048
7955,9,3,-5701,-949,11.788745472
7955,10,31,-3056,-648,11.789932896
7955,11,77,-2990,-946,11.791120320
7955,12,151,-3511,-761,11.792307744
7955,13,27,-1553,-1226,11.793495168
7955,14,137,151,-894,11.794682592
7955,15,161,-475,-791,11.795870016
7955,16,166,416,-1424,11.797057440
7955,17,121,563,-932,11.798244864
7955,18,7,574,-1656,11.799432288
7955,19,-121,11,-1631,11.800619712
7955,20,309,-5936,-2235,11.801807136
7955,21,93,-8495,-1280,11.802994560
7955,22,105,-1521,-1398,11.804181984
7955,23,-33,792,-961,11.805369408
7955,24,79,-133,-285,11.806556832
7955,25,330,770,-958,11.807744256
7955,26,267,-1090,120,11.808931680
7955,27,368,-4081,-243,11.810119104
7955,28,321,-3396,347,11.811306528
7955,29,279,-3362,502,11.812493952
7955,30,251,-4364,580,11.813681376
7955,31,162,-4984,493,11.814868800
7955,32,135,-4663,576,11.816056224
7955,33,22,-2461,800,11.817243648
7955,34,-100,-3946,512,11.818431072
7955,35,-97,-8868,775,11.819618496
7955,36,-208,-7701,962,11.820805920
7955,37,-204,-4243,1348,11.821993344
7955,38,-151,-5077,1166,11.823180768
7955,39,-143,-4913,989,11.824368192
7955,40,-88,-1816,1293,11.825555616
7955,41,-57,-923,1671,11.826743040
7955,42,-41,-4389,1192,11.827930464
7955,43,271,-7734,738,11.829117888
7955,44,179,-10398,333,11.830305312
7955,45,236,-7196,314,11.831492736
7955,46,1,-4958,530,11.832680160
7955,47,-32,-9196,-187,11.833867584
7955,48,-96,-11020,-187,11.835055008
7955,49,-175,-6339,-97,11.836242432
7955,50,-260,-2790,509,11.837429856
7955,51,-291,-4187,340,11.838617280
7955,52,-365,-3643,99,11.839804704
7955,53,-323,-2402,144,11.840992128
7955,54,-230,-3355,-19,11.842179552
7955,55,-63,-8479,347,11.843366976
7955,56,110,-6605,204,11.844554400
7955,57,84,247,338,11.845741824
7955,58,218,-523,428,11.846929248
7955,59,147,-1004,-661,11.848116672
7955,60,245,-1276,-567,11.849304096
7955,61,347,-2485,-412,11.850491520
7955,62,239,-1299,-334,11.851678944
7955,63,83,958,-695,11.852866368
7955,64,-205,772,309,11.854053792
7956,1,-261,-65,-1400,11.855241216
7956,2,-66,-2012,-1103,11.856428640
7956,3,-18,-5421,-1133,11.857616064
7956,4,38,-8200,-598,11.858803488
7956,5,4,-2991,-337,11.859990912
7956,6,86,-1120,-53,11.861178336
7956,7,375,-7920,-693,11.862365760
7956,8,481,-9326,-941,11.863553184
7956,9,553,-2878,-334,11.864740608
7956,10,526,-481,153,11.865928032
7956,11,267,-1407,251,11.867115456
7956,12,349,-2992,-411,11.868302880
7956,13,115,-7434,-725,11.869490304
7956,14,168,-6159,-522,11.870677728
7956,15,-22,-4109,-927,11.871865152
7956,16,-161,-7587,-956,11.873052576
7956,17,-246,-6652,-612,11.874240000
7956,18,-311,-4322,-481,11.875427424
7956,19,-143,-7382,43,11.876614848
7956,20,-101,-5846,-332,11.877802272
7956,21,0,-2884,-437,11.878989696
7956,22,42,-6808,-85,11.880177120
7956,23,55,-7915,294,11.881364544
7956,24,160,-4867,1130,11.882551968
7956,25,156,-3908,844,11.883739392
7956,26,176,-4611,425,11.884926816
7956,27,147,-3790,475,11.886114240
7956,28,8,-1986,872,11.887301664
7956,29,6,-1958,1764,11.888489088
7956,30,-177,-1831,1458,11.889676512
7956,31,-115,-2247,1067,11.890863936
7956,32,-159,-5735,689,11.892051360
7956,33,-226,-7353,1495,11.893238784
7956,34,-235,-4698,1436,11.894426208
7956,35,-282,-5013,1593,11.895613632
7956,36,-179,-7260,1248,11.896801056
7956,37,-161,-7798,875,11.897988480
7956,38,-44,-6954,1431,11.899175904
7956,39,-86,-4395,1572,11.900363328
7956,40,11,-1761,823,11.901550752
7956,41,-30,-1746,257,11.902738176
7956,42,63,-3896,-283,11.903925600
7956,43,135,-5298,-147,11.905113024
7956,44,142,-5682,-320,11.906300448
7956,45,147,-4539,-779,11.907487872
7956,46,95,-2322,-1336,11.908675296
7956,47,127,-648,-1471,11.909862720
7956,48,98,-1045,-1347,11.911050144
7956,49,180,-1892,-1378,11.912237568
7956,50,35,-3678,-1648,11.913424992
7956,51,64,-5252,-1820,11.914612416
7956,52,-28,-3579,-1249,11.915799840
7956,53,2,-2511,-998,11.916987264
7956,54,15,-6388,-1453,11.918174688
7956,55,27,-9460,-1859,11.919362112
7956,56,74,-5459,-1643,11.920549536
7956,57,86,-1977,-1004,11.921736960
7956,58,180,-1357,-400,11.922924384
7956,59,115,-1013,-800,11.924111808
7956,60,309,-1859,-1329,11.925299232
7956,61,329,-2589,-1043,11.926486656
7956,62,298,-1643,-680,11.927674080
7956,63,290,-2077,-32,11.928861504
7956,64,185,-3183,303,11.930048928
7957,1,109,-3659,46,11.931236352
7957,2,38,-5246,222,11.932423776
7957,3,-53,-3990,948,11.933611200
7957,4,-170,-527,1810,11.934798624
7957,5,-285,-675,2452,11.935986048
7957,6,-290,-247,2257,11.937173472
7957,7,-268,590,2682,11.938360896
7957,8,-199,-425,2700,11.939548320
7957,9,-112,-4233,448,11.940735744
7957,10,32,-11268,1261,11.941923168
7957,11,85,-11178,1170,11.943110592
7957,12,116,-5809,1268,11.944298016
7957,13,277,-3024,1212,11.945485440
7957,14,250,-5758,212,11.946672864
7957,15,313,-6997,-188,11.947860288
7957,16,179,-3911,321,11.949047712
7957,17,97,-3526,545,11.950235136
7957,18,-44,-7230,300,11.951422560
7957,19,-103,-7257,400,11.952609984
7957,20,-226,-3065,612,11.953797408
7957,21,-250,-2091,615,11.954984832
7957,22,-346,-3339,9,11.956172256
7957,23,-313,-1555,-545,11.957359680
7957,24,-222,-5081,-1010,11.958547104
7957,25,-66,-9992,-1014,11.959734528
7957,26,38,-6339,-1098,11.960921952
7957,27,18,-6550,-2107,11.962109376
7957,28,89,-7542,-2107,11.963296800
7957,29,82,-661,-2561,11.964484224
7957,30,219,-2691,-1917,11.965671648
7957,31,275,-8414,-1578,11.966859072
7957,32,181,-4673,-1409,11.968046496
7957,33,283,-3281,-940,11.969233920
7957,34,163,-6615,-986,11.970421344
7957,35,134,-8157,-865,11.971608768
7957,36,161,-8154,-137,11.972796192
7957,37,66,-5451,536,11.973983616
7957,38,108,-3606,651,11.975171040
7957,39,49,-6690,580,11.976358464
7957,40,45,-4608,629,11.977545888
7957,41,24,-1121,703,11.978733312
7957,42,160,-3223,484,11.979920736
7957,43,97,-3349,281,11.981108160
7957,44,103,-2773,204,11.982295584
7957,45,5,-5707,481,11.983483008
7957,46,-15,-5842,496,11.984670432
7957,47,7,-4023,547,11.985857856
7957,48,37,-4863,379,11.987045280
7957,49,71,-4184,535,11.988232704
7957,50,35,-895,1224,11.989420128
7957,51,-12,-661,1622,11.990607552
7957,52,83,-1581,1567,11.991794976
7957,53,-48,-1830,1303,11.992982400
7957,54,102,-1249,808,11.994169824
7957,55,-73,-2868,779,11.995357248
7957,56,-30,-7000,10,11.996544672
7957,57,-162,-8161,361,11.997732096
7957,58,-176,-3472,-147,11.998919520
7957,59,-179,-1447,249,12.000106944
7957,60,-252,-1993,-61,12.001294368
7957,61,-234,-1868,-776,12.002481792
7957,62,-134,-2734,-400,12.003669216
7957,63,-252,-3114,177,12.004856640
7957,64,-132,-2779,-127,12.006044064
7958,1,-20,-1840,632,12.007231488
7958,2,57,-669,698,12.008418912
7958,3,205,-1389,-138,12.009606336
7958,4,139,-3437,-313,12.010793760
7958,5,230,-3267,-525,12.011981184
7958,6,325,-2409,-290,12.013168608
7958,7,212,-2419,-83,12.014356032
7958,8,170,-3789,-1043,12.015543456
7958,9,73,-6380,-1285,12.016730880
7958,10,32,-2502,-1267,12.017918304
7958,11,-20,720,-917,12.019105728
7958,12,-180,-1144,-23,12.020293152
7958,13,-35,-4444,-1181,12.021480576
7958,14,74,-6540,-1225,12.022668000
7958,15,58,-8913,-588,12.023855424
7958,16,234,-7267,5,12.025042848
7958,17,250,-1285,135,12.026230272
7958,18,268,-2939,88,12.027417696
7958,19,386,-8123,-588,12.028605120
7958,20,421,-6053,-262,12.029792544
7958,21,375,-4594,177,12.030979968
7958,22,336,-8594,-20,12.032167392
7958,23,108,-9603,-785,12.033354816
7958,24,1,-9886,-1243,12.034542240
7958,25,-31,-8831,-366,12.035729664
7958,26,-277,-2781,209,12.036917088
7958,27,-263,-2156,149,12.038104512
7958,28,-288,-5891,-491,12.039291936
7958,29,-256,-1351,10,12.040479360
7958,30,-8,-364,783,12.041666784
7958,31,-198,-9415,454,12.042854208
7958,32,77,-11096,247,12.044041632
7958,33,92,-4523,562,12.045229056
7958,34,126,-3738,1432,12.046416480
7958,35,107,-6832,898,12.047603904
7958,36,51,-6261,854,12.048791328
7958,37,46,-6583,841,12.049978752
7958,38,27,-5273,796,12.051166176
7958,39,-193,-4094,1702,12.052353600
7958,40,-183,-2764,1605,12.053541024
7958,41,-394,-2930,1785,12.054728448
7958,42,-260,-2132,907,12.055915872
7958,43,-282,-446,1159,12.057103296
7958,44,-43,-1255,1540,12.058290720
7958,45,43,-647,1418,12.059478144
7958,46,-95,-2320,344,12.060665568
7958,47,206,-5612,-78,12.061852992
7958,48,199,-5079,872,12.063040416
7958,49,361,-1453,293,12.064227840
7958,50,168,-248,822,12.065415264
7958,51,-124,-566,170,12.066602688
7958,52,147,-4909,-1674,12.067790112
7958,53,-26,-9354,-1299,12.068977536
7958,54,-75,-5971,-1070,12.070164960
7958,55,-38,-2542,-602,12.071352384
7958,56,-55,100,-1317,12.072539808
7958,57,24,-556,-1598,12.073727232
7958,58,126,-2027,-1910,12.074914656
7958,59,225,-2579,-1742,12.076102080
7958,60,611,-6018,-1776,12.077289504
7958,61,564,-8522,-1357,12.078476928
7958,62,511,-5050,-1652,12.079664352
7958,63,350,-3696,-1689,12.080851776
7958,64,320,-2776,-1591,12.082039200
7959,1,71,486,-1347,12.083226624
7959,2,96,-4872,-1774,12.084414048
7959,3,-83,-9007,-1682,12.085601472
7959,4,-263,-5625,-808,12.086788896
7959,5,-274,-7354,-587,12.087976320
7959,6,-398,-7536,-476,12.089163744
7959,7,-255,-2278,-579,12.090351168
7959,8,-129,-3989,-285,12.091538592
7959,9,89,-6396,208,12.092726016
7959,10,62,-1480,1167,12.093913440
7959,11,256,-3552,1526,12.095100864
7959,12,340,-9021,1238,12.096288288
7959,13,345,-8244,849,12.097475712
7959,14,298,-6904,1287,12.098663136
7959,15,171,-5007,2324,12.099850560
7959,16,24,-1593,2325,12.101037984
7959,17,-387,-1852,2663,12.102225408
7959,18,-346,-5474,1477,12.103412832
7959,19,-352,-5920,2424,12.104600256
7959,20,-295,-2568,3072,12.105787680
7959,21,-434,-1010,2850,12.106975104
7959,22,-291,-1506,2066,12.108162528
7959,23,-310,-4274,1320,12.109349952
7959,24,18,-9171,1112,12.110537376
7959,25,105,-10144,1065,12.111724800
7959,26,153,-6425,806,12.112912224
7959,27,177,-3952,372,12.114099648
7959,28,155,-2422,-5,12.115287072
7959,29,68,-2936,-240,12.116474496
7959,30,50,-3935,-152,12.117661920
7959,31,4,-1770,-179,12.118849344
7959,32,-80,-209,-761,12.120036768
7959,33,-187,-1368,-1099,12.121224192
7959,34,-290,-3842,-1355,12.122411616
7959,35,-79,-3319,-1256,12.123599040
7959,36,-107,-917,-1189,12.124786464
7959,37,98,552,-1964,12.125973888
7959,38,216,133,-1642,12.127161312
7959,39,231,-1827,-1861,12.128348736
7959,40,515,-6851,-1764,12.129536160
7959,41,480,-7858,-2447,12.130723584
7959,42,395,-3836,-2327,12.131911008
7959,43,397,-1417,-2191,12.133098432
7959,44,106,-954,-1777,12.134285856
7959,45,63,-4403,-1963,12.135473280
7959,46,25,-8661,-1598,12.136660704
7959,47,-62,-4779,-940,12.137848128
7959,48,-9,-135,-667,12.139035552
7959,49,-177,-608,476,12.140222976
7959,50,-152,-1495,-287,12.141410400
7959,51,33,-2396,-179,12.142597824
7959,52,156,-5208,-213,12.143785248
7959,53,303,-5980,339,12.144972672
7959,54,348,-4502,625,12.146160096
7959,55,298,-6308,1388,12.147347520
7959,56,312,-6045,1442,12.148534944
7959,57,140,-1673,924,12.149722368
7959,58,34,-2250,1327,12.150909792
7959,59,-46,-3970,1265,12.152097216
7959,60,-272,-2546,2077,12.153284640
7959,61,-280,-4258,2068,12.154472064
7959,62,-446,-6161,1781,12.155659488
7959,63,-338,-5776,1551,12.156846912
7959,64,-149,-4651,929,12.158034336
7960,1,-36,-4242,1601,12.159221760
7960,2,270,-1863,1755,12.160409184
7960,3,-4,-3852,1103,12.161596608
7960,4,237,-9771,66,12.162784032
7960,5,289,-12370,3,12.163971456
7960,6,338,-12503,209,12.165158880
7960,7,200,-8749,918,12.166346304
7960,8,-69,-4672,732,12.167533728
7960,9,-207,-3043,494,12.168721152
7960,10,-398,-2582,378,12.169908576
7960,11,-341,-1000,584,12.171096000
7960,12,-312,-3437,605,12.172283424
7960,13,-226,-6281,-248,12.173470848
7960,14,-226,-5154,-644,12.174658272
7960,15,-73,-8040,-1151,12.175845696
7960,16,133,-10342,-1109,12.177033120
7960,17,300,-6344,-1219,12.178220544
7960,18,408,-2545,-1540,12.179407968
7960,19,389,-975,-1557,12.180595392
7960,20,272,-414,-1769,12.181782816
7960,21,197,-2110,-1080,12.182970240
7960,22,84,-1705,-1024,12.184157664
7960,23,53,-1062,-1090,12.185345088
7960,24,5,-2123,-777,12.186532512
7960,25,-187,358,-939,12.187719936
7960,26,-231,648,211,12.188907360
7960,27,-213,-2550,-1027,12.190094784
7960,28,110,-4982,-379,12.191282208
7960,29,202,-2294,-649,12.192469632
7960,30,254,-2483,-562,12.193657056
7960,31,408,-3791,59,12.194844480
7960,32,300,-2025,-588,12.196031904
7960,33,377,-3660,-550,12.197219328
7960,34,277,-3512,-484,12.198406752
7960,35,111,-555,-121,12.199594176
7960,36,-9,-1743,545,12.200781600
7960,37,-198,-3372,505,12.201969024
7960,38,-335,-1559,516,12.203156448
7960,39,-379,-2326,850,12.204343872
7960,40,-329,-5238,415,12.205531296
7960,41,-175,-6541,896,12.206718720
7960,42,-111,-5436,1116,12.207906144
7960,43,-108,-6549,756,12.209093568
7960,44,113,-8844,528,12.210280992
7960,45,103,-5807,235,12.211468416
7960,46,267,-3231,571,12.212655840
7960,47,285,-6234,304,12.213843264
7960,48,159,-8392,174,12.215030688
7960,49,117,-7337,220,12.216218112
7960,50,-14,-6019,278,12.217405536
7960,51,-23,-8324,458,12.218592960
7960,52,-41,-9451,179,12.219780384
7960,53,-155,-8223,255,12.220967808
7960,54,-134,-9082,350,12.222155232
7960,55,-95,-8498,758,12.223342656
7960,56,22,-7706,977,12.224530080
7960,57,184,-7277,892,12.225717504
7960,58,167,-6400,519,12.226904928
7960,59,239,-5146,172,12.228092352
7960,60,234,-3782,400,12.229279776
7960,61,227,-1069,342,12.230467200
7960,62,85,-1321,338,12.231654624
7960,63,39,-6441,-774,12.232842048
7960,64,24,-5233,-409,12.234029472
7961,1,-59,55,-331,12.235216896
7961,2,-165,-159,190,12.236404320
7961,3,-250,171,-375,12.237591744
7961,4,-217,1460,-833,12.238779168
7961,5,-81,1316,930,12.239966592
7961,6,-21,-1,-306,12.241154016
7961,7,122,-959,644,12.242341440
7961,8,36,-985,-88,12.243528864
7961,9,132,-5021,-439,12.244716288
7961,10,191,-5104,-147,12.245903712
7961,11,170,458,-518,12.247091136
7961,12,215,400,202,12.248278560
7961,13,-16,363,-127,12.249465984
7961,14,-149,1692,-648,12.250653408
7961,15,-167,77,73,12.251840832
7961,16,-116,-2308,-1400,12.253028256
7961,17,-312,-10638,-79,12.254215680
7961,18,-203,-8188,-224,12.255403104
7961,19,-194,632,-837,12.256590528
7961,20,-82,-259,350,12.257777952
7961,21,-59,182,-727,12.258965376
7961,22,35,-3946,-1977,12.260152800
7961,23,497,-9888,-340,12.261340224
7961,24,273,-5568,202,12.262527648
7961,25,442,-3199,301,12.263715072
7961,26,209,-7938,-1035,12.264902496
7961,27,208,-8907,-998,12.266089920
7961,28,285,-6308,-1066,12.267277344
7961,29,77,-3433,-203,12.268464768
7961,30,58,-2421,375,12.269652192
7961,31,-30,-5319,-537,12.270839616
7961,32,-116,-10165,-115,12.272027040
7961,33,91,-7267,-205,12.273214464
7961,34,27,-4045,1148,12.274401888
7961,35,193,-3439,498,12.275589312
7961,36,37,-6172,372,12.276776736
7961,37,205,-5906,354,12.277964160
7961,38,185,-5182,1459,12.279151584
7961,39,320,-8687,1420,12.280339008
7961,40,233,-8619,1077,12.281526432
7961,41,195,-5944,355,12.282713856
7961,42,61,-6358,645,12.283901280
7961,43,-33,-7444,957,12.285088704
7961,44,-114,-6504,1475,12.286276128
7961,45,-104,-4924,1113,12.287463552
7961,46,-183,-6032,398,12.288650976
7961,47,-53,-6226,368,12.289838400
7961,48,-128,-5739,563,12.291025824
7961,49,-21,-5924,819,12.292213248
7961,50,-20,-4713,463,12.293400672
7961,51,79,-4699,-229,12.294588096
7961,52,145,-6403,154,12.295775520
7961,53,-5,-5039,278,12.296962944
7961,54,-59,-3841,429,12.298150368
7961,55,-162,-4564,-120,12.299337792
7961,56,-221,-2389,-510,12.300525216
7961,57,-321,-2431,-206,12.301712640
7961,58,-427,-4232,236,12.302900064
7961,59,-439,832,-39,12.304087488
7961,60,-495,774,-146,12.305274912
7961,61,-114,-2689,-1819,12.306462336
7961,62,-382,-4015,-1142,12.307649760
7961,63,144,-3343,-1246,12.308837184
7961,64,15,-5128,-17,12.310024608
7962,1,223,-3082,-1535,12.311212032
7962,2,191,-713,-1082,12.312399456
7962,3,348,-586,-702,12.313586880
7962,4,247,954,-825,12.314774304
7962,5,296,846,-42,12.315961728
7962,6,135,-513,-176,12.317149152
7962,7,27,-1212,-816,12.318336576
7962,8,140,-6084,-227,12.319524000
7962,9,49,-7748,-75,12.320711424
7962,10,112,-1799,367,12.321898848
7962,11,9,604,-111,12.323086272
7962,12,-24,538,180,12.324273696
7962,13,183,1083,-265,12.325461120
7962,14,301,-386,911,12.326648544
7962,15,479,-3751,-146,12.327835968
7962,16,465,-7456,533,12.329023392
7962,17,351,-4047,7,12.330210816
7962,18,371,1189,-353,12.331398240
7962,19,261,-408,1836,12.332585664
7962,20,-49,-1069,-545,12.333773088
7962,21,245,-4711,253,12.334960512
7962,22,-16,-6344,-44,12.336147936
7962,23,-65,-7840,-175,12.337335360
7962,24,-109,-8622,758,12.338522784
7962,25,-290,-7963,400,12.339710208
7962,26,11,-6529,-369,12.340897632
7962,27,-183,-5147,-112,12.342085056
7962,28,69,-3654,-203,12.343272480
7962,29,56,-5310,659,12.344459904
7962,30,-29,-7382,312,12.345647328
7962,31,170,-9075,-177,12.346834752
7962,32,202,-9270,-394,12.348022176
7962,33,110,-5152,22,12.349209600
7962,34,-17,-5168,-126,12.350397024
7962,35,-199,-8525,-144,12.351584448
7962,36,-244,-7420,-104,12.352771872
7962,37,-214,-6209,-5,12.353959296
7962,38,-403,-6213,872,12.355146720
7962,39,-342,-2991,509,12.356334144
7962,40,-358,-4074,93,12.357521568
7962,41,-282,-8606,-2,12.358708992
7962,42,-130,-5573,113,12.359896416
7962,43,-168,-3409,864,12.361083840
7962,44,28,-5747,827,12.362271264
7962,45,108,-5049,159,12.363458688
7962,46,98,-4973,21,12.364646112
7962,47,217,-4579,46,12.365833536
7962,48,171,-3055,459,12.367020960
7962,49,233,-1739,895,12.368208384
7962,50,208,-2146,688,12.369395808
7962,51,73,-5302,17,12.370583232
7962,52,43,-5559,114,12.371770656
7962,53,-3,-3638,105,12.372958080
7962,54,79,-2583,567,12.374145504
7962,55,92,-1604,523,12.375332928
7962,56,55,-418,224,12.376520352
7962,57,4,-2448,-84,12.377707776
7962,58,260,-3446,-345,12.378895200
7962,59,260,540,-82,12.380082624
7962,60,374,276,18,12.381270048
7962,61,281,-409,-339,12.382457472
7962,62,156,-891,-1052,12.383644896
7962,63,295,-4965,-1282,12.384832320
7962,64,210,-8860,-1057,12.386019744
7963,1,218,-1419,-1152,12.387207168
7963,2,94,1528,-588,12.388394592
7963,3,-87,-523,-582,12.389582016
7963,4,-77,-3180,-2518,12.390769440
7963,5,75,-7412,-1503,12.391956864
7963,6,-48,-9134,-717,12.393144288
7963,7,40,-4373,-172,12.394331712
7963,8,-110,-1415,-23,12.395519136
7963,9,-39,-8105,-429,12.396706560
7963,10,45,-10109,-537,12.397893984
7963,11,42,-3296,-214,12.399081408
7963,12,100,-1373,902,12.400268832
7963,13,0,-5278,-790,12.401456256
7963,14,6,-8821,-82,12.402643680
7963,15,-111,-8652,-268,12.403831104
7963,16,-128,-6791,926,12.405018528
7963,17,-124,-3855,952,12.406205952
7963,18,-225,-4138,370,12.407393376
7963,19,-157,-6500,410,12.408580800
7963,20,-272,-4140,922,12.409768224
7963,21,-177,-4850,1386,12.410955648
7963,22,-97,-9189,1185,12.412143072
7963,23,-38,-6282,727,12.413330496
7963,24,-30,-3537,778,12.414517920
7963,25,8,-7480,1270,12.415705344
7963,26,5,-7483,1391,12.416892768
7963,27,100,-3015,1613,12.418080192
7963,28,121,-3060,993,12.419267616
7963,29,131,-3271,820,12.420455040
7963,30,105,-1635,1043,12.421642464
7963,31,36,-2315,1252,12.422829888
7963,32,10,-3289,935,12.424017312
7963,33,-43,-3657,-59,12.425204736
7963,34,-18,-5761,290,12.426392160
7963,35,22,-2891,318,12.427579584
7963,36,-165,8,666,12.428767008
7963,37,-10,-2877,-286,12.429954432
7963,38,-161,-3057,-663,12.431141856
7963,39,57,-1015,-840,12.432329280
7963,40,43,-7215,-260,12.433516704
7963,41,197,-8855,-379,12.434704128
7963,42,87,-1219,-366,12.435891552
7963,43,205,166,-1139,12.437078976
7963,44,66,-816,-1109,12.438266400
7963,45,322,551,-1545,12.439453824
7963,46,283,1299,-284,12.440641248
7963,47,273,915,-861,12.441828672
7963,48,194,11,-1123,12.443016096
7963,49,128,-53,-789,12.444203520
7963,50,220,-1525,-1731,12.445390944
7963,51,57,-8294,-914,12.446578368
7963,52,-11,-7019,-1728,12.447765792
7963,53,-53,-2781,-1085,12.448953216
7963,54,-85,-620,-745,12.450140640
7963,55,-186,-176,112,12.451328064
7963,56,-11,-2941,-101,12.452515488
7963,57,-61,-2142,168,12.453702912
7963,58,31,-1323,-130,12.454890336
7963,59,-42,-3417,141,12.456077760
7963,60,12,-4312,78,12.457265184
7963,61,130,-8287,88,12.458452608
7963,62,207,-11749,-326,12.459640032
7963,63,195,-7972,-427,12.460827456
7963,64,193,-5136,-341,12.462014880
7964,1,102,-8548,237,12.463202304
7964,2,107,-7853,540,12.464389728
7964,3,1,-7126,884,12.465577152
7964,4,-36,-6611,650,12.466764576
7964,5,-125,-5263,601,12.467952000
7964,6,-191,-7237,529,12.469139424
7964,7,-162,-7654,1459,12.470326848
7964,8,-168,-5167,1479,12.471514272
7964,9,-92,-4354,1618,12.472701696
7964,10,18,-2500,1162,12.473889120
7964,11,-34,-2227,681,12.475076544
7964,12,233,-5817,636,12.476263968
7964,13,110,-8095,285,12.477451392
7964,14,273,-8499,13,12.478638816
7964,15,190,-9541,-92,12.479826240
7964,16,178,-6028,257,12.481013664
7964,17,28,-2429,450,12.482201088
7964,18,-116,-5334,-161,12.483388512
7964,19,-127,-8281,-11,12.484575936
7964,20,-125,-5350,-134,12.485763360
7964,21,-105,-3438,978,12.486950784
7964,22,-122,-4523,1231,12.488138208
7964,23,-154,-3161,838,12.489325632
7964,24,-113,-4706,308,12.490513056
7964,25,129,-5602,-328,12.491700480
7964,26,181,-2955,84,12.492887904
7964,27,282,-3611,-89,12.494075328
7964,28,241,-6102,-159,12.495262752
7964,29,167,-5881,-1215,12.496450176
7964,30,140,-6233,-1360,12.497637600
7964,31,99,-2889,-1078,12.498825024
7964,32,11,2061,-1529,12.500012448
7964,33,-100,1223,297,12.501199872
7964,34,-309,2259,-901,12.502387296
7964,35,-265,2713,-595,12.503574720
7964,36,-113,2284,125,12.504762144
7964,37,-21,1566,-205,12.505949568
7964,38,354,331,-264,12.507136992
7964,39,136,-2285,-1929,12.508324416
7964,40,205,-9713,-771,12.509511840
7964,41,209,-7008,-538,12.510699264
7964,42,285,-281,-589,12.511886688
7964,43,412,-881,37,12.513074112
7964,44,145,-4983,-2680,12.514261536
7964,45,27,-9039,-1937,12.515448960
7964,46,-48,-6021,188,12.516636384
7964,47,-387,-2460,395,12.517823808
7964,48,-248,-2982,1074,12.519011232
7964,49,-363,-1947,433,12.520198656
7964,50,-221,-1974,259,12.521386080
7964,51,-108,-4882,672,12.522573504
7964,52,-88,-4093,509,12.523760928
7964,53,142,-7510,492,12.524948352
7964,54,315,-10609,773,12.526135776
7964,55,222,-3927,783,12.527323200
7964,56,343,-2240,1384,12.528510624
7964,57,258,-4805,354,12.529698048
7964,58,54,-4221,19,12.530885472
7964,59,74,-5316,-290,12.532072896
7964,60,-118,-7780,524,12.533260320
7964,61,-35,-7223,1154,12.534447744
7964,62,-243,-8755,271,12.535635168
7964,63,-290,-11244,145,12.536822592
7964,64,-176,-5860,-6,12.538010016
7965,1,-56,-1035,1312,12.539197440
7965,2,118,-1449,2340,12.540384864
7965,3,34,-366,1617,12.541572288
7965,4,313,158,1583,12.542759712
7965,5,401,349,1186,12.543947136
7965,6,451,247,945,12.545134560
7965,7,338,-503,944,12.546321984
7965,8,74,-5419,-808,12.547509408
7965,9,96,-10442,-1434,12.548696832
7965,10,-110,-10136,-232,12.549884256
7965,11,-227,-5646,-172,12.551071680
7965,12,-301,-1246,-33,12.552259104
7965,13,-469,-766,-238,12.553446528
7965,14,-372,-2747,-769,12.554633952
7965,15,-300,-3270,-825,12.555821376
7965,16,-179,-5134,-314,12.557008800
7965,17,168,-11108,-514,12.558196224
7965,18,243,-7695,-552,12.559383648
7965,19,339,-14,-548,12.560571072
7965,20,428,-737,-249,12.561758496
7965,21,339,-3231,-835,12.562945920
7965,22,308,-3607,-1177,12.564133344
7965,23,393,-3727,-968,12.565320768
7965,24,214,-1893,-768,12.566508192
7965,25,-237,-639,-560,12.567695616
7965,26,-201,-4368,-1693,12.568883040
7965,27,-478,-6627,-2112,12.570070464
7965,28,-224,-5647,-1715,12.571257888
7965,29,-274,-7770,-664,12.572445312
7965,30,-152,-4594,71,12.573632736
7965,31,-51,493,490,12.574820160
7965,32,37,-1278,142,12.576007584
7965,33,296,-4163,-614,12.577195008
7965,34,414,-3895,-139,12.578382432
7965,35,420,-5381,298,12.579569856
7965,36,500,-6601,610,12.580757280
7965,37,324,-7301,698,12.581944704
7965,38,237,-6348,395,12.583132128
7965,39,53,-5359,230,12.584319552
7965,40,-48,-3444,80,12.585506976
7965,41,-89,-4024,638,12.586694400
7965,42,-83,-3471,961,12.587881824
7965,43,-363,-4448,1973,12.589069248
7965,44,-151,-6980,1227,12.590256672
7965,45,-146,-5713,1696,12.591444096
7965,46,90,-3769,1307,12.592631520
7965,47,106,-3067,1641,12.593818944
7965,48,40,-2431,1954,12.595006368
7965,49,233,-1195,1812,12.596193792
7965,50,138,-2640,1040,12.597381216
7965,51,263,-5489,338,12.598568640
7965,52,172,-5928,290,12.599756064
7965,53,-15,-4601,-741,12.600943488
7965,54,-106,-6171,-268,12.602130912
7965,55,-234,-6519,-866,12.603318336
7965,56,-270,-6411,-680,12.604505760
7965,57,-236,-5911,-511,12.605693184
7965,58,-345,-2670,-731,12.606880608
7965,59,-162,-4487,-928,12.608068032
7965,60,-57,-7265,-618,12.609255456
7965,61,-26,-3594,-28,12.610442880
7965,62,143,-1371,581,12.611630304
7965,63,164,-2395,442,12.612817728
7965,64,250,-4134,-374,12.614005152
7966,1,259,-5848,-1083,12.615192576
7966,2,134,-4357,-1018,12.616380000
7966,3,153,-1341,-905,12.617567424
7966,4,29,-1436,-1081,12.618754848
7966,5,-72,-1662,-1359,12.619942272
7966,6,-238,-409,-1511,12.621129696
7966,7,-300,-1090,-1657,12.622317120
7966,8,-139,-4163,-1548,12.623504544
7966,9,-41,-2925,-1120,12.624691968
7966,10,-55,-1284,-343,12.625879392
7966,11,110,-2410,-89,12.627066816
7966,12,31,-3717,-305,12.628254240
7966,13,324,-5330,-62,12.629441664
7966,14,429,-6278,561,12.630629088
7966,15,528,-2913,865,12.631816512
7966,16,380,-1527,1541,12.633003936
7966,17,278,-6308,411,12.634191360
7966,18,130,-10023,352,12.635378784
7966,19,60,-6027,535,12.636566208
7966,20,-46,-1990,732,12.637753632
7966,21,-208,-2958,915,12.638941056
7966,22,-278,-3262,341,12.640128480
7966,23,-220,-6996,228,12.641315904
7966,24,-108,-8627,479,12.642503328
7966,25,-100,-2608,1028,12.643690752
7966,26,125,-84,995,12.644878176
7966,27,260,-2236,610,12.646065600
7966,28,42,-5542,130,12.647253024
7966,29,405,-8217,0,12.648440448
7966,30,142,-10427,1049,12.649627872
7966,31,335,-4875,918,12.650815296
7966,32,98,-1037,877,12.652002720
7966,33,-263,-3787,205,12.653190144
7966,34,-104,-6947,-295,12.654377568
7966,35,-373,-4933,-786,12.655564992
7966,36,-254,-1873,165,12.656752416
7966,37,-314,-2816,-212,12.657939840
7966,38,-308,-5139,-1051,12.659127264
7966,39,-146,-8467,-757,12.660314688
7966,40,-42,-8504,-357,12.661502112
7966,41,164,-4523,358,12.662689536
7966,42,228,-1198,275,12.663876960
7966,43,297,-983,923,12.665064384
7966,44,184,-3480,222,12.666251808
7966,45,375,-4776,447,12.667439232
7966,46,229,-3762,537,12.668626656
7966,47,146,-3289,-222,12.669814080
7966,48,-98,-2210,50,12.671001504
7966,49,-277,-1317,-180,12.672188928
7966,50,-176,-3165,-405,12.673376352
7966,51,-302,-4624,-944,12.674563776
7966,52,-250,-3898,-1271,12.675751200
7966,53,-150,-1973,-1149,12.676938624
7966,54,-92,-1097,-598,12.678126048
7966,55,206,-357,14,12.679313472
7966,56,79,-415,-91,12.680500896
7966,57,307,-2397,-704,12.681688320
7966,58,565,-3734,-145,12.682875744
7966,59,477,-3010,-212,12.684063168
7966,60,431,-5686,332,12.685250592
7966,61,246,-9992,183,12.686438016
7966,62,174,-7311,-541,12.687625440
7966,63,38,-5002,156,12.688812864
7966,64,-85,-3766,245,12.690000288
7967,1,-224,-4467,-9,12.691187712
7967,2,-333,-6266,-511,12.692375136
7967,3,-315,-5122,-501,12.693562560
7967,4,-222,-5527,-644,12.694749984
7967,5,-18,-10061,-686,12.695937408
7967,6,92,-9631,-348,12.697124832
7967,7,177,-5960,-403,12.698312256
7967,8,226,-6174,-140,12.699499680
7967,9,287,-5819,-205,12.700687104
7967,10,347,-4349,373,12.701874528
7967,11,290,-5979,638,12.703061952
7967,12,224,-5519,998,12.704249376
7967,13,59,-2484,997,12.705436800
7967,14,-150,-3957,933,12.706624224
7967,15,-232,-4384,1150,12.707811648
7967,16,-327,-2115,1086,12.708999072
7967,17,-212,-3811,1059,12.710186496
7967,18,-272,-2033,674,12.711373920
7967,19,-206,583,554,12.712561344
7967,20,-175,-487,1423,12.713748768
7967,21,-21,-466,464,12.714936192
7967,22,149,-136,999,12.716123616
7967,23,170,-838,985,12.717311040
7967,24,193,-1727,104,12.718498464
7967,25,109,-1305,782,12.719685888
7967,26,85,-4045,377,12.720873312
7967,27,15,-5766,935,12.722060736
7967,28,-76,-2937,509,12.723248160
7967,29,-111,-727,579,12.724435584
7967,30,-280,-877,475,12.725623008
7967,31,-277,-3756,-461,12.726810432
7967,32,-170,-7340,-488,12.727997856
7967,33,-105,-6565,-1198,12.729185280
7967,34,21,-5221,-1328,12.730372704
7967,35,178,-5139,-1162,12.731560128
7967,36,200,-1139,-1279,12.732747552
7967,37,240,-2341,-1477,12.733934976
7967,38,343,-7198,-2123,12.735122400
7967,39,335,-5610,-1641,12.736309824
7967,40,420,-2401,-1360,12.737497248
7967,41,241,-6201,-1302,12.738684672
7967,42,103,-9232,-1547,12.739872096
7967,43,-20,-4935,-1422,12.741059520
7967,44,-63,-2450,-1013,12.742246944
7967,45,-17,-3063,-830,12.743434368
7967,46,-87,-3529,-917,12.744621792
7967,47,-75,-6903,-1229,12.745809216
7967,48,45,-9735,-941,12.746996640
7967,49,56,-6330,-730,12.748184064
7967,50,175,-4018,-334,12.749371488
7967,51,220,-5855,-496,12.750558912
7967,52,246,-5367,-329,12.751746336
7967,53,258,-3655,731,12.752933760
7967,54,270,-2409,1204,12.754121184
7967,55,174,-3531,1567,12.755308608
7967,56,174,-3631,1647,12.756496032
7967,57,-4,-3450,2349,12.757683456
7967,58,29,-4089,2130,12.758870880
7967,59,-199,-5063,2624,12.760058304
7967,60,-142,-4584,2525,12.761245728
7967,61,-262,-4694,1949,12.762433152
7967,62,-155,-9080,1661,12.763620576
7967,63,-154,-10811,1505,12.764808000
7967,64,-155,-8021,1231,12.765995424
7968,1,-142,-6438,1258,12.767182848
7968,2,-115,-5501,952,12.768370272
7968,3,-17,-2938,994,12.769557696
7968,4,-53,-961,1198,12.770745120
7968,5,-33,-2336,508,12.771932544
7968,6,-20,-5495,-163,12.773119968
7968,7,5,-5741,-244,12.774307392
7968,8,10,-4067,-223,12.775494816
7968,9,-14,-6878,-327,12.776682240
7968,10,-49,-6389,-779,12.777869664
7968,11,-124,-2349,-993,12.779057088
7968,12,5,-2748,-1268,12.780244512
7968,13,-152,-3484,-1560,12.781431936
7968,14,-7,-2385,-1536,12.782619360
7968,15,-113,-2595,-1342,12.783806784
7968,16,-40,-1327,-1597,12.784994208
7968,17,-12,115,-1417,12.786181632
7968,18,9,-763,-1468,12.787369056
7968,19,142,-901,-1755,12.788556480
7968,20,234,344,-1341,12.789743904
7968,21,248,181,-915,12.790931328
7968,22,211,-900,-1344,12.792118752
7968,23,341,-2239,-874,12.793306176
7968,24,299,-2252,-881,12.794493600
7968,25,359,-2271,-502,12.795681024
7968,26,264,-1323,-149,12.796868448
7968,27,79,689,-113,12.798055872
7968,28,70,-455,959,12.799243296
7968,29,-140,-5579,-418,12.800430720
7968,30,33,-5942,196,12.801618144
7968,31,-121,-4361,706,12.802805568
7968,32,-35,-3691,1342,12.803992992
7968,33,-92,-661,1173,12.805180416
7968,34,1,-3185,1222,12.806367840
7968,35,132,-10600,667,12.807555264
7968,36,244,-9890,678,12.808742688
7968,37,181,-5858,1367,12.809930112
7968,38,301,-6431,987,12.811117536
7968,39,181,-5271,1155,12.812304960
7968,40,124,-3185,496,12.813492384
7968,41,85,-4949,387,12.814679808
7968,42,32,-3579,315,12.815867232
7968,43,-75,-2942,249,12.817054656
7968,44,-91,-7715,-26,12.818242080
7968,45,-309,-7674,191,12.819429504
7968,46,-296,-6259,-504,12.820616928
7968,47,-238,-9584,-323,12.821804352
7968,48,-191,-7295,-542,12.822991776
7968,49,-119,-3617,-45,12.824179200
7968,50,-188,-7440,-91,12.825366624
7968,51,-72,-10523,-144,12.826554048
7968,52,48,-8096,171,12.827741472
7968,53,55,-5635,-159,12.828928896
7968,54,151,-6172,383,12.830116320
7968,55,68,-3028,97,12.831303744
7968,56,35,-2521,335,12.832491168
7968,57,123,-6050,108,12.833678592
7968,58,-14,-5915,-20,12.834866016
7968,59,138,-4286,338,12.836053440
7968,60,12,-2153,685,12.837240864
7968,61,-80,379,316,12.838428288
7968,62,10,9,1091,12.839615712
7968,63,-186,-266,9,12.840803136
7968,64,217,695,797,12.841990560
7969,1,-103,407,1228,12.843177984
7969,2,97,-2595,-169,12.844365408
7969,3,45,-8376,-182,12.845552832
7969,4,28,-11106,-944,12.846740256
7969,5,135,-8181,-404,12.847927680
7969,6,206,-928,-33,12.849115104
7969,7,144,984,-289,12.850302528
7969,8,81,221,311,12.851489952
7969,9,-47,1797,-814,12.852677376
7969,10,151,639,-280,12.853864800
7969,11,252,-226,310,12.855052224
7969,12,296,-2178,-1386,12.856239648
7969,13,228,-5920,-858,12.857427072
7969,14,152,-5018,-1207,12.858614496
7969,15,87,-2279,-719,12.859801920
7969,16,212,-1048,-1090,12.860989344
7969,17,-12,-2731,-1013,12.862176768
7969,18,167,-6552,-1326,12.863364192
7969,19,-109,-7204,-779,12.864551616
7969,20,-212,-5271,-985,12.865739040
7969,21,-209,-6948,-552,12.866926464
7969,22,-265,-5451,-927,12.868113888
7969,23,-217,-3870,-1081,12.869301312
7969,24,-67,-10702,-810,12.870488736
7969,25,-93,-11304,-555,12.871676160
7969,26,114,-5414,276,12.872863584
7969,27,288,-2181,518,12.874051008
7969,28,239,-3741,167,12.875238432
7969,29,485,-6168,14,12.876425856
7969,30,353,-7196,597,12.877613280
7969,31,351,-6595,1106,12.878800704
7969,32,229,-5627,1684,12.879988128
7969,33,-24,-7546,1597,12.881175552
7969,34,-80,-6844,1932,12.882362976
7969,35,-337,-2297,2095,12.883550400
7969,36,-448,-1220,2243,12.884737824
7969,37,-360,-863,1945,12.885925248
7969,38,-408,-445,1957,12.887112672
7969,39,-178,-163,2755,12.888300096
7969,40,-228,-281,1872,12.889487520
7969,41,90,-1825,869,12.890674944
7969,42,24,-5757,317,12.891862368
7969,43,268,-5601,-557,12.893049792
7969,44,317,-2281,289,12.894237216
7969,45,383,-2504,215,12.895424640
7969,46,257,-6647,-427,12.896612064
7969,47,143,-9240,-1075,12.897799488
7969,48,37,-4407,-826,12.898986912
7969,49,-162,-1583,-440,12.900174336
7969,50,-184,-4025,-17,12.901361760
7969,51,-393,-3117,-193,12.902549184
7969,52,-347,-2685,-264,12.903736608
7969,53,-263,-5847,-987,12.904924032
7969,54,-112,-7754,-1127,12.906111456
7969,55,54,-6009,-1276,12.907298880
7969,56,103,-2897,-1152,12.908486304
7969,57,298,-649,-1478,12.909673728
7969,58,254,-1006,-1903,12.910861152
7969,59,313,-4003,-2643,12.912048576
7969,60,299,-3234,-2195,12.913236000
7969,61,209,-2486,-1844,12.914423424
7969,62,179,-3389,-2102,12.915610848
7969,63,84,-2009,-1340,12.916798272
7969,64,-74,-1501,-1375,12.917985696
7970,1,-94,-3202,-789,12.919173120
7970,2,-150,-4650,-697,12.920360544
7970,3,-37,-4263,-257,12.921547968
7970,4,-37,-4260,705,12.922735392
7970,5,-16,-5165,619,12.923922816
7970,6,185,-7563,1028,12.925110240
7970,7,243,-7560,875,12.926297664
7970,8,380,-2880,1264,12.927485088
7970,9,314,-3350,1151,12.928672512
7970,10,344,-6328,1291,12.929859936
7970,11,249,-6589,1737,12.931047360
7970,12,241,-5696,1247,12.932234784
7970,13,69,-8940,1728,12.933422208
7970,14,44,-6831,1165,12.934609632
7970,15,-120,-1365,1797,12.935797056
7970,16,-155,-3919,1533,12.936984480
7970,17,-106,-5548,1684,12.938171904
7970,18,-173,-1963,1667,12.939359328
7970,19,-12,-2968,1213,12.940546752
7970,20,-103,-8202,1010,12.941734176
7970,21,-22,-6900,227,12.942921600
7970,22,-12,-7121,483,12.944109024
7970,23,-9,-7438,86,12.945296448
7970,24,-132,-4584,-508,12.946483872
7970,25,-97,-7352,-1102,12.947671296
7970,26,-120,-7766,-963,12.948858720
7970,27,-136,-2498,-597,12.950046144
7970,28,-185,-1982,-170,12.951233568
7970,29,-153,-3600,-862,12.952420992
7970,30,-224,-4337,-637,12.953608416
7970,31,-116,-5490,-708,12.954795840
7970,32,-66,-5037,-402,12.955983264
7970,33,-27,-3872,66,12.957170688
7970,34,70,-2732,-245,12.958358112
7970,35,97,-1827,-379,12.959545536
7970,36,168,-3319,-562,12.960732960
7970,37,145,-5904,-557,12.961920384
7970,38,174,-4084,-504,12.963107808
7970,39,91,-846,-567,12.964295232
7970,40,-26,-2997,-1239,12.965482656
7970,41,-42,-5796,-1167,12.966670080
7970,42,-97,-3150,-723,12.967857504
7970,43,73,-332,-745,12.969044928
7970,44,-53,-405,-132,12.970232352
7970,45,10,473,-590,12.971419776
7970,46,86,1503,754,12.972607200
7970,47,161,1342,503,12.973794624
7970,48,520,-523,779,12.974982048
7970,49,127,-2627,-1380,12.976169472
7970,50,655,-6819,814,12.977356896
7970,51,305,-1360,1343,12.978544320
7970,52,144,1135,981,12.979731744
7970,53,327,-1715,1554,12.980919168
7970,54,90,-2002,-353,12.982106592
7970,55,-6,-200,-163,12.983294016
7970,56,-149,-4201,389,12.984481440
7970,57,-236,-3235,757,12.985668864
7970,58,-280,-1592,-325,12.986856288
7970,59,-309,-6439,-131,12.988043712
7970,60,-263,-4541,-457,12.989231136
7970,61,-86,-1344,-102,12.990418560
7970,62,-12,-5145,418,12.991605984
7970,63,119,-7118,-768,12.992793408
7970,64,218,-6443,-103,12.993980832
7971,1,240,-6534,-41,12.995168256
7971,2,358,-5024,258,12.996355680
7971,3,200,-5579,394,12.997543104
7971,4,53,-4747,-354,12.998730528
7971,5,-124,-4899,-112,12.999917952
7971,6,-175,-7883,-120,13.001105376
7971,7,-204,-9677,170,13.002292800
7971,8,-266,-9160,383,13.003480224
7971,9,-333,-7917,-199,13.004667648
7971,10,-253,-6487,31,13.005855072
7971,11,-209,-3495,78,13.007042496
7971,12,-115,-5617,200,13.008229920
7971,13,183,-8273,432,13.009417344
7971,14,115,-5178,177,13.010604768
7971,15,316,-4230,500,13.011792192
7971,16,337,-6688,-72,13.012979616
7971,17,292,-5812,163,13.014167040
7971,18,353,-4032,-101,13.015354464
7971,19,173,-7047,-245,13.016541888
7971,20,202,-7567,-108,13.017729312
7971,21,36,-4857,81,13.018916736
7971,22,-52,-3988,361,13.020104160
7971,23,-109,-3760,-62,13.021291584
7971,24,-120,-5887,-561,13.022479008
7971,25,-13,-6013,-192,13.023666432
7971,26,15,-2343,335,13.024853856
7971,27,25,-1961,305,13.026041280
7971,28,133,-4989,377,13.027228704
7971,29,239,-3621,-450,13.028416128
7971,30,282,-1573,9,13.029603552
7971,31,354,-2088,69,13.030790976
7971,32,162,-789,-158,13.031978400
7971,33,171,-2124,117,13.033165824
7971,34,-1,-5785,-917,13.034353248
7971,35,-17,-7399,-546,13.035540672
7971,36,-91,-7559,-674,13.036728096
7971,37,-173,-5429,-248,13.037915520
7971,38,-242,-3038,-228,13.039102944
7971,39,-348,-2751,-253,13.040290368
7971,40,-310,-2857,21,13.041477792
7971,41,-147,-1564,63,13.042665216
7971,42,-39,-2893,363,13.043852640
7971,43,-14,-6858,-277,13.045040064
7971,44,128,-5456,-215,13.046227488
7971,45,43,-4006,98,13.047414912
7971,46,285,-2322,496,13.048602336
7971,47,171,296,280,13.049789760
7971,48,107,-142,509,13.050977184
7971,49,-35,-518,-330,13.052164608
7971,50,52,-1184,-192,13.053352032
7971,51,-57,-4981,243,13.054539456
7971,52,-16,-7157,438,13.055726880
7971,53,-180,-1487,616,13.056914304
7971,54,-170,1170,505,13.058101728
7971,55,-95,-23,812,13.059289152
7971,56,-149,-863,-262,13.060476576
7971,57,104,-2295,686,13.061664000
7971,58,106,-3095,459,13.062851424
7971,59,221,-6694,457,13.064038848
7971,60,334,-8124,-215,13.065226272
7971,61,179,-5321,-11,13.066413696
7971,62,317,-3205,141,13.067601120
7971,63,149,-1190,-115,13.068788544
7971,64,120,-2983,-313,13.069975968
7972,1,157,-8931,-1089,13.071163392
7972,2,43,-9391,-118,13.072350816
7972,3,18,-4540,185,13.073538240
7972,4,-90,-2902,458,13.074725664
7972,5,-95,-3172,-434,13.075913088
7972,6,-34,-3741,-552,13.077100512
7972,7,42,-3656,-206,13.078287936
7972,8,-74,-2016,423,13.079475360
7972,9,115,-3570,468,13.080662784
7972,10,72,-3780,-210,13.081850208
7972,11,103,-2614,-464,13.083037632
7972,12,128,-5171,-929,13.084225056
7972,13,19,-4646,-370,13.085412480
7972,14,3,-3258,-651,13.086599904
7972,15,-63,-9012,-845,13.087787328
7972,16,-139,-9672,-561,13.088974752
7972,17,-163,-2703,-145,13.090162176
7972,18,-153,-4298,100,13.091349600
7972,19,-130,-6643,-64,13.092537024
7972,20,-117,-1745,154,13.093724448
7972,21,61,-1691,666,13.094911872
7972,22,-10,-8813,938,13.096099296
7972,23,177,-10014,632,13.097286720
7972,24,154,-9309,691,13.098474144
7972,25,296,-9637,224,13.099661568
7972,26,156,-7540,401,13.100848992
7972,27,123,-5329,759,13.102036416
7972,28,87,-2033,1085,13.103223840
7972,29,37,-367,576,13.104411264
7972,30,-103,-1912,354,13.105598688
7972,31,-138,-3392,352,13.106786112
7972,32,-166,-2022,19,13.107973536
7972,33,-7,-4791,255,13.109160960
7972,34,-60,-7107,-336,13.110348384
7972,35,-58,-2380,-675,13.111535808
7972,36,49,-3920,-278,13.112723232
7972,37,236,-4947,101,13.113910656
7972,38,260,-140,181,13.115098080
7972,39,414,265,376,13.116285504
7972,40,211,-857,-41,13.117472928
7972,41,253,-842,-513,13.118660352
7972,42,190,-2289,11,13.119847776
7972,43,-17,-4984,-403,13.121035200
7972,44,-26,-3988,397,13.122222624
7972,45,-205,-2429,-327,13.123410048
7972,46,-199,-4237,-414,13.124597472
7972,47,-120,-4293,-245,13.125784896
7972,48,-252,-2854,-545,13.126972320
7972,49,-67,-5620,-133,13.128159744
7972,50,-98,-3288,-428,13.129347168
7972,51,0,-752,-121,13.130534592
7972,52,150,-5528,-654,13.131722016
7972,53,156,-10218,-412,13.132909440
7972,54,236,-6654,-83,13.134096864
7972,55,178,-2236,171,13.135284288
7972,56,135,-2039,-82,13.136471712
7972,57,117,-3929,-212,13.137659136
7972,58,27,-3756,-614,13.138846560
7972,59,-37,-3955,-275,13.140033984
7972,60,-62,-6580,-539,13.141221408
7972,61,-152,-5714,-526,13.142408832
7972,62,-109,-2976,-1,13.143596256
7972,63,-159,-3708,-313,13.144783680
7972,64,-48,-7357,-379,13.145971104
7973,1,61,-7315,-860,13.147158528
7973,2,106,-6064,-236,13.148345952
7973,3,229,-5243,628,13.149533376
7973,4,133,-4344,715,13.150720800
7973,5,187,-5378,599,13.151908224
7973,6,153,-6091,189,13.153095648
7973,7,112,-5200,191,13.154283072
7973,8,152,-4710,1023,13.155470496
7973,9,44,-2014,1185,13.156657920
7973,10,-41,-1793,1109,13.157845344
7973,11,-92,-5543,29,13.159032768
7973,12,-37,-5844,39,13.160220192
7973,13,16,-3167,534,13.161407616
7973,14,-30,-1072,734,13.162595040
7973,15,-58,-197,759,13.163782464
7973,16,-43,-494,390,13.164969888
7973,17,-11,-974,465,13.166157312
7973,18,100,-445,446,13.167344736
7973,19,-16,-1566,663,13.168532160
7973,20,107,-2836,377,13.169719584
7973,21,-104,-2144,768,13.170907008
7973,22,-86,-3012,295,13.172094432
7973,23,-128,-8743,74,13.173281856
7973,24,27,-8318,339,13.174469280
7973,25,-43,-1957,-180,13.175656704
7973,26,-5,-2049,195,13.176844128
7973,27,-126,-3592,-583,13.178031552
7973,28,-45,-7724,-883,13.179218976
7973,29,149,-9230,-661,13.180406400
7973,30,116,-3820,-482,13.181593824
7973,31,199,-954,-478,13.182781248
7973,32,72,-3785,-840,13.183968672
7973,33,108,-5208,-1490,13.185156096
7973,34,181,-4051,-925,13.186343520
7973,35,162,-5747,-701,13.187530944
7973,36,187,-6030,-1154,13.188718368
7973,37,77,-6681,-1011,13.189905792
7973,38,-46,-8651,-1648,13.191093216
7973,39,30,-9857,-981,13.192280640
7973,40,33,-6847,-1012,13.193468064
7973,41,67,-2739,-680,13.194655488
7973,42,83,-2230,-676,13.195842912
7973,43,15,-1896,-590,13.197030336
7973,44,97,-4700,-299,13.198217760
7973,45,223,-7933,-769,13.199405184
7973,46,219,-6290,113,13.200592608
7973,47,333,-2324,-77,13.201780032
7973,48,231,-4664,520,13.202967456
7973,49,193,-6817,577,13.204154880
7973,50,66,-2900,1111,13.205342304
7973,51,84,-1687,1456,13.206529728
7973,52,36,-1922,1467,13.207717152
7973,53,-8,-1407,1910,13.208904576
7973,54,-222,-1428,2133,13.210092000
7973,55,-316,-3184,2134,13.211279424
7973,56,-349,-3253,1589,13.212466848
7973,57,-318,-4501,1513,13.213654272
7973,58,-181,-5365,1029,13.214841696
7973,59,-240,-5848,1452,13.216029120
7973,60,-115,-5604,819,13.217216544
7973,61,-156,-7091,495,13.218403968
7973,62,84,-7865,118,13.219591392
7973,63,117,-4016,258,13.220778816
7973,64,177,-2465,641,13.221966240
7974,1,126,-3185,337,13.223153664
7974,2,29,-5509,-122,13.224341088
7974,3,59,-5195,-319,13.225528512
7974,4,-22,-2214,41,13.226715936
7974,5,57,-953,124,13.227903360
7974,6,-102,-2100,-147,13.229090784
7974,7,-155,-2037,-1032,13.230278208
7974,8,-218,-1308,-1035,13.231465632
7974,9,-154,-4191,-1149,13.232653056
7974,10,-32,-3995,-1324,13.233840480
7974,11,8,-2568,-1106,13.235027904
7974,12,62,-3793,-2034,13.236215328
7974,13,56,-4890,-2062,13.237402752
7974,14,188,-3415,-1883,13.238590176
7974,15,261,-1554,-1187,13.239777600
7974,16,368,-2198,-966,13.240965024
7974,17,309,-2598,-1339,13.242152448
7974,18,300,-3783,-1172,13.243339872
7974,19,295,-4504,-744,13.244527296
7974,20,261,-2645,2,13.245714720
7974,21,226,-2828,-162,13.246902144
7974,22,173,-3560,-66,13.248089568
7974,23,47,-2469,-171,13.249276992
7974,24,9,-4510,47,13.250464416
7974,25,12,-7470,914,13.251651840
7974,26,-26,-2888,923,13.252839264
7974,27,-76,-549,1226,13.254026688
7974,28,-92,-5237,481,13.255214112
7974,29,-116,-5387,782,13.256401536
7974,30,-93,-2422,1470,13.257588960
7974,31,-70,-3281,1554,13.258776384
7974,32,-36,-3853,1279,13.259963808
7974,33,-35,-3754,585,13.261151232
7974,34,92,-5652,940,13.262338656
7974,35,84,-4459,941,13.263526080
7974,36,88,-4795,807,13.264713504
7974,37,121,-7575,414,13.265900928
7974,38,61,-4425,327,13.267088352
7974,39,43,-2427,444,13.268275776
7974,40,-66,-4810,655,13.269463200
7974,41,-132,-3158,326,13.270650624
7974,42,-249,-3678,-167,13.271838048
7974,43,-171,-7225,-200,13.273025472
7974,44,-315,-6362,-168,13.274212896
7974,45,-217,-7205,219,13.275400320
7974,46,-305,-8232,89,13.276587744
7974,47,-231,-6126,-426,13.277775168
7974,48,-79,-6763,-512,13.278962592
7974,49,21,-6164,-231,13.280150016
7974,50,149,-2789,163,13.281337440
7974,51,149,-3434,-162,13.282524864
7974,52,250,-5978,-565,13.283712288
7974,53,330,-5895,-1262,13.284899712
7974,54,378,-8589,-1018,13.286087136
7974,55,381,-6577,-425,13.287274560
7974,56,235,-762,-562,13.288461984
7974,57,206,-4934,-1014,13.289649408
7974,58,114,-6419,-976,13.290836832
7974,59,55,-271,-392,13.292024256
7974,60,65,-406,315,13.293211680
7974,61,-22,-2447,448,13.294399104
7974,62,192,818,-887,13.295586528
7974,63,-275,425,803,13.296773952
7974,64,294,-2734,-336,13.297961376
7975,1,-84,-3850,941,13.299148800
7975,2,243,-6073,-196,13.300336224
7975,3,162,-5163,-161,13.301523648
7975,4,158,-678,-130,13.302711072
7975,5,167,-1024,-83,13.303898496
7975,6,149,-3776,-109,13.305085920
7975,7,76,-3819,-291,13.306273344
7975,8,101,-6208,-860,13.307460768
7975,9,-6,-8440,226,13.308648192
7975,10,-168,-4549,263,13.309835616
7975,11,-170,-8125,254,13.311023040
7975,12,-163,-9747,465,13.312210464
7975,13,-164,475,-302,13.313397888
7975,14,-205,78,731,13.314585312
7975,15,-105,-6844,380,13.315772736
7975,16,-170,-4814,336,13.316960160
7975,17,3,-4976,9,13.318147584
7975,18,-4,-8517,453,13.319335008
7975,19,20,-2246,-365,13.320522432
7975,20,-56,796,731,13.321709856
7975,21,-103,-2851,-167,13.322897280
7975,22,73,-2423,-458,13.324084704
7975,23,-95,-3681,16,13.325272128
7975,24,23,-7731,-539,13.326459552
7975,25,-35,-5118,353,13.327646976
7975,26,-88,-2234,469,13.328834400
7975,27,-21,-2695,616,13.330021824
7975,28,-155,-3749,200,13.331209248
7975,29,70,-1945,752,13.332396672
7975,30,91,-1967,1279,13.333584096
7975,31,145,-3499,788,13.334771520
7975,32,169,-6579,1142,13.335958944
7975,33,157,-6686,175,13.337146368
7975,34,222,-3628,504,13.338333792
7975,35,241,-2103,243,13.339521216
7975,36,175,-2032,161,13.340708640
7975,37,115,-6109,-96,13.341896064
7975,38,85,-7102,-287,13.343083488
7975,39,61,-4761,3,13.344270912
7975,40,124,-5281,-426,13.345458336
7975,41,81,-7312,-587,13.346645760
7975,42,37,-6269,-716,13.347833184
7975,43,49,-3347,-205,13.349020608
7975,44,57,-2455,-119,13.350208032
7975,45,105,-2560,-67,13.351395456
7975,46,195,-1563,-608,13.352582880
7975,47,92,-6135,-1015,13.353770304
7975,48,238,-8555,-1415,13.354957728
7975,49,65,-4414,-1114,13.356145152
7975,50,113,-4829,-885,13.357332576
7975,51,3,-4997,-1209,13.358520000
7975,52,-97,-3034,-1446,13.359707424
7975,53,-32,-3936,-1150,13.360894848
7975,54,-166,-6222,-901,13.362082272
7975,55,-153,-3924,-240,13.363269696
7975,56,-267,-4841,-315,13.364457120
7975,57,-88,-8139,-129,13.365644544
7975,58,-164,-6316,417,13.366831968
7975,59,-87,-4247,522,13.368019392
7975,60,-92,-3213,1302,13.369206816
7975,61,-94,-2838,799,13.370394240
7975,62,13,-3788,912,13.371581664
7975,63,20,-4952,1060,13.372769088
7975,64,90,-6961,843,13.373956512
7976,1,89,-8969,1037,13.375143936
7976,2,23,-5121,594,13.376331360
7976,3,-16,-2967,1077,13.377518784
7976,4,28,-4008,1099,13.378706208
7976,5,-128,-1986,1081,13.379893632
7976,6,-36,-98,1377,13.381081056
7976,7,79,-679,1451,13.382268480
7976,8,-52,-1209,1431,13.383455904
7976,9,128,-1049,1355,13.384643328
7976,10,-28,187,1237,13.385830752
7976,11,147,174,1227,13.387018176
7976,12,164,536,319,13.388205600
7976,13,111,483,1175,13.389393024
7976,14,200,-181,168,13.390580448
7976,15,10,-1333,-1021,13.391767872
7976,16,114,-8065,-977,13.392955296
7976,17,86,-9761,-1188,13.394142720
7976,18,5,-366,-930,13.395330144
7976,19,-38,1219,-730,13.396517568
7976,20,-92,623,-379,13.397704992
7976,21,-127,1588,-1921,13.398892416
7976,22,108,317,-433,13.400079840
7976,23,56,-2246,-2170,13.401267264
7976,24,306,-9910,-360,13.402454688
7976,25,298,-10711,-894,13.403642112
7976,26,239,-3481,-842,13.404829536
7976,27,336,609,-458,13.406016960
7976,28,209,-1547,-1964,13.407204384
7976,29,96,-8028,-2083,13.408391808
7976,30,181,-9024,-1805,13.409579232
7976,31,-52,-7402,-1312,13.410766656
7976,32,-106,-10038,-695,13.411954080
7976,33,-263,-5307,-923,13.413141504
7976,34,-406,-413,-937,13.414328928
7976,35,-270,-5304,-690,13.415516352
7976,36,-193,-6014,-783,13.416703776
7976,37,-84,-3332,321,13.417891200
7976,38,30,-7353,418,13.419078624
7976,39,82,-13485,431,13.420266048
7976,40,331,-13523,488,13.421453472
7976,41,378,-9298,478,13.422640896
7976,42,395,-5419,1022,13.423828320
7976,43,231,-5720,839,13.425015744
7976,44,201,-7467,1145,13.426203168
7976,45,155,-6801,1617,13.427390592
7976,46,-6,-8957,1412,13.428578016
7976,47,-42,-9677,1433,13.429765440
7976,48,-253,-6156,1029,13.430952864
7976,49,-147,-3715,1211,13.432140288
7976,50,-280,-3446,1861,13.433327712
7976,51,-173,-3111,1698,13.434515136
7976,52,-103,-5833,1537,13.435702560
7976,53,89,-5344,1212,13.436889984
7976,54,106,-939,1230,13.438077408
7976,55,168,-4057,943,13.439264832
7976,56,162,-8259,556,13.440452256
7976,57,129,-4096,836,13.441639680
7976,58,78,-2087,603,13.442827104
7976,59,-40,-2942,432,13.444014528
7976,60,-154,-1945,20,13.445201952
7976,61,-309,-2419,-378,13.446389376
7976,62,-364,-3315,26,13.447576800
7976,63,-280,519,-857,13.448764224
7976,64,-398,373,395,13.449951648
7977,1,-93,-1604,-596,13.451139072
7977,2,-225,-1209,-661,13.452326496
7977,3,94,-2908,-934,13.453513920
7977,4,189,-7385,-1264,13.454701344
7977,5,356,-4273,-1203,13.455888768
7977,6,301,-1330,-1365,13.457076192
7977,7,370,-1793,-678,13.458263616
7977,8,215,174,-1314,13.459451040
7977,9,225,498,-1294,13.460638464
7977,10,59,-604,-1016,13.461825888
7977,11,-7,1609,-2291,13.463013312
7977,12,-54,1638,-87,13.464200736
7977,13,-191,1888,-1093,13.465388160
7977,14,-176,1083,-925,13.466575584
7977,15,-71,1149,-1164,13.467763008
7977,16,54,1072,-821,13.468950432
7977,17,465,-1117,-886,13.470137856
7977,18,92,-8259,-1789,13.471325280
7977,19,341,-10063,-1488,13.472512704
7977,20,355,-7672,-802,13.473700128
7977,21,454,-10249,-424,13.474887552
7977,22,366,-9935,-162,13.476074976
7977,23,241,-2619,850,13.477262400
7977,24,3,-419,1100,13.478449824
7977,25,-46,-3649,705,13.479637248
7977,26,-318,-5719,1296,13.480824672
7977,27,-158,-5502,1581,13.482012096
7977,28,-122,-5723,1869,13.483199520
7977,29,-118,-3379,1666,13.484386944
7977,30,-50,-3650,957,13.485574368
7977,31,-49,-9939,506,13.486761792
7977,32,101,-10626,965,13.487949216
7977,33,192,-4526,1683,13.489136640
7977,34,187,-2361,1621,13.490324064
7977,35,76,-7985,269,13.491511488
7977,36,-12,-10749,174,13.492698912
7977,37,-115,-6617,865,13.493886336
7977,38,-146,-5058,1793,13.495073760
7977,39,-187,-4840,1802,13.496261184
7977,40,-406,-3529,1356,13.497448608
7977,41,-278,-4702,671,13.498636032
7977,42,-260,-7833,1085,13.499823456
7977,43,-26,-5380,987,13.501010880
7977,44,55,-4566,717,13.502198304
7977,45,183,-6349,401,13.503385728
7977,46,224,-4292,-497,13.504573152
7977,47,232,-8259,-375,13.505760576
7977,48,260,-7761,-52,13.506948000
7977,49,28,-1926,-478,13.508135424
7977,50,58,-2670,-584,13.509322848
7977,51,-207,-3764,-699,13.510510272
7977,52,-267,-2386,-770,13.511697696
7977,53,-364,-3040,65,13.512885120
7977,54,-356,-2591,-616,13.514072544
7977,55,-225,-469,-1126,13.515259968
7977,56,-128,-3170,-1227,13.516447392
7977,57,118,-4391,-1431,13.517634816
7977,58,220,-4868,-859,13.518822240
7977,59,466,-3463,-1572,13.520009664
7977,60,551,-654,-1904,13.521197088
7977,61,597,-1139,-2177,13.522384512
7977,62,429,-3655,-2191,13.523571936
7977,63,395,-3821,-1430,13.524759360
7977,64,171,-1747,-1244,13.525946784
7978,1,66,-4346,-1050,13.527134208
7978,2,-55,-4926,-1166,13.528321632
7978,3,-217,-886,28,13.529509056
7978,4,-236,822,388,13.530696480
7978,5,-340,419,691,13.531883904
7978,6,-55,-754,492,13.533071328
7978,7,157,-727,991,13.534258752
7978,8,23,-3893,286,13.535446176
7978,9,499,-9177,647,13.536633600
7978,10,236,-6497,971,13.537821024
7978,11,393,-1314,180,13.539008448
7978,12,275,-2534,418,13.540195872
7978,13,100,-2625,146,13.541383296
7978,14,-40,-2896,10,13.542570720
7978,15,-53,-8332,138,13.543758144
7978,16,-233,-9715,1707,13.544945568
7978,17,-353,-4193,1116,13.546132992
7978,18,-444,-3712,1940,13.547320416
7978,19,-251,-5957,1719,13.548507840
7978,20,-180,-2816,1691,13.549695264
7978,21,-103,-1057,1693,13.550882688
7978,22,95,-4080,1596,13.552070112
7978,23,267,-5588,1795,13.553257536
7978,24,296,-5247,1344,13.554444960
7978,25,337,-7411,709,13.555632384
7978,26,245,-6752,-199,13.556819808
7978,27,95,-4862,-582,13.558007232
7978,28,-29,-6168,-681,13.559194656
7978,29,-165,-5385,-164,13.560382080
7978,30,-253,-3128,-432,13.561569504
7978,31,-276,-4329,-719,13.562756928
7978,32,-485,-7592,-1363,13.563944352
7978,33,-321,-7174,-954,13.565131776
7978,34,-149,-4424,-73,13.566319200
7978,35,34,-3376,-11,13.567506624
7978,36,121,-4995,-484,13.568694048
7978,37,202,-5800,-1531,13.569881472
7978,38,418,-9698,-1313,13.571068896
7978,39,635,-9967,-868,13.572256320
7978,40,390,-4043,-762,13.573443744
7978,41,319,-3109,-1209,13.574631168
7978,42,159,-4344,-1738,13.575818592
7978,43,16,-3524,-1760,13.577006016
7978,44,-10,-3839,-1114,13.578193440
7978,45,-253,-4762,-937,13.579380864
7978,46,-245,-4106,-879,13.580568288
7978,47,-181,-4339,-824,13.581755712
7978,48,-172,-3765,-71,13.582943136
7978,49,-22,-1591,494,13.584130560
7978,50,120,-3698,339,13.585317984
7978,51,233,-4065,428,13.586505408
7978,52,378,56,209,13.587692832
7978,53,435,-998,1105,13.588880256
7978,54,405,-3458,1357,13.590067680
7978,55,207,-2130,581,13.591255104
7978,56,114,-4095,363,13.592442528
7978,57,129,-2904,278,13.593629952
7978,58,-168,1295,637,13.594817376
7978,59,-322,-202,2414,13.596004800
7978,60,-558,-1040,469,13.597192224
7978,61,-413,-750,709,13.598379648
7978,62,-252,-5231,-848,13.599567072
7978,63,12,-8245,797,13.600754496
7978,64,-31,-1314,3089,13.601941920
7979,1,-141,378,2244,13.603129344
7979,2,316,-2016,1780,13.604316768
7979,3,169,-3972,384,13.605504192
7979,4,489,-6283,747,13.606691616
7979,5,302,-6971,577,13.607879040
7979,6,218,-2274,834,13.609066464
7979,7,169,-4898,-604,13.610253888
7979,8,-63,-7605,-1121,13.611441312
7979,9,-209,-4098,-740,13.612628736
7979,10,-180,-3713,-603,13.613816160
7979,11,-252,-3394,-101,13.615003584
7979,12,-254,-2454,-2006,13.616191008
7979,13,-144,-7336,-1436,13.617378432
7979,14,-157,-8668,-809,13.618565856
7979,15,184,-3847,-335,13.619753280
7979,16,286,-4699,-526,13.620940704
7979,17,328,-4081,-1347,13.622128128
7979,18,348,-2719,-1288,13.623315552
7979,19,277,-5336,-515,13.624502976
7979,20,380,-4517,-121,13.625690400
7979,21,278,-3045,-817,13.626877824
7979,22,71,-6450,-1544,13.628065248
7979,23,-52,-9311,-2197,13.629252672
7979,24,-131,-9961,-1336,13.630440096
7979,25,-158,-10003,-511,13.631627520
7979,26,-88,-7253,-402,13.632814944
7979,27,-277,-6230,-744,13.634002368
7979,28,-76,-3406,-322,13.635189792
7979,29,-94,803,692,13.636377216
7979,30,108,-43,1943,13.637564640
7979,31,317,-2209,765,13.638752064
7979,32,183,-5042,894,13.639939488
7979,33,248,-7851,406,13.641126912
7979,34,279,-8635,1633,13.642314336
7979,35,168,-3189,2324,13.643501760
7979,36,-3,-800,1362,13.644689184
7979,37,-344,-2677,278,13.645876608
7979,38,-185,-6322,175,13.647064032
7979,39,-271,-6689,456,13.648251456
7979,40,-352,-4997,2138,13.649438880
7979,41,-292,-2445,1665,13.650626304
7979,42,-423,-3428,115,13.651813728
7979,43,-126,-7610,-230,13.653001152
7979,44,39,-3962,758,13.654188576
7979,45,93,147,1747,13.655376000
7979,46,272,-2332,1549,13.656563424
7979,47,83,-5143,281,13.657750848
7979,48,246,-4210,-342,13.658938272
7979,49,371,-3612,760,13.660125696
7979,50,276,-718,880,13.661313120
7979,51,34,-263,164,13.662500544
7979,52,-253,-2419,-1083,13.663687968
7979,53,-157,-3078,-1572,13.664875392
7979,54,-67,-3650,-1051,13.666062816
7979,55,-111,-6816,-20,13.667250240
7979,56,-145,-4881,-556,13.668437664
7979,57,-193,1224,-2008,13.669625088
7979,58,13,-84,-324,13.670812512
7979,59,112,-1326,-1542,13.671999936
7979,60,300,-4399,185,13.673187360
7979,61,501,-3741,-1122,13.674374784
7979,62,401,-4679,-1213,13.675562208
7979,63,617,-4804,-1344,13.676749632
7979,64,193,-3186,-1018,13.677937056
7980,1,318,-4746,-632,13.679124480
7980,2,203,-3854,-1014,13.680311904
7980,3,21,-2855,-1784,13.681499328
7980,4,24,-4605,-1350,13.682686752
7980,5,-256,-5079,-394,13.683874176
7980,6,-226,-3212,399,13.685061600
7980,7,-275,-1679,181,13.686249024
7980,8,-192,-1531,-669,13.687436448
7980,9,-30,-5498,-911,13.688623872
7980,10,104,-10343,206,13.689811296
7980,11,79,-5997,1130,13.690998720
7980,12,172,-1859,1486,13.692186144
7980,13,241,-1856,578,13.693373568
7980,14,57,-1736,489,13.694560992
7980,15,188,-3795,316,13.695748416
7980,16,109,-2963,1734,13.696935840
7980,17,-37,-1763,1615,13.698123264
7980,18,-156,-5844,-229,13.699310688
7980,19,-286,-10213,570,13.700498112
7980,20,-221,-7249,-135,13.701685536
7980,21,-161,-7685,1303,13.702872960
7980,22,-144,-6984,1146,13.704060384
7980,23,-236,-1088,557,13.705247808
7980,24,-33,-3127,828,13.706435232
7980,25,-33,-8390,1515,13.707622656
7980,26,229,-6364,1901,13.708810080
7980,27,113,-3661,1475,13.709997504
7980,28,192,-4309,1038,13.711184928
7980,29,84,-3950,-605,13.712372352
7980,30,82,-9016,301,13.713559776
7980,31,175,-10609,751,13.714747200
7980,32,41,-5238,246,13.715934624
7980,33,17,-5624,-705,13.717122048
7980,34,-71,-8320,-1779,13.718309472
7980,35,-43,-5420,-995,13.719496896
7980,36,-70,-5268,-344,13.720684320
7980,37,72,-5951,-292,13.721871744
7980,38,-22,-1344,-1047,13.723059168
7980,39,126,-1007,-1007,13.724246592
7980,40,223,-4583,-903,13.725434016
7980,41,286,-4143,37,13.726621440
7980,42,390,-823,-105,13.727808864
7980,43,309,-959,-879,13.728996288
7980,44,345,-1833,-1070,13.730183712
7980,45,213,-525,-809,13.731371136
7980,46,61,-1817,-181,13.732558560
7980,47,63,-3152,-883,13.733745984
7980,48,-96,-2348,-1621,13.734933408
7980,49,-126,-1612,-1366,13.736120832
7980,50,-212,-288,-638,13.737308256
7980,51,-277,-2110,-64,13.738495680
7980,52,-256,-4131,-25,13.739683104
7980,53,-152,-1100,-746,13.740870528
7980,54,-102,-1741,-674,13.742057952
7980,55,162,-5113,452,13.743245376
7980,56,85,-3754,1060,13.744432800
7980,57,179,-3024,1456,13.745620224
7980,58,192,-2851,784,13.746807648
7980,59,153,-734,397,13.747995072
7980,60,28,-1993,1067,13.749182496
7980,61,63,-2325,1124,13.750369920
7980,62,-119,-1772,1324,13.751557344
7980,63,-213,-4178,50,13.752744768
7980,64,-386,-3641,-20,13.753932192
7981,1,-419,-2819,-152,13.755119616
7981,2,-222,-8851,359,13.756307040
7981,3,-190,-8561,480,13.757494464
7981,4,-183,-3568,13,13.758681888
7981,5,-65,-5054,198,13.759869312
7981,6,47,-6796,479,13.761056736
7981,7,317,-4704,1045,13.762244160
7981,8,357,-4104,1280,13.763431584
7981,9,327,-4343,310,13.764619008
7981,10,366,-5929,59,13.765806432
7981,11,256,-6708,125,13.766993856
7981,12,293,-5608,570,13.768181280
7981,13,225,-7156,305,13.769368704
7981,14,86,-6377,-862,13.770556128
7981,15,1,-4699,-988,13.771743552
7981,16,-42,-4378,-890,13.772930976
7981,17,-82,-4587,21,13.774118400
7981,18,-21,-5114,-286,13.775305824
7981,19,-45,-5896,-790,13.776493248
7981,20,41,-6116,-955,13.777680672
7981,21,92,-6000,-551,13.778868096
7981,22,181,-6918,415,13.780055520
7981,23,235,-6806,342,13.781242944
7981,24,223,-4609,-34,13.782430368
7981,25,229,-3661,-361,13.783617792
7981,26,248,-5121,-366,13.784805216
7981,27,182,-6046,187,13.785992640
7981,28,61,-3900,0,13.787180064
7981,29,20,-3405,-515,13.788367488
7981,30,-38,-3017,-782,13.789554912
7981,31,-175,-1602,-636,13.790742336
7981,32,-182,-4553,-323,13.791929760
7981,33,-203,-6434,-196,13.793117184
7981,34,-152,-3326,-341,13.794304608
7981,35,-136,-1933,23,13.795492032
7981,36,-128,-3259,231,13.796679456
7981,37,-141,-4419,691,13.797866880
7981,38,-34,-4700,791,13.799054304
7981,39,-63,-4650,752,13.800241728
7981,40,7,-2213,763,13.801429152
7981,41,-39,-812,906,13.802616576
7981,42,-89,-953,1131,13.803804000
7981,43,-183,-1154,657,13.804991424
7981,44,-27,-3577,-624,13.806178848
7981,45,-125,-6311,-626,13.807366272
7981,46,-52,-5504,-448,13.808553696
7981,47,-67,-5499,-23,13.809741120
7981,48,6,-4077,245,13.810928544
7981,49,-35,-2481,-405,13.812115968
7981,50,107,-5241,-546,13.813303392
7981,51,173,-3556,45,13.814490816
7981,52,199,724,1098,13.815678240
7981,53,308,-859,1845,13.816865664
7981,54,217,-1971,730,13.818053088
7981,55,120,-2377,366,13.819240512
7981,56,204,-6992,-262,13.820427936
7981,57,243,-6367,536,13.821615360
7981,58,156,-1863,259,13.822802784
7981,59,119,-3006,-104,13.823990208
7981,60,-36,-6012,-1367,13.825177632
7981,61,86,-7653,-1555,13.826365056
7981,62,101,-7712,-929,13.827552480
7981,63,130,-5944,-640,13.828739904
7981,64,123,-1949,-456,13.829927328
7982,1,-18,-1103,-773,13.831114752
7982,2,81,-5403,-987,13.832302176
7982,3,246,-7078,-107,13.833489600
7982,4,255,-2985,508,13.834677024
7982,5,324,-2645,480,13.835864448
7982,6,172,-4889,41,13.837051872
7982,7,142,-4250,-95,13.838239296
7982,8,147,-5878,209,13.839426720
7982,9,97,-5980,270,13.840614144
7982,10,-37,-1431,-292,13.841801568
7982,11,-159,-2335,-872,13.842988992
7982,12,-278,-5191,-877,13.844176416
7982,13,-310,-4477,-223,13.845363840
7982,14,-308,-4786,-53,13.846551264
7982,15,-318,-5269,-129,13.847738688
7982,16,-221,-2390,-457,13.848926112
7982,17,-203,-1052,375,13.850113536
7982,18,-198,-5398,661,13.851300960
7982,19,-35,-6435,1016,13.852488384
7982,20,-7,-4079,1262,13.853675808
7982,21,164,-1714,1088,13.854863232
7982,22,151,-367,1608,13.856050656
7982,23,41,-2120,1346,13.857238080
7982,24,-8,-9448,1043,13.858425504
7982,25,16,-8752,106,13.859612928
7982,26,8,-594,-73,13.860800352
7982,27,-195,-1768,654,13.861987776
7982,28,-161,-4901,-256,13.863175200
7982,29,-291,-2768,-258,13.864362624
7982,30,-124,-5424,-570,13.865550048
7982,31,-14,-9343,-108,13.866737472
7982,32,117,-3877,-216,13.867924896
7982,33,109,-4152,469,13.869112320
7982,34,237,-9230,247,13.870299744
7982,35,275,-5858,-509,13.871487168
7982,36,411,-5438,-456,13.872674592
7982,37,539,-6544,-119,13.873862016
7982,38,434,-1726,257,13.875049440
7982,39,386,-3766,-131,13.876236864
7982,40,228,-8130,-719,13.877424288
7982,41,138,-3422,-1168,13.878611712
7982,42,97,-1267,-1345,13.879799136
7982,43,93,-3963,-1076,13.880986560
7982,44,42,-1115,-1170,13.882173984
7982,45,-134,-631,-684,13.883361408
7982,46,-52,-1747,-876,13.884548832
7982,47,-154,96,-550,13.885736256
7982,48,277,-89,310,13.886923680
7982,49,64,-1649,88,13.888111104
7982,50,302,-259,102,13.889298528
7982,51,-62,-1062,413,13.890485952
7982,52,71,-8252,-296,13.891673376
7982,53,158,-8859,-251,13.892860800
7982,54,28,-7327,546,13.894048224
7982,55,17,-6188,358,13.895235648
7982,56,-213,-1858,433,13.896423072
7982,57,-347,-22,280,13.897610496
7982,58,-321,-1897,374,13.898797920
7982,59,-403,-5274,367,13.899985344
7982,60,-128,-6514,957,13.901172768
7982,61,-110,-5025,473,13.902360192
7982,62,-156,-2213,1270,13.903547616
7982,63,-139,-2456,684,13.904735040
7982,64,-86,-8463,537,13.905922464
7983,1,142,-6414,1228,13.907109888
7983,2,142,-83,821,13.908297312
7983,3,114,-2505,1155,13.909484736
7983,4,-113,-10409,-134,13.910672160
7983,5,-109,-13062,-926,13.911859584
7983,6,-141,-9929,-285,13.913047008
7983,7,-141,-6545,-288,13.914234432
7983,8,-77,-3781,-606,13.915421856
7983,9,-228,-5013,-877,13.916609280
7983,10,-16,-4825,-685,13.917796704
7983,11,76,-1858,-74,13.918984128
7983,12,335,-2131,-337,13.920171552
7983,13,479,-4646,-404,13.921358976
7983,14,528,-2614,-784,13.922546400
7983,15,558,-2926,96,13.923733824
7983,16,574,-5417,-275,13.924921248
7983,17,320,-4321,-134,13.926108672
7983,18,293,-2824,-48,13.927296096
7983,19,135,-3055,-382,13.928483520
7983,20,7,-4534,171,13.929670944
7983,21,-179,-5077,384,13.930858368
7983,22,-297,-1945,461,13.932045792
7983,23,-357,-89,379,13.933233216
7983,24,-203,-2372,-364,13.934420640
7983,25,-126,-4270,-254,13.935608064
7983,26,32,-4841,122,13.936795488
7983,27,172,-5003,418,13.937982912
7983,28,320,-2395,172,13.939170336
7983,29,443,-1215,-57,13.940357760
7983,30,488,-5738,-314,13.941545184
7983,31,416,-7556,192,13.942732608
7983,32,289,-3205,562,13.943920032
7983,33,101,-754,702,13.945107456
7983,34,-321,-1358,693,13.946294880
7983,35,-292,-2686,-267,13.947482304
7983,36,-560,-4627,417,13.948669728
7983,37,-496,-4426,421,13.949857152
7983,38,-587,-4736,307,13.951044576
7983,39,-403,-2899,-13,13.952232000
7983,40,-282,-1872,25,13.953419424
7983,41,-149,-5982,-523,13.954606848
7983,42,-1,-7422,-801,13.955794272
7983,43,82,-6835,-971,13.956981696
7983,44,239,-6588,-1057,13.958169120
7983,45,264,-4630,-425,13.959356544
7983,46,175,-5750,-661,13.960543968
7983,47,175,-9455,-373,13.961731392
7983,48,114,-5231,-545,13.962918816
7983,49,-77,-2271,-451,13.964106240
7983,50,-79,-9423,-570,13.965293664
7983,51,-163,-8769,-105,13.966481088
7983,52,-77,-5288,481,13.967668512
7983,53,-84,-7733,645,13.968855936
7983,54,-116,-6303,-235,13.970043360
7983,55,92,-4993,127,13.971230784
7983,56,329,-3154,930,13.972418208
7983,57,326,-944,1033,13.973605632
7983,58,483,-1392,912,13.974793056
7983,59,293,-3348,115,13.975980480
7983,60,466,-3301,58,13.977167904
7983,61,266,-5755,930,13.978355328
7983,62,181,-7435,399,13.979542752
7983,63,121,-3371,561,13.980730176
7983,64,-6,-1511,334,13.981917600
7984,1,-104,-3151,29,13.983105024
7984,2,-188,-3150,646,13.984292448
7984,3,-145,-432,925,13.985479872
7984,4,-96,-2425,833,13.986667296
7984,5,39,-2127,280,13.987854720
7984,6,-81,867,580,13.989042144
7984,7,276,-750,1447,13.990229568
7984,8,210,-585,707,13.991416992
7984,9,189,-201,28,13.992604416
7984,10,228,-647,-464,13.993791840
7984,11,149,-1496,-543,13.994979264
7984,12,-56,-1842,85,13.996166688
7984,13,-123,-3594,-406,13.997354112
7984,14,-419,-6111,-720,13.998541536
7984,15,-376,-2992,-1123,13.999728960
7984,16,-501,139,-617,14.000916384
7984,17,-706,-390,-48,14.002103808
7984,18,-332,-2999,-1181,14.003291232
7984,19,-172,-5708,-1141,14.004478656
7984,20,-15,-6942,-1018,14.005666080
7984,21,156,-5413,-385,14.006853504
7984,22,144,-948,-360,14.008040928
7984,23,520,-1534,-19,14.009228352
7984,24,375,-7948,-1317,14.010415776
7984,25,410,-6165,-1405,14.011603200
7984,26,208,-668,-645,14.012790624
7984,27,187,-4742,-361,14.013978048
7984,28,65,-10381,-674,14.015165472
7984,29,-98,-6916,-1109,14.016352896
7984,30,-122,-4819,-258,14.017540320
7984,31,-224,-4560,26,14.018727744
7984,32,-231,-4160,165,14.019915168
7984,33,-80,-7504,50,14.021102592
7984,34,55,-6123,492,14.022290016
7984,35,138,-3351,876,14.023477440
7984,36,439,-3980,844,14.024664864
7984,37,364,-6908,566,14.025852288
7984,38,600,-4827,566,14.027039712
7984,39,468,-1702,975,14.028227136
7984,40,410,-4276,771,14.029414560
7984,41,350,-3649,864,14.030601984
7984,42,63,-3436,-8,14.031789408
7984,43,108,-9892,-373,14.032976832
7984,44,-113,-11889,276,14.034164256
7984,45,-220,-2622,921,14.035351680
7984,46,-327,31,1910,14.036539104
7984,47,-205,-1967,657,14.037726528
7984,48,-322,-3943,-198,14.038913952
7984,49,134,-7580,-304,14.040101376
7984,50,-24,-10516,1199,14.041288800
7984,51,164,-7508,1039,14.042476224
7984,52,132,-5447,975,14.043663648
7984,53,171,-4596,905,14.044851072
7984,54,51,-5466,-491,14.046038496
7984,55,80,-6245,1,14.047225920
7984,56,-15,-1938,240,14.048413344
7984,57,-210,-603,-412,14.049600768
7984,58,-485,-3425,-74,14.050788192
7984,59,-444,-5028,-1342,14.051975616
7984,60,-344,-5544,-670,14.053163040
7984,61,-398,-6589,-759,14.054350464
7984,62,-320,-3332,-675,14.055537888
7984,63,-230,17,-434,14.056725312
7984,64,-83,-2799,-457,14.057912736
7985,1,160,-7439,196,14.059100160
7985,2,321,-5346,-1258,14.060287584
7985,3,366,-2040,-680,14.061475008
7985,4,414,-2812,-477,14.062662432
7985,5,369,-4073,-885,14.063849856
7985,6,232,-5704,-530,14.065037280
7985,7,269,-5916,-557,14.066224704
7985,8,134,-3114,5,14.067412128
7985,9,72,-664,-590,14.068599552
7985,10,-14,-139,-56,14.069786976
7985,11,-280,514,-14,14.070974400
7985,12,-62,-322,109,14.072161824
7985,13,-15,-2684,-41,14.073349248
7985,14,-19,-2939,411,14.074536672
7985,15,120,-3912,-307,14.075724096
7985,16,188,-5648,337,14.076911520
7985,17,157,-4203,178,14.078098944
7985,18,277,-3831,9,14.079286368
7985,19,320,-5632,311,14.080473792
7985,20,481,-3096,192,14.081661216
7985,21,252,-1277,955,14.082848640
7985,22,116,-3542,489,14.084036064
7985,23,4,-6416,403,14.085223488
7985,24,2,-6223,-538,14.086410912
7985,25,-119,-7657,140,14.087598336
7985,26,-86,-11011,-358,14.088785760
7985,27,-90,-11711,10,14.089973184
7985,28,-160,-7299,285,14.091160608
7985,29,-165,-3373,394,14.092348032
7985,30,-116,-3952,745,14.093535456
7985,31,14,-2746,686,14.094722880
7985,32,104,-544,1232,14.095910304
7985,33,32,-2293,946,14.097097728
7985,34,10,-3669,749,14.098285152
7985,35,-156,-4102,-113,14.099472576
7985,36,4,-6867,179,14.100660000
7985,37,-113,-5498,632,14.101847424
7985,38,-111,-670,-34,14.103034848
7985,39,-237,-2853,-3,14.104222272
7985,40,-299,-3526,-233,14.105409696
7985,41,-348,-978,524,14.106597120
7985,42,-121,-5177,-295,14.107784544
7985,43,-90,-5013,327,14.108971968
7985,44,-78,-219,-45,14.110159392
7985,45,-105,-249,448,14.111346816
7985,46,104,-342,127,14.112534240
7985,47,97,-1918,410,14.113721664
7985,48,261,-6558,36,14.114909088
7985,49,311,-6053,134,14.116096512
7985,50,268,-1708,441,14.117283936
7985,51,235,-3622,293,14.118471360
7985,52,127,-5962,-21,14.119658784
7985,53,183,-5734,-403,14.120846208
7985,54,81,-3710,-534,14.122033632
7985,55,60,-1642,-179,14.123221056
7985,56,-19,-1391,-764,14.124408480
7985,57,-95,-5385,-947,14.125595904
7985,58,-37,-8408,-1243,14.126783328
7985,59,120,-5028,-1160,14.127970752
7985,60,195,-1152,-295,14.129158176
7985,61,210,619,-654,14.130345600
7985,62,216,323,-213,14.131533024
7985,63,180,-2242,-1337,14.132720448
7985,64,477,-5361,-852,14.133907872
7986,1,356,-8381,-1472,14.135095296
7986,2,367,-7107,-978,14.136282720
7986,3,194,-3733,-881,14.137470144
7986,4,21,-7091,-1030,14.138657568
7986,5,-25,-9185,-835,14.139844992
7986,6,-105,-6225,-333,14.141032416
7986,7,-133,-4637,503,14.142219840
7986,8,-234,-5305,278,14.143407264
7986,9,-307,-6579,517,14.144594688
7986,10,-300,-8469,574,14.145782112
7986,11,-141,-4708,1358,14.146969536
7986,12,-86,-1324,1623,14.148156960
7986,13,119,-4505,1003,14.149344384
7986,14,108,-5892,995,14.150531808
7986,15,75,-6172,817,14.151719232
7986,16,181,-9491,1280,14.152906656
7986,17,123,-7967,1167,14.154094080
7986,18,95,-3838,1029,14.155281504
7986,19,9,-3231,1035,14.156468928
7986,20,-226,-2224,1029,14.157656352
7986,21,-314,-1546,1102,14.158843776
7986,22,-323,-3777,1164,14.160031200
7986,23,-343,-3984,853,14.161218624
7986,24,-187,-4117,568,14.162406048
7986,25,-195,-5609,708,14.163593472
7986,26,-155,-3373,604,14.164780896
7986,27,-33,-2223,369,14.165968320
7986,28,76,-3775,82,14.167155744
7986,29,305,-1523,-70,14.168343168
7986,30,256,-420,-176,14.169530592
7986,31,295,-2826,-139,14.170718016
7986,32,188,-3890,-1029,14.171905440
7986,33,169,-4697,-1501,14.173092864
7986,34,90,-5714,-1182,14.174280288
7986,35,89,-2965,-861,14.175467712
7986,36,-59,588,-440,14.176655136
7986,37,-161,603,-737,14.177842560
7986,38,-87,367,-1028,14.179029984
7986,39,-19,-374,-1749,14.180217408
7986,40,173,-3800,-1411,14.181404832
7986,41,218,-5063,-1241,14.182592256
7986,42,265,-3304,-969,14.183779680
7986,43,356,-2595,-955,14.184967104
7986,44,322,-4248,-1609,14.186154528
7986,45,391,-6075,-1526,14.187341952
7986,46,358,-4661,-1291,14.188529376
7986,47,248,-1950,-694,14.189716800
7986,48,96,-2798,-625,14.190904224
7986,49,-101,-7248,-838,14.192091648
7986,50,-166,-9450,-407,14.193279072
7986,51,-123,-6641,226,14.194466496
7986,52,-143,-2824,960,14.195653920
7986,53,-242,-266,927,14.196841344
7986,54,-179,-1136,1229,14.198028768
7986,55,-85,-5962,832,14.199216192
7986,56,102,-7434,935,14.200403616
7986,57,239,-7549,1028,14.201591040
7986,58,286,-8032,1322,14.202778464
7986,59,161,-5032,733,14.203965888
7986,60,29,-4797,1063,14.205153312
7986,61,4,-9503,448,14.206340736
7986,62,-4,-8314,700,14.207528160
7986,63,-121,-3351,852,14.208715584
7986,64,-191,-2898,834,14.209903008
7987,1,-356,-4796,994,14.211090432
7987,2,-343,-6633,770,14.212277856
7987,3,-168,-7525,1198,14.213465280
7987,4,-122,-3601,1146,14.214652704
7987,5,17,-181,1165,14.215840128
7987,6,131,-2631,996,14.217027552
7987,7,48,-4604,816,14.218214976
7987,8,189,-3288,649,14.219402400
7987,9,198,-3022,488,14.220589824
7987,10,257,-2283,255,14.221777248
7987,11,168,-1041,57,14.222964672
7987,12,-128,-1494,143,14.224152096
7987,13,-179,-4037,-426,14.225339520
7987,14,-293,-6861,-1063,14.226526944
7987,15,-271,-6423,-1138,14.227714368
7987,16,-212,-3577,-603,14.228901792
7987,17,-233,-2515,-362,14.230089216
7987,18,-120,-2767,-139,14.231276640
7987,19,-44,-3138,-634,14.232464064
7987,20,265,-1588,-878,14.233651488
7987,21,414,-898,-603,14.234838912
7987,22,568,-2327,-812,14.236026336
7987,23,536,-6117,-647,14.237213760
7987,24,502,-6973,-1383,14.238401184
7987,25,393,-3388,-1130,14.239588608
7987,26,337,-1206,-1033,14.240776032
7987,27,179,-84,-883,14.241963456
7987,28,-25,-772,-933,14.243150880
7987,29,-135,-4867,-1421,14.244338304
7987,30,-246,-7617,-1178,14.245525728
7987,31,-244,-5123,-994,14.246713152
7987,32,-165,-4322,-225,14.247900576
7987,33,-98,-5269,-479,14.249088000
7987,34,-47,-2938,-222,14.250275424
7987,35,20,-2845,-179,14.251462848
7987,36,216,-4984,7,14.252650272
7987,37,342,-6103,328,14.253837696
7987,38,377,-9018,-36,14.255025120
7987,39,372,-9803,284,14.256212544
7987,40,174,-5101,305,14.257399968
7987,41,6,-2078,709,14.258587392
7987,42,-120,-5316,454,14.259774816
7987,43,-202,-6736,557,14.260962240
7987,44,-196,-5239,1126,14.262149664
7987,45,-291,-5163,1336,14.263337088
7987,46,-389,-6540,1491,14.264524512
7987,47,-296,-6315,1248,14.265711936
7987,48,-184,-3860,1496,14.266899360
7987,49,-54,-1866,1867,14.268086784
7987,50,49,-1478,1978,14.269274208
7987,51,4,-3072,1856,14.270461632
7987,52,143,-4876,1196,14.271649056
7987,53,139,-5947,1051,14.272836480
7987,54,169,-6697,670,14.274023904
7987,55,149,-5929,386,14.275211328
7987,56,30,-3869,479,14.276398752
7987,57,-113,-3124,107,14.277586176
7987,58,-203,-4853,74,14.278773600
7987,59,-266,-5095,126,14.279961024
7987,60,-187,-2676,70,14.281148448
7987,61,-178,-1682,-111,14.282335872
7987,62,-146,-3667,-592,14.283523296
7987,63,-3,-4643,-397,14.284710720
7987,64,86,-1962,-132,14.285898144
7988,1,192,-807,-95,14.287085568
7988,2,380,-2369,-669,14.288272992
7988,3,357,-3606,-1180,14.289460416
7988,4,421,-3952,-1535,14.290647840
7988,5,221,-5409,-1384,14.291835264
7988,6,183,-3493,-1561,14.293022688
7988,7,77,-1067,-1789,14.294210112
7988,8,56,-3295,-2086,14.295397536
7988,9,-52,-5173,-1894,14.296584960
7988,10,-94,-2901,-1555,14.297772384
7988,11,-130,-1893,-1160,14.298959808
7988,12,6,-2970,-1207,14.300147232
7988,13,28,-2648,-1262,14.301334656
7988,14,152,-2047,-783,14.302522080
7988,15,268,-2288,-308,14.303709504
7988,16,349,-2528,-178,14.304896928
7988,17,333,-4416,-245,14.306084352
7988,18,359,-5343,-198,14.307271776
7988,19,230,-4513,290,14.308459200
7988,20,169,-5220,472,14.309646624
7988,21,-65,-5454,479,14.310834048
7988,22,-260,-5639,163,14.312021472
7988,23,-305,-6392,544,14.313208896
7988,24,-374,-3693,1303,14.314396320
7988,25,-327,-966,1944,14.315583744
7988,26,-289,-3940,1650,14.316771168
7988,27,-195,-6414,1152,14.317958592
7988,28,-27,-4831,1203,14.319146016
7988,29,96,-5129,1474,14.320333440
7988,30,217,-6066,1773,14.321520864
7988,31,267,-5906,1416,14.322708288
7988,32,279,-6380,968,14.323895712
7988,33,234,-6922,915,14.325083136
7988,34,152,-5513,846,14.326270560
7988,35,49,-5910,915,14.327457984
7988,36,-20,-6585,453,14.328645408
7988,37,-220,-5235,308,14.329832832
7988,38,-300,-4524,212,14.331020256
7988,39,-319,-5735,366,14.332207680
7988,40,-240,-4622,334,14.333395104
7988,41,-210,-1246,233,14.334582528
7988,42,-47,-894,64,14.335769952
7988,43,77,-2353,-214,14.336957376
7988,44,202,-4205,-275,14.338144800
7988,45,333,-3565,-475,14.339332224
7988,46,344,-1570,-558,14.340519648
7988,47,360,-1649,-904,14.341707072
7988,48,245,-3472,-1085,14.342894496
7988,49,138,-3738,-1143,14.344081920
7988,50,11,-2906,-1028,14.345269344
7988,51,-74,-3413,-1260,14.346456768
7988,52,-156,-3313,-1354,14.347644192
7988,53,-237,-2560,-1280,14.348831616
7988,54,-244,-3114,-994,14.350019040
7988,55,-130,-3731,-714,14.351206464
7988,56,4,-3254,-791,14.352393888
7988,57,110,-3038,-697,14.353581312
7988,58,230,-3210,-588,14.354768736
7988,59,413,-4001,-502,14.355956160
7988,60,459,-5926,-473,14.357143584
7988,61,454,-6399,-652,14.358331008
7988,62,322,-5173,-566,14.359518432
7988,63,222,-3898,-244,14.360705856
7988,64,50,-3368,31,14.361893280
7989,1,-105,-4734,73,14.363080704
7989,2,-280,-5603,-45,14.364268128
7989,3,-352,-4806,-3,14.365455552
7989,4,-347,-3631,178,14.366642976
7989,5,-311,-4190,461,14.367830400
7989,6,-201,-5995,466,14.369017824
7989,7,-83,-6085,547,14.370205248
7989,8,80,-4798,475,14.371392672
7989,9,207,-5315,527,14.372580096
7989,10,322,-5775,784,14.373767520
7989,11,306,-4521,856,14.374954944
7989,12,285,-5275,736,14.376142368
7989,13,231,-6776,481,14.377329792
7989,14,112,-6431,556,14.378517216
7989,15,53,-5972,952,14.379704640
7989,16,-127,-4934,1267,14.380892064
7989,17,-264,-3657,1207,14.382079488
7989,18,-296,-5050,856,14.383266912
7989,19,-228,-6164,886,14.384454336
7989,20,-143,-3951,1170,14.385641760
7989,21,-62,-3109,1261,14.386829184
7989,22,-24,-5461,1004,14.388016608
7989,23,84,-5065,725,14.389204032
7989,24,145,-3363,624,14.390391456
7989,25,239,-4215,605,14.391578880
7989,26,248,-2997,415,14.392766304
7989,27,173,-773,94,14.393953728
7989,28,12,-1477,-122,14.395141152
7989,29,-42,-2406,-577,14.396328576
7989,30,-158,-1676,-333,14.397516000
7989,31,-157,-1610,-264,14.398703424
7989,32,-261,-2608,-841,14.399890848
7989,33,-254,-3831,-963,14.401078272
7989,34,-221,-4238,-1174,14.402265696
7989,35,-115,-3567,-834,14.403453120
7989,36,53,-2688,-777,14.404640544
7989,37,176,-1733,-886,14.405827968
7989,38,300,-1126,-960,14.407015392
7989,39,371,-1659,-1021,14.408202816
7989,40,381,-3465,-895,14.409390240
7989,41,350,-3671,-861,14.410577664
7989,42,274,-2905,-945,14.411765088
7989,43,141,-3127,-1272,14.412952512
7989,44,-4,-3697,-1290,14.414139936
7989,45,-130,-3927,-1238,14.415327360
7989,46,-206,-4392,-851,14.416514784
7989,47,-228,-3336,-628,14.417702208
7989,48,-200,-2570,-653,14.418889632
7989,49,-147,-5379,-666,14.420077056
7989,50,-82,-7176,-475,14.421264480
7989,51,27,-5694,-122,14.422451904
7989,52,114,-5677,42,14.423639328
7989,53,245,-7202,120,14.424826752
7989,54,304,-6297,382,14.426014176
7989,55,326,-6057,845,14.427201600
7989,56,333,-6605,1099,14.428389024
7989,57,202,-6242,1025,14.429576448
7989,58,200,-5658,999,14.430763872
7989,59,60,-4326,1281,14.431951296
7989,60,-9,-3495,1450,14.433138720
7989,61,-113,-6532,1329,14.434326144
7989,62,-116,-7886,1136,14.435513568
7989,63,-122,-6304,1157,14.436700992
7989,64,-35,-5756,1388,14.437888416
7990,1,-36,-4852,1528,14.439075840
7990,2,-18,-3392,1440,14.440263264
7990,3,22,-2862,1260,14.441450688
7990,4,25,-2689,1022,14.442638112
7990,5,116,-3404,946,14.443825536
7990,6,58,-5316,879,14.445012960
7990,7,44,-5988,766,14.446200384
7990,8,-48,-4535,448,14.447387808
7990,9,-112,-4247,49,14.448575232
7990,10,-117,-4980,-303,14.449762656
7990,11,-146,-4241,-363,14.450950080
7990,12,-154,-2772,-384,14.452137504
7990,13,-150,-3617,-591,14.453324928
7990,14,-154,-4541,-851,14.454512352
7990,15,-125,-3925,-871,14.455699776
7990,16,-41,-3010,-729,14.456887200
7990,17,3,-1753,-752,14.458074624
7990,18,79,-1312,-867,14.459262048
7990,19,110,-691,-1023,14.460449472
7990,20,84,-687,-928,14.461636896
7990,21,152,-2571,-1209,14.462824320
7990,22,153,-5325,-1133,14.464011744
7990,23,142,-4918,-1272,14.465199168
7990,24,66,-2379,-1285,14.466386592
7990,25,20,-1671,-1133,14.467574016
7990,26,7,-1961,-1300,14.468761440
7990,27,35,-2008,-1175,14.469948864
7990,28,56,-1822,-1216,14.471136288
7990,29,112,-3239,-1068,14.472323712
7990,30,129,-4509,-1007,14.473511136
7990,31,141,-4545,-577,14.474698560
7990,32,194,-4903,-291,14.475885984
7990,33,207,-3923,-83,14.477073408
7990,34,231,-2933,90,14.478260832
7990,35,230,-3562,236,14.479448256
7990,36,184,-5195,635,14.480635680
7990,37,186,-6459,796,14.481823104
7990,38,132,-6599,1158,14.483010528
7990,39,37,-5252,1099,14.484197952
7990,40,-24,-4540,1171,14.485385376
7990,41,-96,-4779,1076,14.486572800
7990,42,-134,-4402,1104,14.487760224
7990,43,-97,-4931,1069,14.488947648
7990,44,-92,-5848,854,14.490135072
7990,45,3,-6021,937,14.491322496
7990,46,-16,-4994,900,14.492509920
7990,47,-11,-4895,959,14.493697344
7990,48,40,-6269,640,14.494884768
7990,49,59,-5838,651,14.496072192
7990,50,59,-4276,823,14.497259616
7990,51,29,-4289,961,14.498447040
7990,52,-15,-4372,998,14.499634464
7990,53,-98,-4157,617,14.500821888
7990,54,-109,-5451,426,14.502009312
7990,55,-124,-5109,391,14.503196736
7990,56,-170,-3375,471,14.504384160
7990,57,-215,-4432,336,14.505571584
7990,58,-233,-5185,-17,14.506759008
7990,59,-231,-4087,-314,14.507946432
7990,60,-105,-4161,-501,14.509133856
7990,61,-14,-3645,-374,14.510321280
7990,62,29,-2434,-510,14.511508704
7990,63,57,-3512,-543,14.512696128
7990,64,84,-4717,-752,14.513883552
7991,1,155,-3835,-821,14.515070976
7991,2,181,-4225,-798,14.516258400
7991,3,213,-3954,-775,14.517445824
7991,4,158,-2114,-811,14.518633248
7991,5,138,-2593,-953,14.519820672
7991,6,109,-4045,-902,14.521008096
7991,7,128,-3587,-947,14.522195520
7991,8,144,-3148,-855,14.523382944
7991,9,144,-3404,-876,14.524570368
7991,10,113,-2118,-971,14.525757792
7991,11,82,-3017,-1043,14.526945216
7991,12,159,-4953,-897,14.528132640
7991,13,193,-2818,-504,14.529320064
7991,14,241,-1495,-257,14.530507488
7991,15,234,-2190,-72,14.531694912
7991,16,101,-2193,-226,14.532882336
7991,17,135,-2496,-81,14.534069760
7991,18,86,-4285,202,14.535257184
7991,19,89,-4558,231,14.536444608
7991,20,2,-4437,416,14.537632032
7991,21,-78,-4814,510,14.538819456
7991,22,-136,-4765,478,14.540006880
7991,23,-136,-5835,559,14.541194304
7991,24,-112,-4893,701,14.542381728
7991,25,-90,-3602,802,14.543569152
7991,26,-62,-4348,839,14.544756576
7991,27,-76,-4456,928,14.545944000
7991,28,-37,-4941,734,14.547131424
7991,29,34,-6852,814,14.548318848
7991,30,82,-6010,855,14.549506272
7991,31,94,-3913,1003,14.550693696
7991,32,60,-5005,1044,14.551881120
7991,33,-13,-5797,808,14.553068544
7991,34,-16,-4882,836,14.554255968
7991,35,-40,-4854,639,14.555443392
7991,36,-50,-5599,626,14.556630816
7991,37,-126,-5376,534,14.557818240
7991,38,-197,-4716,525,14.559005664
7991,39,-194,-4512,399,14.560193088
7991,40,-186,-4749,7,14.561380512
7991,41,-64,-4511,-86,14.562567936
7991,42,-21,-3998,-277,14.563755360
7991,43,39,-4547,-307,14.564942784
7991,44,65,-5329,-524,14.566130208
7991,45,138,-5071,-605,14.567317632
7991,46,229,-4044,-515,14.568505056
7991,47,261,-3048,-533,14.569692480
7991,48,236,-2456,-557,14.570879904
7991,49,166,-2951,-796,14.572067328
7991,50,112,-3705,-851,14.573254752
7991,51,80,-4442,-915,14.574442176
7991,52,108,-5132,-758,14.575629600
7991,53,56,-4270,-606,14.576817024
7991,54,9,-2845,-576,14.578004448
7991,55,-57,-2271,-618,14.579191872
7991,56,-38,-2446,-724,14.580379296
7991,57,37,-3327,-704,14.581566720
7991,58,95,-3943,-603,14.582754144
7991,59,149,-4374,-421,14.583941568
7991,60,109,-4722,-428,14.585128992
7991,61,136,-4301,-332,14.586316416
7991,62,137,-3705,-275,14.587503840
7991,63,181,-3219,-36,14.588691264
7991,64,130,-3068,2,14.589878688
7992,1,62,-3281,146,14.591066112
7992,2,-42,-3402,275,14.592253536
7992,3,-93,-3935,264,14.593440960
7992,4,-103,-5221,439,14.594628384
7992,5,-103,-4877,446,14.595815808
7992,6,-124,-3177,695,14.597003232
7992,7,-162,-2767,734,14.598190656
7992,8,-140,-3315,738,14.599378080
7992,9,-89,-4469,601,14.600565504
7992,10,10,-5786,491,14.601752928
7992,11,63,-6254,519,14.602940352
7992,12,60,-5605,581,14.604127776
7992,13,42,-4390,767,14.605315200
7992,14,13,-3841,730,14.606502624
7992,15,33,-4347,532,14.607690048
7992,16,65,-4797,452,14.608877472
7992,17,85,-4162,442,14.610064896
7992,18,33,-3947,467,14.611252320
7992,19,-20,-4578,383,14.612439744
7992,20,-23,-4875,171,14.613627168
7992,21,22,-5087,111,14.614814592
7992,22,75,-4388,102,14.616002016
7992,23,87,-2924,137,14.617189440
7992,24,81,-2681,34,14.618376864
7992,25,71,-3764,-236,14.619564288
7992,26,87,-5118,-423,14.620751712
7992,27,131,-5286,-449,14.621939136
7992,28,122,-4604,-304,14.623126560
7992,29,73,-4082,-358,14.624313984
7992,30,-11,-4254,-451,14.625501408
7992,31,-26,-4722,-639,14.626688832
7992,32,22,-4689,-600,14.627876256
7992,33,85,-4421,-591,14.629063680
7992,34,111,-4340,-616,14.630251104
7992,35,102,-4385,-629,14.631438528
7992,36,99,-4311,-651,14.632625952
7992,37,109,-4236,-497,14.633813376
7992,38,155,-4092,-474,14.635000800
7992,39,170,-3557,-368,14.636188224
7992,40,114,-2863,-338,14.637375648
7992,41,62,-2920,-328,14.638563072
7992,42,-16,-3747,-301,14.639750496
7992,43,-60,-3718,-252,14.640937920
7992,44,-62,-3520,-66,14.642125344
7992,45,-106,-3525,19,14.643312768
7992,46,-171,-3490,95,14.644500192
7992,47,-229,-4150,24,14.645687616
7992,48,-180,-4624,94,14.646875040
7992,49,-97,-4074,132,14.648062464
7992,50,11,-4190,261,14.649249888
7992,51,65,-4071,395,14.650437312
7992,52,88,-3025,484,14.651624736
7992,53,97,-3297,582,14.652812160
7992,54,145,-4073,473,14.653999584
7992,55,195,-4431,545,14.655187008
7992,56,176,-4258,573,14.656374432
7992,57,94,-4154,674,14.657561856
7992,58,21,-4427,602,14.658749280
7992,59,-77,-4179,610,14.659936704
7992,60,-69,-4136,557,14.661124128
7992,61,-58,-4699,587,14.662311552
7992,62,-106,-4948,540,14.663498976
7992,63,-114,-4907,458,14.664686400
7992,64,-108,-4359,411,14.665873824
7993,1,-61,-3722,210,14.667061248
7993,2,53,-4660,34,14.668248672
7993,3,151,-5308,-80,14.669436096
7993,4,219,-3626,52,14.670623520
7993,5,222,-2674,51,14.671810944
7993,6,222,-2893,-84,14.672998368
7993,7,215,-3508,-409,14.674185792
7993,8,258,-4818,-595,14.675373216
7993,9,213,-5091,-496,14.676560640
7993,10,130,-3973,-459,14.677748064
7993,11,23,-3279,-285,14.678935488
7993,12,-88,-3115,-386,14.680122912
7993,13,-121,-3470,-472,14.681310336
7993,14,-109,-4424,-496,14.682497760
7993,15,-124,-3887,-423,14.683685184
7993,16,-145,-2996,-306,14.684872608
7993,17,-139,-3704,-355,14.686060032
7993,18,-104,-4712,-399,14.687247456
7993,19,36,-4455,-416,14.688434880
7993,20,101,-4191,-285,14.689622304
7993,21,172,-3521,-276,14.690809728
7993,22,138,-2980,-290,14.691997152
7993,23,132,-4405,-396,14.693184576
7993,24,124,-5287,-234,14.694372000
7993,25,124,-4453,-138,14.695559424
7993,26,87,-4070,-19,14.696746848
7993,27,-5,-4507,-42,14.697934272
7993,28,-127,-4589,19,14.699121696
7993,29,-176,-5051,226,14.700309120
7993,30,-168,-5518,317,14.701496544
7993,31,-164,-4919,440,14.702683968
7993,32,-124,-4322,351,14.703871392
7993,33,-107,-4958,372,14.705058816
7993,34,-41,-4958,454,14.706246240
7993,35,46,-3918,542,14.707433664
7993,36,139,-4578,487,14.708621088
7993,37,223,-5815,272,14.709808512
7993,38,241,-5591,198,14.710995936
7993,39,217,-5661,233,14.712183360
7993,40,201,-5453,285,14.713370784
7993,41,156,-4279,235,14.714558208
7993,42,118,-3913,200,14.715745632
7993,43,79,-4382,248,14.716933056
7993,44,23,-4261,420,14.718120480
7993,45,-62,-3443,534,14.719307904
7993,46,-98,-3181,390,14.720495328
7993,47,-87,-3971,144,14.721682752
7993,48,-37,-4000,151,14.722870176
7993,49,-10,-3103,265,14.724057600
7993,50,3,-3595,216,14.725245024
7993,51,26,-4309,-12,14.726432448
7993,52,79,-3830,-153,14.727619872
7993,53,155,-3425,-116,14.728807296
7993,54,119,-3700,-128,14.729994720
7993,55,116,-3796,-257,14.731182144
7993,56,51,-3577,-375,14.732369568
7993,57,38,-2783,-312,14.733556992
7993,58,5,-2376,-130,14.734744416
7993,59,-29,-2596,-65,14.735931840
7993,60,-68,-3593,-181,14.737119264
7993,61,-68,-4384,-383,14.738306688
7993,62,-98,-3409,-304,14.739494112
7993,63,-54,-2925,-139,14.740681536
7993,64,-16,-3225,-100,14.741868960
7994,1,0,-3213,-282,14.743056384
7994,2,22,-3562,-497,14.744243808
7994,3,36,-4446,-597,14.745431232
7994,4,30,-5100,-471,14.746618656
7994,5,56,-4911,-357,14.747806080
7994,6,34,-4707,-362,14.748993504
7994,7,41,-4793,-554,14.750180928
7994,8,15,-4699,-508,14.751368352
7994,9,17,-4038,-340,14.752555776
7994,10,25,-3730,-58,14.753743200
7994,11,60,-4618,-1,14.754930624
7994,12,84,-5257,-75,14.756118048
7994,13,118,-5806,-49,14.757305472
7994,14,139,-5433,94,14.758492896
7994,15,129,-4170,315,14.759680320
7994,16,140,-3560,261,14.760867744
7994,17,112,-3995,246,14.762055168
7994,18,81,-4574,187,14.763242592
7994,19,73,-4597,384,14.764430016
7994,20,14,-4565,532,14.765617440
7994,21,-43,-4209,497,14.766804864
7994,22,-68,-4427,394,14.767992288
7994,23,-81,-4870,355,14.769179712
7994,24,-29,-4243,573,14.770367136
7994,25,1,-3845,683,14.771554560
7994,26,67,-4272,706,14.772741984
7994,27,78,-4257,583,14.773929408
7994,28,115,-4122,505,14.775116832
7994,29,169,-4592,601,14.776304256
7994,30,191,-4442,500,14.777491680
7994,31,129,-4099,445,14.778679104
7994,32,82,-4089,272,14.779866528
7994,33,-13,-3521,239,14.781053952
7994,34,-39,-3713,218,14.782241376
7994,35,-101,-3974,129,14.783428800
7994,36,-175,-3101,38,14.784616224
7994,37,-209,-2889,-144,14.785803648
7994,38,-205,-3767,-222,14.786991072
7994,39,-175,-4415,-310,14.788178496
7994,40,-108,-4360,-339,14.789365920
7994,41,-11,-3748,-386,14.790553344
7994,42,34,-3618,-593,14.791740768
7994,43,131,-4407,-689,14.792928192
7994,44,156,-4436,-623,14.794115616
7994,45,181,-3897,-616,14.795303040
7994,46,186,-4108,-681,14.796490464
7994,47,162,-4556,-872,14.797677888
7994,48,154,-4225,-788,14.798865312
7994,49,75,-3655,-675,14.800052736
7994,50,16,-3635,-582,14.801240160
7994,51,-19,-3851,-591,14.802427584
7994,52,-56,-3666,-592,14.803615008
7994,53,-57,-3818,-431,14.804802432
7994,54,-32,-4581,-341,14.805989856
7994,55,-3,-4910,-166,14.807177280
7994,56,44,-4505,-146,14.808364704
7994,57,90,-4430,-39,14.809552128
7994,58,147,-4444,135,14.810739552
7994,59,165,-4310,286,14.811926976
7994,60,161,-4801,352,14.813114400
7994,61,148,-4787,408,14.814301824
7994,62,131,-3984,459,14.815489248
7994,63,121,-4009,571,14.816676672
7994,64,59,-4575,628,14.817864096
7995,1,28,-4695,603,14.819051520
7995,2,-8,-4797,617,14.820238944
7995,3,-16,-4368,603,14.821426368
7995,4,-28,-3941,698,14.822613792
7995,5,-43,-4337,735,14.823801216
7995,6,-24,-4289,754,14.824988640
7995,7,-29,-3907,631,14.826176064
7995,8,-6,-4247,561,14.827363488
7995,9,-1,-4393,543,14.828550912
7995,10,14,-4160,589,14.829738336
7995,11,-7,-4336,518,14.830925760
7995,12,-38,-4649,255,14.832113184
7995,13,-58,-4905,83,14.833300608
7995,14,-53,-4149,69,14.834488032
7995,15,-51,-3099,135,14.835675456
7995,16,-44,-3703,-37,14.836862880
7995,17,-28,-4392,-250,14.838050304
7995,18,-28,-3391,-407,14.839237728
7995,19,0,-3405,-429,14.840425152
7995,20,37,-4316,-452,14.841612576
7995,21,36,-3810,-466,14.842800000
7995,22,40,-3438,-492,14.843987424
7995,23,47,-3704,-494,14.845174848
7995,24,49,-3573,-505,14.846362272
7995,25,47,-3692,-477,14.847549696
7995,26,40,-4240,-427,14.848737120
7995,27,44,-3954,-461,14.849924544
7995,28,54,-3228,-391,14.851111968
7995,29,43,-3352,-387,14.852299392
7995,30,68,-3517,-423,14.853486816
7995,31,90,-3425,-415,14.854674240
7995,32,98,-3439,-409,14.855861664
7995,33,123,-3829,-395,14.857049088
7995,34,151,-4545,-387,14.858236512
7995,35,155,-4965,-313,14.859423936
7995,36,168,-4755,-225,14.860611360
7995,37,138,-4313,-119,14.861798784
7995,38,95,-4162,-1,14.862986208
7995,39,45,-4043,106,14.864173632
7995,40,39,-4076,261,14.865361056
7995,41,-7,-4223,412,14.866548480
7995,42,-9,-4120,465,14.867735904
7995,43,-41,-4375,419,14.868923328
7995,44,-51,-4626,399,14.870110752
7995,45,-36,-4463,360,14.871298176
7995,46,-5,-4876,346,14.872485600
7995,47,9,-4955,334,14.873673024
7995,48,38,-4188,290,14.874860448
7995,49,40,-4338,262,14.876047872
7995,50,56,-4893,212,14.877235296
7995,51,58,-5052,193,14.878422720
7995,52,53,-5118,219,14.879610144
7995,53,19,-4849,322,14.880797568
7995,54,-12,-4270,363,14.881984992
7995,55,-60,-4375,439,14.883172416
7995,56,-92,-4566,411,14.884359840
7995,57,-112,-4510,391,14.885547264
7995,58,-98,-4799,348,14.886734688
7995,59,-74,-4462,386,14.887922112
7995,60,-65,-3883,379,14.889109536
7995,61,-35,-4244,177,14.890296960
7995,62,-9,-4841,-2,14.891484384
7995,63,40,-4184,-150,14.892671808
7995,64,70,-4005,-80,14.893859232
7996,1,111,-4389,-103,14.895046656
7996,2,110,-3631,-99,14.896234080
7996,3,100,-3208,-186,14.897421504
7996,4,107,-3576,-282,14.898608928
7996,5,104,-3459,-233,14.899796352
7996,6,94,-2963,-190,14.900983776
7996,7,50,-3002,-74,14.902171200
7996,8,17,-3234,-220,14.903358624
7996,9,13,-3657,-266,14.904546048
7996,10,33,-4027,-364,14.905733472
7996,11,71,-3845,-345,14.906920896
7996,12,71,-3406,-340,14.908108320
7996,13,69,-3525,-428,14.909295744
7996,14,91,-3817,-501,14.910483168
7996,15,77,-3815,-483,14.911670592
7996,16,114,-3468,-408,14.912858016
7996,17,120,-3591,-376,14.914045440
7996,18,113,-3992,-410,14.915232864
7996,19,100,-4133,-383,14.916420288
7996,20,50,-4100,-225,14.917607712
7996,21,52,-3948,-92,14.918795136
7996,22,59,-4314,-69,14.919982560
7996,23,37,-4757,-97,14.921169984
7996,24,1,-4726,-18,14.922357408
7996,25,-25,-4365,57,14.923544832
7996,26,-53,-4444,156,14.924732256
7996,27,-74,-4735,169,14.925919680
7996,28,-55,-4570,160,14.927107104
7996,29,-61,-4621,167,14.928294528
7996,30,-57,-4495,226,14.929481952
7996,31,-30,-4093,341,14.930669376
7996,32,-25,-4183,339,14.931856800
7996,33,14,-4619,353,14.933044224
7996,34,34,-4951,366,14.934231648
7996,35,61,-4935,485,14.935419072
7996,36,83,-4874,558,14.936606496
7996,37,77,-4674,560,14.937793920
7996,38,86,-4405,561,14.938981344
7996,39,87,-4474,524,14.940168768
7996,40,45,-4280,589,14.941356192
7996,41,22,-3997,569,14.942543616
7996,42,-42,-3982,472,14.943731040
7996,43,-53,-3912,378,14.944918464
7996,44,-57,-4096,223,14.946105888
7996,45,-43,-4556,212,14.947293312
7996,46,-30,-4189,107,14.948480736
7996,47,2,-3554,13,14.949668160
7996,48,17,-4045,-137,14.950855584
7996,49,71,-4274,-232,14.952043008
7996,50,102,-3995,-207,14.953230432
7996,51,130,-3889,-215,14.954417856
7996,52,142,-3790,-289,14.955605280
7996,53,143,-4048,-428,14.956792704
7996,54,133,-4427,-447,14.957980128
7996,55,106,-4277,-402,14.959167552
7996,56,72,-3850,-423,14.960354976
7996,57,56,-4026,-484,14.961542400
7996,58,-3,-4057,-595,14.962729824
7996,59,-28,-3530,-520,14.963917248
7996,60,-45,-3365,-480,14.965104672
7996,61,-33,-3683,-480,14.966292096
7996,62,-24,-3618,-518,14.967479520
7996,63,-14,-3422,-547,14.968666944
7996,64,21,-3692,-421,14.969854368
7997,1,36,-3894,-395,14.971041792
7997,2,64,-4051,-260,14.972229216
7997,3,71,-4002,-231,14.973416640
7997,4,58,-3941,-143,14.974604064
7997,5,44,-4216,-47,14.975791488
7997,6,18,-4316,88,14.976978912
7997,7,12,-4305,192,14.978166336
7997,8,-9,-4500,226,14.979353760
7997,9,-20,-4211,315,14.980541184
7997,10,-14,-3965,338,14.981728608
7997,11,-18,-4675,420,14.982916032
7997,12,-14,-4564,461,14.984103456
7997,13,7,-4138,487,14.985290880
7997,14,37,-4714,469,14.986478304
7997,15,37,-4810,541,14.987665728
7997,16,52,-4245,550,14.988853152
7997,17,62,-4331,606,14.990040576
7997,18,67,-4451,509,14.991228000
7997,19,52,-4234,507,14.992415424
7997,20,35,-4249,521,14.993602848
7997,21,17,-4193,521,14.994790272
7997,22,9,-4323,449,14.995977696
7997,23,12,-4695,285,14.997165120
7997,24,2,-4587,186,14.998352544
7997,25,27,-4660,115,14.999539968
7997,26,51,-4714,66,15.000727392
7997,27,63,-4109,-38,15.001914816
7997,28,63,-4142,-189,15.003102240
7997,29,61,-4577,-254,15.004289664
7997,30,91,-4391,-244,15.005477088
7997,31,82,-3877,-146,15.006664512
7997,32,86,-3472,-158,15.007851936
7997,33,50,-3553,-293,15.009039360
7997,34,18,-3864,-363,15.010226784
7997,35,-8,-4056,-329,15.011414208
7997,36,-3,-4100,-259,15.012601632
7997,37,-33,-4011,-222,15.013789056
7997,38,-15,-3567,-307,15.014976480
7997,39,-24,-3418,-355,15.016163904
7997,40,-1,-3730,-402,15.017351328
7997,41,20,-3826,-385,15.018538752
7997,42,51,-3613,-331,15.019726176
7997,43,68,-3317,-364,15.020913600
7997,44,56,-3654,-359,15.022101024
7997,45,63,-4040,-367,15.023288448
7997,46,55,-3926,-249,15.024475872
7997,47,52,-3762,-170,15.025663296
7997,48,45,-3634,-93,15.026850720
7997,49,22,-3588,-38,15.028038144
7997,50,-10,-3672,64,15.029225568
7997,51,-21,-3904,162,15.030412992
7997,52,-28,-4327,152,15.031600416
7997,53,-10,-4542,150,15.032787840
7997,54,-5,-4464,181,15.033975264
7997,55,-1,-4646,231,15.035162688
7997,56,-4,-4809,309,15.036350112
7997,57,3,-4380,284,15.037537536
7997,58,47,-4098,284,15.038724960
7997,59,66,-4164,210,15.039912384
7997,60,73,-4291,228,15.041099808
7997,61,91,-4879,207,15.042287232
7997,62,95,-5012,215,15.043474656
7997,63,88,-4589,218,15.044662080
7997,64,63,-4824,170,15.045849504
7998,1,61,-4977,211,15.047036928
7998,2,15,-4407,202,15.048224352
7998,3,7,-4432,230,15.049411776
7998,4,-15,-4572,226,15.050599200
7998,5,-20,-4123,189,15.051786624
7998,6,-17,-4462,218,15.052974048
7998,7,-17,-5023,133,15.054161472
7998,8,-17,-4557,146,15.055348896
7998,9,3,-4128,78,15.056536320
7998,10,35,-4053,73,15.057723744
7998,11,53,-4044,24,15.058911168
7998,12,85,-4213,-7,15.060098592
7998,13,79,-4224,-44,15.061286016
7998,14,89,-3860,-73,15.062473440
7998,15,70,-3552,-83,15.063660864
7998,16,51,-3950,-105,15.064848288
7998,17,58,-4143,-99,15.066035712
7998,18,10,-3869,-136,15.067223136
7998,19,-22,-3746,-151,15.068410560
7998,20,-42,-3880,-205,15.069597984
7998,21,-42,-3924,-217,15.070785408
7998,22,-44,-3908,-214,15.071972832
7998,23,-35,-3923,-191,15.073160256
7998,24,-18,-3724,-239,15.074347680
7998,25,10,-3681,-233,15.075535104
7998,26,65,-3793,-269,15.076722528
7998,27,77,-3898,-215,15.077909952
7998,28,108,-3947,-255,15.079097376
7998,29,115,-3726,-261,15.080284800
7998,30,127,-3615,-266,15.081472224
7998,31,83,-3873,-220,15.082659648
7998,32,84,-4232,-147,15.083847072
7998,33,45,-4303,-107,15.085034496
7998,34,31,-3979,-53,15.086221920
7998,35,-15,-3602,-44,15.087409344
7998,36,-35,-3887,2,15.088596768
7998,37,-49,-4462,27,15.089784192
7998,38,-53,-4264,117,15.090971616
7998,39,-39,-3995,150,15.092159040
7998,40,-3,-4124,146,15.093346464
7998,41,12,-4076,182,15.094533888
7998,42,41,-4308,166,15.095721312
7998,43,76,-4772,216,15.096908736
7998,44,113,-4468,228,15.098096160
7998,45,139,-3910,273,15.099283584
7998,46,100,-4134,329,15.100471008
7998,47,99,-4198,334,15.101658432
7998,48,100,-4152,349,15.102845856
7998,49,64,-4599,330,15.104033280
7998,50,29,-4522,340,15.105220704
7998,51,-9,-3986,344,15.106408128
7998,52,-27,-4102,365,15.107595552
7998,53,-54,-4470,272,15.108782976
7998,54,-60,-4434,203,15.109970400
7998,55,-37,-4532,139,15.111157824
7998,56,-30,-4443,133,15.112345248
7998,57,-5,-4437,96,15.113532672
7998,58,18,-4513,44,15.114720096
7998,59,40,-4428,-49,15.115907520
7998,60,80,-4181,-142,15.117094944
7998,61,89,-3965,-132,15.118282368
7998,62,117,-3657,-147,15.119469792
7998,63,90,-3771,-192,15.120657216
7998,64,72,-4231,-297,15.121844640
7999,1,38,-4329,-344,15.123032064
7999,2,13,-4209,-314,15.124219488
7999,3,7,-3991,-275,15.125406912
7999,4,3,-3966,-285,15.126594336
7999,5,-24,-4068,-365,15.127781760
7999,6,-33,-3990,-332,15.128969184
7999,7,-29,-3949,-306,15.130156608
7999,8,-24,-4231,-257,15.131344032
7999,9,-24,-4446,-244,15.132531456
7999,10,-18,-4191,-228,15.133718880
7999,11,-19,-3862,-172,15.134906304
7999,12,23,-3788,-92,15.136093728
7999,13,53,-3728,-40,15.137281152
7999,14,84,-3777,-24,15.138468576
7999,15,87,-3925,3,15.139656000
7999,16,99,-4217,-4,15.140843424
7999,17,88,-4682,44,15.142030848
7999,18,90,-4495,133,15.143218272
7999,19,53,-3856,207,15.144405696
7999,20,42,-4056,207,15.145593120
7999,21,26,-4477,186,15.146780544
7999,22,-27,-4217,252,15.147967968
7999,23,-21,-4113,333,15.149155392
7999,24,-38,-4471,351,15.150342816
7999,25,-44,-4638,297,15.151530240
7999,26,-43,-4544,282,15.152717664
7999,27,-18,-4148,345,15.153905088
7999,28,1,-3654,372,15.155092512
7999,29,62,-3829,280,15.156279936
7999,30,80,-4414,158,15.157467360
7999,31,97,-4434,111,15.158654784
7999,32,137,-4333,131,15.159842208
7999,33,106,-4455,100,15.161029632
7999,34,94,-4350,24,15.162217056
7999,35,64,-4087,-9,15.163404480
7999,36,45,-3963,-31,15.164591904
7999,37,27,-3842,14,15.165779328
7999,38,-12,-3726,14,15.166966752
7999,39,-34,-3793,-32,15.168154176
7999,40,-50,-3762,-67,15.169341600
7999,41,-66,-3942,-149,15.170529024
7999,42,-26,-4395,-134,15.171716448
7999,43,-35,-4232,-104,15.172903872
7999,44,-4,-3923,-118,15.174091296
7999,45,13,-4162,-159,15.175278720
7999,46,66,-4317,-239,15.176466144
7999,47,94,-4115,-214,15.177653568
7999,48,106,-4119,-236,15.178840992
7999,49,107,-4148,-240,15.180028416
7999,50,86,-3942,-212,15.181215840
7999,51,69,-3983,-174,15.182403264
7999,52,36,-4243,-118,15.183590688
7999,53,3,-4199,-102,15.184778112
7999,54,-19,-4113,-80,15.185965536
7999,55,-19,-4161,-62,15.187152960
7999,56,-34,-4078,-17,15.188340384
7999,57,-27,-4256,13,15.189527808
7999,58,-13,-4355,0,15.190715232
7999,59,4,-4232,-1,15.191902656
7999,60,31,-4231,-17,15.193090080
7999,61,19,-4347,27,15.194277504
7999,62,32,-4254,51,15.195464928
7999,63,61,-4200,57,15.196652352
7999,64,71,-4126,48,15.197839776
8000,1,98,-3729,65,15.199027200
8000,2,78,-3779,57,15.200214624
8000,3,80,-4148,111,15.201402048
8000,4,44,-4293,143,15.202589472
8000,5,46,-4140,156,15.203776896
8000,6,23,-4063,154,15.204964320
8000,7,40,-4282,144,15.206151744
8000,8,15,-4282,170,15.207339168
8000,9,6,-4142,181,15.208526592
8000,10,21,-4283,162,15.209714016
8000,11,16,-4441,164,15.210901440
8000,12,9,-4273,148,15.212088864
8000,13,3,-4398,166,15.213276288
8000,14,-10,-4466,138,15.214463712
8000,15,3,-4094,130,15.215651136
8000,16,35,-3949,89,15.216838560
8000,17,33,-3922,81,15.218025984
8000,18,54,-3854,72,15.219213408
8000,19,83,-4153,24,15.220400832
8000,20,101,-4316,23,15.221588256
8000,21,96,-3942,-44,15.222775680
8000,22,91,-3933,-20,15.223963104
8000,23,66,-4125,-39,15.225150528
8000,24,33,-3974,-55,15.226337952
8000,25,4,-3893,-83,15.227525376
8000,26,-19,-3968,-121,15.228712800
8000,27,-28,-3901,-96,15.229900224
8000,28,-38,-4005,-124,15.231087648
8000,29,-45,-4211,-107,15.232275072
8000,30,-53,-4111,-158,15.233462496
8000,31,-34,-4139,-184,15.234649920
8000,32,12,-4086,-159,15.235837344
8000,33,39,-3766,-156,15.237024768
8000,34,89,-3901,-167,15.238212192
8000,35,109,-4344,-224,15.239399616
8000,36,123,-4343,-243,15.240587040
8000,37,123,-4056,-151,15.241774464
8000,38,119,-4101,-69,15.242961888
8000,39,77,-4083,-60,15.244149312
8000,40,37,-4042,-68,15.245336736
8000,41,-11,-4157,-77,15.246524160
8000,42,-30,-4119,1,15.247711584
8000,43,-33,-3973,48,15.248899008
8000,44,-51,-4084,110,15.250086432
8000,45,-54,-4385,79,15.251273856
8000,46,-54,-4484,71,15.252461280
8000,47,-17,-4449,89,15.253648704
8000,48,7,-4321,130,15.254836128
8000,49,52,-4262,124,15.256023552
8000,50,59,-4317,126,15.257210976
8000,51,97,-4287,134,15.258398400
8000,52,108,-4409,181,15.259585824
8000,53,124,-4301,211,15.260773248
8000,54,120,-4001,229,15.261960672
8000,55,96,-4179,188,15.263148096
8000,56,66,-4431,172,15.264335520
8000,57,30,-4491,177,15.265522944
8000,58,16,-4426,203,15.266710368
8000,59,-1,-4273,236,15.267897792
8000,60,-25,-4140,150,15.269085216
8000,61,-43,-4252,124,15.270272640
8000,62,-37,-4270,101,15.271460064
8000,63,-26,-4102,125,15.272647488
8000,64,3,-4145,55,15.273834912
8001,1,23,-4187,20,15.275022336
8001,2,51,-4169,-62,15.276209760
8001,3,62,-4145,-85,15.277397184
8001,4,59,-4132,-72,15.278584608
8001,5,75,-3996,-113,15.279772032
8001,6,83,-4016,-152,15.280959456
8001,7,55,-4080,-167,15.282146880
8001,8,41,-3964,-147,15.283334304
8001,9,37,-3952,-113,15.284521728
8001,10,25,-3967,-142,15.285709152
8001,11,-5,-4078,-162,15.286896576
8001,12,-15,-4118,-152,15.288084000
8001,13,-26,-3980,-95,15.289271424
8001,14,-27,-3869,-95,15.290458848
8001,15,-34,-4011,-103,15.291646272
8001,16,-16,-4160,-130,15.292833696
8001,17,-2,-4135,-131,15.294021120
8001,18,19,-3989,-54,15.295208544
8001,19,35,-3920,-43,15.296395968
8001,20,31,-4001,-85,15.297583392
8001,21,57,-3985,-106,15.298770816
8001,22,104,-4243,-89,15.299958240
8001,23,111,-4394,-23,15.301145664
8001,24,97,-4006,46,15.302333088
8001,25,66,-3805,77,15.303520512
8001,26,50,-4120,66,15.304707936
8001,27,57,-4289,69,15.305895360
8001,28,54,-4096,157,15.307082784
8001,29,41,-3937,191,15.308270208
8001,30,19,-3909,165,15.309457632
8001,31,-3,-4046,124,15.310645056
8001,32,-25,-4263,121,15.311832480
8001,33,-19,-4363,169,15.313019904
8001,34,21,-4171,190,15.314207328
8001,35,35,-4006,162,15.315394752
8001,36,48,-4153,88,15.316582176
8001,37,53,-4401,66,15.317769600
8001,38,63,-4380,93,15.318957024
8001,39,62,-4183,114,15.320144448
8001,40,66,-4135,93,15.321331872
8001,41,56,-4162,69,15.322519296
8001,42,46,-4207,68,15.323706720
8001,43,55,-4502,80,15.324894144
8001,44,42,-4560,67,15.326081568
8001,45,36,-4309,59,15.327268992
8001,46,10,-4214,0,15.328456416
8001,47,-16,-4268,-3,15.329643840
8001,48,-31,-4264,-4,15.330831264
8001,49,-33,-4264,5,15.332018688
8001,50,-13,-4212,-45,15.333206112
8001,51,-10,-4146,-68,15.334393536
8001,52,0,-4079,-71,15.335580960
8001,53,8,-4094,-91,15.336768384
8001,54,28,-4200,-120,15.337955808
8001,55,34,-4129,-149,15.339143232
8001,56,42,-4009,-156,15.340330656
8001,57,43,-4188,-127,15.341518080
8001,58,55,-4304,-62,15.342705504
8001,59,56,-4154,-63,15.343892928
8001,60,46,-4041,-78,15.345080352
8001,61,42,-4110,-102,15.346267776
8001,62,52,-4058,-76,15.347455200
8001,63,28,-3866,-9,15.348642624
8001,64,11,-4019,-38,15.349830048
8002,1,7,-4229,-52,15.351017472
8002,2,10,-4076,-52,15.352204896
8002,3,20,-3946,-12,15.353392320
8002,4,20,-4102,-4,15.354579744
8002,5,35,-3999,-3,15.355767168
8002,6,22,-3766,-6,15.356954592
8002,7,51,-3918,6,15.358142016
8002,8,77,-4105,53,15.359329440
8002,9,81,-4259,69,15.360516864
8002,10,105,-4253,61,15.361704288
8002,11,71,-4152,70,15.362891712
8002,12,65,-4111,80,15.364079136
8002,13,68,-4013,143,15.365266560
8002,14,62,-4058,131,15.366453984
8002,15,41,-4258,99,15.367641408
8002,16,30,-4380,78,15.368828832
8002,17,11,-4326,34,15.370016256
8002,18,-6,-4346,85,15.371203680
8002,19,-16,-4416,69,15.372391104
8002,20,-1,-4400,73,15.373578528
8002,21,-4,-4252,36,15.374765952
8002,22,16,-4076,57,15.375953376
8002,23,35,-4131,77,15.377140800
8002,24,36,-4242,80,15.378328224
8002,25,65,-4207,59,15.379515648
8002,26,58,-4219,11,15.380703072
8002,27,39,-4170,39,15.381890496
8002,28,15,-4072,44,15.383077920
8002,29,3,-4103,63,15.384265344
8002,30,23,-4099,19,15.385452768
8002,31,13,-4028,-25,15.386640192
8002,32,26,-4035,-53,15.387827616
8002,33,25,-4165,-93,15.389015040
8002,34,2,-4171,-44,15.390202464
8002,35,-12,-4136,-68,15.391389888
8002,36,-20,-4064,-72,15.392577312
8002,37,-14,-4025,-85,15.393764736
8002,38,14,-4025,-66,15.394952160
8002,39,22,-4062,-43,15.396139584
8002,40,55,-4072,-26,15.397327008
8002,41,55,-4012,-22,15.398514432
8002,42,64,-4040,-28,15.399701856
8002,43,54,-4145,-8,15.400889280
8002,44,56,-4035,-4,15.402076704
8002,45,40,-4014,2,15.403264128
8002,46,48,-4082,-22,15.404451552
8002,47,62,-4006,-41,15.405638976
8002,48,59,-4124,-35,15.406826400
8002,49,51,-4245,-22,15.408013824
8002,50,30,-4130,-49,15.409201248
8002,51,41,-4070,-22,15.410388672
8002,52,41,-4121,-30,15.411576096
8002,53,30,-4097,-24,15.412763520
8002,54,24,-4195,12,15.413950944
8002,55,42,-4254,29,15.415138368
8002,56,27,-4096,42,15.416325792
8002,57,42,-4203,37,15.417513216
8002,58,55,-4244,72,15.418700640
8002,59,56,-4090,79,15.419888064
8002,60,68,-4144,63,15.421075488
8002,61,29,-4286,50,15.422262912
8002,62,44,-4222,56,15.423450336
8002,63,19,-4324,85,15.424637760
8002,64,20,-4393,66,15.425825184
8003,1,23,-4217,69,15.427012608
8003,2,21,-4155,42,15.428200032
8003,3,19,-4154,37,15.429387456
8003,4,16,-4248,66,15.430574880
8003,5,-5,-4265,62,15.431762304
8003,6,-1,-4251,70,15.432949728
8003,7,-6,-4253,51,15.434137152
8003,8,-9,-4208,58,15.435324576
8003,9,3,-4109,55,15.436512000
8003,10,20,-4036,63,15.437699424
8003,11,24,-4028,48,15.438886848
8003,12,19,-4095,-14,15.440074272
8003,13,26,-4221,-12,15.441261696
8003,14,23,-4183,-1,15.442449120
8003,15,25,-4175,-1,15.443636544
8003,16,31,-4174,-14,15.444823968
8003,17,31,-4024,-69,15.446011392
8003,18,40,-4017,-64,15.447198816
8003,19,55,-4146,-48,15.448386240
8003,20,60,-4057,-8,15.449573664
8003,21,51,-3932,-17,15.450761088
8003,22,35,-4070,-42,15.451948512
8003,23,37,-4103,-36,15.453135936
8003,24,27,-3915,-10,15.454323360
8003,25,11,-4050,-12,15.455510784
8003,26,26,-4121,-27,15.456698208
8003,27,37,-3997,-64,15.457885632
8003,28,34,-4098,-72,15.459073056
8003,29,49,-4228,-56,15.460260480
8003,30,35,-4104,-36,15.461447904
8003,31,48,-4068,-26,15.462635328
8003,32,64,-4051,-46,15.463822752
8003,33,48,-3978,-31,15.465010176
8003,34,63,-4190,-12,15.466197600
8003,35,60,-4305,-4,15.467385024
8003,36,48,-4254,-4,15.468572448
8003,37,43,-4286,-8,15.469759872
8003,38,45,-4331,8,15.470947296
8003,39,49,-4251,45,15.472134720
8003,40,21,-4192,76,15.473322144
8003,41,19,-4257,72,15.474509568
8003,42,17,-4307,55,15.475696992
8003,43,17,-4262,59,15.476884416
8003,44,18,-4221,69,15.478071840
8003,45,0,-4244,50,15.479259264
8003,46,12,-4261,38,15.480446688
8003,47,-1,-4174,34,15.481634112
8003,48,9,-4055,76,15.482821536
8003,49,14,-4113,72,15.484008960
8003,50,30,-4240,63,15.485196384
8003,51,33,-4222,41,15.486383808
8003,52,33,-4112,43,15.487571232
8003,53,44,-4076,49,15.488758656
8003,54,43,-4090,67,15.489946080
8003,55,43,-4112,34,15.491133504
8003,56,24,-4125,46,15.492320928
8003,57,22,-4135,16,15.493508352
8003,58,25,-4221,14,15.494695776
8003,59,23,-4221,6,15.495883200
8003,60,15,-4131,11,15.497070624
8003,61,4,-4131,-10,15.498258048
8003,62,13,-4101,-30,15.499445472
8003,63,5,-4052,9,15.500632896
8003,64,21,-3979,36,15.501820320
8004,1,22,-3986,24,15.503007744
8004,2,40,-4092,-4,15.504195168
8004,3,61,-4158,-44,15.505382592
8004,4,63,-4114,-21,15.506570016
8004,5,72,-4072,-5,15.507757440
8004,6,76,-4074,-32,15.508944864
8004,7,61,-4021,-49,15.510132288
8004,8,47,-3909,-57,15.511319712
8004,9,33,-3906,-54,15.512507136
8004,10,17,-4056,-43,15.513694560
8004,11,20,-4235,-58,15.514881984
8004,12,26,-4209,-57,15.516069408
8004,13,24,-4178,-56,15.517256832
8004,14,18,-4252,-56,15.518444256
8004,15,28,-4203,-19,15.519631680
8004,16,31,-4107,-23,15.520819104
8004,17,19,-4093,10,15.522006528
8004,18,46,-4186,23,15.523193952
8004,19,45,-4219,38,15.524381376
8004,20,62,-4233,65,15.525568800
8004,21,63,-4304,33,15.526756224
8004,22,50,-4295,35,15.527943648
8004,23,44,-4187,1,15.529131072
8004,24,35,-4164,16,15.530318496
8004,25,36,-4160,51,15.531505920
8004,26,18,-4194,33,15.532693344
8004,27,10,-4301,35,15.533880768
8004,28,21,-4271,23,15.535068192
8004,29,14,-4115,55,15.536255616
8004,30,4,-4128,56,15.537443040
8004,31,17,-4132,47,15.538630464
8004,32,12,-4132,68,15.539817888
8004,33,22,-4146,56,15.541005312
8004,34,26,-4084,93,15.542192736
8004,35,34,-4105,90,15.543380160
8004,36,37,-4160,74,15.544567584
8004,37,44,-4147,60,15.545755008
8004,38,44,-4044,30,15.546942432
8004,39,42,-4159,42,15.548129856
8004,40,32,-4175,27,15.549317280
8004,41,40,-4098,33,15.550504704
8004,42,43,-4203,14,15.551692128
8004,43,31,-4214,11,15.552879552
8004,44,49,-4061,10,15.554066976
8004,45,46,-4042,4,15.555254400
8004,46,30,-4070,6,15.556441824
8004,47,23,-4001,-36,15.557629248
8004,48,27,-4023,-8,15.558816672
8004,49,0,-4102,4,15.560004096
8004,50,6,-4067,-2,15.561191520
8004,51,14,-4026,-4,15.562378944
8004,52,24,-4084,-59,15.563566368
8004,53,28,-4169,-62,15.564753792
8004,54,51,-4166,-70,15.565941216
8004,55,59,-4104,-67,15.567128640
8004,56,51,-4103,-72,15.568316064
8004,57,39,-4103,-76,15.569503488
8004,58,40,-4066,-54,15.570690912
8004,59,43,-4067,-61,15.571878336
8004,60,27,-4112,-26,15.573065760
8004,61,44,-4071,-19,15.574253184
8004,62,26,-4090,-26,15.575440608
8004,63,19,-4203,-2,15.576628032
8004,64,22,-4157,14,15.577815456
8005,1,2,-4142,13,15.579002880
8005,2,-6,-4221,32,15.580190304
8005,3,2,-4191,14,15.581377728
8005,4,0,-4161,35,15.582565152
8005,5,-1,-4214,16,15.583752576
8005,6,16,-4317,43,15.584940000
8005,7,19,-4334,20,15.586127424
8005,8,36,-4260,13,15.587314848
8005,9,48,-4092,40,15.588502272
8005,10,65,-4035,39,15.589689696
8005,11,49,-4207,53,15.590877120
8005,12,65,-4317,32,15.592064544
8005,13,63,-4179,55,15.593251968
8005,14,44,-4203,90,15.594439392
8005,15,34,-4251,70,15.595626816
8005,16,20,-4126,70,15.596814240
8005,17,31,-4085,68,15.598001664
8005,18,-2,-4209,61,15.599189088
8005,19,-12,-4324,40,15.600376512
8005,20,-10,-4275,48,15.601563936
8005,21,-9,-4224,50,15.602751360
8005,22,2,-4207,38,15.603938784
8005,23,-4,-4252,10,15.605126208
8005,24,0,-4208,0,15.606313632
8005,25,41,-4106,10,15.607501056
8005,26,65,-4051,19,15.608688480
8005,27,72,-4035,9,15.609875904
8005,28,94,-4092,8,15.611063328
8005,29,89,-4171,-14,15.612250752
8005,30,72,-4184,-12,15.613438176
8005,31,54,-4094,-16,15.614625600
8005,32,31,-4046,-34,15.615813024
8005,33,0,-4098,-39,15.617000448
8005,34,6,-4092,-33,15.618187872
8005,35,4,-4042,-51,15.619375296
8005,36,-11,-4094,-60,15.620562720
8005,37,-29,-4076,-36,15.621750144
8005,38,-19,-3936,-10,15.622937568
8005,39,-35,-3979,-8,15.624124992
8005,40,13,-4119,-11,15.625312416
8005,41,31,-4076,-19,15.626499840
8005,42,54,-4050,-24,15.627687264
8005,43,75,-4067,-41,15.628874688
8005,44,93,-4065,-28,15.630062112
8005,45,88,-4104,-17,15.631249536
8005,46,78,-4129,-15,15.632436960
8005,47,69,-4139,-3,15.633624384
8005,48,49,-4176,-28,15.634811808
8005,49,35,-4168,-6,15.635999232
8005,50,16,-4036,-3,15.637186656
8005,51,-13,-4041,10,15.638374080
8005,52,-20,-4239,-5,15.639561504
8005,53,-30,-4260,5,15.640748928
8005,54,-17,-4181,49,15.641936352
8005,55,-7,-4189,60,15.643123776
8005,56,-16,-4151,63,15.644311200
8005,57,12,-4150,54,15.645498624
8005,58,57,-4285,25,15.646686048
8005,59,69,-4280,44,15.647873472
8005,60,93,-4224,33,15.649060896
8005,61,91,-4322,32,15.650248320
8005,62,84,-4338,34,15.651435744
8005,63,70,-4268,27,15.652623168
8005,64,66,-4296,34,15.653810592
8006,1,58,-4189,37,15.654998016
8006,2,23,-4055,33,15.656185440
8006,3,-24,-4121,53,15.657372864
8006,4,-24,-4219,35,15.658560288
8006,5,-38,-4203,70,15.659747712
8006,6,-28,-4221,58,15.660935136
8006,7,-16,-4178,60,15.662122560
8006,8,8,-4059,69,15.663309984
8006,9,10,-4026,30,15.664497408
8006,10,40,-4145,21,15.665684832
8006,11,41,-4078,10,15.666872256
8006,12,45,-3928,32,15.668059680
8006,13,58,-4016,3,15.669247104
8006,14,63,-4134,1,15.670434528
8006,15,63,-4157,-23,15.671621952
8006,16,72,-4134,-9,15.672809376
8006,17,53,-4064,-22,15.673996800
8006,18,31,-3977,-46,15.675184224
8006,19,18,-4030,-40,15.676371648
8006,20,1,-4084,-33,15.677559072
8006,21,13,-4105,-16,15.678746496
8006,22,4,-4014,-7,15.679933920
8006,23,-5,-4053,-7,15.681121344
8006,24,13,-4144,-21,15.682308768
8006,25,17,-4106,-20,15.683496192
8006,26,24,-4080,-19,15.684683616
8006,27,31,-4095,-26,15.685871040
8006,28,43,-4018,-42,15.687058464
8006,29,54,-4030,-49,15.688245888
8006,30,48,-4124,-49,15.689433312
8006,31,46,-4191,-54,15.690620736
8006,32,46,-4214,-53,15.691808160
8006,33,55,-4202,-54,15.692995584
8006,34,66,-4177,-21,15.694183008
8006,35,66,-4268,-33,15.695370432
8006,36,55,-4225,3,15.696557856
8006,37,43,-4065,11,15.697745280
8006,38,39,-4108,20,15.698932704
8006,39,4,-4226,31,15.700120128
8006,40,-17,-4282,44,15.701307552
8006,41,5,-4310,85,15.702494976
8006,42,-10,-4306,80,15.703682400
8006,43,0,-4255,96,15.704869824
8006,44,9,-4228,60,15.706057248
8006,45,22,-4196,68,15.707244672
8006,46,35,-4211,60,15.708432096
8006,47,26,-4241,57,15.709619520
8006,48,42,-4272,48,15.710806944
8006,49,50,-4264,73,15.711994368
8006,50,63,-4292,90,15.713181792
8006,51,76,-4231,70,15.714369216
8006,52,64,-4209,63,15.715556640
8006,53,53,-4173,20,15.716744064
8006,54,28,-4165,44,15.717931488
8006,55,-2,-4217,41,15.719118912
8006,56,-14,-4282,62,15.720306336
8006,57,-20,-4220,36,15.721493760
8006,58,-36,-4116,32,15.722681184
8006,59,-14,-4060,29,15.723868608
8006,60,-11,-4047,28,15.725056032
8006,61,14,-3979,-9,15.726243456
8006,62,47,-4002,-33,15.727430880
8006,63,42,-4105,-52,15.728618304
8006,64,53,-4102,-48,15.729805728
8007,1,66,-4132,-40,15.730993152
8007,2,60,-4152,-48,15.732180576
8007,3,72,-4020,-39,15.733368000
8007,4,85,-3994,-68,15.734555424
8007,5,59,-4094,-66,15.735742848
8007,6,59,-4038,-53,15.736930272
8007,7,47,-4045,-45,15.738117696
8007,8,21,-4099,-46,15.739305120
8007,9,11,-4068,-49,15.740492544
8007,10,-8,-4010,-32,15.741679968
8007,11,-19,-4006,-15,15.742867392
8007,12,-14,-4028,-23,15.744054816
8007,13,-7,-4119,-40,15.745242240
8007,14,2,-4195,-36,15.746429664
8007,15,43,-4130,1,15.747617088
8007,16,63,-4103,7,15.748804512
8007,17,75,-4138,11,15.749991936
8007,18,70,-4097,9,15.751179360
8007,19,65,-4118,13,15.752366784
8007,20,69,-4139,54,15.753554208
8007,21,63,-4169,56,15.754741632
8007,22,64,-4190,54,15.755929056
8007,23,42,-4165,36,15.757116480
8007,24,27,-4119,52,15.758303904
8007,25,-5,-4181,49,15.759491328
8007,26,-6,-4186,51,15.760678752
8007,27,-17,-4159,66,15.761866176
8007,28,-15,-4202,74,15.763053600
8007,29,-17,-4256,51,15.764241024
8007,30,-3,-4281,57,15.765428448
8007,31,16,-4208,66,15.766615872
8007,32,28,-4144,71,15.767803296
8007,33,54,-4139,64,15.768990720
8007,34,52,-4167,46,15.770178144
8007,35,43,-4181,57,15.771365568
8007,36,69,-4242,43,15.772552992
8007,37,61,-4253,43,15.773740416
8007,38,67,-4213,24,15.774927840
8007,39,53,-4201,2,15.776115264
8007,40,37,-4146,6,15.777302688
8007,41,27,-4126,-5,15.778490112
8007,42,17,-4150,-16,15.779677536
8007,43,27,-4120,-7,15.780864960
8007,44,5,-4132,-10,15.782052384
8007,45,11,-4191,-4,15.783239808
8007,46,8,-4122,-17,15.784427232
8007,47,17,-4056,-9,15.785614656
8007,48,33,-4056,-12,15.786802080
8007,49,44,-4032,-25,15.787989504
8007,50,49,-4054,-35,15.789176928
8007,51,48,-4106,-27,15.790364352
8007,52,64,-4147,-48,15.791551776
8007,53,60,-4158,-43,15.792739200
8007,54,49,-4131,-41,15.793926624
8007,55,51,-4074,-26,15.795114048
8007,56,50,-4087,-21,15.796301472
8007,57,56,-4090,-33,15.797488896
8007,58,61,-4068,-38,15.798676320
8007,59,40,-4100,-41,15.799863744
8007,60,18,-4151,1,15.801051168
8007,61,22,-4160,3,15.802238592
8007,62,17,-4238,8,15.803426016
8007,63,-24,-4165,16,15.804613440
8007,64,-5,-4111,29,15.805800864
8008,1,10,-4183,16,15.806988288
8008,2,4,-4170,42,15.808175712
8008,3,2,-4144,28,15.809363136
8008,4,14,-4212,9,15.810550560
8008,5,30,-4224,12,15.811737984
8008,6,35,-4130,61,15.812925408
8008,7,35,-4146,39,15.814112832
8008,8,45,-4206,25,15.815300256
8008,9,58,-4106,24,15.816487680
8008,10,45,-4135,15,15.817675104
8008,11,34,-4230,48,15.818862528
8008,12,19,-4174,35,15.820049952
8008,13,13,-4184,61,15.821237376
8008,14,4,-4257,36,15.822424800
8008,15,2,-4180,61,15.823612224
8008,16,-1,-4111,62,15.824799648
8008,17,15,-4115,60,15.825987072
8008,18,14,-4098,35,15.827174496
8008,19,20,-4134,41,15.828361920
8008,20,14,-4177,42,15.829549344
8008,21,38,-4167,45,15.830736768
8008,22,45,-4157,37,15.831924192
8008,23,50,-4125,9,15.833111616
8008,24,67,-4075,0,15.834299040
8008,25,71,-4056,-19,15.835486464
8008,26,76,-4108,-21,15.836673888
8008,27,79,-4150,-33,15.837861312
8008,28,60,-4157,-32,15.839048736
8008,29,44,-4091,-33,15.840236160
8008,30,37,-4084,-19,15.841423584
8008,31,13,-4131,-3,15.842611008
8008,32,8,-4113,-23,15.843798432
8008,33,-6,-4073,-27,15.844985856
8008,34,-16,-4104,-25,15.846173280
8008,35,-15,-4111,-22,15.847360704
8008,36,1,-4100,-22,15.848548128
8008,37,1,-4150,-44,15.849735552
8008,38,18,-4127,-47,15.850922976
8008,39,33,-4070,-42,15.852110400
8008,40,70,-4105,-42,15.853297824
8008,41,91,-4146,-65,15.854485248
8008,42,79,-4168,-39,15.855672672
8008,43,87,-4185,-53,15.856860096
8008,44,77,-4198,-35,15.858047520
8008,45,46,-4235,-13,15.859234944
8008,46,36,-4179,20,15.860422368
8008,47,-1,-4158,21,15.861609792
8008,48,-4,-4200,43,15.862797216
8008,49,-13,-4225,28,15.863984640
8008,50,-17,-4220,35,15.865172064
8008,51,-21,-4204,72,15.866359488
8008,52,9,-4163,52,15.867546912
8008,53,14,-4236,57,15.868734336
8008,54,32,-4238,37,15.869921760
8008,55,42,-4186,66,15.871109184
8008,56,56,-4144,50,15.872296608
8008,57,54,-4149,73,15.873484032
8008,58,74,-4169,29,15.874671456
8008,59,71,-4159,59,15.875858880
8008,60,92,-4110,44,15.877046304
8008,61,62,-4161,46,15.878233728
8008,62,61,-4183,35,15.879421152
8008,63,34,-4144,55,15.880608576
8008,64,18,-4154,46,15.881796000
8009,1,0,-4134,70,15.882983424
8009,2,-2,-4135,42,15.884170848
8009,3,-9,-4188,36,15.885358272
8009,4,6,-4112,20,15.886545696
8009,5,30,-4088,-5,15.887733120
8009,6,32,-4120,6,15.888920544
8009,7,21,-4150,-16,15.890107968
8009,8,35,-4153,-27,15.891295392
8009,9,43,-4156,-38,15.892482816
8009,10,71,-4120,-25,15.893670240
8009,11,80,-4101,-27,15.894857664
8009,12,84,-4069,-25,15.896045088
8009,13,68,-4006,-38,15.897232512
8009,14,60,-4035,-64,15.898419936
8009,15,19,-4074,-56,15.899607360
8009,16,16,-4009,-34,15.900794784
8009,17,-4,-4008,-21,15.901982208
8009,18,-1,-4093,-27,15.903169632
8009,19,-10,-4126,-20,15.904357056
8009,20,-10,-4097,-24,15.905544480
8009,21,-5,-4064,-15,15.906731904
8009,22,5,-4065,-42,15.907919328
8009,23,10,-4142,-40,15.909106752
8009,24,13,-4159,-31,15.910294176
8009,25,27,-4112,8,15.911481600
8009,26,37,-4111,15,15.912669024
8009,27,64,-4150,11,15.913856448
8009,28,65,-4166,21,15.915043872
8009,29,63,-4084,2,15.916231296
8009,30,50,-4145,20,15.917418720
8009,31,43,-4237,27,15.918606144
8009,32,47,-4231,32,15.919793568
8009,33,28,-4193,39,15.920980992
8009,34,14,-4204,67,15.922168416
8009,35,16,-4201,46,15.923355840
8009,36,10,-4184,44,15.924543264
8009,37,22,-4190,46,15.925730688
8009,38,-4,-4153,46,15.926918112
8009,39,-2,-4178,69,15.928105536
8009,40,18,-4205,41,15.929292960
8009,41,16,-4221,87,15.930480384
8009,42,15,-4240,53,15.931667808
8009,43,42,-4175,49,15.932855232
8009,44,67,-4143,35,15.934042656
8009,45,59,-4178,23,15.935230080
8009,46,56,-4182,23,15.936417504
8009,47,76,-4157,0,15.937604928
8009,48,77,-4235,36,15.938792352
8009,49,40,-4190,5,15.939979776
8009,50,49,-4136,19,15.941167200
8009,51,30,-4163,10,15.942354624
8009,52,8,-4185,5,15.943542048
8009,53,3,-4213,-10,15.944729472
8009,54,-15,-4183,-9,15.945916896
8009,55,-7,-4080,31,15.947104320
8009,56,-11,-4056,-3,15.948291744
8009,57,4,-4133,-1,15.949479168
8009,58,11,-4114,-20,15.950666592
8009,59,18,-4076,-12,15.951854016
8009,60,30,-4108,-22,15.953041440
8009,61,61,-4119,-15,15.954228864
8009,62,69,-4113,-40,15.955416288
8009,63,67,-4095,-35,15.956603712
8009,64,70,-4091,-63,15.957791136
8010,1,67,-4101,-60,15.958978560
8010,2,50,-4066,-36,15.960165984
8010,3,42,-4056,-37,15.961353408
8010,4,10,-4134,-9,15.962540832
8010,5,24,-4143,-34,15.963728256
8010,6,13,-4105,-13,15.964915680
8010,7,-7,-4070,-16,15.966103104
8010,8,10,-4038,3,15.967290528
8010,9,-1,-4082,9,15.968477952
8010,10,11,-4135,0,15.969665376
8010,11,5,-4111,44,15.970852800
8010,12,44,-4115,38,15.972040224
8010,13,49,-4183,34,15.973227648
8010,14,46,-4210,21,15.974415072
8010,15,68,-4149,-3,15.975602496
8010,16,80,-4132,18,15.976789920
8010,17,76,-4185,-8,15.977977344
8010,18,68,-4198,15,15.979164768
8010,19,58,-4224,26,15.980352192
8010,20,41,-4209,52,15.981539616
8010,21,28,-4189,61,15.982727040
8010,22,17,-4199,33,15.983914464
8010,23,-5,-4195,36,15.985101888
8010,24,-23,-4179,43,15.986289312
8010,25,-4,-4177,47,15.987476736
8010,26,-13,-4195,56,15.988664160
8010,27,1,-4194,79,15.989851584
8010,28,6,-4194,65,15.991039008
8010,29,16,-4221,46,15.992226432
8010,30,29,-4184,32,15.993413856
8010,31,33,-4153,23,15.994601280
8010,32,74,-4129,15,15.995788704
8010,33,63,-4127,14,15.996976128
8010,34,72,-4138,-5,15.998163552
8010,35,74,-4171,8,15.999350976
8010,36,51,-4105,9,16.000538400
8010,37,32,-4074,3,16.001725824
8010,38,32,-4121,-6,16.002913248
8010,39,25,-4152,-17,16.004100672
8010,40,7,-4098,-13,16.005288096
8010,41,7,-4052,-2,16.006475520
8010,42,21,-4094,-20,16.007662944
8010,43,22,-4115,-32,16.008850368
8010,44,5,-4098,-8,16.010037792
8010,45,9,-4135,-6,16.011225216
8010,46,19,-4156,-17,16.012412640
8010,47,41,-4118,-21,16.013600064
8010,48,61,-4082,-26,16.014787488
8010,49,70,-4040,-11,16.015974912
8010,50,73,-4018,-40,16.017162336
8010,51,54,-4064,-37,16.018349760
8010,52,63,-4134,-32,16.019537184
8010,53,61,-4153,-12,16.020724608
8010,54,45,-4162,9,16.021912032
8010,55,47,-4170,14,16.023099456
8010,56,45,-4156,17,16.024286880
8010,57,41,-4157,-9,16.025474304
8010,58,28,-4158,5,16.026661728
8010,59,6,-4173,9,16.027849152
8010,60,3,-4175,21,16.029036576
8010,61,-12,-4179,31,16.030224000
8010,62,-1,-4200,27,16.031411424
8010,63,13,-4191,35,16.032598848
8010,64,37,-4178,37,16.033786272
8011,1,48,-4192,34,16.034973696
8011,2,56,-4168,38,16.036161120
8011,3,60,-4148,18,16.037348544
8011,4,65,-4188,26,16.038535968
8011,5,58,-4190,49,16.039723392
8011,6,64,-4175,43,16.040910816
8011,7,49,-4162,66,16.042098240
8011,8,31,-4214,52,16.043285664
8011,9,31,-4219,47,16.044473088
8011,10,11,-4178,36,16.045660512
8011,11,-9,-4144,17,16.046847936
8011,12,3,-4203,36,16.048035360
8011,13,-13,-4147,50,16.049222784
8011,14,-10,-4095,42,16.050410208
8011,15,-13,-4122,59,16.051597632
8011,16,5,-4147,33,16.052785056
8011,17,22,-4087,16,16.053972480
8011,18,43,-4066,5,16.055159904
8011,19,48,-4111,-10,16.056347328
8011,20,63,-4152,-4,16.057534752
8011,21,70,-4131,4,16.058722176
8011,22,74,-4103,3,16.059909600
8011,23,69,-4126,-6,16.061097024
8011,24,54,-4112,-13,16.062284448
8011,25,40,-4086,-25,16.063471872
8011,26,43,-4075,-23,16.064659296
8011,27,8,-4079,-40,16.065846720
8011,28,1,-4066,-26,16.067034144
8011,29,1,-4085,-35,16.068221568
8011,30,-11,-4102,-20,16.069408992
8011,31,-4,-4133,-17,16.070596416
8011,32,15,-4160,-39,16.071783840
8011,33,23,-4175,-31,16.072971264
8011,34,47,-4136,-33,16.074158688
8011,35,60,-4128,-6,16.075346112
8011,36,63,-4165,-46,16.076533536
8011,37,74,-4205,-28,16.077720960
8011,38,66,-4187,-17,16.078908384
8011,39,76,-4181,-7,16.080095808
8011,40,69,-4192,-14,16.081283232
8011,41,40,-4192,1,16.082470656
8011,42,34,-4169,19,16.083658080
8011,43,37,-4169,14,16.084845504
8011,44,18,-4138,-4,16.086032928
8011,45,2,-4099,33,16.087220352
8011,46,-4,-4140,33,16.088407776
8011,47,-22,-4195,38,16.089595200
8011,48,2,-4194,39,16.090782624
8011,49,-6,-4156,53,16.091970048
8011,50,20,-4177,64,16.093157472
8011,51,25,-4171,69,16.094344896
8011,52,51,-4130,59,16.095532320
8011,53,63,-4158,49,16.096719744
8011,54,60,-4206,32,16.097907168
8011,55,52,-4217,26,16.099094592
8011,56,42,-4218,56,16.100282016
8011,57,53,-4186,46,16.101469440
8011,58,52,-4131,70,16.102656864
8011,59,37,-4109,46,16.103844288
8011,60,37,-4115,38,16.105031712
8011,61,26,-4106,35,16.106219136
8011,62,24,-4122,17,16.107406560
8011,63,12,-4143,30,16.108593984
8011,64,-4,-4165,37,16.109781408
8012,1,6,-4160,36,16.110968832
8012,2,8,-4131,22,16.112156256
8012,3,22,-4132,-1,16.113343680
8012,4,21,-4111,0,16.114531104
8012,5,29,-4041,-40,16.115718528
8012,6,54,-4071,-24,16.116905952
8012,7,51,-4129,-34,16.118093376
8012,8,44,-4147,-15,16.119280800
8012,9,60,-4143,-25,16.120468224
8012,10,53,-4112,-15,16.121655648
8012,11,63,-4053,-40,16.122843072
8012,12,67,-4071,-34,16.124030496
8012,13,57,-4131,-67,16.125217920
8012,14,41,-4144,-49,16.126405344
8012,15,32,-4119,-18,16.127592768
8012,16,21,-4135,-22,16.128780192
8012,17,-5,-4163,-3,16.129967616
8012,18,-7,-4110,-26,16.131155040
8012,19,0,-4120,8,16.132342464
8012,20,3,-4136,-5,16.133529888
8012,21,15,-4128,22,16.134717312
8012,22,18,-4119,14,16.135904736
8012,23,48,-4139,8,16.137092160
8012,24,47,-4204,7,16.138279584
8012,25,54,-4185,5,16.139467008
8012,26,47,-4175,24,16.140654432
8012,27,58,-4165,33,16.141841856
8012,28,65,-4161,29,16.143029280
8012,29,58,-4171,32,16.144216704
8012,30,70,-4172,28,16.145404128
8012,31,49,-4169,39,16.146591552
8012,32,23,-4154,36,16.147778976
8012,33,5,-4171,57,16.148966400
8012,34,-13,-4174,66,16.150153824
8012,35,-21,-4211,83,16.151341248
8012,36,-10,-4197,45,16.152528672
8012,37,-17,-4151,66,16.153716096
8012,38,2,-4110,68,16.154903520
8012,39,14,-4122,48,16.156090944
8012,40,25,-4145,31,16.157278368
8012,41,40,-4172,13,16.158465792
8012,42,62,-4180,24,16.159653216
8012,43,74,-4184,9,16.160840640
8012,44,79,-4189,37,16.162028064
8012,45,65,-4196,-4,16.163215488
8012,46,73,-4178,-35,16.164402912
8012,47,66,-4122,5,16.165590336
8012,48,53,-4082,-12,16.166777760
8012,49,35,-4110,-16,16.167965184
8012,50,7,-4127,-22,16.169152608
8012,51,-1,-4137,-8,16.170340032
8012,52,-3,-4132,5,16.171527456
8012,53,-3,-4156,10,16.172714880
8012,54,3,-4147,18,16.173902304
8012,55,11,-4127,4,16.175089728
8012,56,42,-4079,-28,16.176277152
8012,57,29,-4132,-40,16.177464576
8012,58,48,-4167,-43,16.178652000
8012,59,69,-4139,-20,16.179839424
8012,60,74,-4114,-9,16.181026848
8012,61,67,-4123,-21,16.182214272
8012,62,60,-4120,-36,16.183401696
8012,63,59,-4080,-27,16.184589120
8012,64,69,-4039,-34,16.185776544
8013,1,52,-4040,0,16.186963968
8013,2,27,-4087,-21,16.188151392
8013,3,-3,-4149,6,16.189338816
8013,4,-21,-4160,20,16.190526240
8013,5,-23,-4170,34,16.191713664
8013,6,-2,-4185,45,16.192901088
8013,7,3,-4139,18,16.194088512
8013,8,-1,-4109,21,16.195275936
8013,9,8,-4110,6,16.196463360
8013,10,25,-4168,34,16.197650784
8013,11,24,-4159,21,16.198838208
8013,12,21,-4149,61,16.200025632
8013,13,41,-4172,38,16.201213056
8013,14,46,-4184,21,16.202400480
8013,15,74,-4193,7,16.203587904
8013,16,74,-4163,29,16.204775328
8013,17,62,-4118,19,16.205962752
8013,18,42,-4142,48,16.207150176
8013,19,21,-4196,33,16.208337600
8013,20,-7,-4207,61,16.209525024
8013,21,-3,-4200,58,16.210712448
8013,22,6,-4177,40,16.211899872
8013,23,3,-4169,36,16.213087296
8013,24,-7,-4180,33,16.214274720
8013,25,11,-4121,22,16.215462144
8013,26,14,-4103,39,16.216649568
8013,27,38,-4143,8,16.217836992
8013,28,53,-4172,23,16.219024416
8013,29,65,-4133,11,16.220211840
8013,30,58,-4136,-16,16.221399264
8013,31,68,-4141,0,16.222586688
8013,32,88,-4186,-18,16.223774112
8013,33,76,-4144,-20,16.224961536
8013,34,61,-4062,-30,16.226148960
8013,35,45,-4101,-28,16.227336384
8013,36,34,-4167,-35,16.228523808
8013,37,24,-4174,-32,16.229711232
8013,38,-6,-4136,4,16.230898656
8013,39,-26,-4110,11,16.232086080
8013,40,-8,-4130,13,16.233273504
8013,41,-17,-4116,7,16.234460928
8013,42,-9,-4046,-9,16.235648352
8013,43,13,-4069,-20,16.236835776
8013,44,27,-4147,-23,16.238023200
8013,45,29,-4142,-30,16.239210624
8013,46,61,-4120,-21,16.240398048
8013,47,65,-4138,-13,16.241585472
8013,48,80,-4152,-20,16.242772896
8013,49,72,-4153,-32,16.243960320
8013,50,72,-4134,-13,16.245147744
8013,51,74,-4102,-10,16.246335168
8013,52,56,-4125,-4,16.247522592
8013,53,19,-4197,11,16.248710016
8013,54,5,-4202,23,16.249897440
8013,55,-11,-4187,51,16.251084864
8013,56,-9,-4196,39,16.252272288
8013,57,3,-4195,32,16.253459712
8013,58,-8,-4107,38,16.254647136
8013,59,-9,-4095,37,16.255834560
8013,60,27,-4169,26,16.257021984
8013,61,32,-4244,37,16.258209408
8013,62,32,-4191,49,16.259396832
8013,63,46,-4160,42,16.260584256
8013,64,52,-4179,53,16.261771680
8014,1,79,-4162,24,16.262959104
8014,2,84,-4122,24,16.264146528
8014,3,78,-4142,18,16.265333952
8014,4,81,-4134,6,16.266521376
8014,5,49,-4135,32,16.267708800
8014,6,40,-4172,33,16.268896224
8014,7,18,-4170,35,16.270083648
8014,8,-3,-4163,22,16.271271072
8014,9,-1,-4141,34,16.272458496
8014,10,-3,-4114,29,16.273645920
8014,11,-3,-4091,26,16.274833344
8014,12,3,-4121,-8,16.276020768
8014,13,-1,-4174,-2,16.277208192
8014,14,13,-4162,-19,16.278395616
8014,15,26,-4144,5,16.279583040
8014,16,32,-4092,-7,16.280770464
8014,17,57,-4090,-26,16.281957888
8014,18,68,-4104,-22,16.283145312
8014,19,65,-4141,-33,16.284332736
8014,20,62,-4111,-14,16.285520160
8014,21,58,-4080,-42,16.286707584
8014,22,44,-4112,-29,16.287895008
8014,23,18,-4150,-23,16.289082432
8014,24,18,-4156,-10,16.290269856
8014,25,6,-4151,7,16.291457280
8014,26,8,-4123,14,16.292644704
8014,27,3,-4111,4,16.293832128
8014,28,0,-4132,-21,16.295019552
8014,29,3,-4119,-13,16.296206976
8014,30,9,-4148,-12,16.297394400
8014,31,7,-4142,2,16.298581824
8014,32,25,-4153,3,16.299769248
8014,33,52,-4148,26,16.300956672
8014,34,47,-4138,25,16.302144096
8014,35,66,-4171,19,16.303331520
8014,36,71,-4167,13,16.304518944
8014,37,63,-4112,1,16.305706368
8014,38,51,-4128,4,16.306893792
8014,39,48,-4193,2,16.308081216
8014,40,35,-4232,37,16.309268640
8014,41,24,-4189,47,16.310456064
8014,42,21,-4164,57,16.311643488
8014,43,4,-4174,32,16.312830912
8014,44,-4,-4157,43,16.314018336
8014,45,-2,-4094,32,16.315205760
8014,46,7,-4128,53,16.316393184
8014,47,3,-4171,25,16.317580608
8014,48,20,-4181,47,16.318768032
8014,49,11,-4161,45,16.319955456
8014,50,25,-4149,37,16.321142880
8014,51,46,-4148,29,16.322330304
8014,52,67,-4181,9,16.323517728
8014,53,77,-4156,9,16.324705152
8014,54,64,-4113,21,16.325892576
8014,55,59,-4115,-8,16.327080000
8014,56,38,-4155,14,16.328267424
8014,57,37,-4159,0,16.329454848
8014,58,27,-4132,20,16.330642272
8014,59,12,-4133,9,16.331829696
8014,60,8,-4131,-9,16.333017120
8014,61,-11,-4095,-9,16.334204544
8014,62,1,-4059,3,16.335391968
8014,63,-2,-4112,-11,16.336579392
8014,64,-11,-4180,-3,16.337766816
8015,1,-7,-4141,-7,16.338954240
8015,2,22,-4107,-4,16.340141664
8015,3,8,-4109,-15,16.341329088
8015,4,40,-4159,-24,16.342516512
8015,5,57,-4131,-22,16.343703936
8015,6,67,-4120,-16,16.344891360
8015,7,64,-4076,-38,16.346078784
8015,8,59,-4097,-20,16.347266208
8015,9,53,-4133,-29,16.348453632
8015,10,42,-4142,7,16.349641056
8015,11,40,-4141,2,16.350828480
8015,12,23,-4140,10,16.352015904
8015,13,8,-4130,19,16.353203328
8015,14,-2,-4112,17,16.354390752
8015,15,-8,-4116,24,16.355578176
8015,16,2,-4187,5,16.356765600
8015,17,7,-4183,31,16.357953024
8015,18,13,-4126,37,16.359140448
8015,19,12,-4144,42,16.360327872
8015,20,34,-4163,16,16.361515296
8015,21,48,-4174,12,16.362702720
8015,22,64,-4175,18,16.363890144
8015,23,71,-4165,21,16.365077568
8015,24,78,-4148,17,16.366264992
8015,25,62,-4165,35,16.367452416
8015,26,63,-4177,23,16.368639840
8015,27,42,-4161,37,16.369827264
8015,28,38,-4160,26,16.371014688
8015,29,14,-4163,29,16.372202112
8015,30,25,-4174,28,16.373389536
8015,31,4,-4148,16,16.374576960
8015,32,21,-4150,12,16.375764384
8015,33,17,-4183,34,16.376951808
8015,34,0,-4180,20,16.378139232
8015,35,-1,-4139,35,16.379326656
8015,36,10,-4133,18,16.380514080
8015,37,18,-4154,16,16.381701504
8015,38,30,-4164,5,16.382888928
8015,39,53,-4130,-9,16.384076352
8015,40,67,-4096,-11,16.385263776
8015,41,68,-4119,-19,16.386451200
8015,42,75,-4139,-16,16.387638624
8015,43,75,-4123,-24,16.388826048
8015,44,58,-4144,-7,16.390013472
8015,45,42,-4155,-14,16.391200896
8015,46,39,-4152,-1,16.392388320
8015,47,21,-4113,-8,16.393575744
8015,48,3,-4068,-19,16.394763168
8015,49,-9,-4086,-6,16.395950592
8015,50,-6,-4126,0,16.397138016
8015,51,-13,-4153,3,16.398325440
8015,52,-15,-4151,9,16.399512864
8015,53,-4,-4118,12,16.400700288
8015,54,35,-4143,5,16.401887712
8015,55,62,-4158,-14,16.403075136
8015,56,51,-4146,-19,16.404262560
8015,57,77,-4098,-12,16.405449984
8015,58,76,-4122,-1,16.406637408
8015,59,58,-4139,-4,16.407824832
8015,60,60,-4155,-1,16.409012256
8015,61,52,-4162,5,16.410199680
8015,62,38,-4175,17,16.411387104
8015,63,24,-4152,45,16.412574528
8015,64,20,-4151,36,16.413761952
8016,1,10,-4097,21,16.414949376
8016,2,12,-4117,20,16.416136800
8016,3,-11,-4184,13,16.417324224
8016,4,2,-4197,40,16.418511648
8016,5,-12,-4170,29,16.419699072
8016,6,21,-4176,70,16.420886496
8016,7,18,-4193,26,16.422073920
8016,8,29,-4198,39,16.423261344
8016,9,55,-4157,32,16.424448768
8016,10,71,-4105,9,16.425636192
8016,11,62,-4123,21,16.426823616
8016,12,41,-4181,4,16.428011040
8016,13,65,-4190,37,16.429198464
8016,14,45,-4159,20,16.430385888
8016,15,28,-4149,25,16.431573312
8016,16,32,-4168,20,16.432760736
8016,17,24,-4149,24,16.433948160
8016,18,24,-4097,15,16.435135584
8016,19,19,-4138,9,16.436323008
8016,20,0,-4173,6,16.437510432
8016,21,-10,-4138,20,16.438697856
8016,22,-14,-4118,-4,16.439885280
8016,23,12,-4136,18,16.441072704
8016,24,29,-4134,5,16.442260128
8016,25,15,-4114,3,16.443447552
8016,26,51,-4109,-11,16.444634976
8016,27,58,-4089,-8,16.445822400
8016,28,68,-4104,-29,16.447009824
8016,29,66,-4136,-12,16.448197248
8016,30,50,-4136,-2,16.449384672
8016,31,49,-4137,-19,16.450572096
8016,32,41,-4156,-22,16.451759520
8016,33,30,-4144,-13,16.452946944
8016,34,21,-4108,-13,16.454134368
8016,35,30,-4083,-10,16.455321792
8016,36,18,-4125,-19,16.456509216
8016,37,-9,-4144,13,16.457696640
8016,38,-21,-4148,19,16.458884064
8016,39,-11,-4135,14,16.460071488
8016,40,-4,-4140,12,16.461258912
8016,41,17,-4152,4,16.462446336
8016,42,40,-4158,-4,16.463633760
8016,43,67,-4105,-6,16.464821184
8016,44,74,-4110,0,16.466008608
8016,45,58,-4140,4,16.467196032
8016,46,64,-4192,5,16.468383456
8016,47,52,-4187,24,16.469570880
8016,48,63,-4181,29,16.470758304
8016,49,44,-4168,31,16.471945728
8016,50,59,-4155,22,16.473133152
8016,51,34,-4133,19,16.474320576
8016,52,22,-4131,29,16.475508000
8016,53,8,-4197,30,16.476695424
8016,54,-6,-4194,32,16.477882848
8016,55,-14,-4166,54,16.479070272
8016,56,-17,-4183,44,16.480257696
8016,57,12,-4180,40,16.481445120
8016,58,28,-4164,20,16.482632544
8016,59,42,-4148,28,16.483819968
8016,60,45,-4131,19,16.485007392
8016,61,51,-4149,11,16.486194816
8016,62,66,-4178,13,16.487382240
8016,63,65,-4202,9,16.488569664
8016,64,68,-4166,14,16.489757088
8017,1,56,-4150,3,16.490944512
8017,2,41,-4125,-2,16.492131936
8017,3,39,-4105,1,16.493319360
8017,4,34,-4088,-12,16.494506784
8017,5,30,-4119,10,16.495694208
8017,6,14,-4159,0,16.496881632
8017,7,20,-4129,19,16.498069056
8017,8,0,-4120,20,16.499256480
8017,9,-21,-4124,3,16.500443904
8017,10,-5,-4090,-8,16.501631328
8017,11,12,-4125,-1,16.502818752
8017,12,32,-4125,3,16.504006176
8017,13,51,-4092,-21,16.505193600
8017,14,63,-4137,13,16.506381024
8017,15,50,-4149,-9,16.507568448
8017,16,61,-4128,1,16.508755872
8017,17,53,-4141,-13,16.509943296
8017,18,47,-4141,4,16.511130720
8017,19,56,-4153,-5,16.512318144
8017,20,61,-4135,-4,16.513505568
8017,21,44,-4125,-2,16.514692992
8017,22,30,-4121,9,16.515880416
8017,23,12,-4147,11,16.517067840
8017,24,-1,-4128,9,16.518255264
8017,25,-4,-4135,33,16.519442688
8017,26,-3,-4178,30,16.520630112
8017,27,-2,-4180,33,16.521817536
8017,28,10,-4190,6,16.523004960
8017,29,34,-4166,10,16.524192384
8017,30,40,-4127,18,16.525379808
8017,31,49,-4120,8,16.526567232
8017,32,59,-4135,9,16.527754656
8017,33,46,-4159,21,16.528942080
8017,34,62,-4182,6,16.530129504
8017,35,61,-4190,26,16.531316928
8017,36,63,-4165,11,16.532504352
8017,37,60,-4133,2,16.533691776
8017,38,41,-4093,15,16.534879200
8017,39,19,-4135,24,16.536066624
8017,40,-9,-4177,20,16.537254048
8017,41,-22,-4176,27,16.538441472
8017,42,-25,-4169,36,16.539628896
8017,43,3,-4191,30,16.540816320
8017,44,15,-4179,33,16.542003744
8017,45,5,-4158,18,16.543191168
8017,46,13,-4129,15,16.544378592
8017,47,42,-4122,-11,16.545566016
8017,48,36,-4156,14,16.546753440
8017,49,46,-4175,3,16.547940864
8017,50,54,-4173,19,16.549128288
8017,51,62,-4166,22,16.550315712
8017,52,74,-4153,15,16.551503136
8017,53,76,-4144,-4,16.552690560
8017,54,59,-4105,-16,16.553877984
8017,55,63,-4102,-12,16.555065408
8017,56,27,-4164,-21,16.556252832
8017,57,12,-4161,-1,16.557440256
8017,58,-5,-4156,-3,16.558627680
8017,59,-23,-4137,14,16.559815104
8017,60,-17,-4119,18,16.561002528
8017,61,-4,-4110,15,16.562189952
8017,62,15,-4141,-3,16.563377376
8017,63,31,-4125,-4,16.564564800
8017,64,44,-4128,4,16.565752224
8018,1,48,-4154,-1,16.566939648
8018,2,52,-4138,-4,16.568127072
8018,3,68,-4150,8,16.569314496
8018,4,48,-4145,-9,16.570501920
8018,5,52,-4137,-15,16.571689344
8018,6,57,-4126,-9,16.572876768
8018,7,78,-4104,-13,16.574064192
8018,8,66,-4122,0,16.575251616
8018,9,50,-4148,-3,16.576439040
8018,10,14,-4139,37,16.577626464
8018,11,8,-4123,24,16.578813888
8018,12,-16,-4148,60,16.580001312
8018,13,-29,-4137,34,16.581188736
8018,14,-11,-4170,43,16.582376160
8018,15,-9,-4171,20,16.583563584
8018,16,13,-4114,35,16.584751008
8018,17,46,-4122,7,16.585938432
8018,18,41,-4166,6,16.587125856
8018,19,59,-4186,12,16.588313280
8018,20,55,-4173,21,16.589500704
8018,21,70,-4185,31,16.590688128
8018,22,69,-4187,7,16.591875552
8018,23,60,-4173,18,16.593062976
8018,24,73,-4123,-2,16.594250400
8018,25,50,-4131,11,16.595437824
8018,26,34,-4181,-6,16.596625248
8018,27,36,-4157,4,16.597812672
8018,28,5,-4140,35,16.599000096
8018,29,-18,-4145,30,16.600187520
8018,30,-21,-4161,30,16.601374944
8018,31,-10,-4169,6,16.602562368
8018,32,1,-4148,8,16.603749792
8018,33,14,-4097,3,16.604937216
8018,34,34,-4124,-7,16.606124640
8018,35,43,-4169,-14,16.607312064
8018,36,49,-4175,10,16.608499488
8018,37,53,-4166,14,16.609686912
8018,38,63,-4176,2,16.610874336
8018,39,76,-4134,4,16.612061760
8018,40,61,-4084,-13,16.613249184
8018,41,47,-4064,-13,16.614436608
8018,42,56,-4125,-29,16.615624032
8018,43,52,-4158,4,16.616811456
8018,44,29,-4125,18,16.617998880
8018,45,18,-4118,20,16.619186304
8018,46,-12,-4144,29,16.620373728
8018,47,-8,-4151,23,16.621561152
8018,48,-4,-4146,-3,16.622748576
8018,49,-16,-4124,11,16.623936000
8018,50,5,-4097,7,16.625123424
8018,51,35,-4121,-5,16.626310848
8018,52,50,-4157,10,16.627498272
8018,53,53,-4113,-9,16.628685696
8018,54,64,-4135,24,16.629873120
8018,55,70,-4129,-15,16.631060544
8018,56,79,-4130,12,16.632247968
8018,57,73,-4128,-11,16.633435392
8018,58,65,-4112,3,16.634622816
8018,59,62,-4143,0,16.635810240
8018,60,41,-4184,9,16.636997664
8018,61,24,-4149,9,16.638185088
8018,62,5,-4147,18,16.639372512
8018,63,-6,-4145,22,16.640559936
8018,64,-6,-4166,28,16.641747360
8019,1,-12,-4164,6,16.642934784
8019,2,-8,-4153,10,16.644122208
8019,3,8,-4121,1,16.645309632
8019,4,16,-4152,7,16.646497056
8019,5,30,-4158,7,16.647684480
8019,6,39,-4172,16,16.648871904
8019,7,58,-4187,32,16.650059328
8019,8,80,-4206,1,16.651246752
8019,9,76,-4191,14,16.652434176
8019,10,73,-4118,-15,16.653621600
8019,11,57,-4107,-2,16.654809024
8019,12,55,-4159,-13,16.655996448
8019,13,33,-4181,11,16.657183872
8019,14,22,-4147,42,16.658371296
8019,15,-3,-4151,35,16.659558720
8019,16,3,-4162,42,16.660746144
8019,17,-10,-4160,24,16.661933568
8019,18,-11,-4131,-16,16.663120992
8019,19,-10,-4096,12,16.664308416
8019,20,0,-4120,5,16.665495840
8019,21,2,-4150,1,16.666683264
8019,22,27,-4157,33,16.667870688
8019,23,46,-4145,19,16.669058112
8019,24,66,-4164,22,16.670245536
8019,25,82,-4155,-5,16.671432960
8019,26,82,-4113,-22,16.672620384
8019,27,75,-4076,-27,16.673807808
8019,28,66,-4100,-16,16.674995232
8019,29,50,-4154,2,16.676182656
8019,30,33,-4159,2,16.677370080
8019,31,18,-4130,16,16.678557504
8019,32,8,-4130,7,16.679744928
8019,33,9,-4114,4,16.680932352
8019,34,9,-4156,6,16.682119776
8019,35,-4,-4132,4,16.683307200
8019,36,0,-4113,-2,16.684494624
8019,37,9,-4126,5,16.685682048
8019,38,11,-4167,1,16.686869472
8019,39,20,-4173,5,16.688056896
8019,40,33,-4155,3,16.689244320
8019,41,67,-4152,22,16.690431744
8019,42,70,-4149,7,16.691619168
8019,43,75,-4120,1,16.692806592
8019,44,82,-4106,2,16.693994016
8019,45,60,-4117,2,16.695181440
8019,46,48,-4184,1,16.696368864
8019,47,35,-4158,5,16.697556288
8019,48,18,-4139,26,16.698743712
8019,49,14,-4131,26,16.699931136
8019,50,5,-4176,1,16.701118560
8019,51,5,-4194,11,16.702305984
8019,52,22,-4137,16,16.703493408
8019,53,-3,-4120,39,16.704680832
8019,54,2,-4161,19,16.705868256
8019,55,18,-4179,27,16.707055680
8019,56,-6,-4157,14,16.708243104
8019,57,11,-4150,22,16.709430528
8019,58,40,-4141,29,16.710617952
8019,59,54,-4150,1,16.711805376
8019,60,62,-4134,10,16.712992800
8019,61,72,-4118,-6,16.714180224
8019,62,72,-4147,-11,16.715367648
8019,63,69,-4181,5,16.716555072
8019,64,44,-4152,11,16.717742496
8020,1,38,-4149,32,16.718929920
8020,2,16,-4164,14,16.720117344
8020,3,5,-4150,32,16.721304768
8020,4,-12,-4158,22,16.722492192
8020,5,-3,-4133,18,16.723679616
8020,6,15,-4113,10,16.724867040
8020,7,19,-4138,20,16.726054464
8020,8,11,-4163,14,16.727241888
8020,9,4,-4161,-1,16.728429312
8020,10,19,-4163,0,16.729616736
8020,11,38,-4164,6,16.730804160
8020,12,54,-4122,6,16.731991584
8020,13,72,-4111,-22,16.733179008
8020,14,67,-4086,3,16.734366432
8020,15,61,-4127,-24,16.735553856
8020,16,63,-4174,-13,16.736741280
8020,17,50,-4141,-5,16.737928704
8020,18,18,-4134,-13,16.739116128
8020,19,16,-4129,31,16.740303552
8020,20,3,-4129,16,16.741490976
8020,21,10,-4149,20,16.742678400
8020,22,-4,-4120,29,16.743865824
8020,23,-6,-4116,10,16.745053248
8020,24,3,-4125,11,16.746240672
8020,25,7,-4175,8,16.747428096
8020,26,16,-4153,18,16.748615520
8020,27,17,-4148,13,16.749802944
8020,28,17,-4151,1,16.750990368
8020,29,45,-4134,6,16.752177792
8020,30,53,-4121,1,16.753365216
8020,31,75,-4134,-1,16.754552640
8020,32,79,-4165,-3,16.755740064
8020,33,64,-4168,4,16.756927488
8020,34,55,-4135,5,16.758114912
8020,35,37,-4138,15,16.759302336
8020,36,10,-4140,20,16.760489760
8020,37,8,-4155,24,16.761677184
8020,38,14,-4161,18,16.762864608
8020,39,11,-4121,24,16.764052032
8020,40,10,-4123,23,16.765239456
8020,41,6,-4145,20,16.766426880
8020,42,7,-4183,25,16.767614304
8020,43,22,-4154,12,16.768801728
8020,44,16,-4169,29,16.769989152
8020,45,31,-4158,19,16.771176576
8020,46,67,-4150,19,16.772364000
8020,47,70,-4119,0,16.773551424
8020,48,72,-4119,7,16.774738848
8020,49,84,-4148,-15,16.775926272
8020,50,68,-4158,-17,16.777113696
8020,51,48,-4136,-11,16.778301120
8020,52,31,-4143,22,16.779488544
8020,53,13,-4151,15,16.780675968
8020,54,14,-4168,14,16.781863392
8020,55,16,-4154,9,16.783050816
8020,56,-2,-4104,12,16.784238240
8020,57,-4,-4111,4,16.785425664
8020,58,-3,-4161,5,16.786613088
8020,59,13,-4148,10,16.787800512
8020,60,-1,-4155,34,16.788987936
8020,61,25,-4149,15,16.790175360
8020,62,42,-4149,23,16.791362784
8020,63,52,-4127,1,16.792550208
8020,64,71,-4091,-17,16.793737632
8021,1,62,-4097,-21,16.794925056
8021,2,75,-4145,-19,16.796112480
8021,3,66,-4159,3,16.797299904
8021,4,45,-4147,20,16.798487328
8021,5,28,-4151,9,16.799674752
8021,6,24,-4146,15,16.800862176
8021,7,20,-4137,-4,16.802049600
8021,8,15,-4138,1,16.803237024
8021,9,9,-4101,10,16.804424448
8021,10,8,-4134,-9,16.805611872
8021,11,4,-4164,33,16.806799296
8021,12,12,-4172,18,16.807986720
8021,13,0,-4162,46,16.809174144
8021,14,18,-4157,21,16.810361568
8021,15,28,-4139,-3,16.811548992
8021,16,55,-4109,-6,16.812736416
8021,17,58,-4083,1,16.813923840
8021,18,63,-4128,-16,16.815111264
8021,19,71,-4176,20,16.816298688
8021,20,60,-4194,13,16.817486112
8021,21,60,-4165,34,16.818673536
8021,22,41,-4163,8,16.819860960
8021,23,28,-4164,24,16.821048384
8021,24,28,-4160,12,16.822235808
8021,25,18,-4138,6,16.823423232
8021,26,10,-4124,16,16.824610656
8021,27,-12,-4148,19,16.825798080
8021,28,2,-4168,17,16.826985504
8021,29,-21,-4153,24,16.828172928
8021,30,10,-4143,11,16.829360352
8021,31,21,-4150,9,16.830547776
8021,32,23,-4137,9,16.831735200
8021,33,62,-4119,-5,16.832922624
8021,34,63,-4120,1,16.834110048
8021,35,64,-4153,-1,16.835297472
8021,36,74,-4194,-6,16.836484896
8021,37,69,-4155,-4,16.837672320
8021,38,80,-4141,4,16.838859744
8021,39,41,-4135,-1,16.840047168
8021,40,45,-4171,-1,16.841234592
8021,41,37,-4171,0,16.842422016
8021,42,25,-4117,10,16.843609440
8021,43,4,-4089,10,16.844796864
8021,44,-8,-4119,19,16.845984288
8021,45,-1,-4162,26,16.847171712
8021,46,9,-4162,36,16.848359136
8021,47,5,-4157,38,16.849546560
8021,48,16,-4150,8,16.850733984
8021,49,26,-4140,14,16.851921408
8021,50,47,-4099,-19,16.853108832
8021,51,40,-4094,0,16.854296256
8021,52,50,-4132,-10,16.855483680
8021,53,57,-4164,11,16.856671104
8021,54,54,-4157,14,16.857858528
8021,55,58,-4159,1,16.859045952
8021,56,62,-4149,17,16.860233376
8021,57,37,-4141,7,16.861420800
8021,58,41,-4140,10,16.862608224
8021,59,21,-4099,26,16.863795648
8021,60,19,-4120,23,16.864983072
8021,61,1,-4159,8,16.866170496
8021,62,7,-4158,14,16.867357920
8021,63,12,-4155,26,16.868545344
8021,64,33,-4165,23,16.869732768
8022,1,21,-4155,27,16.870920192
8022,2,41,-4139,11,16.872107616
8022,3,50,-4109,27,16.873295040
8022,4,56,-4133,1,16.874482464
8022,5,73,-4177,13,16.875669888
8022,6,51,-4168,-16,16.876857312
8022,7,60,-4148,23,16.878044736
8022,8,45,-4155,20,16.879232160
8022,9,54,-4151,-6,16.880419584
8022,10,32,-4164,1,16.881607008
8022,11,39,-4148,-5,16.882794432
8022,12,34,-4130,-5,16.883981856
8022,13,22,-4153,-2,16.885169280
8022,14,17,-4183,11,16.886356704
8022,15,1,-4171,5,16.887544128
8022,16,-1,-4163,34,16.888731552
8022,17,3,-4181,8,16.889918976
8022,18,3,-4164,24,16.891106400
8022,19,13,-4108,4,16.892293824
8022,20,47,-4099,-4,16.893481248
8022,21,43,-4126,-6,16.894668672
8022,22,52,-4181,3,16.895856096
8022,23,52,-4153,11,16.897043520
8022,24,47,-4132,2,16.898230944
8022,25,48,-4167,15,16.899418368
8022,26,56,-4176,1,16.900605792
8022,27,45,-4161,-3,16.901793216
8022,28,37,-4140,7,16.902980640
8022,29,22,-4122,18,16.904168064
8022,30,8,-4142,2,16.905355488
8022,31,-2,-4143,18,16.906542912
8022,32,1,-4141,22,16.907730336
8022,33,-2,-4155,20,16.908917760
8022,34,-30,-4174,23,16.910105184
8022,35,3,-4145,-1,16.911292608
8022,36,22,-4111,13,16.912480032
8022,37,38,-4114,-12,16.913667456
8022,38,54,-4162,10,16.914854880
8022,39,73,-4180,-4,16.916042304
8022,40,63,-4154,7,16.917229728
8022,41,45,-4133,5,16.918417152
8022,42,42,-4158,16,16.919604576
8022,43,52,-4161,3,16.920792000
8022,44,53,-4147,0,16.921979424
8022,45,37,-4116,-11,16.923166848
8022,46,14,-4084,-3,16.924354272
8022,47,22,-4147,-1,16.925541696
8022,48,3,-4166,22,16.926729120
8022,49,-18,-4166,21,16.927916544
8022,50,6,-4164,15,16.929103968
8022,51,-3,-4183,15,16.930291392
8022,52,20,-4141,-4,16.931478816
8022,53,33,-4109,-9,16.932666240
8022,54,33,-4081,6,16.933853664
8022,55,40,-4153,4,16.935041088
8022,56,46,-4192,7,16.936228512
8022,57,38,-4158,17,16.937415936
8022,58,48,-4139,19,16.938603360
8022,59,55,-4144,30,16.939790784
8022,60,65,-4166,17,16.940978208
8022,61,54,-4179,-3,16.942165632
8022,62,49,-4091,7,16.943353056
8022,63,40,-4093,10,16.944540480
8022,64,24,-4146,7,16.945727904
8023,1,14,-4175,18,16.946915328
8023,2,-7,-4164,31,16.948102752
8023,3,-18,-4160,34,16.949290176
8023,4,2,-4164,26,16.950477600
8023,5,8,-4160,15,16.951665024
8023,6,29,-4105,23,16.952852448
8023,7,26,-4112,9,16.954039872
8023,8,38,-4181,13,16.955227296
8023,9,51,-4183,1,16.956414720
8023,10,45,-4139,3,16.957602144
8023,11,55,-4139,3,16.958789568
8023,12,79,-4144,11,16.959976992
8023,13,59,-4167,6,16.961164416
8023,14,51,-4168,-1,16.962351840
8023,15,49,-4111,-3,16.963539264
8023,16,23,-4101,2,16.964726688
8023,17,40,-4152,14,16.965914112
8023,18,0,-4162,9,16.967101536
8023,19,-10,-4149,21,16.968288960
8023,20,-5,-4155,11,16.969476384
8023,21,6,-4167,37,16.970663808
8023,22,-7,-4134,22,16.971851232
8023,23,29,-4094,15,16.973038656
8023,24,19,-4107,-1,16.974226080
8023,25,36,-4179,-14,16.975413504
8023,26,37,-4167,17,16.976600928
8023,27,60,-4141,0,16.977788352
8023,28,58,-4159,25,16.978975776
8023,29,79,-4166,-12,16.980163200
8023,30,76,-4168,-1,16.981350624
8023,31,70,-4115,5,16.982538048
8023,32,60,-4085,-21,16.983725472
8023,33,41,-4116,5,16.984912896
8023,34,20,-4153,7,16.986100320
8023,35,2,-4156,26,16.987287744
8023,36,-13,-4169,32,16.988475168
8023,37,-19,-4164,29,16.989662592
8023,38,-8,-4148,31,16.990850016
8023,39,-9,-4128,27,16.992037440
8023,40,12,-4094,12,16.993224864
8023,41,28,-4130,16,16.994412288
8023,42,32,-4174,-8,16.995599712
8023,43,39,-4164,22,16.996787136
8023,44,38,-4142,2,16.997974560
8023,45,51,-4144,26,16.999161984
8023,46,59,-4152,-8,17.000349408
8023,47,60,-4164,-22,17.001536832
8023,48,73,-4144,0,17.002724256
8023,49,70,-4100,-16,17.003911680
8023,50,27,-4132,3,17.005099104
8023,51,44,-4165,17,17.006286528
8023,52,21,-4163,7,17.007473952
8023,53,2,-4146,22,17.008661376
8023,54,-5,-4160,33,17.009848800
8023,55,3,-4145,25,17.011036224
8023,56,20,-4140,35,17.012223648
8023,57,26,-4092,-6,17.013411072
8023,58,24,-4139,26,17.014598496
8023,59,27,-4183,3,17.015785920
8023,60,19,-4152,38,17.016973344
8023,61,29,-4128,23,17.018160768
8023,62,48,-4137,28,17.019348192
8023,63,62,-4163,-2,17.020535616
8023,64,69,-4160,-14,17.021723040
8024,1,77,-4128,-13,17.022910464
8024,2,75,-4101,-10,17.024097888
8024,3,55,-4137,-1,17.025285312
8024,4,34,-4164,18,17.026472736
8024,5,10,-4155,26,17.027660160
8024,6,10,-4143,22,17.028847584
8024,7,-16,-4163,27,17.030035008
8024,8,9,-4146,-7,17.031222432
8024,9,-18,-4108,-2,17.032409856
8024,10,3,-4099,0,17.033597280
8024,11,22,-4155,-5,17.034784704
8024,12,24,-4155,4,17.035972128
8024,13,30,-4140,15,17.037159552
8024,14,44,-4137,44,17.038346976
8024,15,63,-4158,7,17.039534400
8024,16,95,-4172,13,17.040721824
8024,17,75,-4158,-4,17.041909248
8024,18,70,-4115,3,17.043096672
8024,19,62,-4115,-17,17.044284096
8024,20,24,-4167,11,17.045471520
8024,21,15,-4153,5,17.046658944
8024,22,1,-4160,29,17.047846368
8024,23,11,-4154,6,17.049033792
8024,24,-13,-4150,35,17.050221216
8024,25,-12,-4122,15,17.051408640
8024,26,7,-4090,11,17.052596064
8024,27,10,-4103,0,17.053783488
8024,28,15,-4178,0,17.054970912
8024,29,30,-4180,12,17.056158336
8024,30,40,-4164,31,17.057345760
8024,31,58,-4158,16,17.058533184
8024,32,61,-4156,7,17.059720608
8024,33,65,-4137,-8,17.060908032
8024,34,73,-4134,-4,17.062095456
8024,35,69,-4102,3,17.063282880
8024,36,66,-4109,16,17.064470304
8024,37,51,-4161,16,17.065657728
8024,38,39,-4169,22,17.066845152
8024,39,24,-4158,26,17.068032576
8024,40,7,-4169,27,17.069220000
8024,41,20,-4137,-4,17.070407424
8024,42,5,-4116,19,17.071594848
8024,43,7,-4102,5,17.072782272
8024,44,-16,-4118,16,17.073969696
8024,45,-4,-4163,4,17.075157120
8024,46,10,-4157,19,17.076344544
8024,47,18,-4149,16,17.077531968
8024,48,43,-4129,20,17.078719392
8024,49,47,-4151,-4,17.079906816
8024,50,77,-4143,-6,17.081094240
8024,51,82,-4137,-5,17.082281664
8024,52,68,-4121,-10,17.083469088
8024,53,55,-4155,0,17.084656512
8024,54,50,-4169,3,17.085843936
8024,55,39,-4168,26,17.087031360
8024,56,23,-4145,-7,17.088218784
8024,57,0,-4163,2,17.089406208
8024,58,8,-4133,8,17.090593632
8024,59,-1,-4111,9,17.091781056
8024,60,-7,-4128,21,17.092968480
8024,61,3,-4156,8,17.094155904
8024,62,8,-4198,33,17.095343328
8024,63,5,-4157,18,17.096530752
8024,64,16,-4143,10,17.097718176
8025,1,38,-4160,25,17.098905600
8025,2,47,-4138,6,17.100093024
8025,3,58,-4146,-2,17.101280448
8025,4,65,-4144,3,17.102467872
8025,5,77,-4113,-17,17.103655296
8025,6,58,-4144,-5,17.104842720
8025,7,52,-4161,-7,17.106030144
8025,8,42,-4153,27,17.107217568
8025,9,39,-4175,25,17.108404992
8025,10,24,-4176,27,17.109592416
8025,11,-5,-4156,33,17.110779840
8025,12,4,-4115,34,17.111967264
8025,13,-8,-4111,13,17.113154688
8025,14,-5,-4144,8,17.114342112
8025,15,11,-4140,21,17.115529536
8025,16,3,-4144,16,17.116716960
8025,17,21,-4162,25,17.117904384
8025,18,42,-4165,3,17.119091808
8025,19,45,-4170,27,17.120279232
8025,20,67,-4160,-22,17.121466656
8025,21,71,-4104,2,17.122654080
8025,22,67,-4100,-17,17.123841504
8025,23,46,-4147,11,17.125028928
8025,24,53,-4169,10,17.126216352
8025,25,34,-4144,15,17.127403776
8025,26,14,-4152,28,17.128591200
8025,27,11,-4160,12,17.129778624
8025,28,23,-4147,22,17.130966048
8025,29,27,-4121,-4,17.132153472
8025,30,-13,-4108,30,17.133340896
8025,31,-9,-4154,22,17.134528320
8025,32,-3,-4170,42,17.135715744
8025,33,1,-4146,36,17.136903168
8025,34,16,-4141,27,17.138090592
8025,35,16,-4142,9,17.139278016
8025,36,35,-4155,0,17.140465440
8025,37,51,-4136,-6,17.141652864
8025,38,73,-4086,-14,17.142840288
8025,39,69,-4106,-1,17.144027712
8025,40,59,-4163,-16,17.145215136
8025,41,55,-4166,15,17.146402560
8025,42,61,-4155,5,17.147589984
8025,43,30,-4144,-6,17.148777408
8025,44,28,-4138,12,17.149964832
8025,45,16,-4127,13,17.151152256
8025,46,-1,-4115,26,17.152339680
8025,47,-10,-4141,19,17.153527104
8025,48,3,-4169,15,17.154714528
8025,49,-15,-4176,34,17.155901952
8025,50,1,-4153,25,17.157089376
8025,51,20,-4155,8,17.158276800
8025,52,50,-4130,13,17.159464224
8025,53,60,-4168,16,17.160651648
8025,54,69,-4167,-1,17.161839072
8025,55,70,-4124,-9,17.163026496
8025,56,77,-4133,-23,17.164213920
8025,57,70,-4180,27,17.165401344
8025,58,60,-4158,-1,17.166588768
8025,59,58,-4162,41,17.167776192
8025,60,42,-4163,13,17.168963616
8025,61,16,-4160,24,17.170151040
8025,62,10,-4127,17,17.171338464
8025,63,4,-4084,1,17.172525888
8025,64,-14,-4120,18,17.173713312
8026,1,-12,-4174,14,17.174900736
8026,2,-3,-4164,19,17.176088160
8026,3,9,-4143,34,17.177275584
8026,4,32,-4153,36,17.178463008
8026,5,34,-4168,26,17.179650432
8026,6,47,-4170,2,17.180837856
8026,7,59,-4144,-23,17.182025280
8026,8,65,-4069,7,17.183212704
8026,9,71,-4136,-6,17.184400128
8026,10,63,-4177,5,17.185587552
8026,11,62,-4176,18,17.186774976
8026,12,64,-4155,24,17.187962400
8026,13,31,-4163,17,17.189149824
8026,14,35,-4137,9,17.190337248
8026,15,23,-4120,20,17.191524672
8026,16,19,-4097,20,17.192712096
8026,17,8,-4147,26,17.193899520
8026,18,9,-4193,9,17.195086944
8026,19,4,-4155,24,17.196274368
8026,20,0,-4134,25,17.197461792
8026,21,21,-4143,42,17.198649216
8026,22,24,-4134,1,17.199836640
8026,23,53,-4154,13,17.201024064
8026,24,56,-4109,8,17.202211488
8026,25,70,-4120,-13,17.203398912
8026,26,74,-4153,-12,17.204586336
8026,27,59,-4189,-15,17.205773760
8026,28,67,-4162,3,17.206961184
8026,29,59,-4143,-3,17.208148608
8026,30,46,-4165,7,17.209336032
8026,31,29,-4153,7,17.210523456
8026,32,6,-4104,32,17.211710880
8026,33,-5,-4104,29,17.212898304
8026,34,-9,-4144,8,17.214085728
8026,35,-19,-4175,21,17.215273152
8026,36,-13,-4129,13,17.216460576
8026,37,-9,-4128,32,17.217648000
8026,38,7,-4152,24,17.218835424
8026,39,14,-4181,23,17.220022848
8026,40,33,-4167,5,17.221210272
8026,41,49,-4137,14,17.222397696
8026,42,62,-4092,-7,17.223585120
8026,43,64,-4154,-1,17.224772544
8026,44,56,-4173,5,17.225959968
8026,45,62,-4146,0,17.227147392
8026,46,52,-4144,8,17.228334816
8026,47,54,-4170,6,17.229522240
8026,48,22,-4161,1,17.230709664
8026,49,15,-4101,0,17.231897088
8026,50,12,-4089,13,17.233084512
8026,51,7,-4155,9,17.234271936
8026,52,-3,-4183,33,17.235459360
8026,53,-17,-4149,35,17.236646784
8026,54,-21,-4134,24,17.237834208
8026,55,-10,-4166,11,17.239021632
8026,56,19,-4180,12,17.240209056
8026,57,29,-4154,5,17.241396480
8026,58,61,-4107,3,17.242583904
8026,59,68,-4114,-5,17.243771328
8026,60,52,-4163,-1,17.244958752
8026,61,56,-4156,-6,17.246146176
8026,62,65,-4154,14,17.247333600
8026,63,59,-4151,4,17.248521024
8026,64,46,-4159,3,17.249708448
8027,1,34,-4131,-9,17.250895872
8027,2,19,-4100,10,17.252083296
8027,3,15,-4104,-11,17.253270720
8027,4,15,-4171,15,17.254458144
8027,5,-3,-4167,21,17.255645568
8027,6,1,-4149,29,17.256832992
8027,7,-6,-4126,22,17.258020416
8027,8,-1,-4156,28,17.259207840
8027,9,26,-4156,11,17.260395264
8027,10,49,-4145,-3,17.261582688
8027,11,68,-4090,-12,17.262770112
8027,12,54,-4130,11,17.263957536
8027,13,62,-4165,-9,17.265144960
8027,14,60,-4160,8,17.266332384
8027,15,63,-4141,8,17.267519808
8027,16,62,-4159,4,17.268707232
8027,17,42,-4168,-3,17.269894656
8027,18,53,-4118,-9,17.271082080
8027,19,13,-4105,-4,17.272269504
8027,20,1,-4126,-10,17.273456928
8027,21,-14,-4179,-7,17.274644352
8027,22,-23,-4166,16,17.275831776
8027,23,-16,-4141,33,17.277019200
8027,24,-9,-4136,46,17.278206624
8027,25,-4,-4164,26,17.279394048
8027,26,27,-4162,4,17.280581472
8027,27,48,-4137,4,17.281768896
8027,28,48,-4086,-12,17.282956320
8027,29,53,-4152,10,17.284143744
8027,30,52,-4171,-4,17.285331168
8027,31,65,-4152,24,17.286518592
8027,32,74,-4154,12,17.287706016
8027,33,75,-4176,24,17.288893440
8027,34,61,-4149,-11,17.290080864
8027,35,42,-4109,2,17.291268288
8027,36,22,-4085,6,17.292455712
8027,37,22,-4145,1,17.293643136
8027,38,-17,-4179,14,17.294830560
8027,39,-4,-4162,35,17.296017984
8027,40,-9,-4138,31,17.297205408
8027,41,4,-4153,25,17.298392832
8027,42,18,-4164,7,17.299580256
8027,43,20,-4158,-10,17.300767680
8027,44,35,-4123,-2,17.301955104
8027,45,41,-4107,0,17.303142528
8027,46,40,-4138,18,17.304329952
8027,47,59,-4164,14,17.305517376
8027,48,61,-4175,2,17.306704800
8027,49,62,-4158,13,17.307892224
8027,50,74,-4164,18,17.309079648
8027,51,60,-4137,-7,17.310267072
8027,52,41,-4103,-7,17.311454496
8027,53,36,-4107,10,17.312641920
8027,54,17,-4163,23,17.313829344
8027,55,20,-4170,19,17.315016768
8027,56,-2,-4143,32,17.316204192
8027,57,-17,-4119,10,17.317391616
8027,58,-13,-4157,41,17.318579040
8027,59,1,-4151,14,17.319766464
8027,60,16,-4152,6,17.320953888
8027,61,44,-4114,1,17.322141312
8027,62,52,-4117,-16,17.323328736
8027,63,45,-4143,2,17.324516160
8027,64,47,-4157,1,17.325703584
8028,1,68,-4157,15,17.326891008
8028,2,56,-4175,0,17.328078432
8028,3,65,-4157,2,17.329265856
8028,4,63,-4134,1,17.330453280
8028,5,67,-4088,-9,17.331640704
8028,6,53,-4118,-5,17.332828128
8028,7,12,-4165,1,17.334015552
8028,8,-6,-4175,19,17.335202976
8028,9,-5,-4148,36,17.336390400
8028,10,-32,-4157,46,17.337577824
8028,11,-4,-4163,21,17.338765248
8028,12,12,-4150,22,17.339952672
8028,13,18,-4148,18,17.341140096
8028,14,33,-4110,20,17.342327520
8028,15,34,-4123,13,17.343514944
8028,16,51,-4169,8,17.344702368
8028,17,68,-4161,2,17.345889792
8028,18,63,-4146,-8,17.347077216
8028,19,75,-4150,1,17.348264640
8028,20,72,-4155,-11,17.349452064
8028,21,81,-4149,14,17.350639488
8028,22,57,-4100,2,17.351826912
8028,23,43,-4140,0,17.353014336
8028,24,17,-4166,32,17.354201760
8028,25,-8,-4162,21,17.355389184
8028,26,5,-4118,23,17.356576608
8028,27,-14,-4156,20,17.357764032
8028,28,-15,-4141,30,17.358951456
8028,29,2,-4174,14,17.360138880
8028,30,16,-4139,-5,17.361326304
8028,31,37,-4125,9,17.362513728
8028,32,34,-4139,2,17.363701152
8028,33,55,-4161,11,17.364888576
8028,34,64,-4146,-12,17.366076000
8028,35,62,-4165,17,17.367263424
8028,36,52,-4157,-14,17.368450848
8028,37,56,-4160,14,17.369638272
8028,38,57,-4113,-8,17.370825696
8028,39,54,-4109,-1,17.372013120
8028,40,44,-4121,-12,17.373200544
8028,41,28,-4164,-2,17.374387968
8028,42,20,-4140,15,17.375575392
8028,43,-3,-4137,17,17.376762816
8028,44,0,-4167,25,17.377950240
8028,45,-3,-4145,15,17.379137664
8028,46,-1,-4143,14,17.380325088
8028,47,14,-4125,4,17.381512512
8028,48,21,-4086,17,17.382699936
8028,49,24,-4142,-14,17.383887360
8028,50,30,-4171,16,17.385074784
8028,51,61,-4144,8,17.386262208
8028,52,65,-4156,25,17.387449632
8028,53,64,-4172,10,17.388637056
8028,54,69,-4151,-5,17.389824480
8028,55,71,-4106,-10,17.391011904
8028,56,64,-4096,-11,17.392199328
8028,57,50,-4145,6,17.393386752
8028,58,33,-4193,-4,17.394574176
8028,59,11,-4153,35,17.395761600
8028,60,-7,-4116,24,17.396949024
8028,61,-16,-4137,35,17.398136448
8028,62,-11,-4158,7,17.399323872
8028,63,-14,-4171,9,17.400511296
8028,64,1,-4109,15,17.401698720
8029,1,6,-4111,3,17.402886144
8029,2,19,-4153,21,17.404073568
8029,3,47,-4182,-1,17.405260992
8029,4,65,-4156,39,17.406448416
8029,5,68,-4161,10,17.407635840
8029,6,79,-4158,-3,17.408823264
8029,7,75,-4140,-15,17.410010688
8029,8,53,-4101,0,17.411198112
8029,9,61,-4109,9,17.412385536
8029,10,40,-4170,-6,17.413572960
8029,11,34,-4197,2,17.414760384
8029,12,24,-4140,12,17.415947808
8029,13,13,-4115,34,17.417135232
8029,14,1,-4119,31,17.418322656
8029,15,8,-4157,8,17.419510080
8029,16,-16,-4153,17,17.420697504
8029,17,-1,-4111,17,17.421884928
8029,18,15,-4115,-2,17.423072352
8029,19,28,-4164,7,17.424259776
8029,20,60,-4161,5,17.425447200
8029,21,62,-4157,16,17.426634624
8029,22,60,-4160,-2,17.427822048
8029,23,63,-4167,2,17.429009472
8029,24,67,-4124,12,17.430196896
8029,25,63,-4101,-4,17.431384320
8029,26,53,-4119,-5,17.432571744
8029,27,53,-4158,-12,17.433759168
8029,28,26,-4154,13,17.434946592
8029,29,0,-4134,21,17.436134016
8029,30,-2,-4149,15,17.437321440
8029,31,-13,-4168,6,17.438508864
8029,32,-7,-4175,24,17.439696288
8029,33,-11,-4145,4,17.440883712
8029,34,-5,-4096,18,17.442071136
8029,35,11,-4131,1,17.443258560
8029,36,13,-4170,19,17.444445984
8029,37,23,-4171,19,17.445633408
8029,38,38,-4152,22,17.446820832
8029,39,52,-4171,1,17.448008256
8029,40,64,-4158,-5,17.449195680
8029,41,71,-4107,-3,17.450383104
8029,42,63,-4074,-3,17.451570528
8029,43,70,-4119,-6,17.452757952
8029,44,55,-4198,-1,17.453945376
8029,45,49,-4173,8,17.455132800
8029,46,16,-4136,26,17.456320224
8029,47,10,-4142,19,17.457507648
8029,48,6,-4157,8,17.458695072
8029,49,-1,-4158,41,17.459882496
8029,50,0,-4130,7,17.461069920
8029,51,-15,-4105,21,17.462257344
8029,52,-4,-4142,18,17.463444768
8029,53,-5,-4183,11,17.464632192
8029,54,35,-4164,15,17.465819616
8029,55,44,-4149,31,17.467007040
8029,56,49,-4167,11,17.468194464
8029,57,67,-4141,2,17.469381888
8029,58,70,-4123,5,17.470569312
8029,59,81,-4094,-17,17.471756736
8029,60,58,-4131,5,17.472944160
8029,61,39,-4174,-8,17.474131584
8029,62,25,-4158,35,17.475319008
8029,63,43,-4144,-3,17.476506432
8029,64,15,-4153,30,17.477693856
8030,1,-2,-4151,10,17.478881280
8030,2,9,-4165,3,17.480068704
8030,3,11,-4135,13,17.481256128
8030,4,6,-4118,19,17.482443552
8030,5,-1,-4140,21,17.483630976
8030,6,13,-4163,19,17.484818400
8030,7,15,-4146,19,17.486005824
8030,8,26,-4146,25,17.487193248
8030,9,59,-4160,9,17.488380672
8030,10,55,-4150,14,17.489568096
8030,11,69,-4111,-4,17.490755520
8030,12,72,-4100,-5,17.491942944
8030,13,61,-4154,-5,17.493130368
8030,14,57,-4172,-3,17.494317792
8030,15,48,-4141,9,17.495505216
8030,16,19,-4129,24,17.496692640
8030,17,26,-4154,24,17.497880064
8030,18,6,-4167,16,17.499067488
8030,19,6,-4153,22,17.500254912
8030,20,-5,-4086,18,17.501442336
8030,21,-9,-4095,35,17.502629760
8030,22,0,-4140,13,17.503817184
8030,23,-7,-4169,20,17.505004608
8030,24,15,-4147,15,17.506192032
8030,25,41,-4153,23,17.507379456
8030,26,35,-4175,33,17.508566880
8030,27,59,-4153,-7,17.509754304
8030,28,81,-4075,12,17.510941728
8030,29,69,-4098,-13,17.512129152
8030,30,65,-4162,-14,17.513316576
8030,31,53,-4190,-16,17.514504000
8030,32,53,-4143,9,17.515691424
8030,33,21,-4129,30,17.516878848
8030,34,26,-4139,2,17.518066272
8030,35,22,-4157,13,17.519253696
8030,36,-2,-4151,15,17.520441120
8030,37,1,-4099,20,17.521628544
8030,38,-20,-4103,15,17.522815968
8030,39,-8,-4160,10,17.524003392
8030,40,4,-4181,8,17.525190816
8030,41,19,-4174,30,17.526378240
8030,42,36,-4153,24,17.527565664
8030,43,45,-4151,-5,17.528753088
8030,44,54,-4142,4,17.529940512
8030,45,71,-4110,0,17.531127936
8030,46,67,-4113,3,17.532315360
8030,47,62,-4160,-6,17.533502784
8030,48,60,-4175,14,17.534690208
8030,49,44,-4141,12,17.535877632
8030,50,19,-4145,2,17.537065056
8030,51,-1,-4144,18,17.538252480
8030,52,2,-4179,5,17.539439904
8030,53,12,-4168,9,17.540627328
8030,54,3,-4096,6,17.541814752
8030,55,-3,-4117,15,17.543002176
8030,56,-4,-4172,21,17.544189600
8030,57,18,-4164,17,17.545377024
8030,58,7,-4153,45,17.546564448
8030,59,41,-4170,26,17.547751872
8030,60,37,-4154,-2,17.548939296
8030,61,41,-4129,18,17.550126720
8030,62,57,-4091,14,17.551314144
8030,63,67,-4135,11,17.552501568
8030,64,71,-4175,1,17.553688992
8031,1,67,-4165,-13,17.554876416
8031,2,40,-4133,19,17.556063840
8031,3,34,-4124,6,17.557251264
8031,4,16,-4147,-8,17.558438688
8031,5,1,-4162,25,17.559626112
8031,6,8,-4123,13,17.560813536
8031,7,0,-4113,24,17.562000960
8031,8,0,-4113,18,17.563188384
8031,9,2,-4149,24,17.564375808
8031,10,0,-4148,22,17.565563232
8031,11,13,-4158,20,17.566750656
8031,12,14,-4177,29,17.567938080
8031,13,41,-4161,1,17.569125504
8031,14,52,-4116,16,17.570312928
8031,15,64,-4107,-3,17.571500352
8031,16,77,-4136,0,17.572687776
8031,17,57,-4175,-2,17.573875200
8031,18,55,-4156,-3,17.575062624
8031,19,54,-4136,8,17.576250048
8031,20,39,-4123,28,17.577437472
8031,21,23,-4146,16,17.578624896
8031,22,1,-4153,4,17.579812320
8031,23,6,-4132,13,17.580999744
8031,24,8,-4121,12,17.582187168
8031,25,-15,-4141,12,17.583374592
8031,26,-1,-4162,14,17.584562016
8031,27,13,-4170,23,17.585749440
8031,28,25,-4166,23,17.586936864
8031,29,34,-4159,9,17.588124288
8031,30,47,-4136,8,17.589311712
8031,31,56,-4120,-9,17.590499136
8031,32,56,-4114,7,17.591686560
8031,33,71,-4160,0,17.592873984
8031,34,59,-4176,-10,17.594061408
8031,35,41,-4150,12,17.595248832
8031,36,49,-4137,7,17.596436256
8031,37,36,-4129,19,17.597623680
8031,38,25,-4150,6,17.598811104
8031,39,19,-4139,3,17.599998528
8031,40,9,-4109,-1,17.601185952
8031,41,-1,-4108,16,17.602373376
8031,42,-13,-4147,10,17.603560800
8031,43,-2,-4171,26,17.604748224
8031,44,-1,-4160,8,17.605935648
8031,45,20,-4169,19,17.607123072
8031,46,30,-4148,11,17.608310496
8031,47,37,-4135,10,17.609497920
8031,48,48,-4098,3,17.610685344
8031,49,61,-4112,-10,17.611872768
8031,50,55,-4169,3,17.613060192
8031,51,57,-4160,-2,17.614247616
8031,52,64,-4133,2,17.615435040
8031,53,57,-4139,5,17.616622464
8031,54,46,-4155,4,17.617809888
8031,55,30,-4165,8,17.618997312
8031,56,27,-4156,24,17.620184736
8031,57,22,-4121,8,17.621372160
8031,58,8,-4114,10,17.622559584
8031,59,-3,-4152,-4,17.623747008
8031,60,-6,-4159,24,17.624934432
8031,61,-7,-4151,26,17.626121856
8031,62,-9,-4169,8,17.627309280
8031,63,7,-4148,11,17.628496704
8031,64,27,-4118,19,17.629684128
8032,1,46,-4090,14,17.630871552
8032,2,67,-4115,-4,17.632058976
8032,3,77,-4182,-21,17.633246400
8032,4,69,-4179,0,17.634433824
8032,5,71,-4152,0,17.635621248
8032,6,62,-4142,0,17.636808672
8032,7,48,-4154,13,17.637996096
8032,8,25,-4153,0,17.639183520
8032,9,34,-4145,21,17.640370944
8032,10,15,-4078,-9,17.641558368
8032,11,-4,-4117,4,17.642745792
8032,12,-14,-4175,15,17.643933216
8032,13,-5,-4155,26,17.645120640
8032,14,-4,-4150,32,17.646308064
8032,15,0,-4161,14,17.647495488
8032,16,20,-4157,25,17.648682912
8032,17,52,-4118,-19,17.649870336
8032,18,40,-4096,2,17.651057760
8032,19,53,-4121,-7,17.652245184
8032,20,59,-4175,3,17.653432608
8032,21,39,-4156,-7,17.654620032
8032,22,66,-4156,16,17.655807456
8032,23,65,-4147,22,17.656994880
8032,24,66,-4151,6,17.658182304
8032,25,58,-4165,3,17.659369728
8032,26,32,-4128,-2,17.660557152
8032,27,23,-4097,15,17.661744576
8032,28,3,-4130,7,17.662932000
8032,29,2,-4186,17,17.664119424
8032,30,-9,-4168,35,17.665306848
8032,31,8,-4152,26,17.666494272
8032,32,-1,-4160,24,17.667681696
8032,33,34,-4158,9,17.668869120
8032,34,26,-4118,2,17.670056544
8032,35,42,-4089,-8,17.671243968
8032,36,46,-4139,-6,17.672431392
8032,37,61,-4163,-1,17.673618816
8032,38,55,-4135,11,17.674806240
8032,39,71,-4148,22,17.675993664
8032,40,65,-4158,22,17.677181088
8032,41,62,-4163,-3,17.678368512
8032,42,48,-4175,-7,17.679555936
8032,43,45,-4124,-13,17.680743360
8032,44,34,-4115,2,17.681930784
8032,45,27,-4128,16,17.683118208
8032,46,-11,-4168,12,17.684305632
8032,47,-7,-4147,41,17.685493056
8032,48,-9,-4134,26,17.686680480
8032,49,-10,-4141,25,17.687867904
8032,50,13,-4138,7,17.689055328
8032,51,17,-4102,-5,17.690242752
8032,52,41,-4109,13,17.691430176
8032,53,54,-4154,-14,17.692617600
8032,54,39,-4184,15,17.693805024
8032,55,61,-4159,13,17.694992448
8032,56,68,-4131,-2,17.696179872
8032,57,59,-4139,0,17.697367296
8032,58,69,-4164,7,17.698554720
8032,59,35,-4152,-7,17.699742144
8032,60,40,-4111,13,17.700929568
8032,61,32,-4094,-8,17.702116992
8032,62,8,-4148,23,17.703304416
8032,63,-5,-4160,3,17.704491840
8032,64,-11,-4162,15,17.705679264
8033,1,-9,-4163,23,17.706866688
8033,2,-11,-4157,29,17.708054112
8033,3,8,-4137,38,17.709241536
8033,4,25,-4110,16,17.710428960
8033,5,49,-4105,8,17.711616384
8033,6,50,-4173,-22,17.712803808
8033,7,51,-4175,-9,17.713991232
8033,8,48,-4135,6,17.715178656
8033,9,63,-4156,17,17.716366080
8033,10,59,-4142,12,17.717553504
8033,11,57,-4173,-3,17.718740928
8033,12,52,-4150,-9,17.719928352
8033,13,38,-4109,1,17.721115776
8033,14,31,-4129,0,17.722303200
8033,15,4,-4150,10,17.723490624
8033,16,-1,-4164,28,17.724678048
8033,17,-3,-4157,16,17.725865472
8033,18,-7,-4154,29,17.727052896
8033,19,2,-4160,37,17.728240320
8033,20,12,-4127,23,17.729427744
8033,21,15,-4119,13,17.730615168
8033,22,44,-4133,-2,17.731802592
8033,23,61,-4184,5,17.732990016
8033,24,56,-4160,2,17.734177440
8033,25,55,-4134,7,17.735364864
8033,26,50,-4152,8,17.736552288
8033,27,57,-4140,6,17.737739712
8033,28,70,-4172,18,17.738927136
8033,29,50,-4138,18,17.740114560
8033,30,37,-4113,15,17.741301984
8033,31,31,-4143,3,17.742489408
8033,32,13,-4143,6,17.743676832
8033,33,6,-4148,-2,17.744864256
8033,34,-8,-4163,15,17.746051680
8033,35,-21,-4179,31,17.747239104
8033,36,-10,-4158,26,17.748426528
8033,37,12,-4110,18,17.749613952
8033,38,18,-4100,5,17.750801376
8033,39,37,-4133,-10,17.751988800
8033,40,29,-4148,2,17.753176224
8033,41,52,-4146,5,17.754363648
8033,42,69,-4127,13,17.755551072
8033,43,50,-4160,17,17.756738496
8033,44,53,-4160,13,17.757925920
8033,45,63,-4154,-7,17.759113344
8033,46,71,-4115,-3,17.760300768
8033,47,54,-4098,11,17.761488192
8033,48,40,-4135,-11,17.762675616
8033,49,20,-4162,30,17.763863040
8033,50,-3,-4169,14,17.765050464
8033,51,-18,-4170,34,17.766237888
8033,52,-22,-4165,9,17.767425312
8033,53,9,-4125,15,17.768612736
8033,54,16,-4098,19,17.769800160
8033,55,18,-4105,4,17.770987584
8033,56,28,-4162,15,17.772175008
8033,57,24,-4176,2,17.773362432
8033,58,34,-4153,14,17.774549856
8033,59,49,-4157,-1,17.775737280
8033,60,66,-4157,17,17.776924704
8033,61,65,-4151,1,17.778112128
8033,62,69,-4157,6,17.779299552
8033,63,50,-4128,5,17.780486976
8033,64,43,-4122,23,17.781674400
8034,1,47,-4145,-3,17.782861824
8034,2,34,-4184,8,17.784049248
8034,3,17,-4137,9,17.785236672
8034,4,-5,-4130,35,17.786424096
8034,5,-12,-4164,28,17.787611520
8034,6,-19,-4153,44,17.788798944
8034,7,16,-4136,27,17.789986368
8034,8,9,-4124,34,17.791173792
8034,9,43,-4157,4,17.792361216
8034,10,41,-4176,-16,17.793548640
8034,11,46,-4134,-2,17.794736064
8034,12,41,-4131,21,17.795923488
8034,13,36,-4154,10,17.797110912
8034,14,59,-4182,7,17.798298336
8034,15,66,-4171,7,17.799485760
8034,16,61,-4112,1,17.800673184
8034,17,58,-4104,-4,17.801860608
8034,18,42,-4141,-11,17.803048032
8034,19,42,-4153,13,17.804235456
8034,20,18,-4127,24,17.805422880
8034,21,-2,-4161,37,17.806610304
8034,22,3,-4174,23,17.807797728
8034,23,-1,-4145,32,17.808985152
8034,24,3,-4091,1,17.810172576
8034,25,27,-4109,10,17.811360000
8034,26,35,-4169,-1,17.812547424
8034,27,43,-4175,22,17.813734848
8034,28,30,-4135,17,17.814922272
8034,29,42,-4135,28,17.816109696
8034,30,61,-4152,3,17.817297120
8034,31,55,-4168,-10,17.818484544
8034,32,65,-4135,-5,17.819671968
8034,33,74,-4079,-6,17.820859392
8034,34,50,-4107,-3,17.822046816
8034,35,25,-4167,-2,17.823234240
8034,36,20,-4166,6,17.824421664
8034,37,12,-4157,28,17.825609088
8034,38,2,-4157,35,17.826796512
8034,39,4,-4163,10,17.827983936
8034,40,0,-4134,23,17.829171360
8034,41,23,-4082,-8,17.830358784
8034,42,6,-4110,1,17.831546208
8034,43,20,-4170,6,17.832733632
8034,44,21,-4162,14,17.833921056
8034,45,24,-4151,23,17.835108480
8034,46,48,-4153,21,17.836295904
8034,47,47,-4137,13,17.837483328
8034,48,65,-4149,6,17.838670752
8034,49,74,-4134,-4,17.839858176
8034,50,54,-4108,-1,17.841045600
8034,51,60,-4128,-5,17.842233024
8034,52,42,-4189,3,17.843420448
8034,53,37,-4180,19,17.844607872
8034,54,5,-4132,19,17.845795296
8034,55,9,-4140,29,17.846982720
8034,56,-9,-4135,2,17.848170144
8034,57,-6,-4130,22,17.849357568
8034,58,-9,-4119,18,17.850544992
8034,59,16,-4123,15,17.851732416
8034,60,14,-4197,11,17.852919840
8034,61,28,-4171,6,17.854107264
8034,62,25,-4128,10,17.855294688
8034,63,49,-4133,7,17.856482112
8034,64,57,-4145,9,17.857669536
8035,1,59,-4170,-13,17.858856960
8035,2,73,-4149,-4,17.860044384
8035,3,75,-4103,-7,17.861231808
8035,4,66,-4127,-2,17.862419232
8035,5,56,-4151,4,17.863606656
8035,6,41,-4141,14,17.864794080
8035,7,16,-4150,8,17.865981504
8035,8,-12,-4169,23,17.867168928
8035,9,0,-4156,6,17.868356352
8035,10,-8,-4118,25,17.869543776
8035,11,0,-4116,12,17.870731200
8035,12,22,-4137,5,17.871918624
8035,13,23,-4153,13,17.873106048
8035,14,18,-4141,30,17.874293472
8035,15,14,-4153,11,17.875480896
8035,16,11,-4173,23,17.876668320
8035,17,43,-4165,8,17.877855744
8035,18,60,-4150,-13,17.879043168
8035,19,77,-4133,2,17.880230592
8035,20,70,-4097,-10,17.881418016
8035,21,65,-4132,-7,17.882605440
8035,22,56,-4170,2,17.883792864
8035,23,34,-4165,17,17.884980288
8035,24,13,-4162,10,17.886167712
8035,25,-3,-4155,26,17.887355136
8035,26,-16,-4144,21,17.888542560
8035,27,-10,-4091,34,17.889729984
8035,28,7,-4097,4,17.890917408
8035,29,-6,-4144,7,17.892104832
8035,30,21,-4170,14,17.893292256
8035,31,12,-4149,20,17.894479680
8035,32,20,-4150,22,17.895667104
8035,33,33,-4159,8,17.896854528
8035,34,53,-4157,17,17.898041952
8035,35,73,-4146,2,17.899229376
8035,36,89,-4128,3,17.900416800
8035,37,86,-4124,6,17.901604224
8035,38,50,-4162,1,17.902791648
8035,39,62,-4170,7,17.903979072
8035,40,25,-4152,4,17.905166496
8035,41,20,-4149,12,17.906353920
8035,42,9,-4140,-6,17.907541344
8035,43,-8,-4126,13,17.908728768
8035,44,4,-4105,48,17.909916192
8035,45,-21,-4130,22,17.911103616
8035,46,2,-4179,27,17.912291040
8035,47,-6,-4146,2,17.913478464
8035,48,32,-4125,22,17.914665888
8035,49,38,-4163,-4,17.915853312
8035,50,36,-4141,0,17.917040736
8035,51,58,-4157,-8,17.918228160
8035,52,59,-4153,-9,17.919415584
8035,53,72,-4115,-7,17.920603008
8035,54,61,-4148,-7,17.921790432
8035,55,63,-4153,-6,17.922977856
8035,56,59,-4130,4,17.924165280
8035,57,45,-4146,16,17.925352704
8035,58,40,-4170,17,17.926540128
8035,59,7,-4139,24,17.927727552
8035,60,5,-4120,10,17.928914976
8035,61,3,-4107,6,17.930102400
8035,62,-3,-4125,-8,17.931289824
8035,63,-3,-4167,9,17.932477248
8035,64,-2,-4155,11,17.933664672
8036,1,18,-4153,34,17.934852096
8036,2,41,-4161,28,17.936039520
8036,3,48,-4171,20,17.937226944
8036,4,61,-4160,-10,17.938414368
8036,5,75,-4121,-20,17.939601792
8036,6,50,-4111,8,17.940789216
8036,7,55,-4129,-15,17.941976640
8036,8,63,-4155,-4,17.943164064
8036,9,49,-4157,1,17.944351488
8036,10,55,-4180,14,17.945538912
8036,11,32,-4176,17,17.946726336
8036,12,30,-4139,0,17.947913760
8036,13,28,-4103,18,17.949101184
8036,14,-14,-4078,20,17.950288608
8036,15,-7,-4142,-12,17.951476032
8036,16,2,-4179,38,17.952663456
8036,17,2,-4159,27,17.953850880
8036,18,20,-4153,38,17.955038304
8036,19,27,-4167,19,17.956225728
8036,20,33,-4166,7,17.957413152
8036,21,62,-4142,0,17.958600576
8036,22,49,-4115,-1,17.959788000
8036,23,73,-4128,4,17.960975424
8036,24,69,-4151,3,17.962162848
8036,25,50,-4174,19,17.963350272
8036,26,65,-4152,-3,17.964537696
8036,27,59,-4173,5,17.965725120
8036,28,50,-4153,-3,17.966912544
8036,29,42,-4141,19,17.968099968
8036,30,11,-4097,19,17.969287392
8036,31,-13,-4095,25,17.970474816
8036,32,-5,-4157,18,17.971662240
8036,33,-32,-4187,26,17.972849664
8036,34,-5,-4142,23,17.974037088
8036,35,-11,-4141,33,17.975224512
8036,36,38,-4144,17,17.976411936
8036,37,51,-4165,6,17.977599360
8036,38,35,-4153,0,17.978786784
8036,39,73,-4114,-8,17.979974208
8036,40,56,-4111,4,17.981161632
8036,41,62,-4146,0,17.982349056
8036,42,64,-4172,-11,17.983536480
8036,43,63,-4146,25,17.984723904
8036,44,46,-4151,-3,17.985911328
8036,45,45,-4158,15,17.987098752
8036,46,18,-4150,-10,17.988286176
8036,47,29,-4087,12,17.989473600
8036,48,16,-4097,8,17.990661024
8036,49,-10,-4159,31,17.991848448
8036,50,-12,-4171,29,17.993035872
8036,51,-4,-4140,31,17.994223296
8036,52,-2,-4132,33,17.995410720
8036,53,18,-4149,-6,17.996598144
8036,54,41,-4165,9,17.997785568
8036,55,59,-4140,-14,17.998972992
8036,56,70,-4125,1,18.000160416
8036,57,71,-4123,-2,18.001347840
8036,58,72,-4148,16,18.002535264
8036,59,76,-4148,3,18.003722688
8036,60,45,-4148,16,18.004910112
8036,61,53,-4154,-14,18.006097536
8036,62,31,-4158,28,18.007284960
8036,63,32,-4144,7,18.008472384
8036,64,30,-4118,20,18.009659808
8037,1,26,-4126,11,18.010847232
8037,2,14,-4155,-2,18.012034656
8037,3,-8,-4148,13,18.013222080
8037,4,-15,-4141,24,18.014409504
8037,5,-14,-4143,35,18.015596928
8037,6,3,-4160,20,18.016784352
8037,7,38,-4170,5,18.017971776
8037,8,49,-4151,-4,18.019159200
8037,9,56,-4100,1,18.020346624
8037,10,67,-4114,1,18.021534048
8037,11,58,-4159,5,18.022721472
8037,12,58,-4175,5,18.023908896
8037,13,54,-4169,4,18.025096320
8037,14,49,-4164,14,18.026283744
8037,15,34,-4156,5,18.027471168
8037,16,41,-4123,-3,18.028658592
8037,17,33,-4091,-5,18.029846016
8037,18,18,-4130,2,18.031033440
8037,19,-7,-4183,17,18.032220864
8037,20,-22,-4182,24,18.033408288
8037,21,-28,-4140,33,18.034595712
8037,22,1,-4155,30,18.035783136
8037,23,6,-4150,14,18.036970560
8037,24,36,-4155,7,18.038157984
8037,25,46,-4122,0,18.039345408
8037,26,55,-4076,4,18.040532832
8037,27,59,-4132,-10,18.041720256
8037,28,56,-4188,-14,18.042907680
8037,29,57,-4169,1,18.044095104
8037,30,48,-4151,21,18.045282528
8037,31,38,-4160,9,18.046469952
8037,32,42,-4148,-10,18.047657376
8037,33,29,-4122,14,18.048844800
8037,34,26,-4097,18,18.050032224
8037,35,3,-4153,4,18.051219648
8037,36,-2,-4209,26,18.052407072
8037,37,-8,-4153,16,18.053594496
8037,38,-20,-4106,35,18.054781920
8037,39,-8,-4136,35,18.055969344
8037,40,-4,-4161,29,18.057156768
8037,41,2,-4155,19,18.058344192
8037,42,41,-4127,9,18.059531616
8037,43,63,-4111,12,18.060719040
8037,44,72,-4152,8,18.061906464
8037,45,63,-4159,12,18.063093888
8037,46,63,-4147,3,18.064281312
8037,47,62,-4141,-6,18.065468736
8037,48,49,-4128,-12,18.066656160
8037,49,44,-4153,3,18.067843584
8037,50,37,-4122,4,18.069031008
8037,51,15,-4104,9,18.070218432
8037,52,20,-4153,10,18.071405856
8037,53,23,-4164,23,18.072593280
8037,54,-2,-4130,15,18.073780704
8037,55,-9,-4141,28,18.074968128
8037,56,-10,-4133,21,18.076155552
8037,57,-10,-4167,21,18.077342976
8037,58,18,-4145,3,18.078530400
8037,59,32,-4128,-3,18.079717824
8037,60,56,-4116,1,18.080905248
8037,61,59,-4152,-2,18.082092672
8037,62,66,-4176,-3,18.083280096
8037,63,76,-4170,5,18.084467520
8037,64,66,-4172,8,18.085654944
8038,1,53,-4153,16,18.086842368
8038,2,58,-4142,-3,18.088029792
8038,3,27,-4107,8,18.089217216
8038,4,32,-4104,12,18.090404640
8038,5,24,-4162,6,18.091592064
8038,6,4,-4181,30,18.092779488
8038,7,8,-4158,21,18.093966912
8038,8,-3,-4164,35,18.095154336
8038,9,9,-4165,12,18.096341760
8038,10,0,-4160,21,18.097529184
8038,11,16,-4150,12,18.098716608
8038,12,24,-4095,3,18.099904032
8038,13,46,-4125,17,18.101091456
8038,14,47,-4173,-4,18.102278880
8038,15,65,-4187,4,18.103466304
8038,16,76,-4164,11,18.104653728
8038,17,67,-4165,19,18.105841152
8038,18,66,-4143,3,18.107028576
8038,19,51,-4132,10,18.108216000
8038,20,41,-4108,9,18.109403424
8038,21,28,-4131,5,18.110590848
8038,22,13,-4169,23,18.111778272
8038,23,-9,-4176,15,18.112965696
8038,24,-3,-4128,21,18.114153120
8038,25,-23,-4123,33,18.115340544
8038,26,-2,-4135,20,18.116527968
8038,27,8,-4165,6,18.117715392
8038,28,-2,-4159,32,18.118902816
8038,29,34,-4117,7,18.120090240
8038,30,30,-4123,-2,18.121277664
8038,31,63,-4142,-4,18.122465088
8038,32,72,-4152,-15,18.123652512
8038,33,75,-4151,1,18.124839936
8038,34,71,-4133,-24,18.126027360
8038,35,53,-4131,7,18.127214784
8038,36,56,-4123,11,18.128402208
8038,37,50,-4107,6,18.129589632
8038,38,55,-4114,7,18.130777056
8038,39,41,-4154,3,18.131964480
8038,40,5,-4144,19,18.133151904
8038,41,1,-4137,6,18.134339328
8038,42,5,-4139,13,18.135526752
8038,43,-11,-4160,6,18.136714176
8038,44,-4,-4160,8,18.137901600
8038,45,19,-4144,14,18.139089024
8038,46,34,-4089,-13,18.140276448
8038,47,39,-4144,1,18.141463872
8038,48,46,-4158,-1,18.142651296
8038,49,45,-4148,-4,18.143838720
8038,50,55,-4161,4,18.145026144
8038,51,68,-4167,4,18.146213568
8038,52,77,-4172,-3,18.147400992
8038,53,74,-4136,6,18.148588416
8038,54,65,-4110,-2,18.149775840
8038,55,28,-4144,19,18.150963264
8038,56,22,-4183,7,18.152150688
8038,57,-12,-4147,7,18.153338112
8038,58,-7,-4157,32,18.154525536
8038,59,-22,-4169,41,18.155712960
8038,60,-21,-4159,39,18.156900384
8038,61,6,-4149,22,18.158087808
8038,62,14,-4127,20,18.159275232
8038,63,28,-4129,10,18.160462656
8038,64,34,-4157,6,18.161650080
8039,1,37,-4182,17,18.162837504
8039,2,52,-4170,18,18.164024928
8039,3,67,-4161,19,18.165212352
8039,4,66,-4168,1,18.166399776
8039,5,81,-4130,11,18.167587200
8039,6,69,-4089,-18,18.168774624
8039,7,49,-4104,-3,18.169962048
8039,8,39,-4162,-20,18.171149472
8039,9,19,-4178,8,18.172336896
8039,10,9,-4157,15,18.173524320
8039,11,-12,-4139,7,18.174711744
8039,12,0,-4139,35,18.175899168
8039,13,1,-4142,4,18.177086592
8039,14,-5,-4149,8,18.178274016
8039,15,18,-4102,4,18.179461440
8039,16,27,-4089,1,18.180648864
8039,17,33,-4135,0,18.181836288
8039,18,46,-4163,5,18.183023712
8039,19,56,-4158,16,18.184211136
8039,20,79,-4138,5,18.185398560
8039,21,68,-4153,-7,18.186585984
8039,22,63,-4118,8,18.187773408
8039,23,61,-4116,-11,18.188960832
8039,24,57,-4111,-2,18.190148256
8039,25,36,-4154,-11,18.191335680
8039,26,28,-4149,0,18.192523104
8039,27,-2,-4130,5,18.193710528
8039,28,-11,-4124,15,18.194897952
8039,29,-11,-4147,13,18.196085376
8039,30,-1,-4159,24,18.197272800
8039,31,-14,-4159,21,18.198460224
8039,32,11,-4102,9,18.199647648
8039,33,30,-4129,18,18.200835072
8039,34,31,-4157,-5,18.202022496
8039,35,47,-4169,16,18.203209920
8039,36,44,-4170,22,18.204397344
8039,37,59,-4179,25,18.205584768
8039,38,63,-4185,17,18.206772192
8039,39,64,-4147,18,18.207959616
8039,40,64,-4121,22,18.209147040
8039,41,62,-4117,-3,18.210334464
8039,42,37,-4184,-5,18.211521888
8039,43,31,-4170,2,18.212709312
8039,44,4,-4176,33,18.213896736
8039,45,17,-4163,46,18.215084160
8039,46,10,-4168,30,18.216271584
8039,47,-11,-4170,14,18.217459008
8039,48,6,-4140,19,18.218646432
8039,49,9,-4095,5,18.219833856
8039,50,2,-4139,16,18.221021280
8039,51,12,-4170,7,18.222208704
8039,52,21,-4186,24,18.223396128
8039,53,52,-4174,27,18.224583552
8039,54,63,-4181,20,18.225770976
8039,55,71,-4138,-3,18.226958400
8039,56,84,-4110,5,18.228145824
8039,57,61,-4099,-8,18.229333248
8039,58,70,-4149,-10,18.230520672
8039,59,49,-4158,-2,18.231708096
8039,60,28,-4144,19,18.232895520
8039,61,16,-4126,14,18.234082944
8039,62,9,-4151,7,18.235270368
8039,63,-10,-4136,20,18.236457792
8039,64,11,-4132,-16,18.237645216
8040,1,0,-4113,9,18.238832640
8040,2,10,-4096,-17,18.240020064
8040,3,-3,-4143,14,18.241207488
8040,4,27,-4144,10,18.242394912
8040,5,23,-4151,10,18.243582336
8040,6,37,-4129,12,18.244769760
8040,7,63,-4146,-5,18.245957184
8040,8,73,-4125,-20,18.247144608
8040,9,70,-4112,-2,18.248332032
8040,10,72,-4114,-23,18.249519456
8040,11,71,-4143,-13,18.250706880
8040,12,59,-4150,-3,18.251894304
8040,13,42,-4147,9,18.253081728
8040,14,18,-4134,23,18.254269152
8040,15,-8,-4151,8,18.255456576
8040,16,-5,-4170,19,18.256644000
8040,17,-1,-4165,7,18.257831424
8040,18,21,-4125,11,18.259018848
8040,19,9,-4110,18,18.260206272
8040,20,14,-4142,9,18.261393696
8040,21,18,-4151,12,18.262581120
8040,22,12,-4152,-1,18.263768544
8040,23,13,-4166,27,18.264955968
8040,24,60,-4164,25,18.266143392
8040,25,60,-4159,18,18.267330816
8040,26,72,-4145,-8,18.268518240
8040,27,93,-4119,-11,18.269705664
8040,28,74,-4171,-7,18.270893088
8040,29,64,-4173,19,18.272080512
8040,30,34,-4168,16,18.273267936
8040,31,10,-4178,36,18.274455360
8040,32,10,-4147,43,18.275642784
8040,33,2,-4172,26,18.276830208
8040,34,14,-4156,42,18.278017632
8040,35,19,-4138,25,18.279205056
8040,36,9,-4114,33,18.280392480
8040,37,12,-4175,9,18.281579904
8040,38,15,-4186,14,18.282767328
8040,39,25,-4179,35,18.283954752
8040,40,21,-4155,20,18.285142176
8040,41,46,-4148,25,18.286329600
8040,42,73,-4119,-7,18.287517024
8040,43,83,-4106,2,18.288704448
8040,44,70,-4111,-20,18.289891872
8040,45,80,-4153,-25,18.291079296
8040,46,67,-4139,-23,18.292266720
8040,47,40,-4137,19,18.293454144
8040,48,19,-4132,10,18.294641568
8040,49,4,-4133,21,18.295828992
8040,50,4,-4157,5,18.297016416
8040,51,-1,-4136,-10,18.298203840
8040,52,-13,-4106,3,18.299391264
8040,53,12,-4118,-10,18.300578688
8040,54,3,-4126,11,18.301766112
8040,55,5,-4140,-11,18.302953536
8040,56,15,-4141,19,18.304140960
8040,57,35,-4142,12,18.305328384
8040,58,49,-4141,7,18.306515808
8040,59,78,-4118,12,18.307703232
8040,60,67,-4109,-16,18.308890656
8040,61,77,-4134,-13,18.310078080
8040,62,78,-4164,0,18.311265504
8040,63,70,-4141,1,18.312452928
8040,64,48,-4120,19,18.313640352
8041,1,3,-4141,25,18.314827776
8041,2,-4,-4146,15,18.316015200
8041,3,24,-4160,19,18.317202624
8041,4,4,-4143,17,18.318390048
8041,5,-9,-4127,20,18.319577472
8041,6,12,-4148,10,18.320764896
8041,7,1,-4168,22,18.321952320
8041,8,10,-4151,31,18.323139744
8041,9,16,-4142,33,18.324327168
8041,10,13,-4182,30,18.325514592
8041,11,35,-4174,22,18.326702016
8041,12,39,-4124,16,18.327889440
8041,13,80,-4124,3,18.329076864
8041,14,89,-4160,10,18.330264288
8041,15,79,-4186,14,18.331451712
8041,16,66,-4156,14,18.332639136
8041,17,45,-4161,4,18.333826560
8041,18,25,-4175,27,18.335013984
8041,19,28,-4142,6,18.336201408
8041,20,23,-4149,7,18.337388832
8041,21,8,-4132,9,18.338576256
8041,22,24,-4129,11,18.339763680
8041,23,6,-4138,10,18.340951104
8041,24,6,-4154,22,18.342138528
8041,25,0,-4167,25,18.343325952
8041,26,17,-4157,16,18.344513376
8041,27,18,-4155,0,18.345700800
8041,28,44,-4124,24,18.346888224
8041,29,64,-4094,-11,18.348075648
8041,30,66,-4098,-9,18.349263072
8041,31,67,-4152,-13,18.350450496
8041,32,85,-4169,-15,18.351637920
8041,33,61,-4138,20,18.352825344
8041,34,47,-4142,0,18.354012768
8041,35,35,-4137,16,18.355200192
8041,36,27,-4138,14,18.356387616
8041,37,8,-4154,24,18.357575040
8041,38,3,-4108,-3,18.358762464
8041,39,23,-4093,7,18.359949888
8041,40,-7,-4137,-1,18.361137312
8041,41,-2,-4144,-3,18.362324736
8041,42,4,-4151,13,18.363512160
8041,43,13,-4140,16,18.364699584
8041,44,19,-4138,35,18.365887008
8041,45,39,-4139,-3,18.367074432
8041,46,67,-4110,-5,18.368261856
8041,47,55,-4097,-27,18.369449280
8041,48,78,-4156,5,18.370636704
8041,49,78,-4162,9,18.371824128
8041,50,69,-4148,23,18.373011552
8041,51,40,-4152,8,18.374198976
8041,52,52,-4145,16,18.375386400
8041,53,13,-4147,5,18.376573824
8041,54,19,-4147,1,18.377761248
8041,55,1,-4127,0,18.378948672
8041,56,12,-4139,35,18.380136096
8041,57,2,-4151,36,18.381323520
8041,58,2,-4166,32,18.382510944
8041,59,6,-4163,29,18.383698368
8041,60,7,-4168,17,18.384885792
8041,61,31,-4153,6,18.386073216
8041,62,38,-4129,2,18.387260640
8041,63,43,-4104,11,18.388448064
8041,64,67,-4132,10,18.389635488
8042,1,66,-4177,0,18.390822912
8042,2,53,-4172,16,18.392010336
8042,3,54,-4146,6,18.393197760
8042,4,50,-4161,29,18.394385184
8042,5,51,-4160,17,18.395572608
8042,6,39,-4165,22,18.396760032
8042,7,45,-4137,20,18.397947456
8042,8,17,-4102,-1,18.399134880
8042,9,1,-4115,5,18.400322304
8042,10,-5,-4172,2,18.401509728
8042,11,0,-4170,23,18.402697152
8042,12,-2,-4144,16,18.403884576
8042,13,-2,-4159,36,18.405072000
8042,14,29,-4154,-1,18.406259424
8042,15,51,-4116,18,18.407446848
8042,16,53,-4103,-7,18.408634272
8042,17,59,-4143,-8,18.409821696
8042,18,58,-4190,-5,18.411009120
8042,19,70,-4161,0,18.412196544
8042,20,59,-4143,-13,18.413383968
8042,21,64,-4119,2,18.414571392
8042,22,33,-4140,-8,18.415758816
8042,23,40,-4149,3,18.416946240
8042,24,34,-4115,4,18.418133664
8042,25,2,-4096,10,18.419321088
8042,26,-6,-4143,10,18.420508512
8042,27,-14,-4162,18,18.421695936
8042,28,6,-4150,11,18.422883360
8042,29,1,-4151,30,18.424070784
8042,30,6,-4160,34,18.425258208
8042,31,25,-4142,31,18.426445632
8042,32,46,-4128,10,18.427633056
8042,33,49,-4106,10,18.428820480
8042,34,49,-4155,4,18.430007904
8042,35,68,-4153,-3,18.431195328
8042,36,75,-4138,-2,18.432382752
8042,37,55,-4132,11,18.433570176
8042,38,62,-4163,6,18.434757600
8042,39,43,-4158,26,18.435945024
8042,40,49,-4160,-1,18.437132448
8042,41,24,-4145,37,18.438319872
8042,42,21,-4126,-5,18.439507296
8042,43,-8,-4122,13,18.440694720
8042,44,-14,-4158,28,18.441882144
8042,45,-12,-4135,26,18.443069568
8042,46,-14,-4176,44,18.444256992
8042,47,7,-4185,20,18.445444416
8042,48,36,-4148,13,18.446631840
8042,49,54,-4103,-6,18.447819264
8042,50,56,-4118,28,18.449006688
8042,51,61,-4172,-25,18.450194112
8042,52,47,-4184,10,18.451381536
8042,53,65,-4156,-1,18.452568960
8042,54,57,-4153,30,18.453756384
8042,55,59,-4161,8,18.454943808
8042,56,34,-4176,10,18.456131232
8042,57,55,-4141,-1,18.457318656
8042,58,50,-4094,18,18.458506080
8042,59,14,-4096,-7,18.459693504
8042,60,-7,-4157,6,18.460880928
8042,61,-15,-4174,-4,18.462068352
8042,62,-18,-4158,24,18.463255776
8042,63,-14,-4166,21,18.464443200
8042,64,10,-4181,11,18.465630624
8043,1,23,-4142,22,18.466818048
8043,2,30,-4075,8,18.468005472
8043,3,40,-4102,21,18.469192896
8043,4,49,-4165,-13,18.470380320
8043,5,43,-4192,0,18.471567744
8043,6,55,-4138,3,18.472755168
8043,7,55,-4143,-1,18.473942592
8043,8,83,-4163,9,18.475130016
8043,9,61,-4154,-7,18.476317440
8043,10,67,-4125,2,18.477504864
8043,11,50,-4076,-12,18.478692288
8043,12,24,-4109,11,18.479879712
8043,13,-20,-4174,11,18.481067136
8043,14,-23,-4158,20,18.482254560
8043,15,-10,-4152,46,18.483441984
8043,16,4,-4145,8,18.484629408
8043,17,15,-4142,-2,18.485816832
8043,18,25,-4131,10,18.487004256
8043,19,19,-4074,15,18.488191680
8043,20,48,-4132,-12,18.489379104
8043,21,61,-4185,1,18.490566528
8043,22,49,-4163,3,18.491753952
8043,23,63,-4140,8,18.492941376
8043,24,64,-4125,17,18.494128800
8043,25,40,-4130,-10,18.495316224
8043,26,62,-4181,6,18.496503648
8043,27,44,-4142,1,18.497691072
8043,28,42,-4123,5,18.498878496
8043,29,33,-4145,-4,18.500065920
8043,30,11,-4170,-4,18.501253344
8043,31,-11,-4152,18,18.502440768
8043,32,2,-4149,20,18.503628192
8043,33,-21,-4161,38,18.504815616
8043,34,2,-4172,25,18.506003040
8043,35,16,-4128,16,18.507190464
8043,36,25,-4107,10,18.508377888
8043,37,30,-4110,1,18.509565312
8043,38,55,-4178,6,18.510752736
8043,39,47,-4149,0,18.511940160
8043,40,60,-4144,9,18.513127584
8043,41,47,-4165,18,18.514315008
8043,42,72,-4160,-15,18.515502432
8043,43,61,-4166,18,18.516689856
8043,44,68,-4128,4,18.517877280
8043,45,52,-4083,5,18.519064704
8043,46,12,-4128,1,18.520252128
8043,47,-21,-4171,1,18.521439552
8043,48,-10,-4172,36,18.522626976
8043,49,-21,-4167,23,18.523814400
8043,50,-1,-4143,41,18.525001824
8043,51,13,-4141,22,18.526189248
8043,52,18,-4103,12,18.527376672
8043,53,44,-4109,19,18.528564096
8043,54,46,-4134,-16,18.529751520
8043,55,51,-4159,-2,18.530938944
8043,56,53,-4162,-7,18.532126368
8043,57,48,-4154,10,18.533313792
8043,58,51,-4141,9,18.534501216
8043,59,63,-4174,-1,18.535688640
8043,60,67,-4154,9,18.536876064
8043,61,55,-4122,-1,18.538063488
8043,62,43,-4102,-3,18.539250912
8043,63,21,-4129,27,18.540438336
8043,64,18,-4172,14,18.541625760
8044,1,2,-4149,27,18.542813184
8044,2,0,-4144,6,18.544000608
8044,3,-4,-4145,32,18.545188032
8044,4,-1,-4143,18,18.546375456
8044,5,27,-4111,22,18.547562880
8044,6,20,-4117,22,18.548750304
8044,7,27,-4164,13,18.549937728
8044,8,32,-4182,1,18.551125152
8044,9,42,-4146,-2,18.552312576
8044,10,34,-4140,6,18.553500000
8044,11,62,-4129,-1,18.554687424
8044,12,59,-4178,9,18.555874848
8044,13,56,-4153,9,18.557062272
8044,14,40,-4105,-10,18.558249696
8044,15,37,-4095,5,18.559437120
8044,16,33,-4165,14,18.560624544
8044,17,24,-4168,23,18.561811968
8044,18,13,-4163,27,18.562999392
8044,19,-1,-4168,17,18.564186816
8044,20,-3,-4167,15,18.565374240
8044,21,-1,-4136,-6,18.566561664
8044,22,25,-4100,6,18.567749088
8044,23,2,-4121,6,18.568936512
8044,24,33,-4167,7,18.570123936
8044,25,44,-4161,25,18.571311360
8044,26,48,-4143,15,18.572498784
8044,27,62,-4159,9,18.573686208
8044,28,59,-4166,-14,18.574873632
8044,29,69,-4162,-19,18.576061056
8044,30,65,-4134,1,18.577248480
8044,31,57,-4102,2,18.578435904
8044,32,67,-4134,12,18.579623328
8044,33,43,-4150,19,18.580810752
8044,34,9,-4158,11,18.581998176
8044,35,-3,-4162,17,18.583185600
8044,36,-9,-4154,21,18.584373024
8044,37,7,-4148,25,18.585560448
8044,38,7,-4121,13,18.586747872
8044,39,10,-4104,17,18.587935296
8044,40,34,-4132,9,18.589122720
8044,41,20,-4167,-3,18.590310144
8044,42,40,-4155,14,18.591497568
8044,43,49,-4132,3,18.592684992
8044,44,43,-4145,1,18.593872416
8044,45,56,-4153,1,18.595059840
8044,46,58,-4164,-5,18.596247264
8044,47,57,-4134,19,18.597434688
8044,48,67,-4093,0,18.598622112
8044,49,47,-4133,4,18.599809536
8044,50,32,-4170,11,18.600996960
8044,51,28,-4169,11,18.602184384
8044,52,-7,-4144,12,18.603371808
8044,53,0,-4142,30,18.604559232
8044,54,-3,-4139,33,18.605746656
8044,55,-26,-4105,14,18.606934080
8044,56,3,-4093,26,18.608121504
8044,57,20,-4122,4,18.609308928
8044,58,20,-4178,23,18.610496352
8044,59,27,-4158,0,18.611683776
8044,60,38,-4135,19,18.612871200
8044,61,55,-4138,10,18.614058624
8044,62,61,-4156,-4,18.615246048
8044,63,61,-4172,-15,18.616433472
8044,64,54,-4125,-5,18.617620896
8045,1,69,-4095,-3,18.618808320
8045,2,51,-4147,27,18.619995744
8045,3,38,-4181,-5,18.621183168
8045,4,20,-4145,8,18.622370592
8045,5,11,-4139,29,18.623558016
8045,6,-9,-4147,-11,18.624745440
8045,7,-27,-4153,26,18.625932864
8045,8,12,-4124,2,18.627120288
8045,9,15,-4117,27,18.628307712
8045,10,14,-4148,-11,18.629495136
8045,11,16,-4167,-4,18.630682560
8045,12,19,-4156,18,18.631869984
8045,13,44,-4147,24,18.633057408
8045,14,49,-4159,18,18.634244832
8045,15,45,-4158,6,18.635432256
8045,16,61,-4151,-4,18.636619680
8045,17,61,-4126,3,18.637807104
8045,18,71,-4098,-7,18.638994528
8045,19,65,-4124,-8,18.640181952
8045,20,60,-4152,11,18.641369376
8045,21,38,-4157,3,18.642556800
8045,22,2,-4165,18,18.643744224
8045,23,-13,-4151,22,18.644931648
8045,24,5,-4146,20,18.646119072
8045,25,15,-4110,20,18.647306496
8045,26,13,-4126,18,18.648493920
8045,27,14,-4170,32,18.649681344
8045,28,-1,-4163,15,18.650868768
8045,29,20,-4144,35,18.652056192
8045,30,33,-4128,5,18.653243616
8045,31,49,-4135,-1,18.654431040
8045,32,71,-4163,-1,18.655618464
8045,33,59,-4155,-15,18.656805888
8045,34,76,-4115,18,18.657993312
8045,35,90,-4126,-2,18.659180736
8045,36,79,-4162,5,18.660368160
8045,37,51,-4167,-7,18.661555584
8045,38,37,-4147,8,18.662743008
8045,39,8,-4153,17,18.663930432
8045,40,-1,-4135,14,18.665117856
8045,41,15,-4127,36,18.666305280
8045,42,-6,-4095,3,18.667492704
8045,43,2,-4118,27,18.668680128
8045,44,1,-4152,16,18.669867552
8045,45,6,-4163,25,18.671054976
8045,46,19,-4136,10,18.672242400
8045,47,38,-4141,21,18.673429824
8045,48,51,-4175,25,18.674617248
8045,49,71,-4149,-11,18.675804672
8045,50,67,-4130,-3,18.676992096
8045,51,74,-4092,-25,18.678179520
8045,52,79,-4114,-2,18.679366944
8045,53,57,-4148,10,18.680554368
8045,54,45,-4158,15,18.681741792
8045,55,37,-4166,22,18.682929216
8045,56,38,-4173,24,18.684116640
8045,57,5,-4158,1,18.685304064
8045,58,8,-4111,11,18.686491488
8045,59,11,-4091,-15,18.687678912
8045,60,-7,-4135,7,18.688866336
8045,61,2,-4182,10,18.690053760
8045,62,-2,-4162,26,18.691241184
8045,63,10,-4142,45,18.692428608
8045,64,32,-4148,21,18.693616032
8046,1,38,-4162,8,18.694803456
8046,2,64,-4160,-1,18.695990880
8046,3,69,-4134,1,18.697178304
8046,4,79,-4092,1,18.698365728
8046,5,72,-4143,5,18.699553152
8046,6,62,-4174,10,18.700740576
8046,7,51,-4147,4,18.701928000
8046,8,38,-4151,4,18.703115424
8046,9,17,-4168,23,18.704302848
8046,10,19,-4145,-6,18.705490272
8046,11,1,-4129,28,18.706677696
8046,12,11,-4098,12,18.707865120
8046,13,2,-4150,44,18.709052544
8046,14,-18,-4177,12,18.710239968
8046,15,-7,-4156,29,18.711427392
8046,16,18,-4136,15,18.712614816
8046,17,15,-4135,13,18.713802240
8046,18,42,-4153,2,18.714989664
8046,19,43,-4152,-6,18.716177088
8046,20,67,-4120,4,18.717364512
8046,21,76,-4111,9,18.718551936
8046,22,52,-4157,-14,18.719739360
8046,23,47,-4156,4,18.720926784
8046,24,36,-4142,13,18.722114208
8046,25,35,-4143,7,18.723301632
8046,26,29,-4155,6,18.724489056
8046,27,15,-4132,17,18.725676480
8046,28,13,-4105,10,18.726863904
8046,29,-8,-4102,14,18.728051328
8046,30,-1,-4160,5,18.729238752
8046,31,-14,-4173,8,18.730426176
8046,32,-5,-4147,30,18.731613600
8046,33,8,-4131,-1,18.732801024
8046,34,11,-4165,33,18.733988448
8046,35,39,-4156,3,18.735175872
8046,36,57,-4150,2,18.736363296
8046,37,69,-4115,-8,18.737550720
8046,38,75,-4107,-10,18.738738144
8046,39,67,-4162,-2,18.739925568
8046,40,65,-4171,-9,18.741112992
8046,41,60,-4153,13,18.742300416
8046,42,34,-4173,13,18.743487840
8046,43,26,-4162,27,18.744675264
8046,44,23,-4127,8,18.745862688
8046,45,12,-4098,16,18.747050112
8046,46,6,-4112,-16,18.748237536
8046,47,-16,-4164,21,18.749424960
8046,48,-3,-4168,20,18.750612384
8046,49,7,-4160,55,18.751799808
8046,50,-2,-4159,39,18.752987232
8046,51,5,-4158,22,18.754174656
8046,52,36,-4152,7,18.755362080
8046,53,47,-4151,10,18.756549504
8046,54,71,-4116,-8,18.757736928
8046,55,69,-4132,-6,18.758924352
8046,56,69,-4157,3,18.760111776
8046,57,71,-4145,30,18.761299200
8046,58,47,-4137,11,18.762486624
8046,59,51,-4143,8,18.763674048
8046,60,46,-4168,13,18.764861472
8046,61,30,-4130,6,18.766048896
8046,62,26,-4095,14,18.767236320
8046,63,-5,-4128,25,18.768423744
8046,64,0,-4186,20,18.769611168
8047,1,-2,-4161,27,18.770798592
8047,2,11,-4130,31,18.771986016
8047,3,-13,-4137,40,18.773173440
8047,4,6,-4168,6,18.774360864
8047,5,31,-4157,2,18.775548288
8047,6,55,-4145,2,18.776735712
8047,7,69,-4096,-12,18.777923136
8047,8,69,-4131,5,18.779110560
8047,9,78,-4157,-19,18.780297984
8047,10,57,-4154,6,18.781485408
8047,11,51,-4148,15,18.782672832
8047,12,59,-4165,25,18.783860256
8047,13,46,-4153,5,18.785047680
8047,14,32,-4107,-2,18.786235104
8047,15,9,-4065,5,18.787422528
8047,16,9,-4130,0,18.788609952
8047,17,-8,-4171,13,18.789797376
8047,18,-12,-4158,26,18.790984800
8047,19,-18,-4161,55,18.792172224
8047,20,1,-4148,23,18.793359648
8047,21,33,-4153,15,18.794547072
8047,22,57,-4144,-14,18.795734496
8047,23,41,-4122,7,18.796921920
8047,24,70,-4094,-17,18.798109344
8047,25,83,-4141,10,18.799296768
8047,26,62,-4169,-14,18.800484192
8047,27,61,-4159,22,18.801671616
8047,28,50,-4161,15,18.802859040
8047,29,43,-4153,14,18.804046464
8047,30,35,-4139,-12,18.805233888
8047,31,24,-4125,9,18.806421312
8047,32,28,-4117,2,18.807608736
8047,33,0,-4179,5,18.808796160
8047,34,-3,-4199,28,18.809983584
8047,35,3,-4142,16,18.811171008
8047,36,-8,-4146,35,18.812358432
8047,37,-5,-4154,19,18.813545856
8047,38,11,-4137,32,18.814733280
8047,39,15,-4147,7,18.815920704
8047,40,57,-4137,0,18.817108128
8047,41,57,-4136,-1,18.818295552
8047,42,82,-4171,-8,18.819482976
8047,43,72,-4184,5,18.820670400
8047,44,72,-4148,-4,18.821857824
8047,45,60,-4159,24,18.823045248
8047,46,34,-4172,-6,18.824232672
8047,47,23,-4165,21,18.825420096
8047,48,20,-4115,2,18.826607520
8047,49,15,-4107,29,18.827794944
8047,50,12,-4160,11,18.828982368
8047,51,-12,-4168,11,18.830169792
8047,52,-13,-4141,21,18.831357216
8047,53,-23,-4139,22,18.832544640
8047,54,-1,-4152,23,18.833732064
8047,55,27,-4168,20,18.834919488
8047,56,13,-4159,11,18.836106912
8047,57,57,-4113,13,18.837294336
8047,58,45,-4118,-5,18.838481760
8047,59,53,-4159,0,18.839669184
8047,60,65,-4151,-9,18.840856608
8047,61,82,-4151,15,18.842044032
8047,62,82,-4165,-1,18.843231456
8047,63,65,-4161,5,18.844418880
8047,64,35,-4125,18,18.845606304
8048,1,37,-4082,-1,18.846793728
8048,2,29,-4101,19,18.847981152
8048,3,9,-4165,1,18.849168576
8048,4,2,-4174,23,18.850356000
8048,5,-3,-4148,33,18.851543424
8048,6,-2,-4161,31,18.852730848
8048,7,-2,-4155,37,18.853918272
8048,8,22,-4155,-6,18.855105696
8048,9,33,-4119,5,18.856293120
8048,10,21,-4092,6,18.857480544
8048,11,44,-4123,-8,18.858667968
8048,12,51,-4162,-5,18.859855392
8048,13,76,-4157,14,18.861042816
8048,14,81,-4141,20,18.862230240
8048,15,60,-4159,13,18.863417664
8048,16,61,-4155,13,18.864605088
8048,17,46,-4118,0,18.865792512
8048,18,27,-4098,9,18.866979936
8048,19,6,-4139,11,18.868167360
8048,20,-1,-4193,-4,18.869354784
8048,21,2,-4162,22,18.870542208
8048,22,-4,-4126,37,18.871729632
8048,23,-7,-4149,17,18.872917056
8048,24,0,-4159,16,18.874104480
8048,25,16,-4165,3,18.875291904
8048,26,23,-4140,18,18.876479328
8048,27,35,-4122,-4,18.877666752
8048,28,43,-4138,1,18.878854176
8048,29,67,-4156,12,18.880041600
8048,30,72,-4163,2,18.881229024
8048,31,57,-4145,27,18.882416448
8048,32,66,-4190,6,18.883603872
8048,33,70,-4158,6,18.884791296
8048,34,53,-4120,-5,18.885978720
8048,35,48,-4106,17,18.887166144
8048,36,29,-4155,-3,18.888353568
8048,37,21,-4187,13,18.889540992
8048,38,4,-4151,30,18.890728416
8048,39,-7,-4129,27,18.891915840
8048,40,-20,-4158,23,18.893103264
8048,41,-2,-4158,15,18.894290688
8048,42,5,-4169,31,18.895478112
8048,43,50,-4112,8,18.896665536
8048,44,32,-4103,1,18.897852960
8048,45,28,-4139,-14,18.899040384
8048,46,52,-4159,11,18.900227808
8048,47,66,-4146,-4,18.901415232
8048,48,67,-4166,10,18.902602656
8048,49,89,-4161,-15,18.903790080
8048,50,72,-4150,19,18.904977504
8048,51,67,-4103,-12,18.906164928
8048,52,46,-4095,5,18.907352352
8048,53,18,-4133,-9,18.908539776
8048,54,15,-4163,14,18.909727200
8048,55,-17,-4146,43,18.910914624
8048,56,-13,-4134,3,18.912102048
8048,57,-16,-4161,37,18.913289472
8048,58,-8,-4161,33,18.914476896
8048,59,6,-4151,14,18.915664320
8048,60,32,-4104,-11,18.916851744
8048,61,20,-4098,10,18.918039168
8048,62,22,-4139,-2,18.919226592
8048,63,34,-4175,-1,18.920414016
8048,64,62,-4134,0,18.921601440
8049,1,64,-4154,13,18.922788864
8049,2,57,-4146,-3,18.923976288
8049,3,66,-4154,-1,18.925163712
8049,4,68,-4094,0,18.926351136
8049,5,30,-4112,-7,18.927538560
8049,6,35,-4179,10,18.928725984
8049,7,30,-4188,-2,18.929913408
8049,8,16,-4141,25,18.931100832
8049,9,-3,-4148,26,18.932288256
8049,10,-1,-4151,24,18.933475680
8049,11,7,-4169,34,18.934663104
8049,12,1,-4172,6,18.935850528
8049,13,23,-4119,3,18.937037952
8049,14,39,-4128,15,18.938225376
8049,15,59,-4162,2,18.939412800
8049,16,36,-4185,0,18.940600224
8049,17,63,-4165,-4,18.941787648
8049,18,59,-4141,14,18.942975072
8049,19,57,-4150,-12,18.944162496
8049,20,73,-4149,18,18.945349920
8049,21,65,-4118,1,18.946537344
8049,22,50,-4134,0,18.947724768
8049,23,49,-4161,6,18.948912192
8049,24,26,-4177,-9,18.950099616
8049,25,-2,-4147,42,18.951287040
8049,26,-9,-4131,29,18.952474464
8049,27,-7,-4121,32,18.953661888
8049,28,-8,-4155,15,18.954849312
8049,29,-6,-4151,9,18.956036736
8049,30,38,-4104,0,18.957224160
8049,31,23,-4106,-5,18.958411584
8049,32,36,-4156,17,18.959599008
8049,33,35,-4156,-1,18.960786432
8049,34,36,-4169,16,18.961973856
8049,35,36,-4148,7,18.963161280
8049,36,50,-4162,-1,18.964348704
8049,37,75,-4137,7,18.965536128
8049,38,73,-4088,-3,18.966723552
8049,39,62,-4110,-14,18.967910976
8049,40,48,-4152,-13,18.969098400
8049,41,30,-4145,-6,18.970285824
8049,42,9,-4132,12,18.971473248
8049,43,-22,-4139,27,18.972660672
8049,44,-12,-4164,43,18.973848096
8049,45,1,-4177,19,18.975035520
8049,46,27,-4135,28,18.976222944
8049,47,46,-4119,14,18.977410368
8049,48,40,-4137,21,18.978597792
8049,49,27,-4173,1,18.979785216
8049,50,32,-4177,4,18.980972640
8049,51,38,-4163,6,18.982160064
8049,52,59,-4160,13,18.983347488
8049,53,70,-4152,-5,18.984534912
8049,54,82,-4113,5,18.985722336
8049,55,59,-4101,0,18.986909760
8049,56,42,-4126,-6,18.988097184
8049,57,44,-4168,9,18.989284608
8049,58,37,-4161,17,18.990472032
8049,59,-12,-4163,38,18.991659456
8049,60,-16,-4165,17,18.992846880
8049,61,-17,-4170,19,18.994034304
8049,62,-20,-4141,26,18.995221728
8049,63,12,-4114,4,18.996409152
8049,64,19,-4114,-2,18.997596576
8050,1,25,-4126,0,18.998784000
8050,2,27,-4156,-2,18.999971424
8050,3,38,-4155,12,19.001158848
8050,4,39,-4169,29,19.002346272
8050,5,44,-4157,29,19.003533696
8050,6,53,-4148,21,19.004721120
8050,7,59,-4134,4,19.005908544
8050,8,58,-4139,-9,19.007095968
8050,9,72,-4145,-11,19.008283392
8050,10,58,-4168,-3,19.009470816
8050,11,18,-4130,15,19.010658240
8050,12,0,-4144,0,19.011845664
8050,13,2,-4143,23,19.013033088
8050,14,7,-4141,3,19.014220512
8050,15,-3,-4155,23,19.015407936
8050,16,15,-4127,0,19.016595360
8050,17,19,-4108,13,19.017782784
8050,18,33,-4153,21,19.018970208
8050,19,11,-4163,5,19.020157632
8050,20,30,-4161,31,19.021345056
8050,21,43,-4162,-1,19.022532480
8050,22,62,-4150,18,19.023719904
8050,23,72,-4131,-8,19.024907328
8050,24,75,-4097,-7,19.026094752
8050,25,82,-4104,-10,19.027282176
8050,26,82,-4163,-23,19.028469600
8050,27,64,-4162,2,19.029657024
8050,28,24,-4140,8,19.030844448
8050,29,-8,-4159,28,19.032031872
8050,30,1,-4160,22,19.033219296
8050,31,-16,-4155,18,19.034406720
8050,32,-4,-4149,8,19.035594144
8050,33,3,-4095,17,19.036781568
8050,34,14,-4116,17,19.037968992
8050,35,12,-4162,12,19.039156416
8050,36,22,-4171,9,19.040343840
8050,37,48,-4159,5,19.041531264
8050,38,63,-4171,26,19.042718688
8050,39,73,-4141,17,19.043906112
8050,40,74,-4144,21,19.045093536
8050,41,65,-4108,0,19.046280960
8050,42,71,-4130,-9,19.047468384
8050,43,51,-4182,17,19.048655808
8050,44,47,-4176,2,19.049843232
8050,45,19,-4133,25,19.051030656
8050,46,8,-4147,23,19.052218080
8050,47,-4,-4152,23,19.053405504
8050,48,7,-4170,30,19.054592928
8050,49,2,-4129,31,19.055780352
8050,50,10,-4114,24,19.056967776
8050,51,11,-4143,17,19.058155200
8050,52,29,-4180,5,19.059342624
8050,53,28,-4160,1,19.060530048
8050,54,33,-4147,4,19.061717472
8050,55,34,-4159,18,19.062904896
8050,56,50,-4170,5,19.064092320
8050,57,58,-4121,-2,19.065279744
8050,58,62,-4106,9,19.066467168
8050,59,60,-4131,-3,19.067654592
8050,60,55,-4182,4,19.068842016
8050,61,48,-4145,-2,19.070029440
8050,62,33,-4133,26,19.071216864
8050,63,20,-4143,7,19.072404288
8050,64,13,-4163,9,19.073591712
8051,1,5,-4162,11,19.074779136
8051,2,5,-4130,7,19.075966560
8051,3,-12,-4094,22,19.077153984
8051,4,6,-4146,6,19.078341408
8051,5,6,-4177,32,19.079528832
8051,6,12,-4136,17,19.080716256
8051,7,29,-4137,28,19.081903680
8051,8,26,-4166,11,19.083091104
8051,9,47,-4152,-3,19.084278528
8051,10,76,-4105,-7,19.085465952
8051,11,91,-4087,-35,19.086653376
8051,12,89,-4138,15,19.087840800
8051,13,67,-4166,-17,19.089028224
8051,14,47,-4152,6,19.090215648
8051,15,37,-4143,-1,19.091403072
8051,16,25,-4140,13,19.092590496
8051,17,24,-4150,13,19.093777920
8051,18,0,-4157,-2,19.094965344
8051,19,11,-4114,12,19.096152768
8051,20,2,-4100,10,19.097340192
8051,21,1,-4139,7,19.098527616
8051,22,23,-4160,30,19.099715040
8051,23,13,-4162,13,19.100902464
8051,24,28,-4154,30,19.102089888
8051,25,40,-4151,18,19.103277312
8051,26,36,-4150,11,19.104464736
8051,27,57,-4099,7,19.105652160
8051,28,74,-4107,3,19.106839584
8051,29,72,-4163,-2,19.108027008
8051,30,71,-4178,-20,19.109214432
8051,31,43,-4163,14,19.110401856
8051,32,38,-4158,10,19.111589280
8051,33,29,-4160,20,19.112776704
8051,34,13,-4145,26,19.113964128
8051,35,23,-4148,18,19.115151552
8051,36,-11,-4115,37,19.116338976
8051,37,-8,-4129,10,19.117526400
8051,38,-3,-4162,19,19.118713824
8051,39,-3,-4169,0,19.119901248
8051,40,8,-4149,2,19.121088672
8051,41,29,-4165,9,19.122276096
8051,42,34,-4169,-2,19.123463520
8051,43,52,-4141,33,19.124650944
8051,44,63,-4105,-11,19.125838368
8051,45,62,-4103,13,19.127025792
8051,46,65,-4154,0,19.128213216
8051,47,61,-4171,-6,19.129400640
8051,48,56,-4137,-12,19.130588064
8051,49,28,-4129,-3,19.131775488
8051,50,34,-4152,22,19.132962912
8051,51,18,-4156,-7,19.134150336
8051,52,30,-4147,18,19.135337760
8051,53,30,-4094,4,19.136525184
8051,54,10,-4124,10,19.137712608
8051,55,-1,-4170,-1,19.138900032
8051,56,-4,-4165,13,19.140087456
8051,57,-7,-4143,26,19.141274880
8051,58,6,-4152,26,19.142462304
8051,59,28,-4155,35,19.143649728
8051,60,43,-4138,2,19.144837152
8051,61,76,-4103,21,19.146024576
8051,62,76,-4108,-13,19.147212000
8051,63,77,-4158,-5,19.148399424
8051,64,51,-4148,-7,19.149586848
8052,1,56,-4122,-6,19.150774272
8052,2,49,-4141,27,19.151961696
8052,3,37,-4158,9,19.153149120
8052,4,35,-4158,36,19.154336544
8052,5,23,-4134,-6,19.155523968
8052,6,14,-4110,27,19.156711392
8052,7,-7,-4107,12,19.157898816
8052,8,-22,-4145,31,19.159086240
8052,9,-20,-4156,8,19.160273664
8052,10,-5,-4166,30,19.161461088
8052,11,9,-4175,25,19.162648512
8052,12,28,-4139,24,19.163835936
8052,13,50,-4135,2,19.165023360
8052,14,63,-4119,8,19.166210784
8052,15,64,-4130,-5,19.167398208
8052,16,79,-4171,2,19.168585632
8052,17,59,-4137,13,19.169773056
8052,18,57,-4157,4,19.170960480
8052,19,55,-4165,14,19.172147904
8052,20,40,-4140,-8,19.173335328
8052,21,61,-4163,8,19.174522752
8052,22,36,-4147,0,19.175710176
8052,23,-1,-4120,36,19.176897600
8052,24,-1,-4135,12,19.178085024
8052,25,0,-4157,27,19.179272448
8052,26,11,-4152,14,19.180459872
8052,27,2,-4157,29,19.181647296
8052,28,9,-4152,17,19.182834720
8052,29,32,-4131,4,19.184022144
8052,30,22,-4100,4,19.185209568
8052,31,44,-4104,-8,19.186396992
8052,32,63,-4150,-8,19.187584416
8052,33,66,-4176,-4,19.188771840
8052,34,71,-4148,2,19.189959264
8052,35,71,-4138,-2,19.191146688
8052,36,51,-4151,23,19.192334112
8052,37,54,-4150,-5,19.193521536
8052,38,33,-4155,3,19.194708960
8052,39,30,-4125,8,19.195896384
8052,40,8,-4107,19,19.197083808
8052,41,-4,-4143,10,19.198271232
8052,42,1,-4170,28,19.199458656
8052,43,-25,-4132,29,19.200646080
8052,44,-9,-4144,9,19.201833504
8052,45,16,-4154,24,19.203020928
8052,46,25,-4160,1,19.204208352
8052,47,22,-4119,16,19.205395776
8052,48,44,-4104,-4,19.206583200
8052,49,63,-4152,-11,19.207770624
8052,50,74,-4163,-12,19.208958048
8052,51,61,-4161,18,19.210145472
8052,52,57,-4144,4,19.211332896
8052,53,50,-4145,9,19.212520320
8052,54,34,-4170,-3,19.213707744
8052,55,39,-4146,-5,19.214895168
8052,56,20,-4102,6,19.216082592
8052,57,13,-4123,-4,19.217270016
8052,58,1,-4151,27,19.218457440
8052,59,-5,-4170,11,19.219644864
8052,60,-7,-4154,24,19.220832288
8052,61,2,-4162,20,19.222019712
8052,62,3,-4167,13,19.223207136
8052,63,22,-4144,18,19.224394560
8052,64,39,-4089,-10,19.225581984
8053,1,43,-4110,15,19.226769408
8053,2,54,-4169,16,19.227956832
8053,3,67,-4168,10,19.229144256
8053,4,51,-4150,15,19.230331680
8053,5,63,-4138,-4,19.231519104
8053,6,73,-4155,7,19.232706528
8053,7,57,-4155,-12,19.233893952
8053,8,38,-4150,-9,19.235081376
8053,9,25,-4099,9,19.236268800
8053,10,6,-4125,16,19.237456224
8053,11,11,-4168,13,19.238643648
8053,12,-4,-4168,34,19.239831072
8053,13,0,-4156,31,19.241018496
8053,14,5,-4131,40,19.242205920
8053,15,4,-4142,18,19.243393344
8053,16,33,-4131,0,19.244580768
8053,17,24,-4108,5,19.245768192
8053,18,55,-4127,-7,19.246955616
8053,19,54,-4179,5,19.248143040
8053,20,51,-4161,-7,19.249330464
8053,21,43,-4146,0,19.250517888
8053,22,55,-4156,22,19.251705312
8053,23,61,-4137,1,19.252892736
8053,24,43,-4139,-5,19.254080160
8053,25,32,-4152,19,19.255267584
8053,26,31,-4115,5,19.256455008
8053,27,29,-4118,17,19.257642432
8053,28,-2,-4166,12,19.258829856
8053,29,-5,-4162,9,19.260017280
8053,30,-10,-4163,24,19.261204704
8053,31,-1,-4166,10,19.262392128
8053,32,9,-4160,27,19.263579552
8053,33,22,-4128,9,19.264766976
8053,34,28,-4108,26,19.265954400
8053,35,43,-4112,-6,19.267141824
8053,36,54,-4183,-6,19.268329248
8053,37,65,-4143,19,19.269516672
8053,38,61,-4140,-1,19.270704096
8053,39,79,-4164,13,19.271891520
8053,40,78,-4172,-6,19.273078944
8053,41,60,-4169,1,19.274266368
8053,42,73,-4154,-6,19.275453792
8053,43,51,-4105,-8,19.276641216
8053,44,29,-4109,9,19.277828640
8053,45,-7,-4151,12,19.279016064
8053,46,-22,-4154,20,19.280203488
8053,47,-6,-4157,20,19.281390912
8053,48,14,-4178,16,19.282578336
8053,49,13,-4149,22,19.283765760
8053,50,26,-4127,-1,19.284953184
8053,51,28,-4111,-1,19.286140608
8053,52,32,-4145,14,19.287328032
8053,53,50,-4150,3,19.288515456
8053,54,49,-4140,8,19.289702880
8053,55,57,-4151,11,19.290890304
8053,56,68,-4167,0,19.292077728
8053,57,72,-4159,0,19.293265152
8053,58,62,-4153,-3,19.294452576
8053,59,57,-4116,-6,19.295640000
8053,60,21,-4112,10,19.296827424
8053,61,9,-4144,-6,19.298014848
8053,62,-2,-4174,23,19.299202272
8053,63,4,-4147,22,19.300389696
8053,64,8,-4155,28,19.301577120
8054,1,-11,-4161,22,19.302764544
8054,2,-8,-4135,13,19.303951968
8054,3,13,-4100,8,19.305139392
8054,4,17,-4105,20,19.306326816
8054,5,34,-4175,8,19.307514240
8054,6,43,-4182,20,19.308701664
8054,7,61,-4146,31,19.309889088
8054,8,69,-4150,19,19.311076512
8054,9,64,-4153,10,19.312263936
8054,10,56,-4154,0,19.313451360
8054,11,58,-4141,-2,19.314638784
8054,12,54,-4103,4,19.315826208
8054,13,46,-4123,-4,19.317013632
8054,14,30,-4173,6,19.318201056
8054,15,7,-4159,9,19.319388480
8054,16,-13,-4152,36,19.320575904
8054,17,4,-4156,14,19.321763328
8054,18,-4,-4162,5,19.322950752
8054,19,17,-4134,16,19.324138176
8054,20,18,-4110,4,19.325325600
8054,21,33,-4122,21,19.326513024
8054,22,32,-4170,2,19.327700448
8054,23,35,-4175,12,19.328887872
8054,24,41,-4130,10,19.330075296
8054,25,62,-4121,39,19.331262720
8054,26,62,-4138,6,19.332450144
8054,27,72,-4166,1,19.333637568
8054,28,72,-4151,-6,19.334824992
8054,29,66,-4112,-7,19.336012416
8054,30,63,-4108,-10,19.337199840
8054,31,27,-4164,-2,19.338387264
8054,32,18,-4153,28,19.339574688
8054,33,1,-4163,27,19.340762112
8054,34,0,-4151,36,19.341949536
8054,35,-15,-4142,26,19.343136960
8054,36,-12,-4135,30,19.344324384
8054,37,22,-4095,17,19.345511808
8054,38,24,-4116,7,19.346699232
8054,39,45,-4179,-5,19.347886656
8054,40,54,-4158,3,19.349074080
8054,41,35,-4141,12,19.350261504
8054,42,56,-4175,19,19.351448928
8054,43,68,-4176,-3,19.352636352
8054,44,65,-4162,8,19.353823776
8054,45,66,-4155,10,19.355011200
8054,46,48,-4116,-6,19.356198624
8054,47,43,-4115,17,19.357386048
8054,48,29,-4145,-24,19.358573472
8054,49,15,-4145,31,19.359760896
8054,50,9,-4181,9,19.360948320
8054,51,-3,-4180,26,19.362135744
8054,52,-12,-4161,18,19.363323168
8054,53,5,-4112,27,19.364510592
8054,54,-4,-4100,26,19.365698016
8054,55,20,-4132,15,19.366885440
8054,56,30,-4187,10,19.368072864
8054,57,32,-4141,18,19.369260288
8054,58,56,-4163,27,19.370447712
8054,59,59,-4165,6,19.371635136
8054,60,71,-4144,0,19.372822560
8054,61,65,-4143,-29,19.374009984
8054,62,75,-4122,17,19.375197408
8054,63,66,-4120,-9,19.376384832
8054,64,59,-4149,16,19.377572256
8055,1,42,-4169,2,19.378759680
8055,2,23,-4170,39,19.379947104
8055,3,-6,-4157,19,19.381134528
8055,4,-9,-4135,20,19.382321952
8055,5,-18,-4131,7,19.383509376
8055,6,3,-4110,10,19.384696800
8055,7,8,-4110,18,19.385884224
8055,8,25,-4155,-4,19.387071648
8055,9,23,-4166,11,19.388259072
8055,10,35,-4139,8,19.389446496
8055,11,55,-4130,28,19.390633920
8055,12,58,-4128,5,19.391821344
8055,13,61,-4156,16,19.393008768
8055,14,78,-4138,3,19.394196192
8055,15,83,-4146,-8,19.395383616
8055,16,73,-4112,-19,19.396571040
8055,17,60,-4139,-14,19.397758464
8055,18,31,-4148,6,19.398945888
8055,19,24,-4143,5,19.400133312
8055,20,7,-4167,10,19.401320736
8055,21,1,-4167,11,19.402508160
8055,22,2,-4133,26,19.403695584
8055,23,-10,-4117,12,19.404883008
8055,24,8,-4110,12,19.406070432
8055,25,7,-4177,-2,19.407257856
8055,26,27,-4154,5,19.408445280
8055,27,43,-4131,8,19.409632704
8055,28,34,-4133,28,19.410820128
8055,29,53,-4152,8,19.412007552
8055,30,69,-4161,28,19.413194976
8055,31,76,-4152,8,19.414382400
8055,32,80,-4122,-3,19.415569824
8055,33,60,-4110,0,19.416757248
8055,34,52,-4148,-21,19.417944672
8055,35,37,-4165,15,19.419132096
8055,36,23,-4155,4,19.420319520
8055,37,12,-4180,34,19.421506944
8055,38,-8,-4170,22,19.422694368
8055,39,-2,-4114,15,19.423881792
8055,40,-1,-4087,14,19.425069216
8055,41,-3,-4111,32,19.426256640
8055,42,-3,-4149,13,19.427444064
8055,43,15,-4170,20,19.428631488
8055,44,12,-4146,22,19.429818912
8055,45,40,-4164,3,19.431006336
8055,46,51,-4149,-9,19.432193760
8055,47,48,-4132,-12,19.433381184
8055,48,67,-4131,-13,19.434568608
8055,49,62,-4099,-2,19.435756032
8055,50,56,-4131,-7,19.436943456
8055,51,60,-4173,6,19.438130880
8055,52,36,-4177,18,19.439318304
8055,53,28,-4160,16,19.440505728
8055,54,20,-4142,-1,19.441693152
8055,55,7,-4136,-9,19.442880576
8055,56,19,-4078,-5,19.444068000
8055,57,0,-4088,9,19.445255424
8055,58,18,-4132,15,19.446442848
8055,59,11,-4177,33,19.447630272
8055,60,10,-4176,18,19.448817696
8055,61,41,-4147,17,19.450005120
8055,62,35,-4130,15,19.451192544
8055,63,33,-4136,-22,19.452379968
8055,64,48,-4167,9,19.453567392
8056,1,64,-4151,0,19.454754816
8056,2,68,-4111,7,19.455942240
8056,3,73,-4133,-8,19.457129664
8056,4,62,-4168,2,19.458317088
8056,5,44,-4150,9,19.459504512
8056,6,29,-4137,-11,19.460691936
8056,7,31,-4147,28,19.461879360
8056,8,11,-4154,10,19.463066784
8056,9,16,-4126,52,19.464254208
8056,10,-15,-4108,29,19.465441632
8056,11,-7,-4140,14,19.466629056
8056,12,5,-4177,18,19.467816480
8056,13,1,-4129,24,19.469003904
8056,14,13,-4124,12,19.470191328
8056,15,29,-4162,14,19.471378752
8056,16,51,-4182,6,19.472566176
8056,17,64,-4161,-8,19.473753600
8056,18,68,-4126,-4,19.474941024
8056,19,83,-4076,-5,19.476128448
8056,20,64,-4121,-1,19.477315872
8056,21,53,-4158,8,19.478503296
8056,22,30,-4153,1,19.479690720
8056,23,33,-4158,11,19.480878144
8056,24,39,-4168,30,19.482065568
8056,25,7,-4157,6,19.483252992
8056,26,-7,-4106,5,19.484440416
8056,27,4,-4098,9,19.485627840
8056,28,13,-4156,15,19.486815264
8056,29,-4,-4184,18,19.488002688
8056,30,5,-4155,36,19.489190112
8056,31,-4,-4158,25,19.490377536
8056,32,28,-4172,16,19.491564960
8056,33,71,-4161,10,19.492752384
8056,34,68,-4149,0,19.493939808
8056,35,67,-4104,-15,19.495127232
8056,36,70,-4106,-12,19.496314656
8056,37,71,-4151,-12,19.497502080
8056,38,49,-4164,14,19.498689504
8056,39,53,-4158,23,19.499876928
8056,40,33,-4171,27,19.501064352
8056,41,29,-4179,7,19.502251776
8056,42,23,-4139,6,19.503439200
8056,43,16,-4086,20,19.504626624
8056,44,8,-4111,7,19.505814048
8056,45,-5,-4171,-5,19.507001472
8056,46,5,-4158,13,19.508188896
8056,47,1,-4150,31,19.509376320
8056,48,11,-4154,35,19.510563744
8056,49,30,-4159,2,19.511751168
8056,50,38,-4146,-1,19.512938592
8056,51,67,-4132,-15,19.514126016
8056,52,71,-4101,-14,19.515313440
8056,53,63,-4109,15,19.516500864
8056,54,63,-4178,-4,19.517688288
8056,55,51,-4180,24,19.518875712
8056,56,55,-4160,18,19.520063136
8056,57,43,-4161,9,19.521250560
8056,58,31,-4151,-6,19.522437984
8056,59,28,-4122,-8,19.523625408
8056,60,14,-4116,-7,19.524812832
8056,61,-5,-4127,16,19.526000256
8056,62,9,-4189,20,19.527187680
8056,63,-18,-4162,25,19.528375104
8056,64,9,-4135,16,19.529562528
8057,1,10,-4123,17,19.530749952
8057,2,10,-4148,4,19.531937376
8057,3,42,-4177,12,19.533124800
8057,4,60,-4153,-1,19.534312224
8057,5,54,-4127,7,19.535499648
8057,6,79,-4142,-15,19.536687072
8057,7,65,-4142,-8,19.537874496
8057,8,47,-4149,-5,19.539061920
8057,9,48,-4142,14,19.540249344
8057,10,27,-4162,12,19.541436768
8057,11,42,-4162,12,19.542624192
8057,12,12,-4120,22,19.543811616
8057,13,20,-4102,11,19.544999040
8057,14,-4,-4114,4,19.546186464
8057,15,0,-4168,4,19.547373888
8057,16,-1,-4120,12,19.548561312
8057,17,-14,-4136,31,19.549748736
8057,18,8,-4146,42,19.550936160
8057,19,18,-4168,30,19.552123584
8057,20,31,-4173,6,19.553311008
8057,21,58,-4133,8,19.554498432
8057,22,68,-4094,-5,19.555685856
8057,23,71,-4128,-1,19.556873280
8057,24,80,-4169,-8,19.558060704
8057,25,61,-4158,1,19.559248128
8057,26,48,-4165,11,19.560435552
8057,27,38,-4160,12,19.561622976
8057,28,30,-4131,24,19.562810400
8057,29,31,-4092,10,19.563997824
8057,30,14,-4096,13,19.565185248
8057,31,14,-4147,1,19.566372672
8057,32,-4,-4184,5,19.567560096
8057,33,2,-4162,26,19.568747520
8057,34,-7,-4148,28,19.569934944
8057,35,-14,-4144,33,19.571122368
8057,36,9,-4133,15,19.572309792
8057,37,26,-4153,10,19.573497216
8057,38,58,-4132,-16,19.574684640
8057,39,72,-4113,16,19.575872064
8057,40,72,-4135,-4,19.577059488
8057,41,72,-4173,2,19.578246912
8057,42,53,-4156,-8,19.579434336
8057,43,45,-4148,3,19.580621760
8057,44,35,-4153,16,19.581809184
8057,45,43,-4158,17,19.582996608
8057,46,43,-4119,8,19.584184032
8057,47,22,-4131,20,19.585371456
8057,48,8,-4155,0,19.586558880
8057,49,-3,-4169,24,19.587746304
8057,50,-18,-4132,32,19.588933728
8057,51,-23,-4149,35,19.590121152
8057,52,5,-4135,20,19.591308576
8057,53,20,-4160,24,19.592496000
8057,54,45,-4159,16,19.593683424
8057,55,62,-4113,8,19.594870848
8057,56,63,-4101,-9,19.596058272
8057,57,60,-4155,-18,19.597245696
8057,58,70,-4162,-6,19.598433120
8057,59,63,-4148,6,19.599620544
8057,60,55,-4171,15,19.600807968
8057,61,65,-4184,5,19.601995392
8057,62,33,-4146,-2,19.603182816
8057,63,32,-4107,-7,19.604370240
8057,64,18,-4109,9,19.605557664
8058,1,5,-4155,8,19.606745088
8058,2,0,-4153,36,19.607932512
8058,3,-9,-4123,19,19.609119936
8058,4,-1,-4134,37,19.610307360
8058,5,5,-4169,32,19.611494784
8058,6,-5,-4171,18,19.612682208
8058,7,25,-4150,2,19.613869632
8058,8,38,-4110,0,19.615057056
8058,9,53,-4115,8,19.616244480
8058,10,58,-4159,-11,19.617431904
8058,11,72,-4153,9,19.618619328
8058,12,72,-4153,14,19.619806752
8058,13,64,-4165,16,19.620994176
8058,14,56,-4166,6,19.622181600
8058,15,44,-4111,-3,19.623369024
8058,16,32,-4071,23,19.624556448
8058,17,9,-4114,-1,19.625743872
8058,18,7,-4175,25,19.626931296
8058,19,-5,-4167,18,19.628118720
8058,20,-12,-4170,31,19.629306144
8058,21,-18,-4170,18,19.630493568
8058,22,-8,-4150,15,19.631680992
8058,23,16,-4130,13,19.632868416
8058,24,22,-4135,6,19.634055840
8058,25,40,-4100,-9,19.635243264
8058,26,61,-4121,14,19.636430688
8058,27,62,-4162,12,19.637618112
8058,28,59,-4173,15,19.638805536
8058,29,53,-4167,14,19.639992960
8058,30,74,-4162,-1,19.641180384
8058,31,56,-4119,11,19.642367808
8058,32,56,-4104,-9,19.643555232
8058,33,16,-4110,7,19.644742656
8058,34,1,-4138,5,19.645930080
8058,35,7,-4175,11,19.647117504
8058,36,4,-4153,11,19.648304928
8058,37,-1,-4146,24,19.649492352
8058,38,6,-4144,25,19.650679776
8058,39,-1,-4132,30,19.651867200
8058,40,12,-4144,9,19.653054624
8058,41,23,-4139,17,19.654242048
8058,42,47,-4108,11,19.655429472
8058,43,55,-4148,3,19.656616896
8058,44,50,-4165,6,19.657804320
8058,45,74,-4168,-20,19.658991744
8058,46,78,-4149,25,19.660179168
8058,47,61,-4145,-3,19.661366592
8058,48,79,-4171,10,19.662554016
8058,49,50,-4124,5,19.663741440
8058,50,31,-4091,2,19.664928864
8058,51,30,-4140,11,19.666116288
8058,52,24,-4168,4,19.667303712
8058,53,-7,-4163,20,19.668491136
8058,54,9,-4119,16,19.669678560
8058,55,-7,-4119,19,19.670865984
8058,56,-16,-4170,19,19.672053408
8058,57,12,-4182,25,19.673240832
8058,58,19,-4116,-1,19.674428256
8058,59,36,-4095,12,19.675615680
8058,60,48,-4147,11,19.676803104
8058,61,65,-4170,18,19.677990528
8058,62,74,-4141,5,19.679177952
8058,63,72,-4150,11,19.680365376
8058,64,79,-4172,-5,19.681552800
8059,1,64,-4158,-15,19.682740224
8059,2,50,-4112,3,19.683927648
8059,3,33,-4081,0,19.685115072
8059,4,25,-4145,-9,19.686302496
8059,5,1,-4192,17,19.687489920
8059,6,0,-4156,20,19.688677344
8059,7,-22,-4145,37,19.689864768
8059,8,-8,-4141,51,19.691052192
8059,9,-5,-4149,16,19.692239616
8059,10,20,-4148,20,19.693427040
8059,11,46,-4098,-2,19.694614464
8059,12,36,-4118,2,19.695801888
8059,13,28,-4163,12,19.696989312
8059,14,40,-4163,-7,19.698176736
8059,15,56,-4143,9,19.699364160
8059,16,70,-4140,11,19.700551584
8059,17,68,-4157,15,19.701739008
8059,18,55,-4155,-2,19.702926432
8059,19,62,-4115,6,19.704113856
8059,20,39,-4114,-20,19.705301280
8059,21,28,-4143,24,19.706488704
8059,22,-6,-4158,9,19.707676128
8059,23,-15,-4137,17,19.708863552
8059,24,-30,-4127,13,19.710050976
8059,25,-18,-4161,41,19.711238400
8059,26,8,-4171,25,19.712425824
8059,27,19,-4168,14,19.713613248
8059,28,26,-4109,-4,19.714800672
8059,29,46,-4124,-1,19.715988096
8059,30,50,-4163,11,19.717175520
8059,31,36,-4150,8,19.718362944
8059,32,63,-4147,24,19.719550368
8059,33,54,-4159,29,19.720737792
8059,34,71,-4172,8,19.721925216
8059,35,60,-4145,16,19.723112640
8059,36,70,-4094,6,19.724300064
8059,37,61,-4116,7,19.725487488
8059,38,28,-4177,-8,19.726674912
8059,39,23,-4184,-2,19.727862336
8059,40,-7,-4131,30,19.729049760
8059,41,-18,-4138,33,19.730237184
8059,42,-7,-4173,18,19.731424608
8059,43,-13,-4189,6,19.732612032
8059,44,29,-4118,6,19.733799456
8059,45,21,-4097,8,19.734986880
8059,46,26,-4128,10,19.736174304
8059,47,38,-4179,-1,19.737361728
8059,48,44,-4162,8,19.738549152
8059,49,59,-4144,24,19.739736576
8059,50,55,-4167,9,19.740924000
8059,51,63,-4153,3,19.742111424
8059,52,73,-4107,-2,19.743298848
8059,53,65,-4092,-7,19.744486272
8059,54,56,-4151,-19,19.745673696
8059,55,37,-4173,18,19.746861120
8059,56,9,-4161,22,19.748048544
8059,57,-14,-4142,5,19.749235968
8059,58,-11,-4159,26,19.750423392
8059,59,1,-4167,1,19.751610816
8059,60,9,-4145,35,19.752798240
8059,61,20,-4115,6,19.753985664
8059,62,24,-4107,15,19.755173088
8059,63,19,-4151,-5,19.756360512
8059,64,27,-4181,13,19.757547936
8060,1,43,-4158,9,19.758735360
8060,2,57,-4172,11,19.759922784
8060,3,70,-4172,3,19.761110208
8060,4,59,-4151,8,19.762297632
8060,5,56,-4100,-14,19.763485056
8060,6,74,-4103,-11,19.764672480
8060,7,58,-4133,-9,19.765859904
8060,8,32,-4175,8,19.767047328
8060,9,3,-4143,36,19.768234752
8060,10,9,-4133,16,19.769422176
8060,11,-3,-4134,31,19.770609600
8060,12,-13,-4160,27,19.771797024
8060,13,-4,-4154,6,19.772984448
8060,14,-4,-4132,20,19.774171872
8060,15,7,-4112,-3,19.775359296
8060,16,17,-4142,-7,19.776546720
8060,17,14,-4151,14,19.777734144
8060,18,25,-4154,-2,19.778921568
8060,19,46,-4163,24,19.780108992
8060,20,49,-4179,6,19.781296416
8060,21,65,-4142,1,19.782483840
8060,22,75,-4090,15,19.783671264
8060,23,66,-4111,-14,19.784858688
8060,24,66,-4182,6,19.786046112
8060,25,46,-4183,-3,19.787233536
8060,26,28,-4161,34,19.788420960
8060,27,10,-4133,30,19.789608384
8060,28,-4,-4139,14,19.790795808
8060,29,-6,-4161,17,19.791983232
8060,30,0,-4141,10,19.793170656
8060,31,16,-4115,28,19.794358080
8060,32,18,-4125,17,19.795545504
8060,33,26,-4166,8,19.796732928
8060,34,30,-4167,9,19.797920352
8060,35,29,-4133,23,19.799107776
8060,36,43,-4156,18,19.800295200
8060,37,34,-4161,-6,19.801482624
8060,38,52,-4135,-5,19.802670048
8060,39,65,-4103,-3,19.803857472
8060,40,83,-4133,3,19.805044896
8060,41,58,-4178,-9,19.806232320
8060,42,44,-4161,16,19.807419744
8060,43,24,-4114,7,19.808607168
8060,44,1,-4140,17,19.809794592
8060,45,-3,-4161,26,19.810982016
8060,46,-13,-4170,9,19.812169440
8060,47,3,-4163,19,19.813356864
8060,48,4,-4111,14,19.814544288
8060,49,20,-4130,16,19.815731712
8060,50,4,-4165,-12,19.816919136
8060,51,20,-4159,22,19.818106560
8060,52,28,-4158,17,19.819293984
8060,53,47,-4160,16,19.820481408
8060,54,58,-4168,2,19.821668832
8060,55,52,-4132,15,19.822856256
8060,56,72,-4089,0,19.824043680
8060,57,68,-4120,-4,19.825231104
8060,58,61,-4164,2,19.826418528
8060,59,29,-4152,6,19.827605952
8060,60,18,-4119,28,19.828793376
8060,61,7,-4169,44,19.829980800
8060,62,7,-4178,45,19.831168224
8060,63,7,-4157,13,19.832355648
8060,64,12,-4127,-2,19.833543072
8061,1,7,-4101,20,19.834730496
8061,2,4,-4115,13,19.835917920
8061,3,-2,-4165,14,19.837105344
8061,4,22,-4146,18,19.838292768
8061,5,29,-4170,23,19.839480192
8061,6,59,-4169,21,19.840667616
8061,7,60,-4123,4,19.841855040
8061,8,54,-4098,-18,19.843042464
8061,9,73,-4097,-14,19.844229888
8061,10,59,-4135,-18,19.845417312
8061,11,55,-4172,-7,19.846604736
8061,12,44,-4149,18,19.847792160
8061,13,37,-4142,17,19.848979584
8061,14,23,-4156,7,19.850167008
8061,15,11,-4137,0,19.851354432
8061,16,-7,-4129,10,19.852541856
8061,17,0,-4110,10,19.853729280
8061,18,-3,-4096,19,19.854916704
8061,19,-4,-4151,14,19.856104128
8061,20,11,-4156,10,19.857291552
8061,21,18,-4161,16,19.858478976
8061,22,20,-4159,12,19.859666400
8061,23,41,-4167,7,19.860853824
8061,24,40,-4132,-3,19.862041248
8061,25,58,-4119,-3,19.863228672
8061,26,59,-4123,6,19.864416096
8061,27,64,-4151,13,19.865603520
8061,28,65,-4183,1,19.866790944
8061,29,70,-4145,3,19.867978368
8061,30,56,-4139,0,19.869165792
8061,31,38,-4140,7,19.870353216
8061,32,7,-4153,9,19.871540640
8061,33,10,-4153,12,19.872728064
8061,34,-14,-4135,30,19.873915488
8061,35,-6,-4121,15,19.875102912
8061,36,7,-4158,12,19.876290336
8061,37,8,-4158,17,19.877477760
8061,38,18,-4174,18,19.878665184
8061,39,43,-4160,10,19.879852608
8061,40,43,-4157,0,19.881040032
8061,41,69,-4147,-3,19.882227456
8061,42,64,-4105,5,19.883414880
8061,43,61,-4113,-12,19.884602304
8061,44,63,-4180,-7,19.885789728
8061,45,54,-4156,-16,19.886977152
8061,46,52,-4162,24,19.888164576
8061,47,37,-4158,29,19.889352000
8061,48,33,-4146,29,19.890539424
8061,49,11,-4176,16,19.891726848
8061,50,7,-4154,9,19.892914272
8061,51,3,-4097,18,19.894101696
8061,52,-4,-4115,6,19.895289120
8061,53,-2,-4150,6,19.896476544
8061,54,-3,-4141,16,19.897663968
8061,55,23,-4160,15,19.898851392
8061,56,58,-4145,18,19.900038816
8061,57,41,-4141,3,19.901226240
8061,58,61,-4122,12,19.902413664
8061,59,41,-4100,5,19.903601088
8061,60,46,-4120,-8,19.904788512
8061,61,48,-4179,-13,19.905975936
8061,62,56,-4158,-7,19.907163360
8061,63,61,-4124,22,19.908350784
8061,64,47,-4138,0,19.909538208
8062,1,49,-4140,11,19.910725632
8062,2,32,-4168,-12,19.911913056
8062,3,19,-4147,12,19.913100480
8062,4,-6,-4101,22,19.914287904
8062,5,2,-4130,16,19.915475328
8062,6,-6,-4170,36,19.916662752
8062,7,-3,-4158,23,19.917850176
8062,8,-9,-4155,26,19.919037600
8062,9,46,-4190,11,19.920225024
8062,10,43,-4164,-3,19.921412448
8062,11,54,-4125,4,19.922599872
8062,12,72,-4095,-1,19.923787296
8062,13,67,-4118,1,19.924974720
8062,14,77,-4178,9,19.926162144
8062,15,50,-4152,10,19.927349568
8062,16,57,-4146,12,19.928536992
8062,17,52,-4183,18,19.929724416
8062,18,33,-4181,12,19.930911840
8062,19,21,-4159,-5,19.932099264
8062,20,18,-4130,6,19.933286688
8062,21,-15,-4111,12,19.934474112
8062,22,-17,-4139,27,19.935661536
8062,23,-14,-4166,37,19.936848960
8062,24,-8,-4167,27,19.938036384
8062,25,-4,-4170,40,19.939223808
8062,26,30,-4177,36,19.940411232
8062,27,58,-4152,3,19.941598656
8062,28,51,-4113,1,19.942786080
8062,29,78,-4098,3,19.943973504
8062,30,51,-4142,-4,19.945160928
8062,31,46,-4163,7,19.946348352
8062,32,53,-4147,7,19.947535776
8062,33,33,-4135,34,19.948723200
8062,34,41,-4146,11,19.949910624
8062,35,39,-4171,31,19.951098048
8062,36,36,-4149,-5,19.952285472
8062,37,32,-4109,-8,19.953472896
8062,38,1,-4100,-10,19.954660320
8062,39,-2,-4127,33,19.955847744
8062,40,0,-4162,9,19.957035168
8062,41,-9,-4159,11,19.958222592
8062,42,0,-4143,9,19.959410016
8062,43,28,-4143,15,19.960597440
8062,44,31,-4136,9,19.961784864
8062,45,56,-4123,-18,19.962972288
8062,46,53,-4118,13,19.964159712
8062,47,59,-4155,9,19.965347136
8062,48,60,-4184,11,19.966534560
8062,49,49,-4154,0,19.967721984
8062,50,66,-4137,10,19.968909408
8062,51,52,-4117,-4,19.970096832
8062,52,56,-4138,-11,19.971284256
8062,53,33,-4158,-22,19.972471680
8062,54,13,-4122,17,19.973659104
8062,55,6,-4109,45,19.974846528
8062,56,-4,-4165,22,19.976033952
8062,57,-8,-4170,37,19.977221376
8062,58,3,-4154,15,19.978408800
8062,59,-6,-4146,26,19.979596224
8062,60,17,-4168,-4,19.980783648
8062,61,21,-4159,18,19.981971072
8062,62,43,-4121,19,19.983158496
8062,63,61,-4102,13,19.984345920
8062,64,79,-4150,5,19.985533344
8063,1,86,-4170,2,19.986720768
8063,2,73,-4154,24,19.987908192
8063,3,59,-4155,21,19.989095616
8063,4,52,-4170,15,19.990283040
8063,5,41,-4180,7,19.991470464
8063,6,43,-4178,3,19.992657888
8063,7,28,-4090,12,19.993845312
8063,8,-1,-4111,8,19.995032736
8063,9,6,-4165,4,19.996220160
8063,10,-19,-4161,28,19.997407584
8063,11,-10,-4167,41,19.998595008
8063,12,-6,-4184,36,19.999782432
8063,13,3,-4166,16,20.000969856
8063,14,11,-4156,-7,20.002157280
8063,15,28,-4099,4,20.003344704
8063,16,68,-4122,-1,20.004532128
8063,17,68,-4159,-8,20.005719552
8063,18,57,-4174,15,20.006906976
8063,19,59,-4152,22,20.008094400
8063,20,48,-4150,7,20.009281824
8063,21,49,-4149,8,20.010469248
8063,22,48,-4154,-7,20.011656672
8063,23,35,-4131,4,20.012844096
8063,24,34,-4095,-13,20.014031520
8063,25,14,-4124,12,20.015218944
8063,26,8,-4168,-3,20.016406368
8063,27,-2,-4163,22,20.017593792
8063,28,-10,-4142,15,20.018781216
8063,29,-5,-4134,4,20.019968640
8063,30,-4,-4131,10,20.021156064
8063,31,9,-4105,5,20.022343488
8063,32,28,-4075,26,20.023530912
8063,33,43,-4140,14,20.024718336
8063,34,62,-4182,6,20.025905760
8063,35,68,-4154,8,20.027093184
8063,36,79,-4117,-8,20.028280608
8063,37,67,-4125,-6,20.029468032
8063,38,50,-4148,-1,20.030655456
8063,39,39,-4169,2,20.031842880
8063,40,23,-4128,17,20.033030304
8063,41,22,-4109,4,20.034217728
8063,42,22,-4147,6,20.035405152
8063,43,5,-4149,12,20.036592576
8063,44,1,-4146,0,20.037780000
8063,45,-8,-4139,26,20.038967424
8063,46,-6,-4153,24,20.040154848
8063,47,18,-4148,24,20.041342272
8063,48,26,-4119,17,20.042529696
8063,49,21,-4114,-4,20.043717120
8063,50,59,-4157,-10,20.044904544
8063,51,63,-4175,-2,20.046091968
8063,52,72,-4138,-14,20.047279392
8063,53,63,-4145,-5,20.048466816
8063,54,66,-4155,7,20.049654240
8063,55,57,-4172,14,20.050841664
8063,56,52,-4168,22,20.052029088
8063,57,47,-4141,13,20.053216512
8063,58,27,-4097,1,20.054403936
8063,59,29,-4138,-5,20.055591360
8063,60,3,-4147,27,20.056778784
8063,61,-21,-4154,24,20.057966208
8063,62,-15,-4167,24,20.059153632
8063,63,-6,-4201,46,20.060341056
8063,64,30,-4148,8,20.061528480
8064,1,24,-4107,25,20.062715904
8064,2,39,-4092,9,20.063903328
8064,3,51,-4154,1,20.065090752
8064,4,48,-4180,0,20.066278176
8064,5,57,-4147,0,20.067465600
8064,6,58,-4133,8,20.068653024
8064,7,50,-4134,-7,20.069840448
8064,8,60,-4150,-11,20.071027872
8064,9,49,-4141,-4,20.072215296
8064,10,54,-4105,13,20.073402720
8064,11,27,-4125,4,20.074590144
8064,12,10,-4158,15,20.075777568
8064,13,-1,-4164,-2,20.076964992
8064,14,4,-4148,28,20.078152416
8064,15,10,-4154,0,20.079339840
8064,16,-3,-4140,11,20.080527264
8064,17,5,-4123,11,20.081714688
8064,18,5,-4094,6,20.082902112
8064,19,0,-4114,24,20.084089536
8064,20,25,-4165,1,20.085276960
8064,21,48,-4164,11,20.086464384
8064,22,46,-4135,5,20.087651808
8064,23,65,-4150,0,20.088839232
8064,24,80,-4157,-12,20.090026656
8064,25,69,-4159,7,20.091214080
8064,26,65,-4147,4,20.092401504
8064,27,39,-4103,3,20.093588928
8064,28,43,-4109,1,20.094776352
8064,29,33,-4153,-1,20.095963776
8064,30,15,-4147,2,20.097151200
8064,31,-9,-4140,37,20.098338624
8064,32,1,-4159,27,20.099526048
8064,33,3,-4154,27,20.100713472
8064,34,0,-4145,32,20.101900896
8064,35,17,-4108,12,20.103088320
8064,36,15,-4131,20,20.104275744
8064,37,23,-4178,2,20.105463168
8064,38,38,-4168,6,20.106650592
8064,39,53,-4139,12,20.107838016
8064,40,65,-4161,15,20.109025440
8064,41,69,-4162,-6,20.110212864
8064,42,62,-4180,0,20.111400288
8064,43,73,-4142,-3,20.112587712
8064,44,64,-4104,-6,20.113775136
8064,45,57,-4133,7,20.114962560
8064,46,21,-4163,19,20.116149984
8064,47,-12,-4167,28,20.117337408
8064,48,-13,-4154,26,20.118524832
8064,49,-13,-4181,30,20.119712256
8064,50,-7,-4146,19,20.120899680
8064,51,10,-4109,19,20.122087104
8064,52,24,-4091,17,20.123274528
8064,53,38,-4147,-15,20.124461952
8064,54,42,-4169,4,20.125649376
8064,55,37,-4147,-1,20.126836800
8064,56,46,-4142,20,20.128024224
8064,57,53,-4161,8,20.129211648
8064,58,72,-4159,-3,20.130399072
8064,59,69,-4151,-2,20.131586496
8064,60,71,-4119,-5,20.132773920
8064,61,73,-4102,0,20.133961344
8064,62,41,-4132,7,20.135148768
8064,63,12,-4155,13,20.136336192
8064,64,14,-4148,0,20.137523616
8065,1,4,-4169,42,20.138711040
8065,2,4,-4149,24,20.139898464
8065,3,12,-4140,16,20.141085888
8065,4,-2,-4110,10,20.142273312
8065,5,21,-4103,7,20.143460736
8065,6,14,-4143,2,20.144648160
8065,7,25,-4164,4,20.145835584
8065,8,18,-4141,16,20.147023008
8065,9,34,-4135,14,20.148210432
8065,10,43,-4158,20,20.149397856
8065,11,56,-4148,4,20.150585280
8065,12,67,-4154,-2,20.151772704
8065,13,77,-4117,6,20.152960128
8065,14,66,-4101,-25,20.154147552
8065,15,26,-4149,-12,20.155334976
8065,16,28,-4162,19,20.156522400
8065,17,28,-4169,18,20.157709824
8065,18,5,-4170,42,20.158897248
8065,19,1,-4164,35,20.160084672
8065,20,-5,-4130,20,20.161272096
8065,21,-6,-4123,19,20.162459520
8065,22,3,-4110,-3,20.163646944
8065,23,16,-4151,33,20.164834368
8065,24,25,-4156,6,20.166021792
8065,25,38,-4155,22,20.167209216
8065,26,43,-4140,4,20.168396640
8065,27,65,-4138,11,20.169584064
8065,28,65,-4152,-12,20.170771488
8065,29,81,-4164,-8,20.171958912
8065,30,69,-4120,-1,20.173146336
8065,31,48,-4111,-6,20.174333760
8065,32,59,-4156,20,20.175521184
8065,33,32,-4185,0,20.176708608
8065,34,5,-4166,33,20.177896032
8065,35,2,-4148,16,20.179083456
8065,36,-8,-4148,18,20.180270880
8065,37,-4,-4125,22,20.181458304
8065,38,7,-4109,8,20.182645728
8065,39,11,-4098,21,20.183833152
8065,40,26,-4172,8,20.185020576
8065,41,34,-4164,4,20.186208000
8065,42,30,-4157,15,20.187395424
8065,43,25,-4147,6,20.188582848
8065,44,57,-4157,-10,20.189770272
8065,45,57,-4155,-7,20.190957696
8065,46,86,-4152,-18,20.192145120
8065,47,83,-4094,-16,20.193332544
8065,48,71,-4105,10,20.194519968
8065,49,49,-4141,-10,20.195707392
8065,50,34,-4158,19,20.196894816
8065,51,29,-4147,9,20.198082240
8065,52,15,-4153,16,20.199269664
8065,53,4,-4146,-5,20.200457088
8065,54,6,-4142,15,20.201644512
8065,55,1,-4086,17,20.202831936
8065,56,22,-4114,23,20.204019360
8065,57,21,-4187,8,20.205206784
8065,58,15,-4163,24,20.206394208
8065,59,-1,-4138,21,20.207581632
8065,60,33,-4138,21,20.208769056
8065,61,43,-4149,6,20.209956480
8065,62,63,-4158,4,20.211143904
8065,63,73,-4135,6,20.212331328
8065,64,80,-4103,-9,20.213518752
8066,1,78,-4131,9,20.214706176
8066,2,64,-4164,-11,20.215893600
8066,3,38,-4153,0,20.217081024
8066,4,9,-4159,8,20.218268448
8066,5,7,-4160,17,20.219455872
8066,6,-1,-4154,19,20.220643296
8066,7,-4,-4125,12,20.221830720
8066,8,3,-4090,21,20.223018144
8066,9,9,-4134,-5,20.224205568
8066,10,9,-4192,24,20.225392992
8066,11,14,-4159,4,20.226580416
8066,12,12,-4148,25,20.227767840
8066,13,34,-4158,1,20.228955264
8066,14,53,-4165,6,20.230142688
8066,15,56,-4171,-18,20.231330112
8066,16,74,-4119,-21,20.232517536
8066,17,92,-4094,-11,20.233704960
8066,18,56,-4129,-14,20.234892384
8066,19,61,-4158,-1,20.236079808
8066,20,37,-4142,11,20.237267232
8066,21,10,-4151,34,20.238454656
8066,22,22,-4172,5,20.239642080
8066,23,0,-4145,2,20.240829504
8066,24,0,-4113,-1,20.242016928
8066,25,7,-4098,19,20.243204352
8066,26,3,-4146,-10,20.244391776
8066,27,5,-4166,12,20.245579200
8066,28,-14,-4136,9,20.246766624
8066,29,12,-4114,27,20.247954048
8066,30,25,-4133,24,20.249141472
8066,31,43,-4159,18,20.250328896
8066,32,58,-4150,-5,20.251516320
8066,33,80,-4109,5,20.252703744
8066,34,84,-4088,-19,20.253891168
8066,35,76,-4148,-17,20.255078592
8066,36,48,-4161,10,20.256266016
8066,37,49,-4157,9,20.257453440
8066,38,24,-4148,20,20.258640864
8066,39,13,-4177,11,20.259828288
8066,40,4,-4130,13,20.261015712
8066,41,-8,-4104,22,20.262203136
8066,42,7,-4096,-3,20.263390560
8066,43,0,-4157,7,20.264577984
8066,44,13,-4177,5,20.265765408
8066,45,14,-4152,31,20.266952832
8066,46,15,-4120,20,20.268140256
8066,47,21,-4148,17,20.269327680
8066,48,55,-4160,0,20.270515104
8066,49,59,-4155,-3,20.271702528
8066,50,67,-4106,0,20.272889952
8066,51,72,-4125,-11,20.274077376
8066,52,82,-4170,5,20.275264800
8066,53,68,-4183,-3,20.276452224
8066,54,52,-4140,8,20.277639648
8066,55,29,-4155,24,20.278827072
8066,56,27,-4155,22,20.280014496
8066,57,1,-4130,-6,20.281201920
8066,58,-7,-4104,25,20.282389344
8066,59,7,-4114,2,20.283576768
8066,60,-4,-4181,20,20.284764192
8066,61,-10,-4159,18,20.285951616
8066,62,9,-4142,1,20.287139040
8066,63,8,-4163,34,20.288326464
8066,64,8,-4172,5,20.289513888
8067,1,37,-4163,2,20.290701312
8067,2,61,-4145,-6,20.291888736
8067,3,74,-4126,1,20.293076160
8067,4,81,-4130,-12,20.294263584
8067,5,69,-4169,12,20.295451008
8067,6,61,-4154,14,20.296638432
8067,7,47,-4173,29,20.297825856
8067,8,27,-4165,2,20.299013280
8067,9,20,-4141,13,20.300200704
8067,10,5,-4107,17,20.301388128
8067,11,10,-4092,-11,20.302575552
8067,12,3,-4126,8,20.303762976
8067,13,-3,-4166,23,20.304950400
8067,14,2,-4152,33,20.306137824
8067,15,-7,-4144,27,20.307325248
8067,16,15,-4161,41,20.308512672
8067,17,14,-4148,5,20.309700096
8067,18,33,-4154,-3,20.310887520
8067,19,72,-4162,-12,20.312074944
8067,20,75,-4108,-2,20.313262368
8067,21,82,-4131,6,20.314449792
8067,22,73,-4151,-9,20.315637216
8067,23,53,-4140,4,20.316824640
8067,24,50,-4144,-2,20.318012064
8067,25,37,-4147,12,20.319199488
8067,26,25,-4136,3,20.320386912
8067,27,-1,-4127,22,20.321574336
8067,28,6,-4114,18,20.322761760
8067,29,-16,-4137,20,20.323949184
8067,30,-8,-4180,20,20.325136608
8067,31,-2,-4148,22,20.326324032
8067,32,1,-4125,23,20.327511456
8067,33,-8,-4123,19,20.328698880
8067,34,16,-4150,16,20.329886304
8067,35,33,-4166,7,20.331073728
8067,36,60,-4139,2,20.332261152
8067,37,73,-4112,-17,20.333448576
8067,38,68,-4145,6,20.334636000
8067,39,63,-4156,-11,20.335823424
8067,40,65,-4171,5,20.337010848
8067,41,62,-4152,7,20.338198272
8067,42,42,-4166,13,20.339385696
8067,43,27,-4140,6,20.340573120
8067,44,7,-4116,7,20.341760544
8067,45,13,-4111,9,20.342947968
8067,46,-9,-4136,-11,20.344135392
8067,47,-20,-4175,8,20.345322816
8067,48,4,-4156,24,20.346510240
8067,49,-1,-4147,52,20.347697664
8067,50,0,-4166,24,20.348885088
8067,51,33,-4163,1,20.350072512
8067,52,34,-4151,-17,20.351259936
8067,53,45,-4116,-3,20.352447360
8067,54,58,-4116,-10,20.353634784
8067,55,65,-4153,-5,20.354822208
8067,56,59,-4165,10,20.356009632
8067,57,63,-4166,-4,20.357197056
8067,58,58,-4164,21,20.358384480
8067,59,44,-4136,-9,20.359571904
8067,60,44,-4131,14,20.360759328
8067,61,25,-4126,5,20.361946752
8067,62,24,-4126,24,20.363134176
8067,63,5,-4159,6,20.364321600
8067,64,-2,-4162,21,20.365509024
8068,1,-15,-4133,20,20.366696448
8068,2,-1,-4134,26,20.367883872
8068,3,5,-4121,10,20.369071296
8068,4,27,-4136,13,20.370258720
8068,5,41,-4163,22,20.371446144
8068,6,57,-4114,16,20.372633568
8068,7,61,-4111,9,20.373820992
8068,8,67,-4155,-12,20.375008416
8068,9,73,-4170,3,20.376195840
8068,10,75,-4149,-8,20.377383264
8068,11,79,-4158,2,20.378570688
8068,12,55,-4156,-2,20.379758112
8068,13,40,-4129,10,20.380945536
8068,14,31,-4102,-4,20.382132960
8068,15,-3,-4096,15,20.383320384
8068,16,0,-4159,18,20.384507808
8068,17,-6,-4161,21,20.385695232
8068,18,-6,-4150,16,20.386882656
8068,19,-3,-4138,26,20.388070080
8068,20,8,-4127,7,20.389257504
8068,21,15,-4140,0,20.390444928
8068,22,42,-4126,1,20.391632352
8068,23,55,-4096,2,20.392819776
8068,24,50,-4125,3,20.394007200
8068,25,57,-4160,-26,20.395194624
8068,26,51,-4154,6,20.396382048
8068,27,78,-4135,-5,20.397569472
8068,28,83,-4165,9,20.398756896
8068,29,61,-4157,-2,20.399944320
8068,30,66,-4112,10,20.401131744
8068,31,32,-4086,7,20.402319168
8068,32,19,-4117,14,20.403506592
8068,33,-20,-4177,3,20.404694016
8068,34,-22,-4168,20,20.405881440
8068,35,-6,-4149,44,20.407068864
8068,36,4,-4151,31,20.408256288
8068,37,13,-4154,34,20.409443712
8068,38,19,-4150,6,20.410631136
8068,39,43,-4127,19,20.411818560
8068,40,45,-4106,4,20.413005984
8068,41,45,-4162,5,20.414193408
8068,42,59,-4180,6,20.415380832
8068,43,68,-4160,-12,20.416568256
8068,44,78,-4147,6,20.417755680
8068,45,60,-4170,0,20.418943104
8068,46,77,-4151,5,20.420130528
8068,47,42,-4120,1,20.421317952
8068,48,32,-4104,27,20.422505376
8068,49,22,-4162,21,20.423692800
8068,50,-11,-4182,18,20.424880224
8068,51,6,-4162,25,20.426067648
8068,52,-9,-4134,32,20.427255072
8068,53,-6,-4137,17,20.428442496
8068,54,5,-4152,1,20.429629920
8068,55,12,-4171,12,20.430817344
8068,56,26,-4115,10,20.432004768
8068,57,49,-4113,14,20.433192192
8068,58,48,-4132,6,20.434379616
8068,59,45,-4156,3,20.435567040
8068,60,38,-4145,5,20.436754464
8068,61,62,-4164,16,20.437941888
8068,62,71,-4167,-4,20.439129312
8068,63,68,-4148,6,20.440316736
8068,64,59,-4114,3,20.441504160
8069,1,39,-4083,-14,20.442691584
8069,2,20,-4146,-12,20.443879008
8069,3,-2,-4165,13,20.445066432
8069,4,-13,-4141,30,20.446253856
8069,5,-18,-4150,28,20.447441280
8069,6,-5,-4144,39,20.448628704
8069,7,22,-4160,30,20.449816128
8069,8,26,-4144,4,20.451003552
8069,9,49,-4122,-3,20.452190976
8069,10,43,-4108,-10,20.453378400
8069,11,48,-4154,-10,20.454565824
8069,12,51,-4155,1,20.455753248
8069,13,55,-4148,0,20.456940672
8069,14,63,-4159,11,20.458128096
8069,15,61,-4158,-3,20.459315520
8069,16,76,-4145,16,20.460502944
8069,17,61,-4096,-10,20.461690368
8069,18,44,-4118,6,20.462877792
8069,19,16,-4168,-1,20.464065216
8069,20,2,-4184,12,20.465252640
8069,21,-12,-4150,23,20.466440064
8069,22,-26,-4126,32,20.467627488
8069,23,-16,-4139,11,20.468814912
8069,24,-12,-4177,5,20.470002336
8069,25,5,-4144,-1,20.471189760
8069,26,10,-4104,-12,20.472377184
8069,27,34,-4109,-2,20.473564608
8069,28,29,-4175,-4,20.474752032
8069,29,36,-4171,15,20.475939456
8069,30,50,-4167,21,20.477126880
8069,31,53,-4173,14,20.478314304
8069,32,58,-4176,5,20.479501728
8069,33,57,-4122,-17,20.480689152
8069,34,58,-4110,7,20.481876576
8069,35,34,-4122,-1,20.483064000
8069,36,41,-4175,20,20.484251424
8069,37,12,-4165,15,20.485438848
8069,38,-2,-4142,34,20.486626272
8069,39,-29,-4145,27,20.487813696
8069,40,-31,-4147,17,20.489001120
8069,41,-3,-4153,17,20.490188544
8069,42,16,-4136,9,20.491375968
8069,43,36,-4124,18,20.492563392
8069,44,48,-4121,2,20.493750816
8069,45,43,-4154,13,20.494938240
8069,46,38,-4149,2,20.496125664
8069,47,39,-4146,23,20.497313088
8069,48,69,-4157,-11,20.498500512
8069,49,72,-4167,8,20.499687936
8069,50,74,-4135,-16,20.500875360
8069,51,68,-4093,8,20.502062784
8069,52,60,-4107,-14,20.503250208
8069,53,26,-4177,-7,20.504437632
8069,54,12,-4152,10,20.505625056
8069,55,-16,-4122,26,20.506812480
8069,56,-19,-4144,29,20.507999904
8069,57,-18,-4160,11,20.509187328
8069,58,12,-4174,9,20.510374752
8069,59,14,-4132,11,20.511562176
8069,60,31,-4090,10,20.512749600
8069,61,30,-4140,13,20.513937024
8069,62,21,-4155,-6,20.515124448
8069,63,47,-4153,0,20.516311872
8069,64,52,-4149,1,20.517499296
8070,1,55,-4156,2,20.518686720
8070,2,61,-4143,-7,20.519874144
8070,3,73,-4124,5,20.521061568
8070,4,71,-4094,11,20.522248992
8070,5,47,-4151,0,20.523436416
8070,6,29,-4174,4,20.524623840
8070,7,16,-4144,19,20.525811264
8070,8,-4,-4146,34,20.526998688
8070,9,-6,-4145,25,20.528186112
8070,10,-14,-4176,21,20.529373536
8070,11,-7,-4152,26,20.530560960
8070,12,12,-4118,15,20.531748384
8070,13,30,-4097,11,20.532935808
8070,14,34,-4151,20,20.534123232
8070,15,32,-4171,-2,20.535310656
8070,16,47,-4153,15,20.536498080
8070,17,73,-4163,9,20.537685504
8070,18,35,-4186,2,20.538872928
8070,19,58,-4159,-5,20.540060352
8070,20,61,-4099,-2,20.541247776
8070,21,51,-4097,-9,20.542435200
8070,22,48,-4151,-8,20.543622624
8070,23,37,-4179,-5,20.544810048
8070,24,22,-4154,19,20.545997472
8070,25,11,-4130,23,20.547184896
8070,26,-3,-4147,26,20.548372320
8070,27,-7,-4161,24,20.549559744
8070,28,-4,-4148,10,20.550747168
8070,29,11,-4114,3,20.551934592
8070,30,11,-4122,18,20.553122016
8070,31,30,-4158,3,20.554309440
8070,32,34,-4168,21,20.555496864
8070,33,34,-4177,3,20.556684288
8070,34,61,-4141,-4,20.557871712
8070,35,65,-4149,-16,20.559059136
8070,36,65,-4125,2,20.560246560
8070,37,76,-4105,-13,20.561433984
8070,38,52,-4100,7,20.562621408
8070,39,52,-4159,3,20.563808832
8070,40,33,-4150,19,20.564996256
8070,41,7,-4140,18,20.566183680
8070,42,16,-4143,7,20.567371104
8070,43,-8,-4143,10,20.568558528
8070,44,-10,-4154,19,20.569745952
8070,45,-11,-4147,11,20.570933376
8070,46,-9,-4109,17,20.572120800
8070,47,-7,-4111,8,20.573308224
8070,48,33,-4157,15,20.574495648
8070,49,28,-4155,-1,20.575683072
8070,50,42,-4157,11,20.576870496
8070,51,46,-4167,18,20.578057920
8070,52,52,-4175,10,20.579245344
8070,53,60,-4132,26,20.580432768
8070,54,61,-4094,10,20.581620192
8070,55,54,-4128,7,20.582807616
8070,56,38,-4168,-14,20.583995040
8070,57,52,-4163,-16,20.585182464
8070,58,26,-4136,15,20.586369888
8070,59,7,-4147,22,20.587557312
8070,60,15,-4155,25,20.588744736
8070,61,-13,-4155,-2,20.589932160
8070,62,-1,-4131,13,20.591119584
8070,63,13,-4103,-4,20.592307008
8070,64,10,-4129,13,20.593494432
8071,1,27,-4171,16,20.594681856
8071,2,42,-4173,23,20.595869280
8071,3,58,-4183,34,20.597056704
8071,4,53,-4169,7,20.598244128
8071,5,58,-4139,5,20.599431552
8071,6,51,-4132,-3,20.600618976
8071,7,57,-4101,-5,20.601806400
8071,8,67,-4146,3,20.602993824
8071,9,71,-4191,-12,20.604181248
8071,10,45,-4165,18,20.605368672
8071,11,26,-4121,16,20.606556096
8071,12,15,-4143,31,20.607743520
8071,13,-1,-4143,9,20.608930944
8071,14,-19,-4156,15,20.610118368
8071,15,-16,-4123,23,20.611305792
8071,16,0,-4111,26,20.612493216
8071,17,11,-4123,10,20.613680640
8071,18,24,-4140,10,20.614868064
8071,19,27,-4144,5,20.616055488
8071,20,35,-4162,-1,20.617242912
8071,21,59,-4154,7,20.618430336
8071,22,67,-4135,-9,20.619617760
8071,23,69,-4115,6,20.620805184
8071,24,66,-4116,0,20.621992608
8071,25,65,-4139,11,20.623180032
8071,26,37,-4154,-7,20.624367456
8071,27,20,-4150,-2,20.625554880
8071,28,18,-4121,-13,20.626742304
8071,29,9,-4143,-2,20.627929728
8071,30,-2,-4160,11,20.629117152
8071,31,13,-4148,15,20.630304576
8071,32,12,-4119,23,20.631492000
8071,33,16,-4113,31,20.632679424
8071,34,20,-4136,6,20.633866848
8071,35,11,-4158,18,20.635054272
8071,36,26,-4153,14,20.636241696
8071,37,33,-4165,21,20.637429120
8071,38,43,-4183,4,20.638616544
8071,39,60,-4160,20,20.639803968
8071,40,62,-4100,1,20.640991392
8071,41,60,-4099,4,20.642178816
8071,42,64,-4141,-2,20.643366240
8071,43,44,-4171,10,20.644553664
8071,44,44,-4157,18,20.645741088
8071,45,31,-4159,26,20.646928512
8071,46,22,-4164,19,20.648115936
8071,47,-7,-4187,9,20.649303360
8071,48,1,-4160,3,20.650490784
8071,49,5,-4092,10,20.651678208
8071,50,0,-4108,11,20.652865632
8071,51,12,-4174,15,20.654053056
8071,52,1,-4174,32,20.655240480
8071,53,11,-4166,39,20.656427904
8071,54,33,-4162,30,20.657615328
8071,55,40,-4173,1,20.658802752
8071,56,54,-4139,10,20.659990176
8071,57,59,-4090,-16,20.661177600
8071,58,69,-4099,-17,20.662365024
8071,59,66,-4173,-2,20.663552448
8071,60,58,-4179,-2,20.664739872
8071,61,41,-4152,35,20.665927296
8071,62,29,-4142,4,20.667114720
8071,63,17,-4146,19,20.668302144
8071,64,8,-4164,-2,20.669489568
8072,1,-4,-4153,18,20.670676992
8072,2,-9,-4099,26,20.671864416
8072,3,5,-4127,24,20.673051840
8072,4,6,-4174,8,20.674239264
8072,5,-3,-4156,24,20.675426688
8072,6,22,-4140,19,20.676614112
8072,7,26,-4154,11,20.677801536
8072,8,54,-4141,4,20.678988960
8072,9,42,-4142,8,20.680176384
8072,10,62,-4102,18,20.681363808
8072,11,74,-4122,-1,20.682551232
8072,12,80,-4177,10,20.683738656
8072,13,66,-4164,-4,20.684926080
8072,14,40,-4128,12,20.686113504
8072,15,39,-4126,9,20.687300928
8072,16,13,-4151,4,20.688488352
8072,17,4,-4167,15,20.689675776
8072,18,9,-4133,15,20.690863200
8072,19,12,-4086,22,20.692050624
8072,20,-3,-4134,27,20.693238048
8072,21,-1,-4166,8,20.694425472
8072,22,13,-4144,42,20.695612896
8072,23,10,-4145,32,20.696800320
8072,24,35,-4156,6,20.697987744
8072,25,47,-4169,20,20.699175168
8072,26,61,-4125,-14,20.700362592
8072,27,55,-4099,18,20.701550016
8072,28,64,-4132,-23,20.702737440
8072,29,71,-4177,-2,20.703924864
8072,30,74,-4164,18,20.705112288
8072,31,65,-4134,0,20.706299712
8072,32,39,-4151,25,20.707487136
8072,33,28,-4169,8,20.708674560
8072,34,0,-4157,-4,20.709861984
8072,35,2,-4124,17,20.711049408
8072,36,-7,-4111,-4,20.712236832
8072,37,-19,-4152,15,20.713424256
8072,38,-4,-4164,6,20.714611680
8072,39,4,-4145,12,20.715799104
8072,40,0,-4132,33,20.716986528
8072,41,17,-4169,22,20.718173952
8072,42,34,-4156,23,20.719361376
8072,43,41,-4123,6,20.720548800
8072,44,49,-4132,2,20.721736224
8072,45,75,-4170,-15,20.722923648
8072,46,78,-4188,8,20.724111072
8072,47,50,-4159,3,20.725298496
8072,48,45,-4140,-4,20.726485920
8072,49,52,-4145,16,20.727673344
8072,50,33,-4151,-17,20.728860768
8072,51,23,-4145,33,20.730048192
8072,52,14,-4112,12,20.731235616
8072,53,-2,-4097,11,20.732423040
8072,54,1,-4162,9,20.733610464
8072,55,-1,-4179,20,20.734797888
8072,56,3,-4150,26,20.735985312
8072,57,15,-4165,16,20.737172736
8072,58,28,-4150,6,20.738360160
8072,59,27,-4150,16,20.739547584
8072,60,63,-4107,-4,20.740735008
8072,61,72,-4103,-8,20.741922432
8072,62,56,-4168,-1,20.743109856
8072,63,71,-4179,-10,20.744297280
8072,64,63,-4151,38,20.745484704
8073,1,67,-4150,29,20.746672128
8073,2,58,-4154,23,20.747859552
8073,3,48,-4158,-5,20.749046976
8073,4,31,-4145,4,20.750234400
8073,5,15,-4099,-10,20.751421824
8073,6,7,-4113,10,20.752609248
8073,7,-14,-4143,6,20.753796672
8073,8,-14,-4167,27,20.754984096
8073,9,-3,-4175,30,20.756171520
8073,10,4,-4154,15,20.757358944
8073,11,28,-4147,14,20.758546368
8073,12,45,-4121,0,20.759733792
8073,13,36,-4102,7,20.760921216
8073,14,61,-4133,-15,20.762108640
8073,15,57,-4169,-7,20.763296064
8073,16,51,-4167,-3,20.764483488
8073,17,60,-4137,12,20.765670912
8073,18,53,-4134,35,20.766858336
8073,19,41,-4159,7,20.768045760
8073,20,39,-4175,6,20.769233184
8073,21,24,-4134,-10,20.770420608
8073,22,29,-4113,19,20.771608032
8073,23,6,-4119,3,20.772795456
8073,24,1,-4159,12,20.773982880
8073,25,-7,-4169,15,20.775170304
8073,26,8,-4154,33,20.776357728
8073,27,-3,-4188,14,20.777545152
8073,28,11,-4168,17,20.778732576
8073,29,30,-4120,15,20.779920000
8073,30,54,-4100,-13,20.781107424
8073,31,40,-4123,-5,20.782294848
8073,32,45,-4158,-26,20.783482272
8073,33,59,-4153,8,20.784669696
8073,34,65,-4145,9,20.785857120
8073,35,63,-4167,21,20.787044544
8073,36,61,-4174,4,20.788231968
8073,37,63,-4164,23,20.789419392
8073,38,72,-4122,-9,20.790606816
8073,39,43,-4085,-2,20.791794240
8073,40,6,-4126,5,20.792981664
8073,41,-18,-4169,31,20.794169088
8073,42,-18,-4160,23,20.795356512
8073,43,-16,-4150,36,20.796543936
8073,44,-3,-4166,35,20.797731360
8073,45,13,-4140,19,20.798918784
8073,46,43,-4116,6,20.800106208
8073,47,55,-4085,-3,20.801293632
8073,48,62,-4128,0,20.802481056
8073,49,42,-4176,4,20.803668480
8073,50,39,-4168,17,20.804855904
8073,51,53,-4149,16,20.806043328
8073,52,52,-4141,4,20.807230752
8073,53,61,-4137,-16,20.808418176
8073,54,61,-4146,-6,20.809605600
8073,55,55,-4132,1,20.810793024
8073,56,46,-4117,26,20.811980448
8073,57,10,-4117,27,20.813167872
8073,58,-9,-4169,23,20.814355296
8073,59,-2,-4152,44,20.815542720
8073,60,3,-4156,20,20.816730144
8073,61,7,-4169,22,20.817917568
8073,62,11,-4135,-6,20.819104992
8073,63,36,-4121,-5,20.820292416
8073,64,49,-4128,21,20.821479840
8074,1,56,-4156,6,20.822667264
8074,2,58,-4167,9,20.823854688
8074,3,54,-4136,1,20.825042112
8074,4,59,-4130,-3,20.826229536
8074,5,58,-4146,13,20.827416960
8074,6,59,-4154,4,20.828604384
8074,7,62,-4135,1,20.829791808
8074,8,47,-4120,2,20.830979232
8074,9,33,-4120,5,20.832166656
8074,10,15,-4148,3,20.833354080
8074,11,0,-4170,22,20.834541504
8074,12,-5,-4155,30,20.835728928
8074,13,-5,-4169,22,20.836916352
8074,14,9,-4183,38,20.838103776
8074,15,3,-4146,1,20.839291200
8074,16,35,-4092,7,20.840478624
8074,17,47,-4102,9,20.841666048
8074,18,51,-4148,-8,20.842853472
8074,19,51,-4171,10,20.844040896
8074,20,45,-4146,22,20.845228320
8074,21,50,-4148,18,20.846415744
8074,22,56,-4159,8,20.847603168
8074,23,55,-4164,-15,20.848790592
8074,24,57,-4122,4,20.849978016
8074,25,55,-4129,5,20.851165440
8074,26,40,-4139,15,20.852352864
8074,27,24,-4175,18,20.853540288
8074,28,10,-4172,25,20.854727712
8074,29,2,-4154,8,20.855915136
8074,30,-11,-4146,16,20.857102560
8074,31,-15,-4154,10,20.858289984
8074,32,12,-4132,12,20.859477408
8074,33,27,-4115,28,20.860664832
8074,34,26,-4131,11,20.861852256
8074,35,58,-4171,17,20.863039680
8074,36,41,-4151,-7,20.864227104
8074,37,63,-4128,0,20.865414528
8074,38,74,-4152,4,20.866601952
8074,39,76,-4156,-6,20.867789376
8074,40,57,-4149,11,20.868976800
8074,41,57,-4136,8,20.870164224
8074,42,62,-4103,-8,20.871351648
8074,43,39,-4130,15,20.872539072
8074,44,-2,-4159,2,20.873726496
8074,45,-15,-4133,1,20.874913920
8074,46,-20,-4148,31,20.876101344
8074,47,-6,-4168,12,20.877288768
8074,48,7,-4157,38,20.878476192
8074,49,7,-4117,9,20.879663616
8074,50,17,-4106,7,20.880851040
8074,51,40,-4125,2,20.882038464
8074,52,35,-4155,-3,20.883225888
8074,53,39,-4148,9,20.884413312
8074,54,54,-4146,2,20.885600736
8074,55,61,-4159,10,20.886788160
8074,56,68,-4153,3,20.887975584
8074,57,54,-4173,1,20.889163008
8074,58,70,-4151,-6,20.890350432
8074,59,54,-4113,-14,20.891537856
8074,60,38,-4112,14,20.892725280
8074,61,20,-4142,23,20.893912704
8074,62,11,-4157,32,20.895100128
8074,63,8,-4157,24,20.896287552
8074,64,-7,-4171,37,20.897474976
8075,1,1,-4153,10,20.898662400
8075,2,12,-4118,10,20.899849824
8075,3,21,-4102,-1,20.901037248
8075,4,33,-4133,-1,20.902224672
8075,5,37,-4173,13,20.903412096
8075,6,58,-4140,27,20.904599520
8075,7,30,-4148,23,20.905786944
8075,8,37,-4171,32,20.906974368
8075,9,41,-4170,-6,20.908161792
8075,10,53,-4129,-3,20.909349216
8075,11,65,-4108,-7,20.910536640
8075,12,64,-4103,-11,20.911724064
8075,13,49,-4151,20,20.912911488
8075,14,36,-4172,7,20.914098912
8075,15,5,-4169,31,20.915286336
8075,16,5,-4165,21,20.916473760
8075,17,1,-4170,22,20.917661184
8075,18,-16,-4123,21,20.918848608
8075,19,-4,-4102,-11,20.920036032
8075,20,3,-4105,26,20.921223456
8075,21,14,-4145,-3,20.922410880
8075,22,30,-4175,21,20.923598304
8075,23,44,-4147,4,20.924785728
8075,24,59,-4146,19,20.925973152
8075,25,59,-4133,10,20.927160576
8075,26,58,-4126,-21,20.928348000
8075,27,72,-4159,9,20.929535424
8075,28,82,-4137,-12,20.930722848
8075,29,66,-4115,16,20.931910272
8075,30,41,-4162,-2,20.933097696
8075,31,36,-4173,5,20.934285120
8075,32,28,-4150,22,20.935472544
8075,33,0,-4143,10,20.936659968
8075,34,1,-4137,42,20.937847392
8075,35,-13,-4126,12,20.939034816
8075,36,0,-4122,48,20.940222240
8075,37,28,-4132,7,20.941409664
8075,38,23,-4177,20,20.942597088
8075,39,24,-4164,-1,20.943784512
8075,40,47,-4145,6,20.944971936
8075,41,55,-4140,12,20.946159360
8075,42,59,-4118,-1,20.947346784
8075,43,51,-4167,3,20.948534208
8075,44,70,-4172,-7,20.949721632
8075,45,71,-4129,-12,20.950909056
8075,46,60,-4116,14,20.952096480
8075,47,47,-4149,-4,20.953283904
8075,48,37,-4162,5,20.954471328
8075,49,18,-4152,15,20.955658752
8075,50,6,-4157,20,20.956846176
8075,51,-9,-4169,20,20.958033600
8075,52,-9,-4127,32,20.959221024
8075,53,-11,-4104,4,20.960408448
8075,54,11,-4112,6,20.961595872
8075,55,10,-4176,-2,20.962783296
8075,56,32,-4159,4,20.963970720
8075,57,34,-4149,14,20.965158144
8075,58,27,-4151,24,20.966345568
8075,59,41,-4157,19,20.967532992
8075,60,44,-4168,15,20.968720416
8075,61,67,-4154,10,20.969907840
8075,62,72,-4111,-5,20.971095264
8075,63,72,-4140,-9,20.972282688
8075,64,62,-4154,5,20.973470112
8076,1,32,-4170,-10,20.974657536
8076,2,25,-4154,37,20.975844960
8076,3,10,-4161,30,20.977032384
8076,4,-16,-4150,24,20.978219808
8076,5,-10,-4114,28,20.979407232
8076,6,1,-4097,12,20.980594656
8076,7,15,-4133,16,20.981782080
8076,8,6,-4184,-2,20.982969504
8076,9,13,-4175,44,20.984156928
8076,10,33,-4156,7,20.985344352
8076,11,48,-4143,37,20.986531776
8076,12,46,-4148,-5,20.987719200
8076,13,64,-4151,10,20.988906624
8076,14,81,-4131,-16,20.990094048
8076,15,72,-4081,-18,20.991281472
8076,16,61,-4131,-7,20.992468896
8076,17,46,-4158,4,20.993656320
8076,18,33,-4165,12,20.994843744
8076,19,37,-4172,14,20.996031168
8076,20,29,-4148,36,20.997218592
8076,21,11,-4146,16,20.998406016
8076,22,17,-4100,12,20.999593440
8076,23,9,-4097,-3,21.000780864
8076,24,5,-4131,-3,21.001968288
8076,25,17,-4165,13,21.003155712
8076,26,-1,-4149,2,21.004343136
8076,27,17,-4147,19,21.005530560
8076,28,37,-4123,7,21.006717984
8076,29,51,-4158,7,21.007905408
8076,30,69,-4159,18,21.009092832
8076,31,76,-4119,5,21.010280256
8076,32,81,-4114,18,21.011467680
8076,33,62,-4143,-25,21.012655104
8076,34,49,-4161,19,21.013842528
8076,35,29,-4131,-2,21.015029952
8076,36,25,-4152,25,21.016217376
8076,37,-2,-4161,23,21.017404800
8076,38,-16,-4154,24,21.018592224
8076,39,-11,-4111,36,21.019779648
8076,40,-4,-4093,-3,21.020967072
8076,41,15,-4143,20,21.022154496
8076,42,25,-4167,-10,21.023341920
8076,43,23,-4159,29,21.024529344
8076,44,38,-4163,33,21.025716768
8076,45,30,-4174,10,21.026904192
8076,46,51,-4157,1,21.028091616
8076,47,60,-4146,-16,21.029279040
8076,48,65,-4107,1,21.030466464
8076,49,78,-4117,-22,21.031653888
8076,50,81,-4169,3,21.032841312
8076,51,61,-4164,-1,21.034028736
8076,52,30,-4161,16,21.035216160
8076,53,9,-4165,0,21.036403584
8076,54,3,-4153,28,21.037591008
8076,55,-1,-4146,25,21.038778432
8076,56,4,-4109,20,21.039965856
8076,57,11,-4123,41,21.041153280
8076,58,-5,-4159,6,21.042340704
8076,59,7,-4156,7,21.043528128
8076,60,11,-4145,18,21.044715552
8076,61,19,-4151,17,21.045902976
8076,62,27,-4152,35,21.047090400
8076,63,50,-4177,9,21.048277824
8076,64,71,-4159,9,21.049465248
8077,1,79,-4122,-25,21.050652672
8077,2,71,-4122,-17,21.051840096
8077,3,66,-4148,-4,21.053027520
8077,4,49,-4148,-11,21.054214944
8077,5,42,-4153,19,21.055402368
8077,6,18,-4141,13,21.056589792
8077,7,24,-4138,41,21.057777216
8077,8,21,-4123,0,21.058964640
8077,9,13,-4095,4,21.060152064
8077,10,3,-4116,20,21.061339488
8077,11,-5,-4160,-3,21.062526912
8077,12,-6,-4179,23,21.063714336
8077,13,18,-4134,2,21.064901760
8077,14,10,-4159,49,21.066089184
8077,15,37,-4126,2,21.067276608
8077,16,62,-4149,10,21.068464032
8077,17,79,-4150,-15,21.069651456
8077,18,77,-4132,-5,21.070838880
8077,19,72,-4124,-2,21.072026304
8077,20,67,-4173,-7,21.073213728
8077,21,48,-4161,16,21.074401152
8077,22,49,-4171,32,21.075588576
8077,23,32,-4135,19,21.076776000
8077,24,16,-4145,6,21.077963424
8077,25,13,-4130,2,21.079150848
8077,26,17,-4107,-13,21.080338272
8077,27,-17,-4119,10,21.081525696
8077,28,2,-4165,12,21.082713120
8077,29,0,-4163,29,21.083900544
8077,30,-1,-4151,37,21.085087968
8077,31,14,-4152,35,21.086275392
8077,32,35,-4150,6,21.087462816
8077,33,42,-4148,13,21.088650240
8077,34,76,-4137,5,21.089837664
8077,35,59,-4107,2,21.091025088
8077,36,63,-4135,-4,21.092212512
8077,37,62,-4167,7,21.093399936
8077,38,46,-4173,11,21.094587360
8077,39,46,-4172,7,21.095774784
8077,40,35,-4165,29,21.096962208
8077,41,34,-4142,4,21.098149632
8077,42,34,-4118,0,21.099337056
8077,43,14,-4106,22,21.100524480
8077,44,9,-4158,-8,21.101711904
8077,45,-9,-4173,30,21.102899328
8077,46,-11,-4158,25,21.104086752
8077,47,-14,-4157,44,21.105274176
8077,48,8,-4161,33,21.106461600
8077,49,36,-4157,-13,21.107649024
8077,50,48,-4186,10,21.108836448
8077,51,71,-4132,-4,21.110023872
8077,52,60,-4094,15,21.111211296
8077,53,45,-4146,2,21.112398720
8077,54,60,-4167,3,21.113586144
8077,55,44,-4167,12,21.114773568
8077,56,47,-4159,7,21.115960992
8077,57,45,-4153,2,21.117148416
8077,58,21,-4128,-5,21.118335840
8077,59,33,-4114,12,21.119523264
8077,60,-4,-4107,2,21.120710688
8077,61,-4,-4166,23,21.121898112
8077,62,-8,-4179,12,21.123085536
8077,63,-16,-4143,54,21.124272960
8077,64,-12,-4143,18,21.125460384
8078,1,3,-4145,6,21.126647808
8078,2,13,-4160,-9,21.127835232
8078,3,54,-4165,14,21.129022656
8078,4,58,-4109,2,21.130210080
8078,5,72,-4115,11,21.131397504
8078,6,70,-4159,-6,21.132584928
8078,7,75,-4167,8,21.133772352
8078,8,71,-4145,-5,21.134959776
8078,9,60,-4142,6,21.136147200
8078,10,44,-4157,14,21.137334624
8078,11,27,-4130,9,21.138522048
8078,12,21,-4088,23,21.139709472
8078,13,14,-4095,-1,21.140896896
8078,14,-6,-4138,18,21.142084320
8078,15,3,-4157,28,21.143271744
8078,16,12,-4137,33,21.144459168
8078,17,-24,-4142,28,21.145646592
8078,18,0,-4153,-10,21.146834016
8078,19,30,-4170,17,21.148021440
8078,20,41,-4136,-3,21.149208864
8078,21,56,-4097,-7,21.150396288
8078,22,88,-4109,22,21.151583712
8078,23,62,-4157,-2,21.152771136
8078,24,71,-4156,-17,21.153958560
8078,25,78,-4154,9,21.155145984
8078,26,53,-4148,-13,21.156333408
8078,27,40,-4156,-2,21.157520832
8078,28,42,-4123,0,21.158708256
8078,29,20,-4108,-15,21.159895680
8078,30,6,-4120,15,21.161083104
8078,31,9,-4175,23,21.162270528
8078,32,-4,-4174,24,21.163457952
8078,33,-12,-4132,37,21.164645376
8078,34,-11,-4152,23,21.165832800
8078,35,1,-4145,-7,21.167020224
8078,36,24,-4161,10,21.168207648
8078,37,42,-4140,-6,21.169395072
8078,38,53,-4096,0,21.170582496
8078,39,58,-4130,22,21.171769920
8078,40,79,-4195,-2,21.172957344
8078,41,78,-4187,5,21.174144768
8078,42,64,-4179,7,21.175332192
8078,43,59,-4162,11,21.176519616
8078,44,36,-4152,-4,21.177707040
8078,45,19,-4115,12,21.178894464
8078,46,21,-4098,-5,21.180081888
8078,47,4,-4133,27,21.181269312
8078,48,6,-4175,13,21.182456736
8078,49,-8,-4154,38,21.183644160
8078,50,-2,-4139,22,21.184831584
8078,51,15,-4142,28,21.186019008
8078,52,10,-4153,18,21.187206432
8078,53,11,-4131,25,21.188393856
8078,54,22,-4110,20,21.189581280
8078,55,46,-4122,-15,21.190768704
8078,56,49,-4152,-5,21.191956128
8078,57,54,-4153,7,21.193143552
8078,58,81,-4150,6,21.194330976
8078,59,85,-4131,0,21.195518400
8078,60,75,-4168,1,21.196705824
8078,61,69,-4150,-3,21.197893248
8078,62,34,-4113,-3,21.199080672
8078,63,10,-4110,3,21.200268096
8078,64,13,-4144,19,21.201455520
8079,1,-8,-4160,12,21.202642944
8079,2,-5,-4130,3,21.203830368
8079,3,2,-4130,25,21.205017792
8079,4,-5,-4132,15,21.206205216
8079,5,4,-4150,23,21.207392640
8079,6,12,-4156,-14,21.208580064
8079,7,18,-4127,16,21.209767488
8079,8,46,-4117,4,21.210954912
8079,9,43,-4142,13,21.212142336
8079,10,64,-4167,-5,21.213329760
8079,11,82,-4180,-1,21.214517184
8079,12,80,-4161,0,21.215704608
8079,13,80,-4162,7,21.216892032
8079,14,64,-4146,-12,21.218079456
8079,15,60,-4114,-7,21.219266880
8079,16,44,-4094,12,21.220454304
8079,17,20,-4142,-6,21.221641728
8079,18,9,-4154,57,21.222829152
8079,19,1,-4161,30,21.224016576
8079,20,-6,-4161,38,21.225204000
8079,21,12,-4171,45,21.226391424
8079,22,22,-4180,0,21.227578848
8079,23,22,-4174,16,21.228766272
8079,24,40,-4103,4,21.229953696
8079,25,41,-4119,-4,21.231141120
8079,26,33,-4156,18,21.232328544
8079,27,54,-4154,8,21.233515968
8079,28,57,-4149,19,21.234703392
8079,29,60,-4171,16,21.235890816
8079,30,72,-4162,8,21.237078240
8079,31,65,-4150,8,21.238265664
8079,32,71,-4095,0,21.239453088
8079,33,52,-4112,1,21.240640512
8079,34,16,-4161,-20,21.241827936
8079,35,14,-4170,6,21.243015360
8079,36,7,-4157,19,21.244202784
8079,37,2,-4155,25,21.245390208
8079,38,1,-4147,18,21.246577632
8079,39,9,-4147,12,21.247765056
8079,40,23,-4122,-2,21.248952480
8079,41,28,-4095,4,21.250139904
8079,42,10,-4110,5,21.251327328
8079,43,26,-4144,16,21.252514752
8079,44,46,-4172,8,21.253702176
8079,45,60,-4144,-7,21.254889600
8079,46,77,-4159,4,21.256077024
8079,47,62,-4135,-9,21.257264448
8079,48,73,-4129,-6,21.258451872
8079,49,55,-4101,-14,21.259639296
8079,50,45,-4116,13,21.260826720
8079,51,26,-4168,1,21.262014144
8079,52,10,-4157,20,21.263201568
8079,53,-30,-4130,7,21.264388992
8079,54,-18,-4135,24,21.265576416
8079,55,0,-4149,24,21.266763840
8079,56,19,-4141,21,21.267951264
8079,57,25,-4132,11,21.269138688
8079,58,22,-4121,2,21.270326112
8079,59,28,-4135,0,21.271513536
8079,60,34,-4162,3,21.272700960
8079,61,50,-4146,-2,21.273888384
8079,62,47,-4147,7,21.275075808
8079,63,59,-4173,23,21.276263232
8079,64,70,-4158,-3,21.277450656
8080,1,63,-4134,36,21.278638080
8080,2,64,-4103,-3,21.279825504
8080,3,53,-4148,-2,21.281012928
8080,4,27,-4171,-2,21.282200352
8080,5,9,-4158,29,21.283387776
8080,6,-8,-4135,40,21.284575200
8080,7,-30,-4166,36,21.285762624
8080,8,0,-4177,20,21.286950048
8080,9,-3,-4166,-2,21.288137472
8080,10,20,-4119,16,21.289324896
8080,11,30,-4116,10,21.290512320
8080,12,46,-4143,5,21.291699744
8080,13,47,-4171,25,21.292887168
8080,14,50,-4161,19,21.294074592
8080,15,52,-4172,16,21.295262016
8080,16,69,-4176,42,21.296449440
8080,17,66,-4135,-1,21.297636864
8080,18,73,-4093,-5,21.298824288
8080,19,71,-4093,-3,21.300011712
8080,20,58,-4158,-8,21.301199136
8080,21,29,-4173,4,21.302386560
8080,22,31,-4151,17,21.303573984
8080,23,-3,-4138,25,21.304761408
8080,24,-17,-4141,30,21.305948832
8080,25,-23,-4139,27,21.307136256
8080,26,7,-4132,22,21.308323680
8080,27,12,-4122,32,21.309511104
8080,28,33,-4116,11,21.310698528
8080,29,20,-4163,4,21.311885952
8080,30,45,-4154,-16,21.313073376
8080,31,54,-4133,21,21.314260800
8080,32,68,-4147,-12,21.315448224
8080,33,69,-4149,17,21.316635648
8080,34,69,-4131,4,21.317823072
8080,35,64,-4106,10,21.319010496
8080,36,64,-4105,-12,21.320197920
8080,37,61,-4144,6,21.321385344
8080,38,45,-4162,-2,21.322572768
8080,39,15,-4127,16,21.323760192
8080,40,19,-4127,28,21.324947616
8080,41,-17,-4128,30,21.326135040
8080,42,-29,-4169,25,21.327322464
8080,43,5,-4160,16,21.328509888
8080,44,-3,-4106,3,21.329697312
8080,45,25,-4110,-1,21.330884736
8080,46,48,-4172,-6,21.332072160
8080,47,37,-4154,-14,21.333259584
8080,48,61,-4165,24,21.334447008
8080,49,60,-4148,20,21.335634432
8080,50,57,-4161,25,21.336821856
8080,51,57,-4135,-6,21.338009280
8080,52,66,-4101,30,21.339196704
8080,53,74,-4119,-25,21.340384128
8080,54,65,-4179,-5,21.341571552
8080,55,42,-4183,-17,21.342758976
8080,56,11,-4142,30,21.343946400
8080,57,4,-4147,28,21.345133824
8080,58,-3,-4158,39,21.346321248
8080,59,-9,-4172,22,21.347508672
8080,60,-2,-4145,33,21.348696096
8080,61,13,-4099,8,21.349883520
8080,62,25,-4117,26,21.351070944
8080,63,36,-4167,13,21.352258368
8080,64,41,-4153,10,21.353445792
8081,1,42,-4152,36,21.354633216
8081,2,53,-4156,9,21.355820640
8081,3,66,-4160,20,21.357008064
8081,4,76,-4129,-19,21.358195488
8081,5,70,-4113,10,21.359382912
8081,6,70,-4109,-19,21.360570336
8081,7,42,-4170,10,21.361757760
8081,8,35,-4154,4,21.362945184
8081,9,30,-4120,31,21.364132608
8081,10,-3,-4133,6,21.365320032
8081,11,-9,-4150,27,21.366507456
8081,12,-7,-4155,-2,21.367694880
8081,13,-2,-4141,38,21.368882304
8081,14,6,-4079,0,21.370069728
8081,15,6,-4116,24,21.371257152
8081,16,20,-4160,-34,21.372444576
8081,17,22,-4147,-2,21.373632000
8081,18,49,-4137,10,21.374819424
8081,19,37,-4148,14,21.376006848
8081,20,63,-4165,1,21.377194272
8081,21,69,-4140,-6,21.378381696
8081,22,67,-4115,1,21.379569120
8081,23,73,-4133,-6,21.380756544
8081,24,44,-4172,-3,21.381943968
8081,25,42,-4152,-3,21.383131392
8081,26,22,-4152,34,21.384318816
8081,27,9,-4170,11,21.385506240
8081,28,3,-4174,25,21.386693664
8081,29,1,-4135,1,21.387881088
8081,30,-7,-4115,28,21.389068512
8081,31,5,-4094,17,21.390255936
8081,32,16,-4139,21,21.391443360
8081,33,12,-4189,24,21.392630784
8081,34,29,-4184,33,21.393818208
8081,35,37,-4172,22,21.395005632
8081,36,34,-4178,34,21.396193056
8081,37,63,-4136,3,21.397380480
8081,38,57,-4110,15,21.398567904
8081,39,61,-4112,22,21.399755328
8081,40,78,-4167,4,21.400942752
8081,41,67,-4185,6,21.402130176
8081,42,57,-4153,15,21.403317600
8081,43,34,-4134,6,21.404505024
8081,44,9,-4141,21,21.405692448
8081,45,-10,-4162,-2,21.406879872
8081,46,-8,-4158,18,21.408067296
8081,47,-2,-4111,13,21.409254720
8081,48,-9,-4121,31,21.410442144
8081,49,8,-4153,18,21.411629568
8081,50,22,-4156,5,21.412816992
8081,51,33,-4142,8,21.414004416
8081,52,32,-4132,13,21.415191840
8081,53,56,-4159,3,21.416379264
8081,54,51,-4150,2,21.417566688
8081,55,67,-4097,-8,21.418754112
8081,56,81,-4107,-7,21.419941536
8081,57,71,-4134,-11,21.421128960
8081,58,58,-4158,-10,21.422316384
8081,59,42,-4134,3,21.423503808
8081,60,20,-4136,10,21.424691232
8081,61,6,-4131,-7,21.425878656
8081,62,5,-4159,26,21.427066080
8081,63,-9,-4159,23,21.428253504
8081,64,-12,-4113,30,21.429440928
8082,1,-4,-4118,20,21.430628352
8082,2,14,-4157,0,21.431815776
8082,3,0,-4168,9,21.433003200
8082,4,12,-4149,15,21.434190624
8082,5,26,-4138,19,21.435378048
8082,6,28,-4137,6,21.436565472
8082,7,52,-4137,9,21.437752896
8082,8,53,-4103,1,21.438940320
8082,9,72,-4124,0,21.440127744
8082,10,77,-4165,-17,21.441315168
8082,11,75,-4164,15,21.442502592
8082,12,62,-4155,-2,21.443690016
8082,13,38,-4153,25,21.444877440
8082,14,26,-4154,6,21.446064864
8082,15,-5,-4167,25,21.447252288
8082,16,-4,-4142,35,21.448439712
8082,17,5,-4123,33,21.449627136
8082,18,-11,-4131,6,21.450814560
8082,19,6,-4156,33,21.452001984
8082,20,6,-4170,15,21.453189408
8082,21,9,-4167,32,21.454376832
8082,22,27,-4182,14,21.455564256
8082,23,30,-4167,23,21.456751680
8082,24,46,-4144,5,21.457939104
8082,25,65,-4103,7,21.459126528
8082,26,69,-4112,-18,21.460313952
8082,27,63,-4173,-12,21.461501376
8082,28,58,-4175,1,21.462688800
8082,29,47,-4139,13,21.463876224
8082,30,35,-4147,28,21.465063648
8082,31,22,-4146,19,21.466251072
8082,32,21,-4167,9,21.467438496
8082,33,11,-4146,16,21.468625920
8082,34,11,-4100,7,21.469813344
8082,35,10,-4130,2,21.471000768
8082,36,-9,-4160,5,21.472188192
8082,37,4,-4162,8,21.473375616
8082,38,19,-4138,9,21.474563040
8082,39,14,-4137,19,21.475750464
8082,40,27,-4133,1,21.476937888
8082,41,51,-4113,-5,21.478125312
8082,42,77,-4095,-4,21.479312736
8082,43,70,-4143,-9,21.480500160
8082,44,74,-4150,-19,21.481687584
8082,45,74,-4148,-18,21.482875008
8082,46,48,-4124,16,21.484062432
8082,47,34,-4147,14,21.485249856
8082,48,40,-4157,17,21.486437280
8082,49,26,-4149,-7,21.487624704
8082,50,4,-4113,18,21.488812128
8082,51,2,-4084,3,21.489999552
8082,52,-18,-4139,11,21.491186976
8082,53,-5,-4178,12,21.492374400
8082,54,-10,-4159,19,21.493561824
8082,55,3,-4181,33,21.494749248
8082,56,33,-4171,-3,21.495936672
8082,57,37,-4156,-12,21.497124096
8082,58,54,-4110,-13,21.498311520
8082,59,56,-4092,16,21.499498944
8082,60,55,-4157,-8,21.500686368
8082,61,55,-4175,10,21.501873792
8082,62,55,-4144,12,21.503061216
8082,63,44,-4138,17,21.504248640
8082,64,36,-4153,16,21.505436064
8083,1,34,-4166,8,21.506623488
8083,2,37,-4162,19,21.507810912
8083,3,8,-4112,18,21.508998336
8083,4,-4,-4119,23,21.510185760
8083,5,1,-4177,17,21.511373184
8083,6,-2,-4177,15,21.512560608
8083,7,-4,-4152,34,21.513748032
8083,8,11,-4153,20,21.514935456
8083,9,11,-4158,25,21.516122880
8083,10,33,-4129,-5,21.517310304
8083,11,42,-4094,21,21.518497728
8083,12,46,-4109,13,21.519685152
8083,13,63,-4162,14,21.520872576
8083,14,62,-4178,-11,21.522060000
8083,15,47,-4146,16,21.523247424
8083,16,66,-4166,14,21.524434848
8083,17,47,-4163,9,21.525622272
8083,18,41,-4150,-1,21.526809696
8083,19,29,-4127,7,21.527997120
8083,20,17,-4100,-8,21.529184544
8083,21,16,-4124,8,21.530371968
8083,22,-6,-4159,7,21.531559392
8083,23,-14,-4175,18,21.532746816
8083,24,-1,-4160,27,21.533934240
8083,25,6,-4160,23,21.535121664
8083,26,41,-4158,16,21.536309088
8083,27,41,-4123,15,21.537496512
8083,28,51,-4096,5,21.538683936
8083,29,52,-4132,-12,21.539871360
8083,30,71,-4182,-12,21.541058784
8083,31,52,-4151,0,21.542246208
8083,32,74,-4135,-1,21.543433632
8083,33,57,-4163,25,21.544621056
8083,34,59,-4150,-11,21.545808480
8083,35,67,-4163,2,21.546995904
8083,36,46,-4143,18,21.548183328
8083,37,26,-4097,0,21.549370752
8083,38,0,-4129,34,21.550558176
8083,39,2,-4173,17,21.551745600
8083,40,-10,-4154,30,21.552933024
8083,41,-2,-4147,33,21.554120448
8083,42,7,-4158,20,21.555307872
8083,43,0,-4148,20,21.556495296
8083,44,35,-4143,13,21.557682720
8083,45,38,-4120,4,21.558870144
8083,46,58,-4147,13,21.560057568
8083,47,60,-4177,10,21.561244992
8083,48,67,-4141,7,21.562432416
8083,49,69,-4145,16,21.563619840
8083,50,69,-4151,21,21.564807264
8083,51,51,-4160,17,21.565994688
8083,52,38,-4151,10,21.567182112
8083,53,29,-4138,21,21.568369536
8083,54,16,-4102,2,21.569556960
8083,55,-4,-4142,17,21.570744384
8083,56,-16,-4156,29,21.571931808
8083,57,10,-4160,11,21.573119232
8083,58,-9,-4177,25,21.574306656
8083,59,6,-4180,25,21.575494080
8083,60,9,-4142,14,21.576681504
8083,61,19,-4129,-7,21.577868928
8083,62,51,-4110,0,21.579056352
8083,63,29,-4135,-15,21.580243776
8083,64,45,-4161,1,21.581431200
8084,1,51,-4121,7,21.582618624
8084,2,57,-4145,6,21.583806048
8084,3,52,-4151,11,21.584993472
8084,4,50,-4164,20,21.586180896
8084,5,66,-4153,5,21.587368320
8084,6,68,-4125,1,21.588555744
8084,7,40,-4099,-10,21.589743168
8084,8,20,-4120,14,21.590930592
8084,9,-2,-4141,8,21.592118016
8084,10,-17,-4170,24,21.593305440
8084,11,-18,-4141,47,21.594492864
8084,12,-6,-4165,42,21.595680288
8084,13,9,-4132,21,21.596867712
8084,14,21,-4114,6,21.598055136
8084,15,46,-4090,6,21.599242560
8084,16,58,-4138,-10,21.600429984
8084,17,63,-4172,-2,21.601617408
8084,18,73,-4160,10,21.602804832
8084,19,63,-4154,17,21.603992256
8084,20,53,-4146,19,21.605179680
8084,21,63,-4145,-1,21.606367104
8084,22,50,-4156,1,21.607554528
8084,23,41,-4114,3,21.608741952
8084,24,31,-4109,3,21.609929376
8084,25,20,-4148,38,21.611116800
8084,26,13,-4177,28,21.612304224
8084,27,6,-4159,63,21.613491648
8084,28,3,-4155,13,21.614679072
8084,29,20,-4145,28,21.615866496
8084,30,24,-4146,-6,21.617053920
8084,31,22,-4112,14,21.618241344
8084,32,30,-4134,0,21.619428768
8084,33,47,-4178,-5,21.620616192
8084,34,54,-4171,16,21.621803616
8084,35,64,-4154,23,21.622991040
8084,36,53,-4156,21,21.624178464
8084,37,54,-4153,19,21.625365888
8084,38,69,-4157,-10,21.626553312
8084,39,55,-4146,0,21.627740736
8084,40,37,-4106,-1,21.628928160
8084,41,28,-4113,-7,21.630115584
8084,42,7,-4142,14,21.631303008
8084,43,-4,-4153,20,21.632490432
8084,44,-12,-4146,15,21.633677856
8084,45,-10,-4155,14,21.634865280
8084,46,-8,-4155,10,21.636052704
8084,47,5,-4138,24,21.637240128
8084,48,30,-4112,1,21.638427552
8084,49,53,-4104,-7,21.639614976
8084,50,47,-4165,6,21.640802400
8084,51,61,-4139,-14,21.641989824
8084,52,38,-4140,8,21.643177248
8084,53,60,-4155,13,21.644364672
8084,54,64,-4145,25,21.645552096
8084,55,59,-4161,5,21.646739520
8084,56,68,-4130,7,21.647926944
8084,57,57,-4096,-3,21.649114368
8084,58,39,-4105,0,21.650301792
8084,59,15,-4159,-11,21.651489216
8084,60,7,-4164,6,21.652676640
8084,61,-8,-4173,32,21.653864064
8084,62,-11,-4161,43,21.655051488
8084,63,-20,-4139,27,21.656238912
8084,64,22,-4117,19,21.657426336
8085,1,26,-4098,8,21.658613760
8085,2,40,-4129,10,21.659801184
8085,3,53,-4159,7,21.660988608
8085,4,39,-4146,6,21.662176032
8085,5,38,-4139,30,21.663363456
8085,6,60,-4151,18,21.664550880
8085,7,58,-4168,-5,21.665738304
8085,8,78,-4148,-6,21.666925728
8085,9,55,-4132,-15,21.668113152
8085,10,48,-4101,3,21.669300576
8085,11,35,-4150,4,21.670488000
8085,12,18,-4180,33,21.671675424
8085,13,-10,-4161,26,21.672862848
8085,14,-18,-4156,42,21.674050272
8085,15,-18,-4150,10,21.675237696
8085,16,-10,-4143,17,21.676425120
8085,17,8,-4087,1,21.677612544
8085,18,22,-4110,-5,21.678799968
8085,19,29,-4164,2,21.679987392
8085,20,41,-4180,6,21.681174816
8085,21,46,-4144,23,21.682362240
8085,22,44,-4126,15,21.683549664
8085,23,69,-4139,-3,21.684737088
8085,24,55,-4155,-14,21.685924512
8085,25,57,-4153,-4,21.687111936
8085,26,64,-4137,7,21.688299360
8085,27,63,-4130,-8,21.689486784
8085,28,46,-4138,13,21.690674208
8085,29,19,-4157,10,21.691861632
8085,30,14,-4136,22,21.693049056
8085,31,-4,-4153,36,21.694236480
8085,32,-19,-4165,26,21.695423904
8085,33,-5,-4149,38,21.696611328
8085,34,5,-4144,27,21.697798752
8085,35,17,-4103,23,21.698986176
8085,36,43,-4146,-2,21.700173600
8085,37,30,-4161,-3,21.701361024
8085,38,47,-4130,-9,21.702548448
8085,39,47,-4138,8,21.703735872
8085,40,52,-4163,-8,21.704923296
8085,41,62,-4179,7,21.706110720
8085,42,68,-4164,-11,21.707298144
8085,43,83,-4125,10,21.708485568
8085,44,59,-4115,-13,21.709672992
8085,45,54,-4143,15,21.710860416
8085,46,24,-4153,20,21.712047840
8085,47,3,-4144,23,21.713235264
8085,48,-11,-4165,29,21.714422688
8085,49,-3,-4172,34,21.715610112
8085,50,1,-4128,26,21.716797536
8085,51,17,-4084,12,21.717984960
8085,52,18,-4111,-2,21.719172384
8085,53,25,-4165,-1,21.720359808
8085,54,26,-4160,-5,21.721547232
8085,55,30,-4153,24,21.722734656
8085,56,41,-4149,24,21.723922080
8085,57,48,-4149,27,21.725109504
8085,58,61,-4138,2,21.726296928
8085,59,58,-4127,5,21.727484352
8085,60,58,-4079,-9,21.728671776
8085,61,45,-4136,-13,21.729859200
8085,62,61,-4170,8,21.731046624
8085,63,19,-4161,41,21.732234048
8085,64,22,-4162,26,21.733421472
8086,1,18,-4154,29,21.734608896
8086,2,-5,-4143,2,21.735796320
8086,3,5,-4098,6,21.736983744
8086,4,-8,-4081,15,21.738171168
8086,5,-8,-4144,33,21.739358592
8086,6,-2,-4198,16,21.740546016
8086,7,26,-4163,2,21.741733440
8086,8,32,-4136,33,21.742920864
8086,9,54,-4144,5,21.744108288
8086,10,58,-4170,-1,21.745295712
8086,11,63,-4160,-26,21.746483136
8086,12,65,-4135,-21,21.747670560
8086,13,61,-4120,-4,21.748857984
8086,14,59,-4153,5,21.750045408
8086,15,51,-4180,13,21.751232832
8086,16,25,-4152,-1,21.752420256
8086,17,2,-4150,4,21.753607680
8086,18,-5,-4170,19,21.754795104
8086,19,-5,-4176,16,21.755982528
8086,20,5,-4131,30,21.757169952
8086,21,10,-4116,19,21.758357376
8086,22,5,-4157,17,21.759544800
8086,23,24,-4161,8,21.760732224
8086,24,30,-4124,14,21.761919648
8086,25,37,-4122,15,21.763107072
8086,26,61,-4171,21,21.764294496
8086,27,51,-4176,6,21.765481920
8086,28,53,-4167,-4,21.766669344
8086,29,58,-4130,17,21.767856768
8086,30,70,-4111,-3,21.769044192
8086,31,65,-4121,0,21.770231616
8086,32,49,-4155,-7,21.771419040
8086,33,29,-4139,11,21.772606464
8086,34,18,-4161,21,21.773793888
8086,35,6,-4176,39,21.774981312
8086,36,-7,-4139,10,21.776168736
8086,37,-17,-4090,6,21.777356160
8086,38,6,-4083,8,21.778543584
8086,39,0,-4132,2,21.779731008
8086,40,18,-4165,13,21.780918432
8086,41,8,-4163,14,21.782105856
8086,42,32,-4136,20,21.783293280
8086,43,39,-4152,12,21.784480704
8086,44,59,-4130,6,21.785668128
8086,45,72,-4134,-9,21.786855552
8086,46,75,-4113,-20,21.788042976
8086,47,68,-4112,-21,21.789230400
8086,48,62,-4149,-14,21.790417824
8086,49,32,-4172,28,21.791605248
8086,50,24,-4153,12,21.792792672
8086,51,21,-4161,19,21.793980096
8086,52,12,-4153,17,21.795167520
8086,53,4,-4147,14,21.796354944
8086,54,1,-4100,23,21.797542368
8086,55,-10,-4108,10,21.798729792
8086,56,-7,-4168,14,21.799917216
8086,57,-5,-4172,14,21.801104640
8086,58,4,-4158,24,21.802292064
8086,59,29,-4143,26,21.803479488
8086,60,47,-4152,1,21.804666912
8086,61,74,-4147,-2,21.805854336
8086,62,56,-4167,1,21.807041760
8086,63,62,-4127,-2,21.808229184
8086,64,60,-4105,9,21.809416608
8087,1,66,-4144,16,21.810604032
8087,2,57,-4163,24,21.811791456
8087,3,33,-4170,20,21.812978880
8087,4,33,-4174,18,21.814166304
8087,5,9,-4160,30,21.815353728
8087,6,8,-4148,11,21.816541152
8087,7,-6,-4104,21,21.817728576
8087,8,-23,-4132,23,21.818916000
8087,9,-4,-4156,24,21.820103424
8087,10,4,-4169,23,21.821290848
8087,11,9,-4140,33,21.822478272
8087,12,31,-4142,16,21.823665696
8087,13,37,-4146,9,21.824853120
8087,14,43,-4171,8,21.826040544
8087,15,51,-4152,-10,21.827227968
8087,16,67,-4117,-3,21.828415392
8087,17,77,-4128,-6,21.829602816
8087,18,66,-4158,12,21.830790240
8087,19,66,-4177,-19,21.831977664
8087,20,50,-4160,15,21.833165088
8087,21,16,-4157,-17,21.834352512
8087,22,20,-4127,5,21.835539936
8087,23,17,-4137,-8,21.836727360
8087,24,-4,-4097,25,21.837914784
8087,25,-1,-4111,13,21.839102208
8087,26,-12,-4173,18,21.840289632
8087,27,4,-4161,30,21.841477056
8087,28,12,-4135,8,21.842664480
8087,29,23,-4155,34,21.843851904
8087,30,37,-4134,4,21.845039328
8087,31,45,-4149,15,21.846226752
8087,32,68,-4132,-32,21.847414176
8087,33,52,-4100,-2,21.848601600
8087,34,71,-4114,-4,21.849789024
8087,35,67,-4146,11,21.850976448
8087,36,53,-4161,12,21.852163872
8087,37,40,-4172,14,21.853351296
8087,38,19,-4151,47,21.854538720
8087,39,23,-4139,9,21.855726144
8087,40,12,-4116,36,21.856913568
8087,41,-12,-4115,21,21.858100992
8087,42,10,-4150,-7,21.859288416
8087,43,-8,-4191,7,21.860475840
8087,44,0,-4152,17,21.861663264
8087,45,13,-4136,39,21.862850688
8087,46,16,-4136,33,21.864038112
8087,47,36,-4164,4,21.865225536
8087,48,46,-4162,-26,21.866412960
8087,49,47,-4140,10,21.867600384
8087,50,68,-4108,2,21.868787808
8087,51,58,-4164,2,21.869975232
8087,52,55,-4183,-6,21.871162656
8087,53,58,-4158,-1,21.872350080
8087,54,36,-4140,20,21.873537504
8087,55,34,-4148,1,21.874724928
8087,56,30,-4151,40,21.875912352
8087,57,12,-4126,-12,21.877099776
8087,58,-7,-4104,23,21.878287200
8087,59,0,-4149,-27,21.879474624
8087,60,-5,-4166,4,21.880662048
8087,61,-1,-4149,18,21.881849472
8087,62,-3,-4146,39,21.883036896
8087,63,-4,-4171,30,21.884224320
8087,64,26,-4174,25,21.885411744
8088,1,38,-4167,23,21.886599168
8088,2,60,-4098,-9,21.887786592
8088,3,60,-4098,0,21.888974016
8088,4,58,-4131,-23,21.890161440
8088,5,67,-4147,12,21.891348864
8088,6,71,-4150,13,21.892536288
8088,7,54,-4148,10,21.893723712
8088,8,46,-4167,2,21.894911136
8088,9,33,-4143,-17,21.896098560
8088,10,28,-4094,14,21.897285984
8088,11,1,-4084,-8,21.898473408
8088,12,3,-4131,19,21.899660832
8088,13,-15,-4153,-20,21.900848256
8088,14,-29,-4153,32,21.902035680
8088,15,-11,-4143,45,21.903223104
8088,16,14,-4151,26,21.904410528
8088,17,25,-4156,7,21.905597952
8088,18,65,-4131,-14,21.906785376
8088,19,69,-4100,-16,21.907972800
8088,20,71,-4106,-5,21.909160224
8088,21,78,-4167,1,21.910347648
8088,22,67,-4165,28,21.911535072
8088,23,74,-4155,19,21.912722496
8088,24,45,-4151,12,21.913909920
8088,25,46,-4160,-27,21.915097344
8088,26,41,-4130,2,21.916284768
8088,27,20,-4102,6,21.917472192
8088,28,-6,-4121,33,21.918659616
8088,29,9,-4193,20,21.919847040
8088,30,-11,-4179,21,21.921034464
8088,31,-18,-4137,42,21.922221888
8088,32,-1,-4133,9,21.923409312
8088,33,22,-4149,25,21.924596736
8088,34,40,-4163,-7,21.925784160
8088,35,54,-4150,27,21.926971584
8088,36,66,-4120,17,21.928159008
8088,37,61,-4140,2,21.929346432
8088,38,73,-4176,3,21.930533856
8088,39,71,-4141,-6,21.931721280
8088,40,69,-4146,32,21.932908704
8088,41,61,-4135,21,21.934096128
8088,42,43,-4165,13,21.935283552
8088,43,47,-4131,17,21.936470976
8088,44,51,-4106,-11,21.937658400
8088,45,4,-4126,18,21.938845824
8088,46,10,-4143,0,21.940033248
8088,47,-3,-4156,18,21.941220672
8088,48,-4,-4140,33,21.942408096
8088,49,-14,-4140,24,21.943595520
8088,50,-9,-4175,7,21.944782944
8088,51,20,-4173,-4,21.945970368
8088,52,31,-4149,11,21.947157792
8088,53,52,-4098,5,21.948345216
8088,54,72,-4118,-4,21.949532640
8088,55,70,-4158,-18,21.950720064
8088,56,67,-4153,12,21.951907488
8088,57,53,-4145,4,21.953094912
8088,58,55,-4171,21,21.954282336
8088,59,44,-4154,0,21.955469760
8088,60,43,-4108,-2,21.956657184
8088,61,46,-4085,-8,21.957844608
8088,62,13,-4121,12,21.959032032
8088,63,17,-4153,1,21.960219456
8088,64,-14,-4162,34,21.961406880
8089,1,-28,-4150,37,21.962594304
8089,2,-11,-4159,39,21.963781728
8089,3,12,-4170,29,21.964969152
8089,4,15,-4136,-10,21.966156576
8089,5,34,-4118,4,21.967344000
8089,6,66,-4104,11,21.968531424
8089,7,68,-4151,-5,21.969718848
8089,8,57,-4180,4,21.970906272
8089,9,61,-4164,-2,21.972093696
8089,10,44,-4164,15,21.973281120
8089,11,53,-4182,-9,21.974468544
8089,12,51,-4137,15,21.975655968
8089,13,40,-4085,6,21.976843392
8089,14,30,-4103,9,21.978030816
8089,15,6,-4171,17,21.979218240
8089,16,5,-4184,11,21.980405664
8089,17,-10,-4166,25,21.981593088
8089,18,-4,-4136,25,21.982780512
8089,19,-3,-4148,30,21.983967936
8089,20,7,-4149,24,21.985155360
8089,21,-1,-4156,25,21.986342784
8089,22,37,-4126,15,21.987530208
8089,23,47,-4133,2,21.988717632
8089,24,56,-4175,-12,21.989905056
8089,25,70,-4170,9,21.991092480
8089,26,71,-4146,-3,21.992279904
8089,27,58,-4149,-4,21.993467328
8089,28,73,-4154,-5,21.994654752
8089,29,41,-4160,-6,21.995842176
8089,30,42,-4115,12,21.997029600
8089,31,27,-4117,10,21.998217024
8089,32,34,-4182,7,21.999404448
8089,33,-4,-4180,11,22.000591872
8089,34,4,-4138,11,22.001779296
8089,35,-27,-4136,18,22.002966720
8089,36,-13,-4145,-1,22.004154144
8089,37,-9,-4167,39,22.005341568
8089,38,15,-4157,21,22.006528992
8089,39,27,-4102,5,22.007716416
8089,40,42,-4128,-5,22.008903840
8089,41,56,-4148,-25,22.010091264
8089,42,58,-4155,2,22.011278688
8089,43,51,-4140,28,22.012466112
8089,44,49,-4161,4,22.013653536
8089,45,59,-4172,22,22.014840960
8089,46,52,-4139,0,22.016028384
8089,47,45,-4097,-6,22.017215808
8089,48,55,-4097,-15,22.018403232
8089,49,27,-4165,-16,22.019590656
8089,50,10,-4160,7,22.020778080
8089,51,-6,-4151,27,22.021965504
8089,52,-18,-4164,55,22.023152928
8089,53,10,-4164,22,22.024340352
8089,54,6,-4162,29,22.025527776
8089,55,18,-4132,16,22.026715200
8089,56,37,-4090,-4,22.027902624
8089,57,54,-4106,11,22.029090048
8089,58,54,-4150,2,22.030277472
8089,59,51,-4180,15,22.031464896
8089,60,57,-4165,13,22.032652320
8089,61,60,-4157,2,22.033839744
8089,62,70,-4151,-2,22.035027168
8089,63,71,-4100,6,22.036214592
8089,64,68,-4104,-1,22.037402016
8090,1,36,-4123,8,22.038589440
8090,2,23,-4185,17,22.039776864
8090,3,4,-4195,23,22.040964288
8090,4,-8,-4148,21,22.042151712
8090,5,-3,-4134,12,22.043339136
8090,6,12,-4157,23,22.044526560
8090,7,1,-4158,18,22.045713984
8090,8,14,-4134,24,22.046901408
8090,9,27,-4114,4,22.048088832
8090,10,27,-4156,15,22.049276256
8090,11,53,-4160,12,22.050463680
8090,12,50,-4144,7,22.051651104
8090,13,68,-4147,4,22.052838528
8090,14,72,-4147,3,22.054025952
8090,15,71,-4144,4,22.055213376
8090,16,67,-4121,-3,22.056400800
8090,17,64,-4123,0,22.057588224
8090,18,52,-4168,-1,22.058775648
8090,19,22,-4164,-2,22.059963072
8090,20,13,-4145,-3,22.061150496
8090,21,-17,-4124,34,22.062337920
8090,22,-3,-4143,11,22.063525344
8090,23,-2,-4156,33,22.064712768
8090,24,5,-4156,6,22.065900192
8090,25,16,-4126,26,22.067087616
8090,26,28,-4103,-14,22.068275040
8090,27,19,-4152,9,22.069462464
8090,28,38,-4168,-7,22.070649888
8090,29,48,-4152,10,22.071837312
8090,30,58,-4144,7,22.073024736
8090,31,56,-4166,-5,22.074212160
8090,32,72,-4143,18,22.075399584
8090,33,84,-4090,-14,22.076587008
8090,34,58,-4095,3,22.077774432
8090,35,55,-4155,-31,22.078961856
8090,36,27,-4166,9,22.080149280
8090,37,-4,-4149,22,22.081336704
8090,38,-32,-4137,15,22.082524128
8090,39,-23,-4155,38,22.083711552
8090,40,-12,-4174,16,22.084898976
8090,41,11,-4161,43,22.086086400
8090,42,23,-4115,-4,22.087273824
8090,43,37,-4101,13,22.088461248
8090,44,32,-4132,-3,22.089648672
8090,45,41,-4160,16,22.090836096
8090,46,37,-4161,20,22.092023520
8090,47,42,-4159,13,22.093210944
8090,48,76,-4182,15,22.094398368
8090,49,87,-4143,-16,22.095585792
8090,50,73,-4106,-7,22.096773216
8090,51,78,-4108,-8,22.097960640
8090,52,61,-4164,4,22.099148064
8090,53,28,-4160,26,22.100335488
8090,54,15,-4158,19,22.101522912
8090,55,-5,-4153,44,22.102710336
8090,56,0,-4144,19,22.103897760
8090,57,-4,-4146,11,22.105085184
8090,58,13,-4144,9,22.106272608
8090,59,14,-4104,-11,22.107460032
8090,60,23,-4128,47,22.108647456
8090,61,34,-4155,-5,22.109834880
8090,62,19,-4177,23,22.111022304
8090,63,34,-4161,7,22.112209728
8090,64,47,-4155,5,22.113397152
8091,1,62,-4132,2,22.114584576
8091,2,75,-4130,-25,22.115772000
8091,3,66,-4106,4,22.116959424
8091,4,66,-4126,-20,22.118146848
8091,5,40,-4186,17,22.119334272
8091,6,26,-4169,0,22.120521696
8091,7,3,-4143,19,22.121709120
8091,8,0,-4130,43,22.122896544
8091,9,-5,-4152,25,22.124083968
8091,10,-14,-4165,16,22.125271392
8091,11,-11,-4155,12,22.126458816
8091,12,6,-4111,4,22.127646240
8091,13,9,-4116,13,22.128833664
8091,14,27,-4147,4,22.130021088
8091,15,45,-4172,18,22.131208512
8091,16,35,-4157,32,22.132395936
8091,17,47,-4165,22,22.133583360
8091,18,74,-4144,1,22.134770784
8091,19,71,-4133,-9,22.135958208
8091,20,61,-4106,7,22.137145632
8091,21,68,-4144,-8,22.138333056
8091,22,54,-4167,-4,22.139520480
8091,23,39,-4137,12,22.140707904
8091,24,26,-4138,29,22.141895328
8091,25,-7,-4161,44,22.143082752
8091,26,-17,-4152,32,22.144270176
8091,27,0,-4151,16,22.145457600
8091,28,-3,-4140,8,22.146645024
8091,29,3,-4095,5,22.147832448
8091,30,22,-4125,15,22.149019872
8091,31,25,-4153,5,22.150207296
8091,32,34,-4167,22,22.151394720
8091,33,38,-4180,30,22.152582144
8091,34,44,-4160,5,22.153769568
8091,35,55,-4139,3,22.154956992
8091,36,52,-4104,-6,22.156144416
8091,37,68,-4095,5,22.157331840
8091,38,66,-4134,-15,22.158519264
8091,39,62,-4184,25,22.159706688
8091,40,43,-4166,-6,22.160894112
8091,41,32,-4131,27,22.162081536
8091,42,10,-4159,16,22.163268960
8091,43,3,-4163,27,22.164456384
8091,44,5,-4139,-9,22.165643808
8091,45,-1,-4122,7,22.166831232
8091,46,-15,-4102,-5,22.168018656
8091,47,4,-4139,16,22.169206080
8091,48,25,-4183,16,22.170393504
8091,49,23,-4156,0,22.171580928
8091,50,35,-4154,27,22.172768352
8091,51,53,-4146,-2,22.173955776
8091,52,59,-4132,18,22.175143200
8091,53,62,-4114,-25,22.176330624
8091,54,64,-4121,-7,22.177518048
8091,55,65,-4158,-9,22.178705472
8091,56,57,-4159,5,22.179892896
8091,57,42,-4148,11,22.181080320
8091,58,37,-4125,16,22.182267744
8091,59,14,-4162,26,22.183455168
8091,60,16,-4156,14,22.184642592
8091,61,-6,-4161,16,22.185830016
8091,62,-10,-4113,26,22.187017440
8091,63,-12,-4130,2,22.188204864
8091,64,2,-4160,29,22.189392288
8092,1,11,-4156,2,22.190579712
8092,2,14,-4141,28,22.191767136
8092,3,24,-4155,-6,22.192954560
8092,4,54,-4162,1,22.194141984
8092,5,49,-4149,4,22.195329408
8092,6,70,-4104,-9,22.196516832
8092,7,75,-4140,-5,22.197704256
8092,8,76,-4161,-8,22.198891680
8092,9,60,-4174,-1,22.200079104
8092,10,29,-4141,18,22.201266528
8092,11,29,-4147,18,22.202453952
8092,12,33,-4142,23,22.203641376
8092,13,15,-4164,29,22.204828800
8092,14,5,-4141,13,22.206016224
8092,15,4,-4103,17,22.207203648
8092,16,2,-4115,12,22.208391072
8092,17,-11,-4161,29,22.209578496
8092,18,4,-4138,7,22.210765920
8092,19,25,-4156,37,22.211953344
8092,20,46,-4158,20,22.213140768
8092,21,68,-4182,16,22.214328192
8092,22,67,-4132,0,22.215515616
8092,23,75,-4091,-1,22.216703040
8092,24,71,-4095,-4,22.217890464
8092,25,48,-4150,7,22.219077888
8092,26,50,-4157,3,22.220265312
8092,27,22,-4150,13,22.221452736
8092,28,7,-4158,23,22.222640160
8092,29,37,-4162,5,22.223827584
8092,30,40,-4158,14,22.225015008
8092,31,11,-4139,-1,22.226202432
8092,32,6,-4094,15,22.227389856
8092,33,-7,-4133,12,22.228577280
8092,34,-19,-4169,10,22.229764704
8092,35,-9,-4143,25,22.230952128
8092,36,11,-4141,15,22.232139552
8092,37,29,-4161,6,22.233326976
8092,38,42,-4142,3,22.234514400
8092,39,64,-4123,-16,22.235701824
8092,40,61,-4116,5,22.236889248
8092,41,76,-4165,-11,22.238076672
8092,42,71,-4200,6,22.239264096
8092,43,48,-4165,8,22.240451520
8092,44,49,-4121,-1,22.241638944
8092,45,21,-4141,8,22.242826368
8092,46,28,-4166,9,22.244013792
8092,47,19,-4124,1,22.245201216
8092,48,2,-4124,15,22.246388640
8092,49,1,-4105,15,22.247576064
8092,50,-1,-4156,20,22.248763488
8092,51,6,-4184,25,22.249950912
8092,52,1,-4151,15,22.251138336
8092,53,11,-4149,26,22.252325760
8092,54,37,-4178,15,22.253513184
8092,55,53,-4141,16,22.254700608
8092,56,64,-4111,18,22.255888032
8092,57,65,-4104,-2,22.257075456
8092,58,73,-4154,12,22.258262880
8092,59,64,-4174,-16,22.259450304
8092,60,50,-4139,16,22.260637728
8092,61,43,-4120,33,22.261825152
8092,62,37,-4162,27,22.263012576
8092,63,25,-4183,29,22.264200000
8092,64,28,-4172,12,22.265387424
8093,1,28,-4131,3,22.266574848
8093,2,25,-4103,12,22.267762272
8093,3,1,-4141,3,22.268949696
8093,4,-24,-4168,15,22.270137120
8093,5,2,-4145,4,22.271324544
8093,6,4,-4151,27,22.272511968
8093,7,6,-4186,13,22.273699392
8093,8,28,-4166,9,22.274886816
8093,9,56,-4122,-18,22.276074240
8093,10,73,-4093,-5,22.277261664
8093,11,83,-4135,3,22.278449088
8093,12,75,-4175,-16,22.279636512
8093,13,64,-4153,9,22.280823936
8093,14,24,-4140,-2,22.282011360
8093,15,20,-4129,16,22.283198784
8093,16,36,-4180,-13,22.284386208
8093,17,29,-4144,12,22.285573632
8093,18,9,-4086,12,22.286761056
8093,19,5,-4096,31,22.287948480
8093,20,6,-4172,-1,22.289135904
8093,21,-2,-4183,30,22.290323328
8093,22,0,-4143,21,22.291510752
8093,23,21,-4140,26,22.292698176
8093,24,7,-4173,26,22.293885600
8093,25,33,-4140,5,22.295073024
8093,26,57,-4083,25,22.296260448
8093,27,55,-4095,0,22.297447872
8093,28,59,-4174,-7,22.298635296
8093,29,70,-4179,-20,22.299822720
8093,30,75,-4123,33,22.301010144
8093,31,57,-4115,1,22.302197568
8093,32,56,-4151,15,22.303384992
8093,33,50,-4161,-19,22.304572416
8093,34,34,-4144,15,22.305759840
8093,35,26,-4098,-5,22.306947264
8093,36,5,-4117,-2,22.308134688
8093,37,-26,-4176,-1,22.309322112
8093,38,-10,-4160,2,22.310509536
8093,39,-21,-4154,20,22.311696960
8093,40,-3,-4157,14,22.312884384
8093,41,29,-4161,-1,22.314071808
8093,42,38,-4138,3,22.315259232
8093,43,49,-4092,-17,22.316446656
8093,44,56,-4122,-25,22.317634080
8093,45,82,-4187,-15,22.318821504
8093,46,72,-4179,-19,22.320008928
8093,47,65,-4137,9,22.321196352
8093,48,70,-4157,-1,22.322383776
8093,49,47,-4164,0,22.323571200
8093,50,31,-4176,15,22.324758624
8093,51,16,-4137,-5,22.325946048
8093,52,4,-4098,29,22.327133472
8093,53,12,-4129,4,22.328320896
8093,54,1,-4192,40,22.329508320
8093,55,3,-4173,30,22.330695744
8093,56,4,-4166,22,22.331883168
8093,57,3,-4167,31,22.333070592
8093,58,23,-4148,9,22.334258016
8093,59,26,-4121,25,22.335445440
8093,60,43,-4088,10,22.336632864
8093,61,55,-4150,22,22.337820288
8093,62,49,-4186,5,22.339007712
8093,63,65,-4153,6,22.340195136
8093,64,56,-4122,11,22.341382560
8094,1,59,-4129,20,22.342569984
8094,2,54,-4137,-12,22.343757408
8094,3,43,-4161,6,22.344944832
8094,4,31,-4122,20,22.346132256
8094,5,14,-4105,25,22.347319680
8094,6,8,-4152,7,22.348507104
8094,7,0,-4153,5,22.349694528
8094,8,5,-4154,-5,22.350881952
8094,9,-2,-4143,-17,22.352069376
8094,10,-3,-4151,15,22.353256800
8094,11,10,-4146,10,22.354444224
8094,12,29,-4118,16,22.355631648
8094,13,25,-4097,3,22.356819072
8094,14,44,-4119,2,22.358006496
8094,15,56,-4158,-13,22.359193920
8094,16,62,-4135,-11,22.360381344
8094,17,62,-4143,-13,22.361568768
8094,18,67,-4153,0,22.362756192
8094,19,65,-4162,2,22.363943616
8094,20,55,-4141,-15,22.365131040
8094,21,24,-4110,3,22.366318464
8094,22,8,-4098,-7,22.367505888
8094,23,6,-4124,6,22.368693312
8094,24,-13,-4151,5,22.369880736
8094,25,-15,-4145,30,22.371068160
8094,26,-6,-4154,40,22.372255584
8094,27,-1,-4157,47,22.373443008
8094,28,15,-4135,9,22.374630432
8094,29,23,-4110,29,22.375817856
8094,30,41,-4106,-12,22.377005280
8094,31,45,-4168,30,22.378192704
8094,32,57,-4170,-2,22.379380128
8094,33,52,-4149,32,22.380567552
8094,34,62,-4156,17,22.381754976
8094,35,60,-4151,9,22.382942400
8094,36,72,-4182,20,22.384129824
8094,37,65,-4155,-9,22.385317248
8094,38,40,-4111,15,22.386504672
8094,39,15,-4123,0,22.387692096
8094,40,5,-4152,38,22.388879520
8094,41,-19,-4177,24,22.390066944
8094,42,-8,-4200,65,22.391254368
8094,43,-16,-4189,16,22.392441792
8094,44,-1,-4179,26,22.393629216
8094,45,15,-4143,4,22.394816640
8094,46,55,-4103,0,22.396004064
8094,47,49,-4105,-4,22.397191488
8094,48,46,-4159,-6,22.398378912
8094,49,43,-4164,25,22.399566336
8094,50,52,-4150,14,22.400753760
8094,51,43,-4162,13,22.401941184
8094,52,67,-4143,-8,22.403128608
8094,53,65,-4171,8,22.404316032
8094,54,63,-4152,8,22.405503456
8094,55,63,-4100,0,22.406690880
8094,56,30,-4120,-2,22.407878304
8094,57,19,-4145,12,22.409065728
8094,58,-19,-4154,25,22.410253152
8094,59,-21,-4149,36,22.411440576
8094,60,-1,-4130,8,22.412628000
8094,61,12,-4132,22,22.413815424
8094,62,17,-4114,8,22.415002848
8094,63,17,-4084,23,22.416190272
8094,64,33,-4129,3,22.417377696
8095,1,32,-4148,8,22.418565120
8095,2,26,-4160,-4,22.419752544
8095,3,52,-4126,8,22.420939968
8095,4,54,-4124,-5,22.422127392
8095,5,74,-4129,-11,22.423314816
8095,6,83,-4140,-12,22.424502240
8095,7,58,-4120,-30,22.425689664
8095,8,57,-4102,-23,22.426877088
8095,9,33,-4135,-3,22.428064512
8095,10,16,-4179,7,22.429251936
8095,11,-10,-4170,28,22.430439360
8095,12,8,-4162,24,22.431626784
8095,13,-1,-4154,35,22.432814208
8095,14,-10,-4157,14,22.434001632
8095,15,-6,-4110,5,22.435189056
8095,16,19,-4098,5,22.436376480
8095,17,17,-4148,-15,22.437563904
8095,18,39,-4200,-2,22.438751328
8095,19,54,-4172,16,22.439938752
8095,20,57,-4152,19,22.441126176
8095,21,62,-4160,39,22.442313600
8095,22,71,-4185,-3,22.443501024
8095,23,59,-4186,15,22.444688448
8095,24,47,-4154,-1,22.445875872
8095,25,51,-4113,18,22.447063296
8095,26,32,-4157,31,22.448250720
8095,27,24,-4188,19,22.449438144
8095,28,4,-4166,49,22.450625568
8095,29,-15,-4137,21,22.451812992
8095,30,-4,-4174,52,22.453000416
8095,31,15,-4162,24,22.454187840
8095,32,27,-4135,39,22.455375264
8095,33,41,-4112,21,22.456562688
8095,34,44,-4156,24,22.457750112
8095,35,39,-4186,3,22.458937536
8095,36,46,-4153,12,22.460124960
8095,37,40,-4130,6,22.461312384
8095,38,49,-4152,17,22.462499808
8095,39,57,-4158,6,22.463687232
8095,40,67,-4163,2,22.464874656
8095,41,81,-4124,6,22.466062080
8095,42,61,-4091,-18,22.467249504
8095,43,38,-4131,-11,22.468436928
8095,44,27,-4154,-14,22.469624352
8095,45,3,-4119,9,22.470811776
8095,46,-16,-4160,11,22.471999200
8095,47,-10,-4168,-1,22.473186624
8095,48,3,-4153,13,22.474374048
8095,49,8,-4076,-4,22.475561472
8095,50,15,-4105,9,22.476748896
8095,51,24,-4156,-29,22.477936320
8095,52,26,-4175,-4,22.479123744
8095,53,38,-4125,23,22.480311168
8095,54,55,-4133,6,22.481498592
8095,55,73,-4170,16,22.482686016
8095,56,66,-4165,1,22.483873440
8095,57,68,-4133,-3,22.485060864
8095,58,72,-4094,-12,22.486248288
8095,59,52,-4103,-3,22.487435712
8095,60,28,-4166,-7,22.488623136
8095,61,14,-4162,32,22.489810560
8095,62,5,-4161,30,22.490997984
8095,63,17,-4174,41,22.492185408
8095,64,-5,-4155,27,22.493372832
8096,1,6,-4126,26,22.494560256
8096,2,9,-4093,22,22.495747680
8096,3,18,-4128,7,22.496935104
8096,4,33,-4175,19,22.498122528
8096,5,30,-4174,21,22.499309952
8096,6,35,-4148,27,22.500497376
8096,7,51,-4166,23,22.501684800
8096,8,42,-4174,22,22.502872224
8096,9,73,-4189,12,22.504059648
8096,10,68,-4152,0,22.505247072
8096,11,64,-4122,-24,22.506434496
8096,12,58,-4147,8,22.507621920
8096,13,33,-4178,8,22.508809344
8096,14,34,-4168,16,22.509996768
8096,15,7,-4162,19,22.511184192
8096,16,3,-4172,31,22.512371616
8096,17,-25,-4159,15,22.513559040
8096,18,-13,-4138,14,22.514746464
8096,19,-4,-4105,4,22.515933888
8096,20,11,-4127,14,22.517121312
8096,21,16,-4185,11,22.518308736
8096,22,39,-4176,4,22.519496160
8096,23,48,-4147,0,22.520683584
8096,24,42,-4143,19,22.521871008
8096,25,54,-4139,-21,22.523058432
8096,26,62,-4147,-18,22.524245856
8096,27,76,-4139,-14,22.525433280
8096,28,71,-4102,5,22.526620704
8096,29,69,-4119,-9,22.527808128
8096,30,39,-4157,-3,22.528995552
8096,31,30,-4132,12,22.530182976
8096,32,4,-4116,10,22.531370400
8096,33,-6,-4139,12,22.532557824
8096,34,-11,-4133,25,22.533745248
8096,35,-10,-4115,15,22.534932672
8096,36,4,-4105,15,22.536120096
8096,37,22,-4137,-10,22.537307520
8096,38,15,-4179,-4,22.538494944
8096,39,24,-4137,-4,22.539682368
8096,40,42,-4120,-2,22.540869792
8096,41,48,-4150,23,22.542057216
8096,42,65,-4172,0,22.543244640
8096,43,70,-4149,4,22.544432064
8096,44,64,-4126,-9,22.545619488
8096,45,61,-4095,-25,22.546806912
8096,46,39,-4143,0,22.547994336
8096,47,31,-4163,-6,22.549181760
8096,48,21,-4172,18,22.550369184
8096,49,19,-4179,23,22.551556608
8096,50,16,-4169,40,22.552744032
8096,51,4,-4152,16,22.553931456
8096,52,13,-4092,3,22.555118880
8096,53,7,-4093,11,22.556306304
8096,54,0,-4157,-12,22.557493728
8096,55,8,-4191,6,22.558681152
8096,56,18,-4179,44,22.559868576
8096,57,28,-4166,44,22.561056000
8096,58,42,-4173,40,22.562243424
8096,59,62,-4165,15,22.563430848
8096,60,61,-4169,-1,22.564618272
8096,61,80,-4128,6,22.565805696
8096,62,69,-4119,-8,22.566993120
8096,63,53,-4162,0,22.568180544
8096,64,39,-4185,21,22.569367968
8097,1,24,-4161,21,22.570555392
8097,2,15,-4159,21,22.571742816
8097,3,15,-4146,8,22.572930240
8097,4,4,-4134,26,22.574117664
8097,5,-14,-4096,13,22.575305088
8097,6,-2,-4115,23,22.576492512
8097,7,3,-4163,21,22.577679936
8097,8,-10,-4162,19,22.578867360
8097,9,10,-4148,14,22.580054784
8097,10,37,-4149,27,22.581242208
8097,11,55,-4144,7,22.582429632
8097,12,70,-4148,-10,22.583617056
8097,13,90,-4134,-29,22.584804480
8097,14,67,-4087,-23,22.585991904
8097,15,64,-4111,-13,22.587179328
8097,16,65,-4148,1,22.588366752
8097,17,44,-4157,11,22.589554176
8097,18,44,-4139,9,22.590741600
8097,19,20,-4146,7,22.591929024
8097,20,9,-4152,7,22.593116448
8097,21,11,-4133,3,22.594303872
8097,22,0,-4102,12,22.595491296
8097,23,7,-4120,11,22.596678720
8097,24,7,-4163,20,22.597866144
8097,25,-14,-4161,19,22.599053568
8097,26,17,-4116,7,22.600240992
8097,27,19,-4157,36,22.601428416
8097,28,48,-4159,6,22.602615840
8097,29,46,-4167,5,22.603803264
8097,30,78,-4154,3,22.604990688
8097,31,65,-4106,-5,22.606178112
8097,32,60,-4132,9,22.607365536
8097,33,57,-4161,-7,22.608552960
8097,34,41,-4139,9,22.609740384
8097,35,30,-4178,28,22.610927808
8097,36,37,-4187,39,22.612115232
8097,37,26,-4162,12,22.613302656
8097,38,18,-4111,25,22.614490080
8097,39,14,-4105,21,22.615677504
8097,40,-4,-4145,23,22.616864928
8097,41,-15,-4202,18,22.618052352
8097,42,-11,-4169,19,22.619239776
8097,43,-2,-4154,23,22.620427200
8097,44,23,-4158,13,22.621614624
8097,45,37,-4150,-7,22.622802048
8097,46,54,-4166,-7,22.623989472
8097,47,65,-4139,7,22.625176896
8097,48,88,-4105,-19,22.626364320
8097,49,72,-4145,-16,22.627551744
8097,50,69,-4180,-4,22.628739168
8097,51,49,-4165,13,22.629926592
8097,52,34,-4164,21,22.631114016
8097,53,19,-4144,16,22.632301440
8097,54,31,-4161,5,22.633488864
8097,55,7,-4115,10,22.634676288
8097,56,19,-4104,-15,22.635863712
8097,57,10,-4134,7,22.637051136
8097,58,-8,-4168,13,22.638238560
8097,59,-2,-4142,18,22.639425984
8097,60,2,-4144,24,22.640613408
8097,61,3,-4154,27,22.641800832
8097,62,40,-4156,5,22.642988256
8097,63,51,-4148,-13,22.644175680
8097,64,71,-4115,-7,22.645363104
8098,1,96,-4113,-25,22.646550528
8098,2,83,-4135,-7,22.647737952
8098,3,64,-4146,7,22.648925376
8098,4,51,-4136,-1,22.650112800
8098,5,43,-4149,6,22.651300224
8098,6,15,-4153,-7,22.652487648
8098,7,20,-4124,20,22.653675072
8098,8,13,-4104,7,22.654862496
8098,9,8,-4125,35,22.656049920
8098,10,7,-4164,19,22.657237344
8098,11,0,-4180,16,22.658424768
8098,12,5,-4136,22,22.659612192
8098,13,-1,-4132,0,22.660799616
8098,14,2,-4166,16,22.661987040
8098,15,40,-4144,4,22.663174464
8098,16,42,-4166,15,22.664361888
8098,17,68,-4108,-19,22.665549312
8098,18,63,-4123,-6,22.666736736
8098,19,72,-4165,-9,22.667924160
8098,20,70,-4163,6,22.669111584
8098,21,64,-4170,10,22.670299008
8098,22,56,-4176,-5,22.671486432
8098,23,48,-4157,-3,22.672673856
8098,24,25,-4130,3,22.673861280
8098,25,17,-4088,-15,22.675048704
8098,26,1,-4098,21,22.676236128
8098,27,-5,-4154,20,22.677423552
8098,28,-6,-4190,22,22.678610976
8098,29,-9,-4148,28,22.679798400
8098,30,-1,-4161,34,22.680985824
8098,31,21,-4167,14,22.682173248
8098,32,42,-4162,1,22.683360672
8098,33,44,-4138,-14,22.684548096
8098,34,51,-4108,16,22.685735520
8098,35,73,-4108,1,22.686922944
8098,36,78,-4176,11,22.688110368
8098,37,69,-4174,-7,22.689297792
8098,38,54,-4169,21,22.690485216
8098,39,51,-4165,25,22.691672640
8098,40,31,-4172,2,22.692860064
8098,41,38,-4138,13,22.694047488
8098,42,30,-4107,2,22.695234912
8098,43,29,-4120,-2,22.696422336
8098,44,4,-4169,10,22.697609760
8098,45,14,-4150,21,22.698797184
8098,46,-6,-4132,40,22.699984608
8098,47,-17,-4133,33,22.701172032
8098,48,11,-4155,18,22.702359456
8098,49,19,-4160,6,22.703546880
8098,50,54,-4132,18,22.704734304
8098,51,72,-4120,4,22.705921728
8098,52,79,-4141,5,22.707109152
8098,53,81,-4159,-19,22.708296576
8098,54,78,-4146,-6,22.709484000
8098,55,65,-4141,4,22.710671424
8098,56,58,-4164,7,22.711858848
8098,57,38,-4160,1,22.713046272
8098,58,43,-4099,12,22.714233696
8098,59,11,-4102,20,22.715421120
8098,60,-2,-4123,11,22.716608544
8098,61,3,-4177,3,22.717795968
8098,62,-7,-4157,35,22.718983392
8098,63,-12,-4111,40,22.720170816
8098,64,1,-4126,22,22.721358240
8099,1,-4,-4155,7,22.722545664
8099,2,6,-4141,16,22.723733088
8099,3,47,-4125,5,22.724920512
8099,4,68,-4091,-9,22.726107936
8099,5,64,-4159,5,22.727295360
8099,6,58,-4168,-15,22.728482784
8099,7,55,-4150,14,22.729670208
8099,8,57,-4144,-2,22.730857632
8099,9,47,-4163,16,22.732045056
8099,10,33,-4158,-3,22.733232480
8099,11,34,-4108,4,22.734419904
8099,12,30,-4069,5,22.735607328
8099,13,23,-4124,14,22.736794752
8099,14,-5,-4164,27,22.737982176
8099,15,-19,-4158,10,22.739169600
8099,16,-8,-4122,21,22.740357024
8099,17,-11,-4156,14,22.741544448
8099,18,1,-4172,14,22.742731872
8099,19,17,-4154,5,22.743919296
8099,20,44,-4128,2,22.745106720
8099,21,53,-4103,21,22.746294144
8099,22,66,-4164,-29,22.747481568
8099,23,62,-4178,-2,22.748668992
8099,24,69,-4156,18,22.749856416
8099,25,67,-4154,1,22.751043840
8099,26,60,-4163,16,22.752231264
8099,27,46,-4155,8,22.753418688
8099,28,47,-4108,11,22.754606112
8099,29,42,-4103,3,22.755793536
8099,30,34,-4188,11,22.756980960
8099,31,4,-4203,11,22.758168384
8099,32,6,-4174,16,22.759355808
8099,33,-7,-4130,32,22.760543232
8099,34,-23,-4152,24,22.761730656
8099,35,2,-4159,23,22.762918080
8099,36,33,-4144,-7,22.764105504
8099,37,26,-4105,19,22.765292928
8099,38,50,-4100,7,22.766480352
8099,39,65,-4149,16,22.767667776
8099,40,76,-4163,9,22.768855200
8099,41,71,-4151,9,22.770042624
8099,42,56,-4138,-6,22.771230048
8099,43,60,-4172,-3,22.772417472
8099,44,40,-4140,4,22.773604896
8099,45,39,-4104,-6,22.774792320
8099,46,13,-4110,17,22.775979744
8099,47,-2,-4164,9,22.777167168
8099,48,12,-4171,11,22.778354592
8099,49,-3,-4135,18,22.779542016
8099,50,-11,-4131,27,22.780729440
8099,51,15,-4137,13,22.781916864
8099,52,0,-4153,26,22.783104288
8099,53,22,-4142,27,22.784291712
8099,54,26,-4105,3,22.785479136
8099,55,52,-4117,4,22.786666560
8099,56,33,-4156,-10,22.787853984
8099,57,64,-4173,-8,22.789041408
8099,58,81,-4163,15,22.790228832
8099,59,68,-4150,11,22.791416256
8099,60,72,-4149,-19,22.792603680
8099,61,77,-4138,11,22.793791104
8099,62,38,-4092,11,22.794978528
8099,63,37,-4112,20,22.796165952
8099,64,22,-4163,-6,22.797353376
8100,1,0,-4159,9,22.798540800
8100,2,-1,-4164,10,22.799728224
8100,3,-11,-4147,27,22.800915648
8100,4,-10,-4144,14,22.802103072
8100,5,6,-4167,9,22.803290496
8100,6,21,-4153,23,22.804477920
8100,7,24,-4097,14,22.805665344
8100,8,35,-4125,5,22.806852768
8100,9,38,-4188,-14,22.808040192
8100,10,64,-4178,16,22.809227616
8100,11,62,-4155,13,22.810415040
8100,12,81,-4177,5,22.811602464
8100,13,68,-4157,17,22.812789888
8100,14,70,-4133,5,22.813977312
8100,15,59,-4096,14,22.815164736
8100,16,28,-4144,14,22.816352160
8100,17,14,-4172,9,22.817539584
8100,18,-3,-4156,2,22.818727008
8100,19,-6,-4132,19,22.819914432
8100,20,3,-4156,32,22.821101856
8100,21,-15,-4153,25,22.822289280
8100,22,14,-4162,15,22.823476704
8100,23,20,-4121,21,22.824664128
8100,24,50,-4098,19,22.825851552
8100,25,41,-4130,0,22.827038976
8100,26,37,-4162,0,22.828226400
8100,27,47,-4148,-5,22.829413824
8100,28,53,-4144,-4,22.830601248
8100,29,67,-4151,21,22.831788672
8100,30,70,-4157,9,22.832976096
8100,31,64,-4128,1,22.834163520
8100,32,55,-4098,8,22.835350944
8100,33,56,-4131,-21,22.836538368
8100,34,33,-4151,6,22.837725792
8100,35,2,-4129,5,22.838913216
8100,36,-5,-4127,23,22.840100640
8100,37,-28,-4135,35,22.841288064
8100,38,0,-4151,12,22.842475488
8100,39,4,-4159,25,22.843662912
8100,40,22,-4132,5,22.844850336
8100,41,28,-4121,8,22.846037760
8100,42,42,-4112,14,22.847225184
8100,43,27,-4153,19,22.848412608
8100,44,35,-4142,9,22.849600032
8100,45,56,-4160,4,22.850787456
8100,46,66,-4157,4,22.851974880
8100,47,59,-4130,-10,22.853162304
8100,48,88,-4099,14,22.854349728
8100,49,71,-4115,-10,22.855537152
8100,50,54,-4141,-7,22.856724576
8100,51,33,-4159,26,22.857912000
8100,52,7,-4140,30,22.859099424
8100,53,-7,-4171,47,22.860286848
8100,54,-21,-4142,32,22.861474272
8100,55,-19,-4160,24,22.862661696
8100,56,2,-4161,8,22.863849120
8100,57,26,-4117,11,22.865036544
8100,58,25,-4097,-8,22.866223968
8100,59,31,-4149,-5,22.867411392
8100,60,35,-4177,1,22.868598816
8100,61,47,-4175,15,22.869786240
8100,62,59,-4163,12,22.870973664
8100,63,52,-4176,11,22.872161088
8100,64,63,-4154,9,22.873348512
8101,1,69,-4111,-6,22.874535936
8101,2,55,-4111,3,22.875723360
8101,3,56,-4164,-15,22.876910784
8101,4,25,-4159,-6,22.878098208
8101,5,12,-4138,22,22.879285632
8101,6,-3,-4141,36,22.880473056
8101,7,-15,-4157,41,22.881660480
8101,8,-5,-4147,15,22.882847904
8101,9,17,-4140,18,22.884035328
8101,10,16,-4075,19,22.885222752
8101,11,38,-4131,-9,22.886410176
8101,12,22,-4170,-13,22.887597600
8101,13,46,-4175,18,22.888785024
8101,14,46,-4167,16,22.889972448
8101,15,32,-4178,23,22.891159872
8101,16,51,-4145,6,22.892347296
8101,17,56,-4093,8,22.893534720
8101,18,63,-4086,0,22.894722144
8101,19,72,-4133,-11,22.895909568
8101,20,71,-4177,13,22.897096992
8101,21,54,-4161,-4,22.898284416
8101,22,55,-4124,10,22.899471840
8101,23,18,-4126,18,22.900659264
8101,24,-20,-4138,-3,22.901846688
8101,25,-15,-4132,15,22.903034112
8101,26,1,-4145,15,22.904221536
8101,27,-4,-4114,12,22.905408960
8101,28,12,-4141,7,22.906596384
8101,29,44,-4173,2,22.907783808
8101,30,41,-4140,0,22.908971232
8101,31,49,-4138,0,22.910158656
8101,32,44,-4148,7,22.911346080
8101,33,53,-4143,-8,22.912533504
8101,34,57,-4139,15,22.913720928
8101,35,47,-4127,-5,22.914908352
8101,36,53,-4141,10,22.916095776
8101,37,42,-4157,6,22.917283200
8101,38,47,-4136,7,22.918470624
8101,39,21,-4123,2,22.919658048
8101,40,0,-4156,44,22.920845472
8101,41,-13,-4181,30,22.922032896
8101,42,-5,-4172,22,22.923220320
8101,43,-10,-4150,22,22.924407744
8101,44,-3,-4099,1,22.925595168
8101,45,18,-4144,-2,22.926782592
8101,46,50,-4177,10,22.927970016
8101,47,47,-4165,7,22.929157440
8101,48,58,-4156,30,22.930344864
8101,49,55,-4172,9,22.931532288
8101,50,47,-4150,13,22.932719712
8101,51,45,-4102,-8,22.933907136
8101,52,61,-4097,4,22.935094560
8101,53,59,-4153,-6,22.936281984
8101,54,74,-4172,12,22.937469408
8101,55,38,-4152,17,22.938656832
8101,56,21,-4150,6,22.939844256
8101,57,4,-4167,17,22.941031680
8101,58,-23,-4156,22,22.942219104
8101,59,-24,-4149,4,22.943406528
8101,60,-5,-4115,3,22.944593952
8101,61,2,-4111,5,22.945781376
8101,62,23,-4139,24,22.946968800
8101,63,14,-4152,3,22.948156224
8101,64,34,-4154,21,22.949343648
8102,1,45,-4155,2,22.950531072
8102,2,35,-4155,14,22.951718496
8102,3,58,-4122,-13,22.952905920
8102,4,61,-4095,-1,22.954093344
8102,5,75,-4102,-5,22.955280768
8102,6,71,-4149,-11,22.956468192
8102,7,63,-4169,9,22.957655616
8102,8,48,-4144,7,22.958843040
8102,9,52,-4157,26,22.960030464
8102,10,35,-4140,2,22.961217888
8102,11,9,-4151,21,22.962405312
8102,12,4,-4148,8,22.963592736
8102,13,-12,-4107,4,22.964780160
8102,14,-9,-4112,25,22.965967584
8102,15,-12,-4157,26,22.967155008
8102,16,0,-4157,18,22.968342432
8102,17,40,-4147,25,22.969529856
8102,18,58,-4133,4,22.970717280
8102,19,73,-4151,6,22.971904704
8102,20,56,-4129,1,22.973092128
8102,21,62,-4114,2,22.974279552
8102,22,61,-4138,-15,22.975466976
8102,23,60,-4171,-1,22.976654400
8102,24,61,-4161,8,22.977841824
8102,25,41,-4135,2,22.979029248
8102,26,31,-4145,26,22.980216672
8102,27,21,-4148,8,22.981404096
8102,28,8,-4160,25,22.982591520
8102,29,14,-4155,12,22.983778944
8102,30,-6,-4118,43,22.984966368
8102,31,-5,-4116,27,22.986153792
8102,32,-5,-4162,22,22.987341216
8102,33,3,-4175,14,22.988528640
8102,34,25,-4162,25,22.989716064
8102,35,34,-4174,13,22.990903488
8102,36,67,-4163,-4,22.992090912
8102,37,64,-4172,8,22.993278336
8102,38,65,-4117,13,22.994465760
8102,39,70,-4124,0,22.995653184
8102,40,63,-4160,-11,22.996840608
8102,41,48,-4153,2,22.998028032
8102,42,34,-4144,26,22.999215456
8102,43,35,-4145,21,23.000402880
8102,44,18,-4174,17,23.001590304
8102,45,2,-4167,9,23.002777728
8102,46,10,-4141,3,23.003965152
8102,47,-3,-4089,-4,23.005152576
8102,48,7,-4123,15,23.006340000
8102,49,4,-4170,8,23.007527424
8102,50,-2,-4167,24,23.008714848
8102,51,18,-4152,21,23.009902272
8102,52,29,-4165,25,23.011089696
8102,53,44,-4147,2,23.012277120
8102,54,72,-4095,-14,23.013464544
8102,55,85,-4073,-1,23.014651968
8102,56,73,-4120,-30,23.015839392
8102,57,66,-4178,3,23.017026816
8102,58,60,-4155,7,23.018214240
8102,59,50,-4130,1,23.019401664
8102,60,16,-4132,39,23.020589088
8102,61,14,-4176,-3,23.021776512
8102,62,25,-4156,15,23.022963936
8102,63,21,-4122,-9,23.024151360
8102,64,8,-4112,11,23.025338784
8103,1,3,-4154,5,23.026526208
8103,2,9,-4180,23,23.027713632
8103,3,3,-4143,20,23.028901056
8103,4,4,-4128,12,23.030088480
8103,5,27,-4159,12,23.031275904
8103,6,45,-4162,4,23.032463328
8103,7,49,-4105,1,23.033650752
8103,8,65,-4119,0,23.034838176
8103,9,72,-4174,9,23.036025600
8103,10,47,-4196,-8,23.037213024
8103,11,47,-4138,6,23.038400448
8103,12,47,-4125,14,23.039587872
8103,13,25,-4134,30,23.040775296
8103,14,28,-4170,5,23.041962720
8103,15,13,-4155,23,23.043150144
8103,16,3,-4134,8,23.044337568
8103,17,0,-4118,38,23.045524992
8103,18,9,-4146,23,23.046712416
8103,19,-7,-4178,21,23.047899840
8103,20,-2,-4161,39,23.049087264
8103,21,-7,-4177,35,23.050274688
8103,22,3,-4178,25,23.051462112
8103,23,23,-4160,-1,23.052649536
8103,24,46,-4107,0,23.053836960
8103,25,66,-4122,-20,23.055024384
8103,26,78,-4159,1,23.056211808
8103,27,68,-4171,-7,23.057399232
8103,28,71,-4161,6,23.058586656
8103,29,49,-4137,20,23.059774080
8103,30,36,-4147,5,23.060961504
8103,31,4,-4150,11,23.062148928
8103,32,25,-4155,6,23.063336352
8103,33,13,-4122,13,23.064523776
8103,34,-3,-4105,-6,23.065711200
8103,35,19,-4156,3,23.066898624
8103,36,4,-4159,-1,23.068086048
8103,37,11,-4155,30,23.069273472
8103,38,11,-4156,16,23.070460896
8103,39,3,-4141,21,23.071648320
8103,40,34,-4127,-3,23.072835744
8103,41,52,-4090,10,23.074023168
8103,42,67,-4107,-9,23.075210592
8103,43,77,-4177,-7,23.076398016
8103,44,69,-4170,2,23.077585440
8103,45,62,-4138,11,23.078772864
8103,46,44,-4138,18,23.079960288
8103,47,35,-4150,20,23.081147712
8103,48,24,-4159,-1,23.082335136
8103,49,14,-4148,6,23.083522560
8103,50,13,-4108,-7,23.084709984
8103,51,7,-4140,22,23.085897408
8103,52,-2,-4184,15,23.087084832
8103,53,-7,-4168,27,23.088272256
8103,54,-5,-4149,24,23.089459680
8103,55,-3,-4150,13,23.090647104
8103,56,9,-4153,23,23.091834528
8103,57,34,-4117,0,23.093021952
8103,58,34,-4104,0,23.094209376
8103,59,53,-4114,-2,23.095396800
8103,60,54,-4170,-8,23.096584224
8103,61,84,-4135,3,23.097771648
8103,62,78,-4148,9,23.098959072
8103,63,76,-4150,10,23.100146496
8103,64,51,-4155,1,23.101333920
8104,1,33,-4169,13,23.102521344
8104,2,18,-4155,6,23.103708768
8104,3,4,-4091,8,23.104896192
8104,4,-25,-4122,11,23.106083616
8104,5,-8,-4159,10,23.107271040
8104,6,-19,-4153,43,23.108458464
8104,7,0,-4167,35,23.109645888
8104,8,15,-4157,38,23.110833312
8104,9,9,-4141,7,23.112020736
8104,10,28,-4114,8,23.113208160
8104,11,52,-4095,-5,23.114395584
8104,12,41,-4119,-26,23.115583008
8104,13,66,-4181,-3,23.116770432
8104,14,71,-4163,1,23.117957856
8104,15,72,-4145,24,23.119145280
8104,16,54,-4154,4,23.120332704
8104,17,59,-4167,9,23.121520128
8104,18,37,-4147,2,23.122707552
8104,19,34,-4133,12,23.123894976
8104,20,12,-4108,11,23.125082400
8104,21,-3,-4136,18,23.126269824
8104,22,1,-4178,26,23.127457248
8104,23,-19,-4153,18,23.128644672
8104,24,-8,-4149,30,23.129832096
8104,25,12,-4155,9,23.131019520
8104,26,25,-4128,25,23.132206944
8104,27,12,-4101,6,23.133394368
8104,28,24,-4113,18,23.134581792
8104,29,44,-4157,-5,23.135769216
8104,30,68,-4192,-8,23.136956640
8104,31,49,-4135,5,23.138144064
8104,32,69,-4137,9,23.139331488
8104,33,73,-4148,-24,23.140518912
8104,34,61,-4161,2,23.141706336
8104,35,71,-4173,1,23.142893760
8104,36,24,-4115,26,23.144081184
8104,37,20,-4121,27,23.145268608
8104,38,-5,-4147,15,23.146456032
8104,39,-11,-4177,23,23.147643456
8104,40,-10,-4141,13,23.148830880
8104,41,-2,-4152,16,23.150018304
8104,42,29,-4152,27,23.151205728
8104,43,29,-4154,31,23.152393152
8104,44,26,-4106,21,23.153580576
8104,45,21,-4104,15,23.154768000
8104,46,48,-4142,-5,23.155955424
8104,47,58,-4158,3,23.157142848
8104,48,66,-4130,4,23.158330272
8104,49,50,-4138,15,23.159517696
8104,50,53,-4145,1,23.160705120
8104,51,66,-4162,4,23.161892544
8104,52,48,-4131,1,23.163079968
8104,53,40,-4096,-6,23.164267392
8104,54,16,-4101,-13,23.165454816
8104,55,7,-4156,15,23.166642240
8104,56,-16,-4156,12,23.167829664
8104,57,-21,-4161,46,23.169017088
8104,58,8,-4162,33,23.170204512
8104,59,2,-4156,24,23.171391936
8104,60,32,-4142,14,23.172579360
8104,61,28,-4120,-5,23.173766784
8104,62,25,-4101,-7,23.174954208
8104,63,40,-4162,-10,23.176141632
8104,64,50,-4141,-2,23.177329056
8105,1,45,-4133,-1,23.178516480
8105,2,43,-4141,2,23.179703904
8105,3,73,-4141,8,23.180891328
8105,4,53,-4173,-5,23.182078752
8105,5,60,-4166,-24,23.183266176
8105,6,48,-4115,6,23.184453600
8105,7,21,-4119,-6,23.185641024
8105,8,8,-4157,-2,23.186828448
8105,9,-6,-4153,20,23.188015872
8105,10,-14,-4144,19,23.189203296
8105,11,-14,-4163,27,23.190390720
8105,12,-2,-4156,21,23.191578144
8105,13,16,-4141,21,23.192765568
8105,14,37,-4099,12,23.193952992
8105,15,46,-4127,13,23.195140416
8105,16,55,-4178,-15,23.196327840
8105,17,54,-4156,15,23.197515264
8105,18,43,-4157,1,23.198702688
8105,19,50,-4161,25,23.199890112
8105,20,58,-4147,11,23.201077536
8105,21,63,-4151,3,23.202264960
8105,22,46,-4122,-1,23.203452384
8105,23,38,-4076,3,23.204639808
8105,24,40,-4137,8,23.205827232
8105,25,14,-4174,10,23.207014656
8105,26,0,-4160,39,23.208202080
8105,27,-12,-4153,17,23.209389504
8105,28,-7,-4151,21,23.210576928
8105,29,10,-4146,-5,23.211764352
8105,30,19,-4123,7,23.212951776
8105,31,19,-4101,6,23.214139200
8105,32,38,-4140,-3,23.215326624
8105,33,26,-4170,7,23.216514048
8105,34,43,-4159,12,23.217701472
8105,35,50,-4138,9,23.218888896
8105,36,58,-4138,4,23.220076320
8105,37,65,-4129,-20,23.221263744
8105,38,76,-4132,-17,23.222451168
8105,39,52,-4120,-14,23.223638592
8105,40,34,-4118,7,23.224826016
8105,41,21,-4146,1,23.226013440
8105,42,15,-4171,27,23.227200864
8105,43,-9,-4161,22,23.228388288
8105,44,10,-4156,25,23.229575712
8105,45,-13,-4155,18,23.230763136
8105,46,9,-4129,26,23.231950560
8105,47,12,-4083,-2,23.233137984
8105,48,20,-4119,33,23.234325408
8105,49,39,-4166,5,23.235512832
8105,50,51,-4178,22,23.236700256
8105,51,66,-4147,21,23.237887680
8105,52,76,-4132,18,23.239075104
8105,53,60,-4145,15,23.240262528
8105,54,59,-4171,-5,23.241449952
8105,55,56,-4164,21,23.242637376
8105,56,55,-4126,31,23.243824800
8105,57,42,-4133,26,23.245012224
8105,58,39,-4151,7,23.246199648
8105,59,22,-4168,2,23.247387072
8105,60,4,-4158,7,23.248574496
8105,61,-20,-4159,33,23.249761920
8105,62,-22,-4162,5,23.250949344
8105,63,-1,-4149,34,23.252136768
8105,64,8,-4096,30,23.253324192
8106,1,20,-4118,16,23.254511616
8106,2,30,-4172,1,23.255699040
8106,3,45,-4180,-2,23.256886464
8106,4,47,-4129,4,23.258073888
8106,5,40,-4136,10,23.259261312
8106,6,53,-4167,-10,23.260448736
8106,7,54,-4181,-2,23.261636160
8106,8,70,-4149,-9,23.262823584
8106,9,59,-4110,-4,23.264011008
8106,10,57,-4111,-10,23.265198432
8106,11,34,-4160,-24,23.266385856
8106,12,11,-4160,4,23.267573280
8106,13,19,-4147,15,23.268760704
8106,14,-6,-4166,11,23.269948128
8106,15,6,-4167,34,23.271135552
8106,16,9,-4111,3,23.272322976
8106,17,11,-4090,13,23.273510400
8106,18,16,-4109,-1,23.274697824
8106,19,23,-4168,-1,23.275885248
8106,20,39,-4160,0,23.277072672
8106,21,41,-4163,19,23.278260096
8106,22,40,-4144,16,23.279447520
8106,23,68,-4158,7,23.280634944
8106,24,90,-4137,-25,23.281822368
8106,25,70,-4123,5,23.283009792
8106,26,56,-4097,-1,23.284197216
8106,27,41,-4148,-2,23.285384640
8106,28,26,-4164,7,23.286572064
8106,29,7,-4156,8,23.287759488
8106,30,7,-4144,20,23.288946912
8106,31,-14,-4151,19,23.290134336
8106,32,-5,-4158,17,23.291321760
8106,33,1,-4119,17,23.292509184
8106,34,2,-4107,9,23.293696608
8106,35,14,-4139,9,23.294884032
8106,36,7,-4176,16,23.296071456
8106,37,25,-4165,11,23.297258880
8106,38,23,-4145,22,23.298446304
8106,39,61,-4158,8,23.299633728
8106,40,54,-4175,-6,23.300821152
8106,41,72,-4186,5,23.302008576
8106,42,73,-4131,-10,23.303196000
8106,43,63,-4091,10,23.304383424
8106,44,50,-4135,0,23.305570848
8106,45,40,-4162,16,23.306758272
8106,46,21,-4155,23,23.307945696
8106,47,2,-4175,32,23.309133120
8106,48,14,-4165,31,23.310320544
8106,49,3,-4159,6,23.311507968
8106,50,-9,-4117,3,23.312695392
8106,51,9,-4089,-16,23.313882816
8106,52,11,-4131,9,23.315070240
8106,53,15,-4162,20,23.316257664
8106,54,23,-4148,31,23.317445088
8106,55,33,-4142,2,23.318632512
8106,56,50,-4161,14,23.319819936
8106,57,55,-4146,-3,23.321007360
8106,58,68,-4139,-14,23.322194784
8106,59,81,-4127,-3,23.323382208
8106,60,86,-4126,1,23.324569632
8106,61,57,-4141,5,23.325757056
8106,62,40,-4133,17,23.326944480
8106,63,10,-4143,9,23.328131904
8106,64,28,-4164,20,23.329319328
8107,1,-7,-4164,3,23.330506752
8107,2,-7,-4143,-4,23.331694176
8107,3,-4,-4101,18,23.332881600
8107,4,5,-4109,17,23.334069024
8107,5,7,-4145,14,23.335256448
8107,6,4,-4179,10,23.336443872
8107,7,2,-4142,10,23.337631296
8107,8,44,-4141,9,23.338818720
8107,9,48,-4151,15,23.340006144
8107,10,60,-4171,-5,23.341193568
8107,11,77,-4168,-28,23.342380992
8107,12,72,-4119,-4,23.343568416
8107,13,69,-4109,-3,23.344755840
8107,14,56,-4167,-2,23.345943264
8107,15,44,-4176,22,23.347130688
8107,16,39,-4164,18,23.348318112
8107,17,14,-4164,13,23.349505536
8107,18,4,-4144,-1,23.350692960
8107,19,7,-4133,13,23.351880384
8107,20,-9,-4093,16,23.353067808
8107,21,-16,-4119,27,23.354255232
8107,22,-17,-4169,16,23.355442656
8107,23,11,-4173,28,23.356630080
8107,24,11,-4137,23,23.357817504
8107,25,33,-4143,33,23.359004928
8107,26,49,-4164,3,23.360192352
8107,27,54,-4163,15,23.361379776
8107,28,53,-4161,-12,23.362567200
8107,29,78,-4105,16,23.363754624
8107,30,66,-4132,1,23.364942048
8107,31,61,-4158,3,23.366129472
8107,32,40,-4170,9,23.367316896
8107,33,33,-4140,17,23.368504320
8107,34,20,-4160,22,23.369691744
8107,35,3,-4150,14,23.370879168
8107,36,9,-4116,15,23.372066592
8107,37,16,-4092,27,23.373254016
8107,38,-2,-4130,24,23.374441440
8107,39,6,-4167,7,23.375628864
8107,40,-7,-4164,13,23.376816288
8107,41,5,-4137,14,23.378003712
8107,42,18,-4145,25,23.379191136
8107,43,19,-4138,-2,23.380378560
8107,44,47,-4157,0,23.381565984
8107,45,55,-4141,12,23.382753408
8107,46,90,-4105,-3,23.383940832
8107,47,90,-4134,6,23.385128256
8107,48,81,-4147,-8,23.386315680
8107,49,43,-4147,11,23.387503104
8107,50,52,-4139,6,23.388690528
8107,51,27,-4159,-1,23.389877952
8107,52,5,-4142,-2,23.391065376
8107,53,-6,-4123,21,23.392252800
8107,54,8,-4100,11,23.393440224
8107,55,-3,-4144,15,23.394627648
8107,56,-2,-4156,19,23.395815072
8107,57,-16,-4143,37,23.397002496
8107,58,10,-4138,27,23.398189920
8107,59,26,-4157,15,23.399377344
8107,60,46,-4153,13,23.400564768
8107,61,66,-4161,11,23.401752192
8107,62,69,-4134,7,23.402939616
8107,63,61,-4107,-15,23.404127040
8107,64,71,-4124,-2,23.405314464
8108,1,60,-4168,-4,23.406501888
8108,2,67,-4175,15,23.407689312
8108,3,37,-4181,10,23.408876736
8108,4,28,-4166,37,23.410064160
8108,5,24,-4131,9,23.411251584
8108,6,2,-4112,19,23.412439008
8108,7,0,-4120,13,23.413626432
8108,8,-7,-4158,31,23.414813856
8108,9,-1,-4175,15,23.416001280
8108,10,18,-4155,19,23.417188704
8108,11,25,-4157,22,23.418376128
8108,12,25,-4155,26,23.419563552
8108,13,46,-4156,6,23.420750976
8108,14,36,-4151,-1,23.421938400
8108,15,47,-4128,11,23.423125824
8108,16,57,-4125,2,23.424313248
8108,17,72,-4148,-10,23.425500672
8108,18,77,-4172,-16,23.426688096
8108,19,50,-4167,16,23.427875520
8108,20,51,-4158,-4,23.429062944
8108,21,37,-4165,6,23.430250368
8108,22,21,-4127,8,23.431437792
8108,23,26,-4110,16,23.432625216
8108,24,28,-4118,32,23.433812640
8108,25,1,-4151,23,23.435000064
8108,26,15,-4153,23,23.436187488
8108,27,2,-4139,18,23.437374912
8108,28,7,-4131,12,23.438562336
8108,29,10,-4162,13,23.439749760
8108,30,5,-4137,1,23.440937184
8108,31,48,-4158,5,23.442124608
8108,32,59,-4120,24,23.443312032
8108,33,76,-4124,4,23.444499456
8108,34,59,-4160,-3,23.445686880
8108,35,89,-4147,-3,23.446874304
8108,36,58,-4125,-8,23.448061728
8108,37,22,-4153,7,23.449249152
8108,38,30,-4147,4,23.450436576
8108,39,12,-4129,17,23.451624000
8108,40,1,-4113,27,23.452811424
8108,41,-3,-4126,22,23.453998848
8108,42,6,-4158,10,23.455186272
8108,43,-6,-4160,19,23.456373696
8108,44,10,-4139,16,23.457561120
8108,45,5,-4152,23,23.458748544
8108,46,26,-4159,13,23.459935968
8108,47,24,-4164,33,23.461123392
8108,48,41,-4163,17,23.462310816
8108,49,47,-4111,18,23.463498240
8108,50,80,-4121,-16,23.464685664
8108,51,73,-4153,-42,23.465873088
8108,52,79,-4163,-2,23.467060512
8108,53,72,-4169,13,23.468247936
8108,54,58,-4180,28,23.469435360
8108,55,39,-4149,16,23.470622784
8108,56,20,-4126,34,23.471810208
8108,57,10,-4082,-5,23.472997632
8108,58,-4,-4100,8,23.474185056
8108,59,-9,-4177,0,23.475372480
8108,60,-13,-4170,22,23.476559904
8108,61,7,-4160,30,23.477747328
8108,62,7,-4154,20,23.478934752
8108,63,29,-4151,34,23.480122176
8108,64,39,-4138,-7,23.481309600
8109,1,28,-4125,3,23.482497024
8109,2,52,-4103,-14,23.483684448
8109,3,69,-4144,-2,23.484871872
8109,4,76,-4172,1,23.486059296
8109,5,53,-4173,-16,23.487246720
8109,6,80,-4136,14,23.488434144
8109,7,57,-4145,-6,23.489621568
8109,8,38,-4141,-6,23.490808992
8109,9,21,-4124,3,23.491996416
8109,10,6,-4103,8,23.493183840
8109,11,-5,-4140,13,23.494371264
8109,12,-4,-4159,16,23.495558688
8109,13,-15,-4151,36,23.496746112
8109,14,-6,-4125,21,23.497933536
8109,15,5,-4150,26,23.499120960
8109,16,19,-4135,-6,23.500308384
8109,17,25,-4158,17,23.501495808
8109,18,31,-4138,-4,23.502683232
8109,19,33,-4114,22,23.503870656
8109,20,54,-4138,5,23.505058080
8109,21,71,-4176,3,23.506245504
8109,22,63,-4153,6,23.507432928
8109,23,67,-4167,3,23.508620352
8109,24,53,-4166,-8,23.509807776
8109,25,45,-4152,-11,23.510995200
8109,26,32,-4113,7,23.512182624
8109,27,-2,-4107,6,23.513370048
8109,28,3,-4155,18,23.514557472
8109,29,-18,-4179,7,23.515744896
8109,30,-5,-4138,32,23.516932320
8109,31,5,-4117,38,23.518119744
8109,32,9,-4140,23,23.519307168
8109,33,30,-4177,17,23.520494592
8109,34,21,-4158,25,23.521682016
8109,35,32,-4120,5,23.522869440
8109,36,61,-4108,2,23.524056864
8109,37,57,-4136,3,23.525244288
8109,38,54,-4157,10,23.526431712
8109,39,73,-4162,-1,23.527619136
8109,40,73,-4162,-2,23.528806560
8109,41,68,-4167,18,23.529993984
8109,42,59,-4146,5,23.531181408
8109,43,40,-4112,14,23.532368832
8109,44,17,-4087,-10,23.533556256
8109,45,9,-4141,9,23.534743680
8109,46,-20,-4144,-8,23.535931104
8109,47,-15,-4125,20,23.537118528
8109,48,-10,-4144,27,23.538305952
8109,49,6,-4151,28,23.539493376
8109,50,18,-4171,28,23.540680800
8109,51,39,-4139,-4,23.541868224
8109,52,32,-4097,4,23.543055648
8109,53,41,-4106,-2,23.544243072
8109,54,53,-4157,13,23.545430496
8109,55,51,-4170,-1,23.546617920
8109,56,52,-4177,13,23.547805344
8109,57,77,-4173,3,23.548992768
8109,58,72,-4143,-3,23.550180192
8109,59,59,-4125,-7,23.551367616
8109,60,49,-4080,2,23.552555040
8109,61,25,-4110,2,23.553742464
8109,62,7,-4154,26,23.554929888
8109,63,-2,-4178,24,23.556117312
8109,64,-17,-4141,41,23.557304736
8110,1,-10,-4158,35,23.558492160
8110,2,-2,-4151,13,23.559679584
8110,3,3,-4144,0,23.560867008
8110,4,32,-4130,15,23.562054432
8110,5,39,-4103,14,23.563241856
8110,6,41,-4132,21,23.564429280
8110,7,46,-4194,11,23.565616704
8110,8,48,-4169,14,23.566804128
8110,9,59,-4133,13,23.567991552
8110,10,77,-4148,11,23.569178976
8110,11,66,-4148,-4,23.570366400
8110,12,65,-4145,7,23.571553824
8110,13,66,-4113,-10,23.572741248
8110,14,25,-4133,28,23.573928672
8110,15,4,-4169,8,23.575116096
8110,16,-1,-4158,29,23.576303520
8110,17,-20,-4127,31,23.577490944
8110,18,-14,-4133,24,23.578678368
8110,19,-9,-4153,15,23.579865792
8110,20,15,-4172,-10,23.581053216
8110,21,31,-4151,9,23.582240640
8110,22,28,-4120,-8,23.583428064
8110,23,46,-4117,-1,23.584615488
8110,24,38,-4155,-9,23.585802912
8110,25,37,-4159,10,23.586990336
8110,26,48,-4154,11,23.588177760
8110,27,66,-4168,6,23.589365184
8110,28,71,-4149,13,23.590552608
8110,29,76,-4119,7,23.591740032
8110,30,69,-4115,1,23.592927456
8110,31,27,-4135,-12,23.594114880
8110,32,26,-4163,3,23.595302304
8110,33,3,-4146,41,23.596489728
8110,34,-16,-4139,24,23.597677152
8110,35,-22,-4165,29,23.598864576
8110,36,-9,-4176,38,23.600052000
8110,37,8,-4159,18,23.601239424
8110,38,11,-4112,5,23.602426848
8110,39,37,-4095,-7,23.603614272
8110,40,59,-4144,12,23.604801696
8110,41,50,-4174,19,23.605989120
8110,42,46,-4165,25,23.607176544
8110,43,50,-4165,24,23.608363968
8110,44,60,-4170,-2,23.609551392
8110,45,72,-4144,-2,23.610738816
8110,46,68,-4097,-22,23.611926240
8110,47,62,-4109,-9,23.613113664
8110,48,57,-4155,0,23.614301088
8110,49,27,-4180,29,23.615488512
8110,50,10,-4151,41,23.616675936
8110,51,3,-4137,20,23.617863360
8110,52,-12,-4130,22,23.619050784
8110,53,-13,-4139,3,23.620238208
8110,54,8,-4141,4,23.621425632
8110,55,17,-4119,19,23.622613056
8110,56,42,-4115,20,23.623800480
8110,57,23,-4169,14,23.624987904
8110,58,54,-4173,9,23.626175328
8110,59,65,-4140,-7,23.627362752
8110,60,66,-4141,-2,23.628550176
8110,61,52,-4157,-7,23.629737600
8110,62,77,-4152,-6,23.630925024
8110,63,69,-4118,-9,23.632112448
8110,64,59,-4111,4,23.633299872
8111,1,58,-4169,4,23.634487296
8111,2,24,-4168,-3,23.635674720
8111,3,-6,-4117,34,23.636862144
8111,4,-8,-4123,20,23.638049568
8111,5,-15,-4148,40,23.639236992
8111,6,-10,-4170,12,23.640424416
8111,7,-7,-4161,10,23.641611840
8111,8,25,-4126,1,23.642799264
8111,9,27,-4101,-4,23.643986688
8111,10,43,-4152,-1,23.645174112
8111,11,28,-4160,-3,23.646361536
8111,12,52,-4163,31,23.647548960
8111,13,46,-4173,43,23.648736384
8111,14,59,-4155,10,23.649923808
8111,15,63,-4136,3,23.651111232
8111,16,60,-4086,6,23.652298656
8111,17,48,-4101,-5,23.653486080
8111,18,50,-4173,-3,23.654673504
8111,19,28,-4176,28,23.655860928
8111,20,22,-4173,31,23.657048352
8111,21,3,-4174,29,23.658235776
8111,22,6,-4144,17,23.659423200
8111,23,-11,-4154,5,23.660610624
8111,24,0,-4153,3,23.661798048
8111,25,23,-4111,23,23.662985472
8111,26,26,-4123,12,23.664172896
8111,27,26,-4175,12,23.665360320
8111,28,31,-4169,12,23.666547744
8111,29,60,-4150,18,23.667735168
8111,30,51,-4144,8,23.668922592
8111,31,70,-4177,5,23.670110016
8111,32,89,-4142,-1,23.671297440
8111,33,66,-4110,-21,23.672484864
8111,34,68,-4128,-7,23.673672288
8111,35,57,-4174,2,23.674859712
8111,36,30,-4178,13,23.676047136
8111,37,9,-4132,34,23.677234560
8111,38,-14,-4132,28,23.678421984
8111,39,-10,-4153,11,23.679609408
8111,40,-19,-4158,6,23.680796832
8111,41,-3,-4126,5,23.681984256
8111,42,13,-4081,7,23.683171680
8111,43,19,-4139,6,23.684359104
8111,44,35,-4179,9,23.685546528
8111,45,44,-4155,16,23.686733952
8111,46,43,-4136,36,23.687921376
8111,47,56,-4154,27,23.689108800
8111,48,76,-4146,6,23.690296224
8111,49,72,-4104,-12,23.691483648
8111,50,60,-4076,-13,23.692671072
8111,51,46,-4132,-11,23.693858496
8111,52,55,-4173,-6,23.695045920
8111,53,31,-4161,1,23.696233344
8111,54,1,-4134,28,23.697420768
8111,55,-6,-4148,34,23.698608192
8111,56,-10,-4164,23,23.699795616
8111,57,21,-4156,0,23.700983040
8111,58,20,-4119,12,23.702170464
8111,59,12,-4112,-4,23.703357888
8111,60,23,-4143,-4,23.704545312
8111,61,20,-4162,0,23.705732736
8111,62,23,-4155,10,23.706920160
8111,63,32,-4146,18,23.708107584
8111,64,42,-4178,8,23.709295008
8112,1,69,-4148,23,23.710482432
8112,2,83,-4127,-3,23.711669856
8112,3,70,-4116,16,23.712857280
8112,4,64,-4158,-12,23.714044704
8112,5,61,-4176,-2,23.715232128
8112,6,28,-4159,27,23.716419552
8112,7,-7,-4139,12,23.717606976
8112,8,-7,-4153,17,23.718794400
8112,9,-12,-4163,7,23.719981824
8112,10,-12,-4147,32,23.721169248
8112,11,9,-4126,29,23.722356672
8112,12,42,-4116,13,23.723544096
8112,13,16,-4144,17,23.724731520
8112,14,23,-4152,12,23.725918944
8112,15,22,-4141,24,23.727106368
8112,16,40,-4140,21,23.728293792
8112,17,47,-4163,29,23.729481216
8112,18,44,-4137,8,23.730668640
8112,19,49,-4124,7,23.731856064
8112,20,80,-4108,6,23.733043488
8112,21,72,-4162,-10,23.734230912
8112,22,61,-4168,1,23.735418336
8112,23,39,-4114,1,23.736605760
8112,24,9,-4123,8,23.737793184
8112,25,4,-4143,24,23.738980608
8112,26,-12,-4153,11,23.740168032
8112,27,3,-4145,30,23.741355456
8112,28,13,-4104,9,23.742542880
8112,29,15,-4125,-1,23.743730304
8112,30,17,-4163,8,23.744917728
8112,31,-4,-4153,2,23.746105152
8112,32,14,-4154,22,23.747292576
8112,33,29,-4150,-5,23.748480000
8112,34,40,-4166,9,23.749667424
8112,35,59,-4142,22,23.750854848
8112,36,84,-4094,-17,23.752042272
8112,37,92,-4110,-8,23.753229696
8112,38,74,-4166,-34,23.754417120
8112,39,57,-4168,-2,23.755604544
8112,40,30,-4136,23,23.756791968
8112,41,20,-4150,56,23.757979392
8112,42,19,-4167,21,23.759166816
8112,43,-1,-4158,26,23.760354240
8112,44,35,-4153,9,23.761541664
8112,45,25,-4103,-4,23.762729088
8112,46,12,-4116,19,23.763916512
8112,47,10,-4147,11,23.765103936
8112,48,8,-4169,34,23.766291360
8112,49,31,-4168,22,23.767478784
8112,50,32,-4156,32,23.768666208
8112,51,57,-4144,32,23.769853632
8112,52,63,-4138,16,23.771041056
8112,53,82,-4103,14,23.772228480
8112,54,60,-4140,14,23.773415904
8112,55,66,-4193,16,23.774603328
8112,56,38,-4178,5,23.775790752
8112,57,46,-4152,25,23.776978176
8112,58,20,-4151,14,23.778165600
8112,59,27,-4156,18,23.779353024
8112,60,11,-4157,-3,23.780540448
8112,61,-4,-4147,18,23.781727872
8112,62,-5,-4092,26,23.782915296
8112,63,-2,-4112,16,23.784102720
8112,64,7,-4172,35,23.785290144
8113,1,11,-4183,30,23.786477568
8113,2,32,-4150,25,23.787664992
8113,3,28,-4173,14,23.788852416
8113,4,49,-4152,-7,23.790039840
8113,5,59,-4111,-7,23.791227264
8113,6,77,-4085,-19,23.792414688
8113,7,73,-4117,-10,23.793602112
8113,8,79,-4168,-3,23.794789536
8113,9,75,-4163,-1,23.795976960
8113,10,34,-4135,18,23.797164384
8113,11,36,-4126,2,23.798351808
8113,12,19,-4142,22,23.799539232
8113,13,-8,-4148,6,23.800726656
8113,14,-12,-4107,-6,23.801914080
8113,15,-19,-4087,2,23.803101504
8113,16,7,-4142,-5,23.804288928
8113,17,6,-4173,32,23.805476352
8113,18,8,-4172,11,23.806663776
8113,19,21,-4141,10,23.807851200
8113,20,35,-4153,2,23.809038624
8113,21,47,-4146,0,23.810226048
8113,22,59,-4099,18,23.811413472
8113,23,65,-4110,5,23.812600896
8113,24,58,-4160,8,23.813788320
8113,25,63,-4194,-19,23.814975744
8113,26,58,-4161,23,23.816163168
8113,27,25,-4129,9,23.817350592
8113,28,33,-4129,25,23.818538016
8113,29,33,-4186,13,23.819725440
8113,30,16,-4171,23,23.820912864
8113,31,4,-4129,16,23.822100288
8113,32,-5,-4128,14,23.823287712
8113,33,-10,-4175,7,23.824475136
8113,34,4,-4172,15,23.825662560
8113,35,-7,-4160,13,23.826849984
8113,36,14,-4171,28,23.828037408
8113,37,25,-4198,31,23.829224832
8113,38,44,-4163,54,23.830412256
8113,39,52,-4111,4,23.831599680
8113,40,44,-4102,10,23.832787104
8113,41,48,-4159,-12,23.833974528
8113,42,50,-4160,12,23.835161952
8113,43,50,-4149,4,23.836349376
8113,44,60,-4138,16,23.837536800
8113,45,44,-4172,31,23.838724224
8113,46,27,-4178,7,23.839911648
8113,47,14,-4150,30,23.841099072
8113,48,4,-4085,12,23.842286496
8113,49,-8,-4112,25,23.843473920
8113,50,-3,-4148,5,23.844661344
8113,51,-23,-4141,32,23.845848768
8113,52,12,-4137,19,23.847036192
8113,53,9,-4153,14,23.848223616
8113,54,21,-4137,2,23.849411040
8113,55,42,-4137,0,23.850598464
8113,56,63,-4065,-18,23.851785888
8113,57,72,-4111,-12,23.852973312
8113,58,75,-4169,0,23.854160736
8113,59,72,-4141,-21,23.855348160
8113,60,46,-4132,12,23.856535584
8113,61,62,-4141,3,23.857723008
8113,62,40,-4128,1,23.858910432
8113,63,15,-4152,-13,23.860097856
8113,64,24,-4107,4,23.861285280
8114,1,11,-4090,-8,23.862472704
8114,2,2,-4131,10,23.863660128
8114,3,0,-4173,15,23.864847552
8114,4,-19,-4142,5,23.866034976
8114,5,-12,-4144,40,23.867222400
8114,6,0,-4155,1,23.868409824
8114,7,22,-4175,19,23.869597248
8114,8,56,-4115,11,23.870784672
8114,9,56,-4095,13,23.871972096
8114,10,67,-4134,6,23.873159520
8114,11,71,-4187,-6,23.874346944
8114,12,64,-4168,-22,23.875534368
8114,13,56,-4128,12,23.876721792
8114,14,40,-4160,-2,23.877909216
8114,15,44,-4162,18,23.879096640
8114,16,38,-4169,2,23.880284064
8114,17,36,-4140,31,23.881471488
8114,18,24,-4113,19,23.882658912
8114,19,9,-4134,16,23.883846336
8114,20,0,-4159,28,23.885033760
8114,21,-26,-4158,20,23.886221184
8114,22,-13,-4178,50,23.887408608
8114,23,7,-4173,13,23.888596032
8114,24,37,-4160,37,23.889783456
8114,25,50,-4136,-8,23.890970880
8114,26,69,-4115,25,23.892158304
8114,27,62,-4153,9,23.893345728
8114,28,61,-4178,6,23.894533152
8114,29,46,-4154,10,23.895720576
8114,30,53,-4129,11,23.896908000
8114,31,50,-4152,1,23.898095424
8114,32,41,-4156,11,23.899282848
8114,33,45,-4151,2,23.900470272
8114,34,35,-4126,-12,23.901657696
8114,35,21,-4116,8,23.902845120
8114,36,13,-4152,-7,23.904032544
8114,37,10,-4159,12,23.905219968
8114,38,-17,-4152,23,23.906407392
8114,39,-1,-4134,10,23.907594816
8114,40,14,-4148,4,23.908782240
8114,41,7,-4136,4,23.909969664
8114,42,39,-4096,0,23.911157088
8114,43,45,-4098,25,23.912344512
8114,44,76,-4144,1,23.913531936
8114,45,58,-4157,18,23.914719360
8114,46,76,-4140,5,23.915906784
8114,47,61,-4140,0,23.917094208
8114,48,60,-4160,-10,23.918281632
8114,49,44,-4165,1,23.919469056
8114,50,46,-4138,-8,23.920656480
8114,51,34,-4114,4,23.921843904
8114,52,15,-4098,1,23.923031328
8114,53,6,-4128,12,23.924218752
8114,54,-11,-4161,14,23.925406176
8114,55,-19,-4162,24,23.926593600
8114,56,-10,-4164,17,23.927781024
8114,57,5,-4159,26,23.928968448
8114,58,18,-4122,14,23.930155872
8114,59,30,-4092,6,23.931343296
8114,60,50,-4117,8,23.932530720
8114,61,52,-4180,-1,23.933718144
8114,62,58,-4189,16,23.934905568
8114,63,57,-4161,2,23.936092992
8114,64,58,-4159,4,23.937280416
